id_dokumen,nama_file,ukuran_data,tanggal_unggah,sumber_data,konten
DOC-0000502,dataset_sdm_202306_0991.docx,3802733,2023-09-13,portal-upload-web,dataset|sdm|3802733|final file rekap pending
DOC-0004050,backup_logistik_202304_3342.jpg,1499968,2023-10-13,ftp-pusat,backup|logistik|1499968|periode arsip revisi draft
DOC-0003686,laporan_sdm_202407_3130.json,405800,2023-08-19,ftp-pusat,laporan|sdm|405800|final total draft
DOC-0003413,gambar_manajemen_202205_9399.json,214968,2022-02-06,server-arsip-bandung,gambar|manajemen|214968|file final rekap dokumen draft
DOC-0003203,dataset_teknologi_202306_2766.json,496425,2023-01-12,ftp-pusat,dataset|teknologi|496425|periode revisi file draft data
DOC-0000676,laporan_logistik_202207_9961.zip,4938300,2022-09-19,cloud-storage-aws,laporan|logistik|4938300|revisi final arsip data
DOC-0003350,gambar_manajemen_202303_3088.zip,585178,2022-06-20,nas-lokal-01,gambar|manajemen|585178|final revisi file dokumen total
DOC-0004400,kontrak_teknologi_202410_4387.json,4575166,2023-05-06,cloud-storage-gcp,kontrak|teknologi|4575166|pending total approved
DOC-0001956,surat_teknologi_202305_1423.pdf,3634862,2024-12-19,cloud-storage-gcp,surat|teknologi|3634862|approved data file
DOC-0003136,gambar_riset_202308_4485.docx,913755,2022-08-07,cloud-storage-gcp,gambar|riset|913755|arsip total draft data final
DOC-0000192,backup_riset_202308_2442.pdf,285384,2023-08-24,server-arsip-surabaya,backup|riset|285384|final periode revisi approved
DOC-0004210,surat_teknologi_202404_6321.zip,4858257,2024-08-03,server-arsip-jakarta,surat|teknologi|4858257|dokumen pending final
DOC-0002852,dataset_keuangan_202202_9588.csv,3497073,2022-03-06,nas-lokal-02,dataset|keuangan|3497073|approved revisi periode dokumen
DOC-0001148,laporan_operasional_202406_6701.json,6116614,2024-04-16,portal-upload-web,laporan|operasional|6116614|pending draft final
DUP-0000183,laporan_teknologi_202401_2186.json,282814428,2024-12-22,nas-lokal-01,laporan|teknologi|282814428|data approved dokumen file arsip
DOC-0002610,kontrak_teknologi_202303_5518.pdf,4590823,2024-05-07,server-arsip-bandung,kontrak|teknologi|4590823|total draft dokumen data revisi
DOC-0003061,memo_hukum_202204_4641.txt,6576548,2024-04-03,server-arsip-jakarta,memo|hukum|6576548|pending final dokumen approved file
DOC-0003327,memo_hukum_202210_5889.jpg,3756528,2024-02-26,nas-lokal-02,memo|hukum|3756528|total arsip periode
DOC-0001484,gambar_hukum_202410_7085.txt,412200,2022-12-27,backup-eksternal,gambar|hukum|412200|arsip approved total periode
DOC-0003472,invoice_keuangan_202202_7428.docx,77758,2023-09-18,backup-eksternal,invoice|keuangan|77758|file arsip total draft
DUP-0000150,gambar_teknologi_202204_0270.xml,217946,2023-08-25,nas-lokal-02,gambar|teknologi|217946|total pending periode
DOC-0002540,laporan_pemasaran_202306_7846.xml,476181,2023-03-07,ftp-pusat,laporan|pemasaran|476181|data final total rekap approved
DOC-0002831,gambar_audit_202406_5528.pdf,47339832,2023-03-08,server-arsip-jakarta,gambar|audit|47339832|total pending revisi
DOC-0003278,dataset_riset_202308_4633.jpg,49954680,2022-12-24,server-arsip-jakarta,dataset|riset|49954680|data rekap draft pending
DOC-0003589,memo_operasional_202402_3643.json,1416440,2022-07-14,server-arsip-surabaya,memo|operasional|1416440|final pending rekap data
DOC-0003290,dataset_keuangan_202201_6827.zip,284967,2022-10-29,nas-lokal-02,dataset|keuangan|284967|approved draft arsip dokumen
DOC-0000670,invoice_sdm_202408_7774.pdf,3059289,2023-01-05,nas-lokal-02,invoice|sdm|3059289|rekap revisi periode approved draft
DOC-0003120,invoice_audit_202310_9849.txt,418742194,2023-04-15,ftp-pusat,invoice|audit|418742194|total final draft
DUP-0000341,gambar_operasional_202301_2792.docx,147116,2024-06-10,server-arsip-bandung,gambar|operasional|147116|draft revisi final
DOC-0000877,dataset_pemasaran_202306_1637.json,29056778,2022-12-19,cloud-storage-gcp,dataset|pemasaran|29056778|approved final rekap dokumen
DUP-0000236,dataset_operasional_202206_5371.docx,247857,2023-02-19,server-arsip-bandung,dataset|operasional|247857|file periode draft
DOC-0002612,dataset_keuangan_202409_0951.txt,497652,2023-12-21,server-arsip-bandung,dataset|keuangan|497652|arsip revisi final data dokumen
DOC-0003698,surat_audit_202402_7131.xml,4328301,2022-10-09,backup-eksternal,surat|audit|4328301|periode final revisi approved
DOC-0002570,invoice_riset_202304_2959.csv,351103,2024-04-15,nas-lokal-01,invoice|riset|351103|revisi final approved
DOC-0002340,memo_manajemen_202410_2475.docx,15595,2022-08-15,nas-lokal-01,memo|manajemen|15595|pending periode draft
DOC-0003451,laporan_pemasaran_202409_3838.zip,300284,2022-02-18,portal-upload-web,laporan|pemasaran|300284|periode data file dokumen rekap
DOC-0001212,backup_pemasaran_202305_6479.xml,4794955,2022-01-06,backup-eksternal,backup|pemasaran|4794955|dokumen rekap pending draft total
DOC-0000802,log_audit_202412_4838.pdf,15742,2022-10-20,cloud-storage-gcp,log|audit|15742|data draft revisi
DOC-0003314,memo_pemasaran_202407_6208.xml,30608185,2024-08-14,nas-lokal-02,memo|pemasaran|30608185|data final approved total file
DOC-0003633,kontrak_teknologi_202201_3784.pdf,17286225,2024-10-04,portal-upload-web,kontrak|teknologi|17286225|dokumen arsip periode rekap final
DOC-0002539,gambar_pemasaran_202407_3477.json,167957,2022-11-01,ftp-pusat,gambar|pemasaran|167957|rekap data pending
DOC-0002470,surat_keuangan_202202_8018.xlsx,1396644,2024-12-16,server-arsip-bandung,surat|keuangan|1396644|rekap final periode revisi
DOC-0004246,invoice_pemasaran_202208_6973.xlsx,1955705,2024-08-24,portal-upload-web,invoice|pemasaran|1955705|file pending draft data
DOC-0003788,dataset_riset_202308_9430.csv,169204,2023-12-26,nas-lokal-01,dataset|riset|169204|file pending revisi arsip total
DOC-0003038,presentasi_manajemen_202409_9577.txt,375067,2022-06-21,server-arsip-jakarta,presentasi|manajemen|375067|final arsip periode draft
DOC-0002315,backup_teknologi_202206_5776.docx,3501025,2023-02-10,server-arsip-surabaya,backup|teknologi|3501025|pending dokumen data periode
DOC-0000855,kontrak_keuangan_202204_3108.zip,266308,2022-10-22,portal-upload-web,kontrak|keuangan|266308|pending revisi periode data approved
DOC-0003405,dataset_audit_202310_6158.docx,64818,2024-01-27,server-arsip-bandung,dataset|audit|64818|draft dokumen periode
DUP-0000440,presentasi_operasional_202205_9865.zip,454535,2022-04-26,cloud-storage-aws,presentasi|operasional|454535|data periode dokumen draft
DOC-0004035,log_hukum_202205_0055.jpg,3686736,2023-07-29,nas-lokal-02,log|hukum|3686736|total rekap file data
DOC-0000036,kontrak_teknologi_202310_1725.docx,3887644,2023-05-27,cloud-storage-aws,kontrak|teknologi|3887644|periode data final draft
DOC-0000546,laporan_keuangan_202404_7705.xml,175011,2023-02-12,server-arsip-jakarta,laporan|keuangan|175011|file approved final data periode
DUP-0000191,gambar_keuangan_202401_7803.xlsx,3547741,2024-05-09,portal-upload-web,gambar|keuangan|3547741|file approved dokumen revisi
DOC-0001320,gambar_audit_202404_1629.png,6236718,2024-02-15,backup-eksternal,gambar|audit|6236718|arsip pending total periode approved
DOC-0000891,laporan_logistik_202211_1417.xml,319516,2024-01-31,server-arsip-bandung,laporan|logistik|319516|total pending arsip dokumen periode
DOC-0004058,dataset_logistik_202401_8596.json,2749183,2023-12-19,backup-eksternal,dataset|logistik|2749183|rekap pending file
DOC-0002467,log_teknologi_202409_0899.docx,1136889,2023-09-16,cloud-storage-aws,log|teknologi|1136889|final revisi rekap pending arsip
DOC-0001700,kontrak_logistik_202311_5422.csv,4931875,2022-08-15,portal-upload-web,kontrak|logistik|4931875|periode rekap final
DOC-0004052,gambar_manajemen_202305_4480.pdf,158744,2022-11-21,cloud-storage-aws,gambar|manajemen|158744|draft dokumen arsip approved final
DOC-0003176,gambar_riset_202202_2043.png,4694652,2023-12-24,portal-upload-web,gambar|riset|4694652|revisi periode approved
DUP-0000434,dataset_riset_202402_5926.docx,499493,2024-04-25,backup-eksternal,dataset|riset|499493|data rekap pending final
DOC-0000638,log_hukum_202401_0372.csv,230688936,2022-12-08,server-arsip-bandung,log|hukum|230688936|pending dokumen rekap draft
DOC-0003938,backup_manajemen_202205_2428.docx,4500375,2022-06-01,cloud-storage-gcp,backup|manajemen|4500375|total file final
DOC-0004116,invoice_hukum_202303_4009.jpg,2868445,2022-08-04,server-arsip-bandung,invoice|hukum|2868445|approved draft data file
DOC-0003218,kontrak_teknologi_202202_1966.txt,3514650,2023-05-09,portal-upload-web,kontrak|teknologi|3514650|pending file revisi arsip data
DOC-0003998,gambar_logistik_202409_1009.xml,5812258,2024-02-26,server-arsip-jakarta,gambar|logistik|5812258|rekap draft file approved
DOC-0003330,log_logistik_202407_8937.docx,3182380,2024-06-03,cloud-storage-aws,log|logistik|3182380|draft data final approved
DOC-0003348,surat_sdm_202406_8421.docx,11589,2024-06-17,ftp-pusat,surat|sdm|11589|periode data arsip dokumen rekap
DUP-0000061,log_keuangan_202410_4108.xml,136171,2022-07-14,ftp-pusat,log|keuangan|136171|final draft data file
DOC-0001246,invoice_manajemen_202402_6124.png,1535011,2022-07-24,cloud-storage-aws,invoice|manajemen|1535011|arsip periode dokumen approved
DOC-0003601,gambar_teknologi_202206_0539.jpg,491991,2022-04-22,server-arsip-surabaya,gambar|teknologi|491991|draft data approved
DUP-0000036,log_sdm_202211_6833.docx,5078307,2024-09-18,server-arsip-bandung,log|sdm|5078307|dokumen approved total final arsip
DUP-0000414,laporan_pemasaran_202203_0435.xlsx,4007198,2022-11-24,ftp-pusat,laporan|pemasaran|4007198|file data draft
DOC-0002562,kontrak_operasional_202210_4143.zip,3043083,2024-04-04,nas-lokal-02,kontrak|operasional|3043083|final dokumen pending data
DOC-0003292,kontrak_keuangan_202310_4026.zip,296172450,2022-04-01,portal-upload-web,kontrak|keuangan|296172450|total data file periode arsip
DOC-0003192,dataset_operasional_202305_7410.docx,16526576,2022-10-05,nas-lokal-01,dataset|operasional|16526576|final revisi dokumen periode file
DOC-0002971,backup_keuangan_202203_5994.png,80970,2024-10-12,portal-upload-web,backup|keuangan|80970|dokumen approved file total rekap
DOC-0002608,backup_manajemen_202410_6127.png,2354725,2022-07-01,nas-lokal-02,backup|manajemen|2354725|approved rekap revisi periode dokumen
DOC-0000687,log_sdm_202310_4735.xlsx,4806200,2022-01-03,server-arsip-surabaya,log|sdm|4806200|periode rekap arsip draft
DOC-0004011,presentasi_sdm_202411_2176.xml,406556,2022-05-26,nas-lokal-02,presentasi|sdm|406556|draft total final approved
DOC-0000643,gambar_teknologi_202409_8130.xml,189962,2023-02-26,nas-lokal-02,gambar|teknologi|189962|periode pending total revisi
DOC-0000236,laporan_keuangan_202301_6104.png,309336,2023-11-25,nas-lokal-02,laporan|keuangan|309336|rekap draft pending total periode
DOC-0003442,presentasi_operasional_202312_9357.json,1735587,2022-08-17,cloud-storage-aws,presentasi|operasional|1735587|periode rekap approved pending
DOC-0001558,surat_operasional_202310_5407.txt,287028,2022-12-29,server-arsip-bandung,surat|operasional|287028|total data draft
DOC-0002686,backup_sdm_202409_9375.csv,323638,2024-08-21,backup-eksternal,backup|sdm|323638|revisi arsip periode final
DOC-0003619,kontrak_operasional_202203_8882.xml,407317,2024-01-05,cloud-storage-gcp,kontrak|operasional|407317|data dokumen file pending periode
DOC-0004259,laporan_logistik_202306_6840.jpg,231858,2024-01-20,ftp-pusat,laporan|logistik|231858|rekap final periode total
DOC-0003156,memo_operasional_202401_6188.json,21480,2022-01-06,cloud-storage-gcp,memo|operasional|21480|file total dokumen rekap
DOC-0002945,gambar_keuangan_202208_8245.png,11595802,2024-09-20,portal-upload-web,gambar|keuangan|11595802|revisi file arsip pending
DOC-0004099,backup_riset_202207_6031.txt,4650556,2022-10-25,portal-upload-web,backup|riset|4650556|dokumen pending periode
DOC-0001893,laporan_hukum_202202_6317.xlsx,429324,2023-03-17,server-arsip-bandung,laporan|hukum|429324|draft periode rekap dokumen data
DOC-0001127,presentasi_manajemen_202401_9215.jpg,2828385,2022-12-27,server-arsip-bandung,presentasi|manajemen|2828385|pending data revisi draft
DOC-0002265,invoice_logistik_202401_8452.jpg,207019,2022-01-14,portal-upload-web,invoice|logistik|207019|revisi pending total draft dokumen
DOC-0001265,surat_sdm_202201_2345.txt,417013,2023-03-18,portal-upload-web,surat|sdm|417013|revisi final data approved rekap
DOC-0002688,log_hukum_202212_2677.txt,3229918,2023-03-22,nas-lokal-01,log|hukum|3229918|rekap approved periode pending file
DOC-0000522,backup_hukum_202412_1423.txt,40506401,2024-10-09,server-arsip-surabaya,backup|hukum|40506401|revisi total file
DOC-0000395,laporan_teknologi_202403_1732.png,251561,2022-07-02,nas-lokal-02,laporan|teknologi|251561|periode data rekap
DOC-0002661,presentasi_audit_202409_4948.csv,485362,2023-11-20,portal-upload-web,presentasi|audit|485362|arsip pending approved draft
DOC-0004463,kontrak_sdm_202207_4523.txt,46238685,2024-05-29,portal-upload-web,kontrak|sdm|46238685|final dokumen file approved
DUP-0000165,gambar_logistik_202409_4984.xlsx,111244,2024-10-16,cloud-storage-gcp,gambar|logistik|111244|data periode draft
DOC-0003328,log_manajemen_202306_8236.xlsx,6167838,2024-06-01,cloud-storage-gcp,log|manajemen|6167838|draft arsip revisi
DOC-0001475,invoice_pemasaran_202410_6031.xml,236226,2024-08-05,portal-upload-web,invoice|pemasaran|236226|final draft pending data arsip
DOC-0001762,invoice_hukum_202407_4001.xlsx,3160647,2024-10-16,cloud-storage-aws,invoice|hukum|3160647|total final dokumen
DOC-0000070,memo_logistik_202402_5566.txt,349332,2024-07-14,server-arsip-bandung,memo|logistik|349332|final rekap dokumen data arsip
DOC-0000974,memo_hukum_202310_1898.pdf,2747951,2023-04-13,nas-lokal-01,memo|hukum|2747951|file total revisi
DOC-0003784,laporan_pemasaran_202301_1248.png,4088708,2024-08-22,ftp-pusat,laporan|pemasaran|4088708|data dokumen approved
DOC-0000666,surat_keuangan_202204_8857.png,59033,2024-02-19,portal-upload-web,surat|keuangan|59033|file arsip pending
DOC-0000003,laporan_audit_202312_2994.zip,2552628,2023-05-17,cloud-storage-aws,laporan|audit|2552628|file pending periode rekap final
DOC-0001776,memo_manajemen_202208_1330.txt,44159983,2023-10-10,cloud-storage-gcp,memo|manajemen|44159983|approved revisi arsip
DOC-0002974,log_manajemen_202301_1747.json,222698,2024-12-31,server-arsip-jakarta,log|manajemen|222698|draft final data
DOC-0002715,kontrak_manajemen_202403_3027.png,109376061,2024-11-23,ftp-pusat,kontrak|manajemen|109376061|final total draft file
DOC-0002318,laporan_audit_202407_6241.xml,1887444,2023-10-05,server-arsip-surabaya,laporan|audit|1887444|final total draft pending revisi
DOC-0000819,memo_teknologi_202403_5210.csv,1510962,2023-04-07,server-arsip-bandung,memo|teknologi|1510962|revisi pending dokumen draft approved
DOC-0000519,gambar_audit_202406_6664.xlsx,3858002,2023-01-21,cloud-storage-aws,gambar|audit|3858002|rekap total final file
DOC-0001633,kontrak_operasional_202403_6679.pdf,34059,2024-01-10,ftp-pusat,kontrak|operasional|34059|arsip pending dokumen
DOC-0002547,backup_operasional_202403_1389.csv,46781,2023-02-09,cloud-storage-gcp,backup|operasional|46781|draft file pending rekap arsip
DOC-0000992,dataset_teknologi_202202_3779.xlsx,7215732,2022-11-18,ftp-pusat,dataset|teknologi|7215732|final arsip draft
DOC-0002431,kontrak_sdm_202201_8407.zip,39310871,2024-09-30,ftp-pusat,kontrak|sdm|39310871|final pending data arsip periode
DUP-0000289,presentasi_keuangan_202304_1924.jpg,45922556,2024-08-05,nas-lokal-01,presentasi|keuangan|45922556|draft periode revisi
DOC-0003523,presentasi_hukum_202309_1841.txt,4988221,2023-09-13,server-arsip-bandung,presentasi|hukum|4988221|dokumen approved pending total final
DOC-0002313,surat_riset_202412_4703.txt,3496804,2022-11-22,ftp-pusat,surat|riset|3496804|final approved revisi pending arsip
DOC-0001922,gambar_logistik_202304_5464.xlsx,15436831,2023-04-08,cloud-storage-aws,gambar|logistik|15436831|rekap approved periode file
DOC-0004345,kontrak_logistik_202203_8616.docx,23440423,2023-08-22,backup-eksternal,kontrak|logistik|23440423|approved dokumen pending arsip
DOC-0003019,surat_pemasaran_202209_9809.xml,1858212,2024-04-30,nas-lokal-01,surat|pemasaran|1858212|data draft final periode
DOC-0004179,memo_operasional_202201_8535.jpg,1004524,2023-08-31,server-arsip-surabaya,memo|operasional|1004524|revisi draft dokumen total
DUP-0000106,laporan_logistik_202205_0505.jpg,134510,2022-01-13,nas-lokal-01,laporan|logistik|134510|file final approved arsip rekap
DOC-0004331,laporan_sdm_202304_7698.pdf,768940,2023-05-02,nas-lokal-02,laporan|sdm|768940|arsip rekap revisi total
DOC-0001158,log_pemasaran_202312_7532.xlsx,2096002,2023-06-04,server-arsip-jakarta,log|pemasaran|2096002|pending approved file
DOC-0003603,log_pemasaran_202305_5165.docx,48169437,2023-10-19,cloud-storage-aws,log|pemasaran|48169437|periode dokumen approved pending arsip
DOC-0003122,laporan_pemasaran_202206_6281.xlsx,198310,2022-04-17,ftp-pusat,laporan|pemasaran|198310|file total dokumen
DOC-0002025,surat_sdm_202208_1453.csv,446739877,2024-02-13,server-arsip-bandung,surat|sdm|446739877|arsip data approved periode dokumen
DUP-0000378,memo_sdm_202407_0253.xlsx,58676,2022-10-23,nas-lokal-01,memo|sdm|58676|revisi dokumen final
DUP-0000419,backup_operasional_202212_7036.png,326770,2024-04-19,ftp-pusat,backup|operasional|326770|pending revisi total
DOC-0001105,log_logistik_202406_6567.xlsx,21140868,2022-08-07,server-arsip-surabaya,log|logistik|21140868|approved file pending arsip revisi
DOC-0003412,kontrak_pemasaran_202308_1515.zip,3950181,2023-01-12,nas-lokal-01,kontrak|pemasaran|3950181|final draft arsip file
DOC-0003395,log_riset_202411_4458.xml,1424600,2023-03-30,ftp-pusat,log|riset|1424600|rekap approved total dokumen
DOC-0003673,memo_pemasaran_202205_3591.txt,2438101,2023-05-28,portal-upload-web,memo|pemasaran|2438101|arsip total draft file
DUP-0000365,surat_operasional_202401_9100.jpg,1542863,2023-01-02,portal-upload-web,surat|operasional|1542863|file revisi arsip draft rekap
DOC-0001873,log_pemasaran_202401_0983.txt,32857,2024-05-16,cloud-storage-aws,log|pemasaran|32857|periode draft arsip approved pending
DOC-0000245,dataset_teknologi_202405_5641.zip,2114571,2022-10-06,nas-lokal-02,dataset|teknologi|2114571|approved dokumen final data revisi
DOC-0003650,backup_audit_202402_0952.json,41645943,2022-07-11,cloud-storage-gcp,backup|audit|41645943|rekap file arsip
DOC-0002180,presentasi_riset_202211_8857.zip,1042675,2023-10-18,nas-lokal-01,presentasi|riset|1042675|pending periode revisi draft file
DOC-0001950,gambar_operasional_202401_2330.zip,352655392,2022-05-04,cloud-storage-aws,gambar|operasional|352655392|arsip draft final rekap pending
DOC-0002309,kontrak_logistik_202310_4611.zip,16783670,2022-07-20,ftp-pusat,kontrak|logistik|16783670|total approved dokumen
DOC-0004314,laporan_logistik_202302_7963.docx,1769275,2023-06-13,cloud-storage-aws,laporan|logistik|1769275|periode total rekap arsip
DOC-0001761,surat_riset_202302_8624.docx,52036,2023-04-17,nas-lokal-01,surat|riset|52036|data pending draft periode
DOC-0001519,log_sdm_202211_8549.docx,36456865,2023-07-23,server-arsip-bandung,log|sdm|36456865|rekap pending dokumen total arsip
DOC-0002017,laporan_teknologi_202309_7900.xml,239588,2022-08-15,portal-upload-web,laporan|teknologi|239588|periode final dokumen pending file
DOC-0000380,backup_pemasaran_202204_4117.json,452239,2024-09-09,server-arsip-bandung,backup|pemasaran|452239|final pending approved
DOC-0000356,invoice_logistik_202408_1982.pdf,2023812,2024-08-18,server-arsip-surabaya,invoice|logistik|2023812|pending data revisi
DOC-0000205,presentasi_keuangan_202307_8421.jpg,4177548,2022-03-16,ftp-pusat,presentasi|keuangan|4177548|file dokumen arsip total periode
DOC-0003354,invoice_teknologi_202307_7354.xlsx,29976940,2022-05-07,server-arsip-bandung,invoice|teknologi|29976940|dokumen total arsip pending data
DOC-0002012,backup_audit_202305_3186.jpg,251767,2022-02-13,ftp-pusat,backup|audit|251767|arsip revisi approved
DOC-0003160,memo_manajemen_202304_9230.txt,426182,2024-08-16,cloud-storage-aws,memo|manajemen|426182|draft total revisi file
DOC-0003015,gambar_hukum_202309_9536.json,97719,2023-03-10,server-arsip-surabaya,gambar|hukum|97719|pending revisi periode dokumen file
DOC-0001297,memo_sdm_202412_5323.png,2592283,2023-10-14,cloud-storage-gcp,memo|sdm|2592283|rekap final periode revisi total
DUP-0000398,presentasi_hukum_202305_5677.csv,329088,2024-07-20,ftp-pusat,presentasi|hukum|329088|draft total pending
DOC-0001996,backup_pemasaran_202203_3413.xml,4824901,2024-01-17,portal-upload-web,backup|pemasaran|4824901|approved rekap total
DOC-0003441,memo_teknologi_202311_6498.jpg,221403,2022-08-25,server-arsip-surabaya,memo|teknologi|221403|file dokumen draft
DOC-0000218,memo_keuangan_202212_7745.xml,49627971,2024-07-15,nas-lokal-01,memo|keuangan|49627971|final file approved dokumen revisi
DOC-0000841,invoice_keuangan_202201_3888.txt,1492084,2022-03-01,server-arsip-surabaya,invoice|keuangan|1492084|periode rekap dokumen final
DOC-0004446,dataset_teknologi_202301_3250.jpg,9558324,2022-08-13,server-arsip-surabaya,dataset|teknologi|9558324|dokumen total final
DOC-0002048,backup_operasional_202403_5987.txt,439043,2022-04-04,server-arsip-surabaya,backup|operasional|439043|final dokumen approved periode
DOC-0003324,presentasi_audit_202304_3745.pdf,461831,2024-09-24,server-arsip-jakarta,presentasi|audit|461831|rekap approved draft
DOC-0003097,laporan_sdm_202409_7022.csv,415028,2023-07-13,server-arsip-bandung,laporan|sdm|415028|pending data dokumen revisi approved
DOC-0003435,kontrak_pemasaran_202409_8920.txt,150435,2022-02-15,backup-eksternal,kontrak|pemasaran|150435|dokumen approved draft pending
DOC-0001904,kontrak_pemasaran_202305_2774.docx,275919,2024-06-04,backup-eksternal,kontrak|pemasaran|275919|rekap periode data
DOC-0000918,kontrak_teknologi_202204_7172.csv,832339,2024-05-17,ftp-pusat,kontrak|teknologi|832339|approved pending draft
DOC-0000433,surat_keuangan_202312_8935.xml,2425559,2024-10-27,server-arsip-surabaya,surat|keuangan|2425559|dokumen revisi draft data
DOC-0002324,surat_manajemen_202202_0094.png,49222405,2022-07-20,cloud-storage-gcp,surat|manajemen|49222405|periode approved file total dokumen
DOC-0004321,memo_sdm_202406_3725.pdf,275235696,2023-10-04,server-arsip-surabaya,memo|sdm|275235696|data pending rekap
DOC-0004271,backup_manajemen_202302_9565.pdf,287573,2023-09-27,ftp-pusat,backup|manajemen|287573|final approved file
DOC-0002803,kontrak_hukum_202208_7067.json,144085,2022-08-13,server-arsip-bandung,kontrak|hukum|144085|final arsip revisi
DOC-0002131,presentasi_riset_202402_0149.png,118431,2023-09-06,portal-upload-web,presentasi|riset|118431|dokumen total final rekap
DOC-0004409,invoice_pemasaran_202306_8059.json,59105400,2024-04-29,cloud-storage-gcp,invoice|pemasaran|59105400|dokumen approved revisi periode
DOC-0001524,laporan_sdm_202404_9357.jpg,2205140,2024-01-10,backup-eksternal,laporan|sdm|2205140|approved final file
DOC-0000654,gambar_operasional_202409_1964.txt,232727,2022-08-05,nas-lokal-02,gambar|operasional|232727|file rekap revisi final
DOC-0002965,presentasi_riset_202202_8642.xlsx,171529326,2023-07-30,nas-lokal-01,presentasi|riset|171529326|file rekap arsip
DOC-0003307,invoice_manajemen_202212_3927.xml,2740577,2023-12-09,nas-lokal-02,invoice|manajemen|2740577|revisi dokumen draft
DOC-0003037,invoice_pemasaran_202305_3610.docx,313637,2024-10-11,ftp-pusat,invoice|pemasaran|313637|total pending file revisi
DOC-0003261,backup_riset_202403_8943.csv,475230,2022-06-03,cloud-storage-gcp,backup|riset|475230|final approved periode
DOC-0001119,backup_keuangan_202401_1865.xml,1898295,2023-03-01,server-arsip-jakarta,backup|keuangan|1898295|total approved pending draft
DOC-0002098,presentasi_logistik_202412_7080.txt,346368,2022-03-19,server-arsip-surabaya,presentasi|logistik|346368|revisi total data
DUP-0000213,laporan_teknologi_202207_8871.csv,256489,2022-07-17,server-arsip-jakarta,laporan|teknologi|256489|file rekap final total pending
DOC-0002281,invoice_teknologi_202301_5720.csv,10263905,2022-04-17,nas-lokal-02,invoice|teknologi|10263905|pending rekap dokumen total final
DOC-0003964,presentasi_riset_202208_3371.png,3335963,2022-03-27,portal-upload-web,presentasi|riset|3335963|pending periode dokumen
DOC-0000771,backup_operasional_202303_3278.csv,4151334,2022-07-23,nas-lokal-02,backup|operasional|4151334|final file total revisi
DOC-0001444,surat_keuangan_202405_8715.png,2165639,2022-01-18,server-arsip-jakarta,surat|keuangan|2165639|periode data approved
DOC-0003045,invoice_riset_202411_1458.json,14704884,2024-05-25,nas-lokal-01,invoice|riset|14704884|total revisi rekap pending
DOC-0003744,dataset_manajemen_202405_0795.pdf,3568459,2023-12-09,server-arsip-surabaya,dataset|manajemen|3568459|dokumen arsip file
DOC-0002992,surat_keuangan_202209_6621.jpg,287841,2024-06-18,ftp-pusat,surat|keuangan|287841|dokumen final draft total arsip
DUP-0000230,gambar_keuangan_202402_1076.xml,3309037,2024-12-06,server-arsip-bandung,gambar|keuangan|3309037|approved data total revisi pending
DOC-0003304,presentasi_riset_202403_7759.png,109826,2023-12-18,server-arsip-jakarta,presentasi|riset|109826|pending data total
DOC-0001133,invoice_operasional_202410_1065.png,335581,2023-01-30,backup-eksternal,invoice|operasional|335581|draft final periode
DOC-0001928,invoice_logistik_202403_4124.csv,48062507,2024-03-04,cloud-storage-gcp,invoice|logistik|48062507|dokumen file arsip
DOC-0003180,kontrak_teknologi_202410_3813.json,683721,2022-01-30,portal-upload-web,kontrak|teknologi|683721|dokumen arsip approved data total
DOC-0001306,backup_operasional_202206_8147.docx,4446389,2023-10-06,nas-lokal-01,backup|operasional|4446389|total approved data revisi
DOC-0003296,gambar_riset_202305_8716.csv,233428,2023-09-27,nas-lokal-02,gambar|riset|233428|data revisi total rekap
DOC-0001507,laporan_keuangan_202210_6778.txt,96296003,2022-10-09,server-arsip-surabaya,laporan|keuangan|96296003|periode revisi arsip approved
DOC-0002623,kontrak_operasional_202409_1945.json,443119,2024-03-03,server-arsip-jakarta,kontrak|operasional|443119|revisi draft file final total
DOC-0004435,memo_teknologi_202302_0820.csv,11225439,2022-04-19,cloud-storage-aws,memo|teknologi|11225439|data draft pending rekap file
DOC-0002689,backup_operasional_202305_1220.pdf,11435420,2022-12-18,cloud-storage-gcp,backup|operasional|11435420|periode file dokumen data
DOC-0003018,backup_operasional_202409_2822.json,18505376,2023-03-17,server-arsip-surabaya,backup|operasional|18505376|final draft revisi
DOC-0002466,memo_operasional_202202_3251.txt,37747395,2022-12-22,nas-lokal-02,memo|operasional|37747395|file pending data approved revisi
DOC-0001091,gambar_teknologi_202409_4034.zip,61354,2024-03-24,portal-upload-web,gambar|teknologi|61354|draft pending revisi
DOC-0003351,backup_audit_202211_8945.csv,35476127,2023-08-08,ftp-pusat,backup|audit|35476127|approved pending total dokumen data
DOC-0000996,gambar_manajemen_202201_4681.zip,14571504,2023-12-06,cloud-storage-aws,gambar|manajemen|14571504|file revisi total
DOC-0001549,kontrak_pemasaran_202212_3046.xml,4368863,2022-12-15,cloud-storage-aws,kontrak|pemasaran|4368863|arsip pending final revisi
DOC-0001897,invoice_manajemen_202304_2854.docx,251980566,2023-08-26,cloud-storage-gcp,invoice|manajemen|251980566|revisi final file arsip pending
DUP-0000344,dataset_teknologi_202301_4965.zip,3986891,2023-07-23,backup-eksternal,dataset|teknologi|3986891|pending total final rekap
DOC-0003945,memo_manajemen_202402_6439.docx,378374,2023-07-25,server-arsip-jakarta,memo|manajemen|378374|periode final file
DOC-0002238,dataset_hukum_202202_2060.txt,808457,2024-07-14,cloud-storage-aws,dataset|hukum|808457|revisi total arsip data pending
DOC-0003229,gambar_riset_202305_4556.docx,113683846,2024-06-07,nas-lokal-02,gambar|riset|113683846|final pending total revisi periode
DOC-0002123,invoice_hukum_202204_5443.jpg,239757,2022-04-16,server-arsip-bandung,invoice|hukum|239757|final pending revisi data arsip
DOC-0001173,log_riset_202309_9869.json,1497636,2023-11-03,nas-lokal-01,log|riset|1497636|dokumen rekap file arsip final
DOC-0002636,surat_pemasaran_202308_2434.json,38833078,2024-11-21,cloud-storage-aws,surat|pemasaran|38833078|approved data revisi arsip
DOC-0002703,laporan_audit_202401_1134.pdf,1165481,2022-03-17,server-arsip-bandung,laporan|audit|1165481|final file arsip
DOC-0003517,surat_audit_202206_9914.xml,304020,2023-02-23,server-arsip-jakarta,surat|audit|304020|pending arsip file rekap total
DUP-0000167,gambar_logistik_202408_0013.pdf,207511,2022-09-28,cloud-storage-gcp,gambar|logistik|207511|approved draft periode
DOC-0004040,kontrak_hukum_202209_7450.zip,432032,2023-02-28,server-arsip-jakarta,kontrak|hukum|432032|data approved rekap
DOC-0000599,gambar_logistik_202412_6066.docx,4044120,2022-12-09,server-arsip-jakarta,gambar|logistik|4044120|arsip file total final revisi
DOC-0002201,invoice_pemasaran_202411_5761.json,14662,2023-07-14,server-arsip-surabaya,invoice|pemasaran|14662|draft periode pending file rekap
DOC-0002727,laporan_pemasaran_202307_1511.pdf,854913,2022-08-29,ftp-pusat,laporan|pemasaran|854913|file final dokumen
DOC-0000896,gambar_riset_202308_9872.docx,43974,2022-04-29,ftp-pusat,gambar|riset|43974|final draft arsip approved periode
DUP-0000459,log_riset_202409_8569.docx,307309,2024-03-03,server-arsip-bandung,log|riset|307309|periode rekap pending data approved
DOC-0003530,gambar_manajemen_202401_7521.csv,374135,2023-03-04,backup-eksternal,gambar|manajemen|374135|periode file dokumen total pending
DOC-0001875,surat_teknologi_202311_6769.xlsx,3675433,2024-12-18,cloud-storage-gcp,surat|teknologi|3675433|draft final approved
DOC-0002444,kontrak_sdm_202305_1648.csv,4427935,2023-07-08,portal-upload-web,kontrak|sdm|4427935|arsip revisi periode draft
DOC-0000732,surat_riset_202304_6594.csv,104858,2022-09-24,backup-eksternal,surat|riset|104858|revisi periode rekap data arsip
DOC-0002254,invoice_audit_202403_2625.zip,83161,2023-03-06,cloud-storage-aws,invoice|audit|83161|periode draft approved
DUP-0000400,laporan_audit_202209_1837.zip,51481,2022-12-16,server-arsip-bandung,laporan|audit|51481|draft periode file rekap
DUP-0000259,laporan_riset_202307_4760.zip,143854,2022-03-26,cloud-storage-aws,laporan|riset|143854|rekap pending approved draft
DUP-0000396,presentasi_pemasaran_202405_6020.json,213166,2022-01-29,nas-lokal-01,presentasi|pemasaran|213166|revisi approved rekap pending periode
DOC-0000602,kontrak_manajemen_202206_7344.json,1290214,2023-02-23,cloud-storage-gcp,kontrak|manajemen|1290214|arsip dokumen data periode draft
DOC-0001919,gambar_sdm_202211_5562.zip,2095299,2024-08-25,server-arsip-jakarta,gambar|sdm|2095299|file final rekap
DOC-0003107,dataset_hukum_202207_3903.txt,167887,2024-01-17,backup-eksternal,dataset|hukum|167887|final pending approved
DUP-0000252,dataset_sdm_202412_2748.pdf,453528,2024-01-26,cloud-storage-gcp,dataset|sdm|453528|total arsip revisi
DOC-0001811,invoice_pemasaran_202301_8024.docx,82327,2024-06-22,server-arsip-surabaya,invoice|pemasaran|82327|final revisi file
DOC-0002584,presentasi_logistik_202408_0059.xlsx,3664091,2023-03-05,server-arsip-surabaya,presentasi|logistik|3664091|total arsip data pending
DUP-0000499,presentasi_sdm_202201_9690.xlsx,3650568,2023-02-01,nas-lokal-01,presentasi|sdm|3650568|file approved total rekap
DOC-0001267,gambar_riset_202405_1481.xml,83701,2022-10-07,ftp-pusat,gambar|riset|83701|revisi pending rekap dokumen
DOC-0002176,invoice_teknologi_202207_3150.png,136528,2022-03-14,ftp-pusat,invoice|teknologi|136528|arsip revisi rekap approved
DUP-0000354,backup_sdm_202208_0897.jpg,18499737,2022-11-12,cloud-storage-aws,backup|sdm|18499737|pending final rekap
DOC-0001747,dataset_audit_202203_5131.docx,1826226,2023-05-21,cloud-storage-gcp,dataset|audit|1826226|revisi arsip approved
DOC-0004151,laporan_riset_202206_0470.docx,854355,2023-03-01,cloud-storage-gcp,laporan|riset|854355|rekap approved periode
DOC-0001750,invoice_keuangan_202205_7569.zip,4635974,2022-10-09,nas-lokal-01,invoice|keuangan|4635974|periode approved draft final
DOC-0004439,presentasi_operasional_202407_6059.pdf,32115736,2022-07-24,cloud-storage-gcp,presentasi|operasional|32115736|periode approved arsip file pending
DOC-0000962,gambar_hukum_202309_6038.zip,238662,2024-10-02,nas-lokal-02,gambar|hukum|238662|approved revisi dokumen total
DOC-0003736,invoice_manajemen_202412_5504.png,1723863,2023-11-14,ftp-pusat,invoice|manajemen|1723863|pending dokumen revisi total
DOC-0001240,kontrak_audit_202204_0027.xlsx,3764573,2024-11-06,backup-eksternal,kontrak|audit|3764573|final pending data rekap
DOC-0000926,backup_pemasaran_202401_4744.txt,468672,2022-01-29,portal-upload-web,backup|pemasaran|468672|final revisi pending dokumen
DOC-0003644,backup_operasional_202404_5031.csv,276838,2023-07-06,cloud-storage-gcp,backup|operasional|276838|draft revisi pending
DOC-0002658,dataset_manajemen_202405_7864.csv,2223809,2024-03-10,ftp-pusat,dataset|manajemen|2223809|dokumen revisi arsip approved total
DOC-0000284,invoice_audit_202305_8405.xml,425285,2024-12-22,ftp-pusat,invoice|audit|425285|revisi total draft
DOC-0002964,log_riset_202206_2610.png,162601793,2022-07-18,server-arsip-jakarta,log|riset|162601793|draft arsip revisi pending file
DOC-0003268,memo_hukum_202404_0677.json,3706432,2024-02-06,backup-eksternal,memo|hukum|3706432|pending draft approved
DOC-0004139,log_audit_202410_2332.docx,41135616,2024-07-27,portal-upload-web,log|audit|41135616|revisi draft final dokumen arsip
DOC-0004483,kontrak_audit_202311_1950.pdf,62828,2024-12-04,nas-lokal-01,kontrak|audit|62828|periode revisi data dokumen
DOC-0002050,kontrak_riset_202204_0431.json,660707,2024-12-06,nas-lokal-02,kontrak|riset|660707|final total file arsip approved
DOC-0002812,surat_sdm_202408_2812.jpg,148668,2024-12-31,server-arsip-jakarta,surat|sdm|148668|periode rekap file total pending
DOC-0000604,gambar_operasional_202307_9671.png,333665,2023-09-16,server-arsip-bandung,gambar|operasional|333665|dokumen file approved pending
DOC-0001057,kontrak_riset_202305_9516.zip,505669,2023-05-11,nas-lokal-01,kontrak|riset|505669|arsip total periode draft file
DOC-0004087,gambar_keuangan_202402_3880.txt,493148,2023-01-26,backup-eksternal,gambar|keuangan|493148|rekap file approved arsip final
DOC-0003566,presentasi_pemasaran_202405_3539.txt,4359154,2023-04-25,server-arsip-surabaya,presentasi|pemasaran|4359154|approved periode data draft rekap
DOC-0003917,memo_pemasaran_202405_1017.docx,1912292,2022-12-23,cloud-storage-aws,memo|pemasaran|1912292|pending arsip dokumen revisi rekap
DOC-0004394,gambar_riset_202405_0154.xml,4253969,2023-10-26,cloud-storage-gcp,gambar|riset|4253969|draft data total periode rekap
DOC-0000525,surat_manajemen_202403_0024.txt,45492801,2023-08-12,nas-lokal-01,surat|manajemen|45492801|file revisi draft data
DOC-0003894,log_manajemen_202207_1149.docx,261595,2024-05-05,ftp-pusat,log|manajemen|261595|dokumen data arsip total
DOC-0001322,presentasi_keuangan_202401_8312.pdf,208799652,2022-03-16,portal-upload-web,presentasi|keuangan|208799652|arsip revisi dokumen pending approved
DOC-0002901,presentasi_pemasaran_202404_0458.json,262488,2023-06-02,portal-upload-web,presentasi|pemasaran|262488|draft pending final file
DOC-0004177,gambar_pemasaran_202309_8471.txt,32469640,2022-06-06,cloud-storage-gcp,gambar|pemasaran|32469640|data revisi dokumen periode
DOC-0003145,invoice_teknologi_202301_8647.json,4657215,2024-07-05,cloud-storage-gcp,invoice|teknologi|4657215|final rekap pending revisi
DOC-0003501,presentasi_manajemen_202403_9557.zip,1658694,2022-09-30,backup-eksternal,presentasi|manajemen|1658694|rekap dokumen data periode revisi
DOC-0004146,log_logistik_202410_7387.pdf,108016,2022-09-30,ftp-pusat,log|logistik|108016|rekap periode final draft
DOC-0002478,presentasi_hukum_202403_0481.json,126045,2024-03-21,backup-eksternal,presentasi|hukum|126045|rekap dokumen periode
DOC-0002028,log_keuangan_202410_4108.xml,136171,2022-07-14,ftp-pusat,log|keuangan|136171|final draft data file
DOC-0002449,presentasi_keuangan_202304_1924.jpg,45922556,2024-08-05,nas-lokal-01,presentasi|keuangan|45922556|draft periode revisi
DOC-0000675,gambar_riset_202401_8040.docx,108806403,2023-08-21,portal-upload-web,gambar|riset|108806403|periode total approved final rekap
DUP-0000026,laporan_keuangan_202311_6623.csv,2010892,2023-12-14,cloud-storage-aws,laporan|keuangan|2010892|approved total dokumen pending arsip
DOC-0004302,backup_keuangan_202209_2373.csv,23279935,2023-05-03,nas-lokal-02,backup|keuangan|23279935|approved rekap total
DOC-0000167,log_operasional_202403_9538.png,424186,2024-04-26,server-arsip-bandung,log|operasional|424186|rekap revisi data periode final
DOC-0002973,laporan_audit_202303_8855.xml,1146702,2023-03-08,server-arsip-bandung,laporan|audit|1146702|dokumen pending data
DOC-0003704,log_logistik_202412_8027.txt,4080904,2024-07-16,nas-lokal-02,log|logistik|4080904|dokumen approved data
DOC-0003200,gambar_operasional_202202_1645.docx,485130,2024-01-01,server-arsip-bandung,gambar|operasional|485130|approved arsip revisi final data
DOC-0002409,surat_audit_202311_5388.zip,317768461,2022-11-30,cloud-storage-aws,surat|audit|317768461|dokumen file approved revisi data
DOC-0001792,log_operasional_202202_6707.xlsx,232518,2022-08-11,nas-lokal-01,log|operasional|232518|dokumen file data final arsip
DOC-0002455,kontrak_audit_202302_4680.pdf,165441953,2024-06-27,backup-eksternal,kontrak|audit|165441953|approved arsip data file
DOC-0002938,invoice_logistik_202302_2816.zip,120758,2023-06-22,ftp-pusat,invoice|logistik|120758|approved dokumen draft
DOC-0000795,memo_teknologi_202410_0849.docx,348270,2022-07-30,nas-lokal-02,memo|teknologi|348270|final dokumen periode arsip total
DOC-0001909,kontrak_audit_202212_2254.xlsx,4213561,2023-01-19,portal-upload-web,kontrak|audit|4213561|total arsip revisi
DOC-0002765,laporan_sdm_202401_4941.zip,22416975,2024-05-18,ftp-pusat,laporan|sdm|22416975|approved data dokumen arsip rekap
DOC-0004464,presentasi_manajemen_202409_8586.xlsx,167597,2024-01-12,server-arsip-jakarta,presentasi|manajemen|167597|revisi periode draft pending
DOC-0003832,presentasi_operasional_202304_8380.png,38448713,2022-08-31,backup-eksternal,presentasi|operasional|38448713|arsip revisi draft data
DUP-0000269,gambar_operasional_202203_5738.txt,2657425,2024-02-12,server-arsip-jakarta,gambar|operasional|2657425|final total revisi
DOC-0002218,kontrak_logistik_202405_8069.pdf,1987060,2023-08-08,ftp-pusat,kontrak|logistik|1987060|data pending dokumen arsip
DOC-0000874,memo_audit_202301_5318.zip,2773469,2024-11-21,nas-lokal-02,memo|audit|2773469|pending dokumen final approved revisi
DOC-0001040,invoice_keuangan_202207_0147.docx,444532,2022-03-04,ftp-pusat,invoice|keuangan|444532|periode approved draft
DOC-0000779,gambar_logistik_202409_4292.docx,248871,2023-07-19,cloud-storage-aws,gambar|logistik|248871|rekap approved data total
DOC-0003688,presentasi_sdm_202405_1743.jpg,1381479,2022-01-01,ftp-pusat,presentasi|sdm|1381479|pending final draft
DOC-0000437,kontrak_riset_202405_8829.png,325142228,2024-03-01,portal-upload-web,kontrak|riset|325142228|dokumen approved file arsip periode
DOC-0001202,invoice_manajemen_202304_4395.zip,2657315,2024-04-12,nas-lokal-01,invoice|manajemen|2657315|total draft approved final
DUP-0000205,kontrak_sdm_202409_2770.pdf,290712,2024-01-11,cloud-storage-aws,kontrak|sdm|290712|rekap arsip revisi
DOC-0000915,memo_keuangan_202407_4729.xlsx,1551722,2023-05-10,cloud-storage-aws,memo|keuangan|1551722|periode approved draft
DOC-0002740,gambar_logistik_202305_3668.docx,25382875,2023-04-05,backup-eksternal,gambar|logistik|25382875|approved data rekap
DOC-0001626,surat_teknologi_202301_2757.xml,473317,2024-02-23,cloud-storage-aws,surat|teknologi|473317|pending approved file
DOC-0002674,laporan_pemasaran_202209_0055.json,2249031,2024-08-01,portal-upload-web,laporan|pemasaran|2249031|periode approved data rekap final
DOC-0002630,laporan_keuangan_202401_1969.jpg,313884,2024-12-12,ftp-pusat,laporan|keuangan|313884|rekap file revisi data arsip
DOC-0003165,log_manajemen_202309_9261.json,211389863,2022-12-09,server-arsip-surabaya,log|manajemen|211389863|total data pending final
DUP-0000345,presentasi_audit_202302_1685.jpg,117934,2024-08-31,server-arsip-bandung,presentasi|audit|117934|file arsip draft approved total
DOC-0001325,memo_hukum_202407_5147.png,354080224,2023-07-10,nas-lokal-02,memo|hukum|354080224|periode arsip dokumen pending
DOC-0004396,gambar_hukum_202309_1608.json,1553068,2022-10-25,nas-lokal-01,gambar|hukum|1553068|arsip revisi data total pending
DOC-0000625,invoice_pemasaran_202408_3268.zip,432459,2023-06-17,cloud-storage-gcp,invoice|pemasaran|432459|revisi rekap draft file pending
DOC-0003002,surat_audit_202202_0102.pdf,42694,2022-11-03,server-arsip-surabaya,surat|audit|42694|file total periode
DUP-0000030,presentasi_audit_202310_0761.docx,35722780,2024-01-14,ftp-pusat,presentasi|audit|35722780|dokumen approved arsip file
DOC-0003896,surat_teknologi_202408_0761.txt,45495554,2023-03-31,ftp-pusat,surat|teknologi|45495554|file final periode
DOC-0002796,backup_operasional_202411_8702.xlsx,774390,2022-10-20,nas-lokal-01,backup|operasional|774390|data draft pending arsip revisi
DOC-0001926,gambar_pemasaran_202310_5447.csv,22782284,2024-09-06,cloud-storage-gcp,gambar|pemasaran|22782284|total data arsip
DOC-0003215,presentasi_audit_202301_6940.jpg,4733570,2022-01-31,cloud-storage-aws,presentasi|audit|4733570|file revisi final
DOC-0004069,surat_operasional_202402_4634.pdf,277037,2024-06-16,backup-eksternal,surat|operasional|277037|final total arsip data periode
DOC-0002200,kontrak_pemasaran_202404_2350.json,55253,2024-05-31,server-arsip-surabaya,kontrak|pemasaran|55253|revisi arsip final
DOC-0003930,dataset_audit_202204_2802.csv,1810703,2024-03-27,cloud-storage-gcp,dataset|audit|1810703|draft rekap final
DOC-0003146,backup_audit_202212_7981.xlsx,4022132,2023-12-13,nas-lokal-02,backup|audit|4022132|pending file dokumen rekap
DOC-0001211,surat_keuangan_202403_1464.png,3184570,2022-11-22,nas-lokal-02,surat|keuangan|3184570|approved final revisi
DOC-0003042,backup_hukum_202312_6485.xlsx,343412153,2024-11-26,nas-lokal-01,backup|hukum|343412153|final file total approved data
DOC-0001323,gambar_teknologi_202307_1596.jpg,1633340,2024-03-13,cloud-storage-aws,gambar|teknologi|1633340|revisi final file
DOC-0003632,presentasi_logistik_202404_6402.xml,212099,2023-02-04,ftp-pusat,presentasi|logistik|212099|total revisi dokumen periode arsip
DOC-0000404,dataset_riset_202205_7423.txt,4101299,2024-11-13,cloud-storage-gcp,dataset|riset|4101299|total pending rekap
DUP-0000283,backup_pemasaran_202403_2173.zip,2192209,2023-07-10,portal-upload-web,backup|pemasaran|2192209|pending revisi file total
DOC-0001758,backup_hukum_202304_5807.json,315049,2022-08-13,server-arsip-bandung,backup|hukum|315049|dokumen approved pending
DUP-0000420,presentasi_teknologi_202302_8930.docx,26074297,2022-10-13,nas-lokal-02,presentasi|teknologi|26074297|periode file pending total
DOC-0002214,kontrak_hukum_202206_7866.pdf,778216,2024-10-13,server-arsip-jakarta,kontrak|hukum|778216|periode dokumen arsip total
DOC-0002233,gambar_pemasaran_202311_8081.txt,384003,2023-12-14,server-arsip-surabaya,gambar|pemasaran|384003|total draft arsip pending
DOC-0001947,surat_audit_202301_7328.png,44641858,2024-05-04,nas-lokal-01,surat|audit|44641858|pending revisi file final
DOC-0000508,surat_teknologi_202212_3947.txt,116067,2022-06-08,server-arsip-bandung,surat|teknologi|116067|draft data arsip pending approved
DOC-0002390,kontrak_keuangan_202206_9010.json,384385,2024-11-03,backup-eksternal,kontrak|keuangan|384385|revisi rekap pending file periode
DOC-0003807,memo_audit_202310_4957.csv,398318,2023-03-02,cloud-storage-gcp,memo|audit|398318|final total pending draft
DOC-0003485,surat_riset_202205_8902.jpg,408355300,2023-07-10,ftp-pusat,surat|riset|408355300|periode data file revisi arsip
DOC-0000042,kontrak_teknologi_202309_9846.pdf,400382,2022-11-07,portal-upload-web,kontrak|teknologi|400382|arsip rekap file draft revisi
DOC-0002234,log_manajemen_202312_9075.jpg,1467594,2023-05-26,server-arsip-bandung,log|manajemen|1467594|total draft file dokumen
DOC-0000961,kontrak_riset_202302_1954.jpg,10923358,2022-09-29,ftp-pusat,kontrak|riset|10923358|data final draft periode
DOC-0003178,surat_teknologi_202404_1419.xml,42757479,2022-03-13,nas-lokal-01,surat|teknologi|42757479|total dokumen pending revisi
DOC-0003062,presentasi_audit_202312_5166.csv,2981127,2023-09-16,cloud-storage-gcp,presentasi|audit|2981127|periode total arsip pending revisi
DOC-0002271,invoice_pemasaran_202301_6248.txt,27469,2024-04-21,nas-lokal-02,invoice|pemasaran|27469|pending rekap approved revisi arsip
DOC-0000350,memo_riset_202410_8039.jpg,3736541,2022-10-23,backup-eksternal,memo|riset|3736541|revisi approved pending dokumen final
DOC-0001833,memo_hukum_202311_3098.txt,32223538,2022-09-14,portal-upload-web,memo|hukum|32223538|draft approved arsip final pending
DOC-0000369,gambar_logistik_202202_9927.png,14370750,2022-07-02,server-arsip-bandung,gambar|logistik|14370750|approved file total
DOC-0001191,dataset_pemasaran_202204_6380.xml,2493595,2022-04-18,nas-lokal-02,dataset|pemasaran|2493595|periode file dokumen rekap total
DOC-0001574,laporan_manajemen_202401_4722.xml,3893707,2024-01-06,server-arsip-jakarta,laporan|manajemen|3893707|periode total data file
DOC-0002771,gambar_logistik_202408_1680.jpg,855805,2024-03-14,backup-eksternal,gambar|logistik|855805|data final arsip
DOC-0002388,invoice_operasional_202201_0770.zip,43021636,2022-08-06,nas-lokal-02,invoice|operasional|43021636|draft data dokumen file
DOC-0003662,kontrak_manajemen_202406_5510.txt,3696292,2024-04-05,ftp-pusat,kontrak|manajemen|3696292|data rekap periode dokumen
DOC-0000407,dataset_audit_202408_9863.xlsx,454207574,2022-05-20,nas-lokal-02,dataset|audit|454207574|dokumen total data
DOC-0001389,presentasi_riset_202312_8902.xml,36071864,2022-12-29,nas-lokal-02,presentasi|riset|36071864|revisi total pending
DOC-0003899,kontrak_sdm_202402_5753.docx,385558677,2023-12-29,ftp-pusat,kontrak|sdm|385558677|total periode revisi approved arsip
DOC-0001701,invoice_hukum_202206_1615.json,4731418,2022-04-13,portal-upload-web,invoice|hukum|4731418|revisi final approved
DOC-0004364,surat_operasional_202302_7602.docx,4008490,2024-02-27,backup-eksternal,surat|operasional|4008490|data file revisi pending periode
DOC-0002830,memo_hukum_202411_5766.txt,23608328,2023-12-05,backup-eksternal,memo|hukum|23608328|pending data rekap file dokumen
DOC-0000956,invoice_operasional_202205_9476.jpg,219954,2022-06-20,server-arsip-jakarta,invoice|operasional|219954|final data periode
DOC-0000319,memo_operasional_202406_0783.zip,98444,2022-10-16,nas-lokal-02,memo|operasional|98444|arsip rekap total approved
DOC-0002076,backup_sdm_202312_8120.json,962577,2024-07-30,server-arsip-bandung,backup|sdm|962577|draft revisi approved rekap total
DOC-0001223,surat_logistik_202411_4948.xlsx,398845,2024-06-28,server-arsip-jakarta,surat|logistik|398845|rekap pending total final
DOC-0002950,memo_keuangan_202312_7750.txt,81825080,2022-12-16,nas-lokal-01,memo|keuangan|81825080|data total pending revisi arsip
DOC-0001035,surat_operasional_202312_7921.csv,934774,2024-07-04,backup-eksternal,surat|operasional|934774|dokumen approved total
DOC-0004225,invoice_keuangan_202205_6250.csv,168854,2024-10-24,server-arsip-bandung,invoice|keuangan|168854|draft approved total rekap
DOC-0000394,backup_operasional_202408_0241.zip,1455785,2022-05-18,cloud-storage-gcp,backup|operasional|1455785|approved data periode
DOC-0001031,surat_operasional_202412_1004.json,204497,2022-12-04,nas-lokal-01,surat|operasional|204497|arsip draft final
DOC-0002054,dataset_riset_202306_7976.jpg,4945604,2023-03-03,backup-eksternal,dataset|riset|4945604|final dokumen approved data
DUP-0000013,gambar_sdm_202309_0172.txt,2313344,2024-05-22,server-arsip-jakarta,gambar|sdm|2313344|final draft pending
DOC-0004012,kontrak_keuangan_202412_8538.pdf,278636,2024-08-23,nas-lokal-02,kontrak|keuangan|278636|file total final revisi
DOC-0003003,dataset_riset_202206_1570.txt,46208038,2022-03-15,server-arsip-bandung,dataset|riset|46208038|arsip total approved
DOC-0002840,gambar_logistik_202303_4014.pdf,423912,2023-01-17,server-arsip-bandung,gambar|logistik|423912|total pending draft file
DUP-0000313,gambar_manajemen_202304_2384.xlsx,752644,2024-07-11,cloud-storage-aws,gambar|manajemen|752644|dokumen approved arsip file draft
DOC-0002869,dataset_teknologi_202302_6197.xml,4766333,2024-07-27,nas-lokal-02,dataset|teknologi|4766333|draft file dokumen total approved
DOC-0000941,dataset_pemasaran_202308_6392.json,1056465,2022-11-19,nas-lokal-01,dataset|pemasaran|1056465|data arsip rekap
DOC-0002148,backup_audit_202206_9808.docx,478594,2024-04-19,cloud-storage-gcp,backup|audit|478594|periode approved arsip final
DOC-0002577,surat_hukum_202304_9764.json,3675799,2023-05-28,cloud-storage-gcp,surat|hukum|3675799|arsip rekap draft
DOC-0004170,presentasi_manajemen_202204_9947.xml,96195,2024-11-09,server-arsip-jakarta,presentasi|manajemen|96195|pending revisi periode file
DOC-0001182,invoice_logistik_202201_8626.xml,1282519,2022-09-29,server-arsip-surabaya,invoice|logistik|1282519|final periode total approved data
DOC-0000924,kontrak_riset_202308_3952.jpg,10416,2023-04-24,server-arsip-bandung,kontrak|riset|10416|draft final approved total
DOC-0003652,invoice_pemasaran_202401_0690.xlsx,38891033,2023-09-27,portal-upload-web,invoice|pemasaran|38891033|rekap draft final approved
DOC-0001661,laporan_operasional_202309_5088.json,45254945,2024-05-02,backup-eksternal,laporan|operasional|45254945|file total approved dokumen
DOC-0002717,surat_riset_202305_8990.xml,3802716,2022-05-09,server-arsip-bandung,surat|riset|3802716|draft total periode
DOC-0003514,backup_sdm_202405_6049.xlsx,2665898,2023-06-27,nas-lokal-01,backup|sdm|2665898|final file pending periode dokumen
DOC-0002472,dataset_pemasaran_202302_9065.xlsx,16238353,2022-07-30,server-arsip-jakarta,dataset|pemasaran|16238353|draft revisi total rekap arsip
DOC-0004188,kontrak_hukum_202205_7982.pdf,494792174,2022-05-24,portal-upload-web,kontrak|hukum|494792174|rekap approved draft data
DOC-0000193,memo_sdm_202210_0855.jpg,467079,2022-12-27,cloud-storage-gcp,memo|sdm|467079|pending approved periode revisi rekap
DOC-0001335,memo_hukum_202302_3245.pdf,51152,2022-05-23,ftp-pusat,memo|hukum|51152|total arsip file
DUP-0000112,invoice_manajemen_202310_4448.jpg,63982,2024-10-17,backup-eksternal,invoice|manajemen|63982|draft rekap data revisi final
DOC-0002758,gambar_logistik_202205_7719.json,80289,2022-09-06,cloud-storage-gcp,gambar|logistik|80289|total revisi pending final
DOC-0004430,backup_hukum_202406_0113.csv,35639783,2023-11-20,server-arsip-bandung,backup|hukum|35639783|file arsip rekap draft dokumen
DOC-0000208,laporan_hukum_202408_1083.xlsx,22817920,2023-03-25,backup-eksternal,laporan|hukum|22817920|data pending total
DOC-0000867,backup_audit_202210_9351.zip,284055,2024-09-19,portal-upload-web,backup|audit|284055|file final dokumen total data
DOC-0002531,dataset_logistik_202406_6824.txt,4489852,2022-06-25,ftp-pusat,dataset|logistik|4489852|draft revisi file pending
DOC-0003301,memo_operasional_202306_9872.json,442916,2024-06-16,server-arsip-bandung,memo|operasional|442916|revisi total draft
DOC-0001304,memo_sdm_202307_5007.xlsx,25075870,2022-05-26,server-arsip-bandung,memo|sdm|25075870|dokumen periode draft file total
DOC-0000258,laporan_hukum_202207_0719.docx,1649204,2023-02-24,backup-eksternal,laporan|hukum|1649204|arsip total data file
DOC-0003535,memo_teknologi_202306_9933.json,1380034,2023-01-28,server-arsip-bandung,memo|teknologi|1380034|periode approved total rekap
DOC-0002833,kontrak_operasional_202411_2664.pdf,189269,2023-10-31,server-arsip-bandung,kontrak|operasional|189269|pending final arsip draft
DOC-0002501,laporan_pemasaran_202304_0246.txt,237050,2023-04-06,server-arsip-jakarta,laporan|pemasaran|237050|arsip file final
DOC-0001527,log_teknologi_202412_7131.csv,1796465,2024-10-04,cloud-storage-gcp,log|teknologi|1796465|pending approved periode data draft
DOC-0000251,log_operasional_202205_4577.txt,2909292,2022-12-29,nas-lokal-02,log|operasional|2909292|pending arsip total
DOC-0000482,laporan_teknologi_202208_3482.xlsx,592730,2024-02-17,nas-lokal-01,laporan|teknologi|592730|periode approved file final
DOC-0001650,kontrak_keuangan_202406_3523.docx,339229,2022-07-11,ftp-pusat,kontrak|keuangan|339229|rekap file final periode
DOC-0004138,presentasi_audit_202409_7943.csv,415041830,2024-01-08,ftp-pusat,presentasi|audit|415041830|final rekap periode file revisi
DOC-0002300,presentasi_pemasaran_202311_6718.json,4471162,2023-03-08,cloud-storage-aws,presentasi|pemasaran|4471162|file final periode rekap
DUP-0000212,kontrak_teknologi_202204_7172.csv,832339,2024-05-17,ftp-pusat,kontrak|teknologi|832339|approved pending draft
DOC-0003334,laporan_audit_202203_8224.zip,47030932,2022-06-11,ftp-pusat,laporan|audit|47030932|approved data pending
DOC-0002846,gambar_pemasaran_202401_6514.pdf,427153,2023-05-11,server-arsip-surabaya,gambar|pemasaran|427153|final arsip dokumen approved
DOC-0004117,surat_logistik_202311_3168.txt,366495,2023-02-19,nas-lokal-01,surat|logistik|366495|rekap total draft approved final
DOC-0001479,gambar_operasional_202201_2221.csv,41479,2024-08-27,nas-lokal-02,gambar|operasional|41479|final pending revisi rekap periode
DOC-0000348,laporan_sdm_202411_3803.csv,130362,2022-05-29,cloud-storage-aws,laporan|sdm|130362|data total draft
DOC-0002010,backup_audit_202411_3740.zip,804938,2022-10-13,cloud-storage-aws,backup|audit|804938|arsip pending approved data dokumen
DOC-0000471,laporan_manajemen_202202_7581.docx,11692759,2024-11-05,nas-lokal-02,laporan|manajemen|11692759|dokumen data rekap
DOC-0004131,memo_operasional_202305_8815.zip,294492826,2023-01-12,nas-lokal-02,memo|operasional|294492826|final arsip total
DOC-0002147,surat_keuangan_202403_9968.xlsx,41704387,2023-04-02,cloud-storage-aws,surat|keuangan|41704387|periode arsip pending data
DOC-0002696,kontrak_audit_202211_6046.pdf,3292901,2023-06-26,server-arsip-bandung,kontrak|audit|3292901|file data rekap
DOC-0001760,gambar_sdm_202312_7977.xlsx,80416,2024-10-25,backup-eksternal,gambar|sdm|80416|file revisi periode
DOC-0002750,log_teknologi_202402_4986.txt,42585521,2024-10-03,cloud-storage-gcp,log|teknologi|42585521|draft rekap pending
DOC-0000412,log_manajemen_202308_9031.jpg,523921,2022-10-25,server-arsip-bandung,log|manajemen|523921|total pending final approved
DOC-0002744,dataset_logistik_202411_2623.json,4239468,2023-09-28,server-arsip-surabaya,dataset|logistik|4239468|draft approved file arsip periode
DOC-0000567,surat_manajemen_202204_0476.jpg,37724715,2023-03-20,cloud-storage-gcp,surat|manajemen|37724715|periode rekap file arsip final
DOC-0004386,gambar_operasional_202401_1782.pdf,2914075,2024-11-18,backup-eksternal,gambar|operasional|2914075|dokumen file pending total data
DOC-0004277,laporan_hukum_202408_9790.json,470534,2022-10-04,ftp-pusat,laporan|hukum|470534|dokumen periode file
DOC-0003553,invoice_sdm_202311_3708.txt,459206,2023-07-13,portal-upload-web,invoice|sdm|459206|approved periode total pending
DOC-0002628,memo_hukum_202309_4841.zip,3763684,2022-03-09,server-arsip-surabaya,memo|hukum|3763684|dokumen revisi pending approved final
DOC-0000955,invoice_operasional_202405_1452.pdf,41607570,2022-05-08,server-arsip-bandung,invoice|operasional|41607570|pending dokumen revisi rekap
DOC-0003701,dataset_manajemen_202312_1920.jpg,2344457,2022-04-09,nas-lokal-01,dataset|manajemen|2344457|data dokumen pending revisi final
DOC-0001812,log_logistik_202304_8139.zip,3709966,2022-05-20,nas-lokal-01,log|logistik|3709966|pending revisi total rekap
DOC-0003783,dataset_logistik_202307_9213.docx,182537,2022-06-07,nas-lokal-02,dataset|logistik|182537|dokumen approved final
DOC-0002375,invoice_riset_202412_6800.pdf,4044166,2023-09-02,server-arsip-jakarta,invoice|riset|4044166|data dokumen file pending
DOC-0004378,kontrak_manajemen_202301_1992.pdf,308043,2024-06-23,backup-eksternal,kontrak|manajemen|308043|final dokumen total periode revisi
DOC-0000306,presentasi_teknologi_202401_4665.jpg,480320,2022-01-07,nas-lokal-01,presentasi|teknologi|480320|data total periode approved
DOC-0002121,kontrak_pemasaran_202411_7770.csv,4020586,2023-08-17,nas-lokal-02,kontrak|pemasaran|4020586|pending data file arsip total
DOC-0004330,presentasi_operasional_202207_0765.txt,400424510,2024-03-15,server-arsip-surabaya,presentasi|operasional|400424510|revisi pending approved
DOC-0002929,presentasi_hukum_202408_1501.csv,2710864,2023-10-08,server-arsip-bandung,presentasi|hukum|2710864|data dokumen draft
DUP-0000146,backup_operasional_202407_3067.pdf,1835769,2024-01-19,nas-lokal-01,backup|operasional|1835769|pending periode dokumen revisi file
DOC-0000367,backup_pemasaran_202305_8379.pdf,114249,2023-01-30,server-arsip-jakarta,backup|pemasaran|114249|revisi rekap dokumen approved pending
DOC-0003965,memo_riset_202207_6981.json,426834,2024-04-07,backup-eksternal,memo|riset|426834|total revisi dokumen
DOC-0004089,kontrak_keuangan_202211_2097.pdf,4947916,2023-09-06,cloud-storage-gcp,kontrak|keuangan|4947916|file dokumen total revisi rekap
DOC-0004190,laporan_sdm_202208_8296.png,1954084,2023-02-02,backup-eksternal,laporan|sdm|1954084|approved periode revisi total final
DOC-0001931,laporan_pemasaran_202205_5314.png,42426958,2023-02-07,server-arsip-bandung,laporan|pemasaran|42426958|file arsip total
DOC-0000717,log_hukum_202212_6965.txt,168034,2022-06-02,server-arsip-jakarta,log|hukum|168034|revisi rekap periode total
DOC-0001637,log_operasional_202411_7690.zip,36928826,2023-02-19,ftp-pusat,log|operasional|36928826|revisi rekap approved
DOC-0000156,invoice_teknologi_202205_7416.xlsx,9787289,2022-09-01,nas-lokal-02,invoice|teknologi|9787289|data approved rekap final
DOC-0002325,kontrak_operasional_202204_8589.pdf,273299887,2024-02-20,nas-lokal-01,kontrak|operasional|273299887|file dokumen approved data
DOC-0001194,backup_operasional_202205_7531.csv,382924,2022-04-08,nas-lokal-01,backup|operasional|382924|final pending periode
DOC-0002480,surat_logistik_202308_4554.txt,4840921,2023-02-15,cloud-storage-aws,surat|logistik|4840921|total dokumen draft arsip rekap
DOC-0003508,memo_hukum_202209_2600.xml,462800,2024-05-05,backup-eksternal,memo|hukum|462800|draft dokumen pending periode
DOC-0002779,kontrak_keuangan_202305_6077.docx,19522575,2024-03-06,cloud-storage-aws,kontrak|keuangan|19522575|pending dokumen arsip data
DOC-0000488,invoice_operasional_202410_2066.png,63241443,2022-01-03,backup-eksternal,invoice|operasional|63241443|total draft periode
DOC-0001608,kontrak_hukum_202407_8802.zip,19262422,2022-12-04,backup-eksternal,kontrak|hukum|19262422|final pending periode approved file
DOC-0000262,gambar_riset_202410_0350.xlsx,61123,2023-07-18,cloud-storage-aws,gambar|riset|61123|periode revisi rekap
DOC-0003223,invoice_manajemen_202411_7177.jpg,49563,2024-04-20,cloud-storage-aws,invoice|manajemen|49563|rekap data draft
DOC-0004332,dataset_manajemen_202410_0232.png,4265140,2023-07-05,nas-lokal-02,dataset|manajemen|4265140|approved rekap data draft arsip
DOC-0002006,laporan_audit_202307_7226.txt,3186251,2023-04-20,cloud-storage-gcp,laporan|audit|3186251|pending final revisi approved dokumen
DUP-0000383,backup_teknologi_202212_9936.zip,4054153,2024-12-18,cloud-storage-gcp,backup|teknologi|4054153|final arsip file dokumen
DOC-0004152,log_manajemen_202303_4782.json,574188,2023-11-08,server-arsip-bandung,log|manajemen|574188|total data approved arsip revisi
DOC-0003481,gambar_manajemen_202301_8846.xlsx,650117,2022-09-22,cloud-storage-aws,gambar|manajemen|650117|arsip periode rekap dokumen file
DUP-0000397,memo_manajemen_202402_2586.xml,349713,2024-11-12,backup-eksternal,memo|manajemen|349713|dokumen final periode approved file
DUP-0000308,backup_manajemen_202407_3742.xml,41502963,2024-11-09,backup-eksternal,backup|manajemen|41502963|approved arsip total periode
DOC-0001081,invoice_logistik_202307_1565.png,241872,2022-10-15,server-arsip-bandung,invoice|logistik|241872|draft pending file approved periode
DOC-0002916,presentasi_operasional_202210_1220.zip,334336148,2022-02-23,cloud-storage-aws,presentasi|operasional|334336148|rekap final total
DOC-0004155,gambar_keuangan_202305_7087.txt,35398786,2023-07-05,cloud-storage-aws,gambar|keuangan|35398786|data draft rekap arsip periode
DOC-0002261,kontrak_manajemen_202202_1207.xlsx,178096,2023-05-06,cloud-storage-aws,kontrak|manajemen|178096|total rekap pending
DOC-0000614,gambar_sdm_202202_3344.xml,7343407,2024-05-25,nas-lokal-01,gambar|sdm|7343407|total rekap revisi final arsip
DOC-0000671,presentasi_hukum_202302_7629.txt,302503682,2023-09-07,ftp-pusat,presentasi|hukum|302503682|data periode final
DUP-0000073,backup_keuangan_202203_5994.png,80970,2024-10-12,portal-upload-web,backup|keuangan|80970|dokumen approved file total rekap
DOC-0001724,gambar_audit_202210_4537.jpg,567738,2024-06-18,nas-lokal-01,gambar|audit|567738|data rekap draft dokumen pending
DUP-0000484,invoice_manajemen_202402_7557.json,88271,2024-09-16,cloud-storage-gcp,invoice|manajemen|88271|arsip dokumen file
DOC-0001070,surat_sdm_202306_8594.pdf,35918609,2024-08-22,server-arsip-jakarta,surat|sdm|35918609|dokumen final revisi periode approved
DOC-0002458,gambar_logistik_202203_5369.csv,27291903,2024-02-25,server-arsip-surabaya,gambar|logistik|27291903|periode rekap arsip
DOC-0000943,memo_logistik_202304_9195.xml,2457274,2024-04-15,server-arsip-surabaya,memo|logistik|2457274|dokumen arsip draft revisi periode
DOC-0001506,gambar_hukum_202311_4468.csv,18314708,2023-10-07,cloud-storage-gcp,gambar|hukum|18314708|dokumen draft approved file
DOC-0000091,presentasi_pemasaran_202404_0097.pdf,64417,2024-02-20,server-arsip-jakarta,presentasi|pemasaran|64417|rekap approved dokumen total revisi
DOC-0004164,dataset_hukum_202306_8162.jpg,94434619,2022-05-09,cloud-storage-gcp,dataset|hukum|94434619|data pending arsip
DOC-0002224,surat_hukum_202402_3720.png,11374659,2024-01-13,portal-upload-web,surat|hukum|11374659|arsip rekap final revisi file
DOC-0001694,kontrak_logistik_202203_3632.xml,3839870,2023-02-17,nas-lokal-02,kontrak|logistik|3839870|approved draft data
DOC-0003415,surat_manajemen_202312_6592.pdf,3886474,2024-09-22,nas-lokal-01,surat|manajemen|3886474|periode final data file rekap
DOC-0002240,invoice_pemasaran_202401_7172.csv,31763747,2022-11-01,cloud-storage-gcp,invoice|pemasaran|31763747|total approved final
DOC-0004024,presentasi_teknologi_202307_4125.csv,335610925,2023-12-18,server-arsip-jakarta,presentasi|teknologi|335610925|final approved periode file
DOC-0000007,memo_logistik_202206_8312.zip,340892,2024-09-16,ftp-pusat,memo|logistik|340892|data final file arsip
DOC-0000642,backup_keuangan_202209_2016.jpg,290500,2022-03-29,cloud-storage-gcp,backup|keuangan|290500|rekap periode final revisi
DOC-0003792,presentasi_teknologi_202211_9409.csv,236631,2024-06-22,nas-lokal-01,presentasi|teknologi|236631|total pending draft
DOC-0003486,kontrak_sdm_202307_1958.jpg,211649821,2024-06-29,server-arsip-bandung,kontrak|sdm|211649821|arsip total file
DOC-0001090,presentasi_hukum_202402_7002.png,94789,2022-10-17,portal-upload-web,presentasi|hukum|94789|file rekap arsip
DOC-0001147,laporan_hukum_202310_2961.xml,2953930,2023-02-23,cloud-storage-gcp,laporan|hukum|2953930|revisi draft dokumen approved data
DOC-0000510,presentasi_teknologi_202310_7737.json,284390399,2023-07-09,nas-lokal-02,presentasi|teknologi|284390399|file dokumen arsip approved
DOC-0002762,presentasi_operasional_202309_3292.csv,3836314,2022-01-23,server-arsip-bandung,presentasi|operasional|3836314|file data pending approved periode
DOC-0002199,gambar_operasional_202301_2792.docx,147116,2024-06-10,server-arsip-bandung,gambar|operasional|147116|draft revisi final
DOC-0000875,log_teknologi_202204_6472.pdf,34848280,2022-09-02,server-arsip-jakarta,log|teknologi|34848280|rekap dokumen periode approved total
DOC-0003755,dataset_operasional_202404_6272.xml,38661350,2023-05-11,cloud-storage-aws,dataset|operasional|38661350|rekap dokumen final
DOC-0002837,backup_teknologi_202406_6386.xlsx,444472241,2023-02-04,server-arsip-surabaya,backup|teknologi|444472241|draft rekap approved
DOC-0002386,presentasi_audit_202405_3290.csv,934579,2024-10-01,server-arsip-bandung,presentasi|audit|934579|final dokumen periode approved data
DOC-0000075,presentasi_teknologi_202304_6624.json,438650,2022-03-27,nas-lokal-01,presentasi|teknologi|438650|pending data dokumen
DOC-0002695,gambar_pemasaran_202309_4090.xlsx,1321867,2024-01-22,nas-lokal-02,gambar|pemasaran|1321867|rekap arsip approved periode
DOC-0000741,gambar_sdm_202203_9382.png,461505,2022-08-30,nas-lokal-02,gambar|sdm|461505|draft data rekap
DOC-0002910,log_operasional_202208_5653.zip,128215,2022-06-04,cloud-storage-gcp,log|operasional|128215|rekap dokumen file data
DOC-0002292,backup_sdm_202309_0300.csv,4720625,2024-09-03,cloud-storage-aws,backup|sdm|4720625|approved data pending file
DOC-0003929,presentasi_manajemen_202406_9083.jpg,31614780,2022-07-18,portal-upload-web,presentasi|manajemen|31614780|final arsip data file
DOC-0001614,gambar_manajemen_202304_6454.txt,161977197,2023-11-21,portal-upload-web,gambar|manajemen|161977197|periode pending approved data
DOC-0001767,backup_manajemen_202211_2104.png,5721087,2022-02-12,cloud-storage-gcp,backup|manajemen|5721087|data final pending
DOC-0001305,kontrak_pemasaran_202309_1235.txt,798579,2022-07-06,cloud-storage-aws,kontrak|pemasaran|798579|draft rekap file revisi final
DOC-0002579,presentasi_teknologi_202205_3428.zip,29894,2023-01-17,portal-upload-web,presentasi|teknologi|29894|approved periode rekap
DOC-0002085,memo_sdm_202405_3626.docx,3955047,2023-11-17,cloud-storage-aws,memo|sdm|3955047|periode arsip approved total pending
DOC-0002671,invoice_teknologi_202311_8698.zip,149639,2022-10-04,backup-eksternal,invoice|teknologi|149639|data periode revisi final
DUP-0000425,surat_logistik_202201_4525.docx,780864,2024-11-20,nas-lokal-01,surat|logistik|780864|file data total periode
DOC-0001954,surat_operasional_202408_8612.xml,286409,2024-10-12,cloud-storage-aws,surat|operasional|286409|periode arsip file approved
DOC-0004370,laporan_teknologi_202311_5638.png,113100,2024-09-06,server-arsip-jakarta,laporan|teknologi|113100|total draft file arsip rekap
DOC-0001425,gambar_keuangan_202409_8195.xml,484418,2024-07-18,server-arsip-surabaya,gambar|keuangan|484418|final periode approved arsip rekap
DOC-0003199,kontrak_keuangan_202201_0122.docx,135895,2023-02-13,server-arsip-surabaya,kontrak|keuangan|135895|approved dokumen file final
DOC-0002912,surat_teknologi_202307_5243.txt,17368935,2023-03-20,cloud-storage-gcp,surat|teknologi|17368935|data rekap periode final approved
DOC-0001625,dataset_hukum_202311_9912.pdf,331183720,2024-08-29,cloud-storage-aws,dataset|hukum|331183720|arsip approved pending final
DUP-0000436,dataset_manajemen_202301_7819.xml,33848,2023-04-12,server-arsip-surabaya,dataset|manajemen|33848|file dokumen total revisi
DOC-0004144,presentasi_keuangan_202303_9985.txt,72636,2022-12-29,cloud-storage-aws,presentasi|keuangan|72636|draft approved periode total revisi
DOC-0002203,dataset_teknologi_202403_3472.txt,372946,2024-09-27,ftp-pusat,dataset|teknologi|372946|file revisi periode
DUP-0000225,laporan_keuangan_202311_6623.csv,2010892,2023-12-14,cloud-storage-aws,laporan|keuangan|2010892|approved total dokumen pending arsip
DOC-0002049,surat_riset_202301_3801.txt,2863193,2024-09-13,nas-lokal-02,surat|riset|2863193|final revisi dokumen file
DOC-0003994,laporan_logistik_202212_7746.csv,188456973,2022-05-28,server-arsip-surabaya,laporan|logistik|188456973|draft revisi final approved total
DOC-0001381,surat_audit_202207_9391.json,43541671,2022-10-17,ftp-pusat,surat|audit|43541671|dokumen total approved
DOC-0004359,kontrak_logistik_202303_7494.png,46004,2024-06-30,nas-lokal-01,kontrak|logistik|46004|data dokumen file
DOC-0002904,dataset_keuangan_202412_4309.xml,2636393,2022-03-26,cloud-storage-aws,dataset|keuangan|2636393|data dokumen revisi final
DOC-0002293,memo_manajemen_202401_5270.png,293076019,2023-05-24,cloud-storage-gcp,memo|manajemen|293076019|draft total dokumen
DOC-0001269,laporan_operasional_202209_0106.xlsx,173063,2023-10-26,cloud-storage-aws,laporan|operasional|173063|approved final periode draft
DUP-0000433,dataset_riset_202303_4521.csv,753336,2024-07-31,server-arsip-bandung,dataset|riset|753336|draft approved dokumen revisi
DUP-0000143,laporan_pemasaran_202312_5974.jpg,34334277,2022-06-11,portal-upload-web,laporan|pemasaran|34334277|file final revisi draft
DOC-0003875,laporan_sdm_202305_9349.docx,150942,2024-11-30,server-arsip-jakarta,laporan|sdm|150942|data file final approved rekap
DOC-0002829,log_operasional_202212_3971.json,4382354,2022-07-29,ftp-pusat,log|operasional|4382354|total draft approved pending data
DUP-0000338,log_teknologi_202204_2749.csv,1456571,2022-08-20,nas-lokal-02,log|teknologi|1456571|data rekap file draft revisi
DOC-0001011,presentasi_keuangan_202311_4413.zip,2307837,2022-10-11,server-arsip-bandung,presentasi|keuangan|2307837|dokumen total final
DOC-0003362,memo_pemasaran_202309_7098.xlsx,458945,2023-07-17,portal-upload-web,memo|pemasaran|458945|data draft revisi
DOC-0002411,kontrak_logistik_202207_5766.xlsx,649777,2022-08-03,nas-lokal-01,kontrak|logistik|649777|file dokumen draft periode pending
DOC-0001159,dataset_riset_202201_7865.png,149008,2024-05-12,backup-eksternal,dataset|riset|149008|total final dokumen pending
DOC-0000711,memo_audit_202208_5552.png,40935041,2023-04-10,server-arsip-jakarta,memo|audit|40935041|approved arsip total rekap
DOC-0002507,invoice_teknologi_202307_8493.csv,478075,2023-04-18,server-arsip-surabaya,invoice|teknologi|478075|arsip pending approved file total
DOC-0001078,gambar_operasional_202211_5636.xlsx,3690223,2022-08-16,server-arsip-jakarta,gambar|operasional|3690223|draft pending revisi arsip dokumen
DOC-0000473,presentasi_operasional_202211_2216.docx,505453,2023-01-09,backup-eksternal,presentasi|operasional|505453|dokumen draft rekap file
DOC-0002177,log_operasional_202309_2026.jpg,461072,2024-05-17,backup-eksternal,log|operasional|461072|revisi arsip approved
DOC-0002277,laporan_audit_202406_7811.xlsx,7295528,2022-02-16,cloud-storage-aws,laporan|audit|7295528|file draft rekap arsip
DOC-0000379,laporan_manajemen_202310_7397.json,32215329,2024-01-25,nas-lokal-02,laporan|manajemen|32215329|dokumen total draft pending
DOC-0002951,surat_pemasaran_202403_2659.jpg,224174,2022-04-07,server-arsip-bandung,surat|pemasaran|224174|draft periode dokumen pending approved
DOC-0001654,kontrak_logistik_202302_8265.csv,44384954,2023-12-05,server-arsip-surabaya,kontrak|logistik|44384954|draft data pending approved
DOC-0003815,memo_operasional_202307_1405.csv,399184,2023-12-09,portal-upload-web,memo|operasional|399184|periode file data rekap pending
DOC-0002103,laporan_operasional_202304_8214.zip,981006,2024-03-22,cloud-storage-gcp,laporan|operasional|981006|total approved final draft rekap
DOC-0003540,gambar_audit_202406_5559.pdf,283110,2024-11-05,cloud-storage-aws,gambar|audit|283110|arsip draft approved final
DOC-0001393,laporan_operasional_202305_5328.json,1697860,2022-08-02,server-arsip-bandung,laporan|operasional|1697860|rekap arsip dokumen draft
DOC-0000094,kontrak_pemasaran_202201_7536.pdf,3015389,2024-04-20,ftp-pusat,kontrak|pemasaran|3015389|approved periode draft
DOC-0003208,presentasi_sdm_202304_6774.xml,387442357,2023-09-02,server-arsip-surabaya,presentasi|sdm|387442357|periode total file approved
DOC-0000552,kontrak_teknologi_202303_9920.pdf,4698535,2024-09-03,cloud-storage-aws,kontrak|teknologi|4698535|data arsip file final total
DOC-0003495,kontrak_keuangan_202202_7311.docx,690797,2023-10-20,nas-lokal-01,kontrak|keuangan|690797|file approved pending dokumen
DOC-0001948,log_pemasaran_202206_9025.xlsx,99371,2023-08-18,nas-lokal-02,log|pemasaran|99371|dokumen data rekap total
DOC-0001660,invoice_sdm_202312_9615.txt,1744742,2023-05-24,backup-eksternal,invoice|sdm|1744742|pending dokumen rekap data file
DOC-0000651,invoice_operasional_202209_9487.csv,4302453,2023-04-16,portal-upload-web,invoice|operasional|4302453|revisi rekap dokumen approved
DOC-0002071,dataset_manajemen_202205_5005.csv,382237,2022-01-05,server-arsip-jakarta,dataset|manajemen|382237|file final rekap
DOC-0002865,invoice_pemasaran_202202_6429.json,177817,2023-01-20,server-arsip-surabaya,invoice|pemasaran|177817|pending final draft total arsip
DOC-0000541,backup_audit_202404_9367.jpg,2490042,2023-09-25,cloud-storage-aws,backup|audit|2490042|dokumen total approved
DOC-0004461,memo_manajemen_202201_5837.jpg,4519593,2023-06-08,ftp-pusat,memo|manajemen|4519593|rekap final revisi arsip
DOC-0000076,invoice_riset_202410_9423.docx,3188994,2024-12-25,ftp-pusat,invoice|riset|3188994|arsip data revisi final
DOC-0000413,log_hukum_202207_6170.txt,46778457,2023-06-27,ftp-pusat,log|hukum|46778457|dokumen data arsip revisi
DUP-0000447,dataset_sdm_202205_9441.xml,45774,2023-07-12,nas-lokal-02,dataset|sdm|45774|pending revisi rekap
DOC-0000397,gambar_keuangan_202409_0501.jpg,2930739,2022-05-25,ftp-pusat,gambar|keuangan|2930739|final file arsip periode
DOC-0003911,log_riset_202403_0379.json,233063,2023-02-17,ftp-pusat,log|riset|233063|periode data arsip draft
DUP-0000128,surat_riset_202301_3801.txt,2863193,2024-09-13,nas-lokal-02,surat|riset|2863193|final revisi dokumen file
DOC-0001116,presentasi_riset_202402_0155.docx,4984023,2024-06-05,server-arsip-bandung,presentasi|riset|4984023|revisi data draft approved
DOC-0000308,presentasi_logistik_202209_7896.docx,166303478,2024-05-22,server-arsip-bandung,presentasi|logistik|166303478|data periode revisi arsip draft
DOC-0002484,presentasi_hukum_202312_0260.zip,558434,2022-08-18,backup-eksternal,presentasi|hukum|558434|rekap pending draft total
DOC-0002175,kontrak_audit_202310_9122.jpg,170470916,2022-11-15,server-arsip-bandung,kontrak|audit|170470916|file dokumen periode final
DOC-0002914,presentasi_operasional_202308_9743.csv,41948019,2022-10-17,server-arsip-jakarta,presentasi|operasional|41948019|final rekap draft total
DOC-0002041,dataset_audit_202304_2417.jpg,3179737,2022-06-05,nas-lokal-02,dataset|audit|3179737|rekap periode final data
DOC-0003214,presentasi_logistik_202210_6232.docx,54370,2024-02-23,server-arsip-bandung,presentasi|logistik|54370|draft dokumen periode revisi data
DOC-0003267,kontrak_riset_202412_5627.pdf,407465,2024-02-05,server-arsip-jakarta,kontrak|riset|407465|rekap final data
DOC-0002157,backup_hukum_202308_3799.zip,4183302,2024-03-07,nas-lokal-02,backup|hukum|4183302|revisi dokumen pending arsip
DOC-0004157,memo_sdm_202209_0734.docx,149724,2023-12-15,cloud-storage-gcp,memo|sdm|149724|pending dokumen final arsip revisi
DUP-0000136,backup_riset_202211_0639.xml,313014,2024-05-09,server-arsip-surabaya,backup|riset|313014|final approved pending
DOC-0001879,kontrak_pemasaran_202308_9632.docx,3339641,2024-01-25,cloud-storage-aws,kontrak|pemasaran|3339641|data periode revisi pending
DOC-0000699,backup_audit_202206_4455.csv,117406330,2023-03-06,cloud-storage-gcp,backup|audit|117406330|final approved data
DOC-0002159,memo_operasional_202407_1058.csv,438035818,2024-06-10,cloud-storage-aws,memo|operasional|438035818|draft periode file pending final
DOC-0000118,gambar_sdm_202301_2285.xlsx,3734347,2023-10-11,nas-lokal-02,gambar|sdm|3734347|periode approved draft rekap data
DUP-0000318,presentasi_hukum_202401_9132.zip,257053,2024-01-02,server-arsip-bandung,presentasi|hukum|257053|file revisi periode arsip
DOC-0004492,invoice_audit_202202_4494.png,3757271,2022-11-24,backup-eksternal,invoice|audit|3757271|draft data approved file
DUP-0000032,gambar_hukum_202302_0917.jpg,47681191,2022-04-15,server-arsip-jakarta,gambar|hukum|47681191|approved draft arsip final
DOC-0004337,dataset_teknologi_202209_0509.csv,427453,2023-07-05,cloud-storage-aws,dataset|teknologi|427453|periode approved final
DOC-0002520,presentasi_pemasaran_202312_8256.txt,2055275,2024-12-31,cloud-storage-aws,presentasi|pemasaran|2055275|periode total revisi
DOC-0003283,dataset_pemasaran_202410_5920.json,355030,2024-09-22,ftp-pusat,dataset|pemasaran|355030|revisi draft total approved
DOC-0001849,memo_riset_202306_6088.jpg,284239,2022-10-01,cloud-storage-gcp,memo|riset|284239|periode dokumen approved total
DUP-0000332,kontrak_hukum_202209_7450.zip,432032,2023-02-28,server-arsip-jakarta,kontrak|hukum|432032|data approved rekap
DOC-0001877,backup_logistik_202407_5361.json,3527707,2024-04-23,server-arsip-jakarta,backup|logistik|3527707|data revisi file
DOC-0003645,memo_sdm_202208_8212.csv,3017312,2023-11-11,ftp-pusat,memo|sdm|3017312|pending file rekap periode
DOC-0001962,memo_keuangan_202301_6317.xml,427145,2024-06-20,cloud-storage-gcp,memo|keuangan|427145|total draft file final arsip
DOC-0000339,backup_pemasaran_202304_0125.png,24280696,2023-02-02,cloud-storage-gcp,backup|pemasaran|24280696|dokumen total arsip data file
DOC-0003657,memo_hukum_202409_3305.json,947069,2022-12-09,ftp-pusat,memo|hukum|947069|rekap final total approved
DOC-0000365,surat_riset_202204_0285.xml,478794529,2023-07-24,cloud-storage-gcp,surat|riset|478794529|approved data total
DOC-0003282,backup_logistik_202406_6056.png,480495,2022-12-04,server-arsip-surabaya,backup|logistik|480495|final total periode file
DOC-0000179,kontrak_operasional_202309_6441.zip,75236,2022-01-07,server-arsip-bandung,kontrak|operasional|75236|final pending data
DOC-0000631,dataset_logistik_202210_9627.csv,233317288,2022-03-01,server-arsip-jakarta,dataset|logistik|233317288|rekap arsip dokumen
DOC-0003227,gambar_keuangan_202201_3980.json,2968353,2024-09-01,nas-lokal-02,gambar|keuangan|2968353|periode approved draft
DOC-0002107,surat_pemasaran_202211_7764.csv,2842550,2024-11-20,ftp-pusat,surat|pemasaran|2842550|dokumen arsip data total
DOC-0000224,dataset_keuangan_202406_5525.pdf,3376983,2022-01-06,server-arsip-bandung,dataset|keuangan|3376983|arsip revisi data periode
DOC-0004308,memo_riset_202405_9521.txt,499670,2023-03-15,nas-lokal-02,memo|riset|499670|total approved file
DOC-0001462,dataset_sdm_202406_3050.xml,427110710,2024-08-23,server-arsip-surabaya,dataset|sdm|427110710|pending approved rekap revisi periode
DOC-0002741,backup_keuangan_202212_7666.jpg,187969,2023-09-19,backup-eksternal,backup|keuangan|187969|revisi total arsip file
DOC-0002434,dataset_audit_202206_6257.xlsx,1236929,2024-07-02,ftp-pusat,dataset|audit|1236929|final rekap arsip
DOC-0000511,invoice_logistik_202203_5624.txt,13487471,2023-08-08,nas-lokal-01,invoice|logistik|13487471|arsip rekap dokumen
DOC-0003957,surat_riset_202206_5338.csv,463419,2024-03-24,backup-eksternal,surat|riset|463419|total revisi file
DOC-0003586,kontrak_pemasaran_202202_2965.png,446095,2023-05-07,server-arsip-jakarta,kontrak|pemasaran|446095|final arsip dokumen
DOC-0000185,gambar_manajemen_202302_0052.xlsx,19786876,2023-05-05,cloud-storage-gcp,gambar|manajemen|19786876|dokumen file approved pending
DOC-0003453,dataset_logistik_202211_0118.png,368444,2024-09-11,backup-eksternal,dataset|logistik|368444|draft final dokumen
DOC-0000177,memo_teknologi_202208_9532.json,3193939,2024-12-01,server-arsip-surabaya,memo|teknologi|3193939|file final revisi
DOC-0000402,backup_logistik_202309_4066.docx,33079,2022-12-29,backup-eksternal,backup|logistik|33079|data arsip file revisi
DOC-0004042,laporan_riset_202201_7845.zip,29826260,2022-09-16,nas-lokal-01,laporan|riset|29826260|final rekap revisi pending approved
DOC-0000805,memo_keuangan_202305_8213.json,376163,2022-06-12,ftp-pusat,memo|keuangan|376163|draft final rekap revisi
DOC-0003363,presentasi_keuangan_202206_1244.zip,149191,2024-12-02,cloud-storage-gcp,presentasi|keuangan|149191|approved revisi dokumen
DUP-0000238,surat_operasional_202404_5037.json,24606518,2023-06-12,server-arsip-bandung,surat|operasional|24606518|dokumen total approved revisi
DOC-0002620,surat_pemasaran_202305_7443.xlsx,2992021,2022-03-01,nas-lokal-01,surat|pemasaran|2992021|data rekap draft
DOC-0002211,backup_audit_202304_4262.jpg,29124260,2022-06-27,nas-lokal-01,backup|audit|29124260|total rekap approved dokumen data
DOC-0001857,dataset_sdm_202312_2997.csv,23163816,2022-11-05,server-arsip-jakarta,dataset|sdm|23163816|approved draft file
DOC-0002927,invoice_logistik_202211_2667.xlsx,27162017,2022-02-26,portal-upload-web,invoice|logistik|27162017|periode draft file
DOC-0003995,invoice_pemasaran_202311_0494.json,2029935,2022-10-09,backup-eksternal,invoice|pemasaran|2029935|data periode rekap total draft
DOC-0000846,dataset_logistik_202406_2448.xlsx,45071909,2022-09-10,backup-eksternal,dataset|logistik|45071909|pending rekap draft approved arsip
DUP-0000415,laporan_riset_202205_0122.json,541226,2022-09-08,server-arsip-bandung,laporan|riset|541226|approved total pending rekap
DOC-0003612,surat_pemasaran_202202_1316.xlsx,4855762,2024-03-11,ftp-pusat,surat|pemasaran|4855762|pending final data file
DOC-0003312,laporan_sdm_202207_0326.png,155685099,2023-05-04,nas-lokal-01,laporan|sdm|155685099|periode final draft
DOC-0000538,invoice_manajemen_202402_2453.png,392187,2023-09-22,server-arsip-bandung,invoice|manajemen|392187|dokumen revisi approved
DOC-0001561,invoice_logistik_202301_3896.docx,70708,2024-04-09,nas-lokal-01,invoice|logistik|70708|arsip approved file total
DOC-0004383,dataset_teknologi_202202_1431.json,4350260,2022-06-24,cloud-storage-aws,dataset|teknologi|4350260|final dokumen periode draft
DOC-0000729,backup_teknologi_202304_4256.xlsx,185431,2022-01-13,nas-lokal-01,backup|teknologi|185431|data arsip dokumen
DOC-0001537,surat_teknologi_202209_4603.docx,4817101,2024-01-22,nas-lokal-02,surat|teknologi|4817101|total periode draft pending rekap
DOC-0003926,kontrak_manajemen_202201_3520.zip,84806,2024-04-07,backup-eksternal,kontrak|manajemen|84806|final rekap data periode draft
DOC-0003591,dataset_sdm_202412_1813.zip,224453,2023-01-24,server-arsip-bandung,dataset|sdm|224453|draft revisi dokumen final
DOC-0000856,memo_operasional_202206_3934.pdf,303953,2022-12-02,nas-lokal-02,memo|operasional|303953|approved dokumen data periode
DOC-0003400,backup_riset_202411_5413.docx,4586248,2023-10-30,server-arsip-bandung,backup|riset|4586248|dokumen total draft final
DOC-0003424,invoice_logistik_202212_0773.xml,330614,2023-03-01,server-arsip-surabaya,invoice|logistik|330614|total approved arsip
DOC-0000149,memo_pemasaran_202309_2686.docx,4327366,2024-02-04,nas-lokal-01,memo|pemasaran|4327366|arsip file periode draft data
DOC-0002365,kontrak_pemasaran_202301_4236.pdf,1788154,2022-01-12,server-arsip-jakarta,kontrak|pemasaran|1788154|revisi arsip approved dokumen
DOC-0003068,gambar_operasional_202411_9154.csv,7246242,2023-05-31,cloud-storage-aws,gambar|operasional|7246242|pending total data arsip periode
DOC-0004004,memo_pemasaran_202301_9947.xml,2797082,2023-03-17,server-arsip-bandung,memo|pemasaran|2797082|draft pending dokumen approved file
DOC-0003358,invoice_sdm_202310_1229.txt,27834812,2024-04-29,cloud-storage-gcp,invoice|sdm|27834812|dokumen total draft approved arsip
DOC-0003690,memo_teknologi_202302_2962.json,20475342,2022-07-20,cloud-storage-gcp,memo|teknologi|20475342|revisi rekap pending data
DOC-0002738,presentasi_manajemen_202406_6277.xlsx,40594626,2024-11-04,nas-lokal-02,presentasi|manajemen|40594626|dokumen file revisi data
DOC-0003131,kontrak_hukum_202401_2143.docx,341531,2024-06-13,nas-lokal-02,kontrak|hukum|341531|periode revisi pending dokumen data
DOC-0000587,memo_operasional_202207_2911.xlsx,5064425,2024-10-26,backup-eksternal,memo|operasional|5064425|data arsip pending revisi
DOC-0000257,backup_teknologi_202306_7724.txt,459732,2023-05-09,ftp-pusat,backup|teknologi|459732|pending revisi approved arsip
DOC-0001659,gambar_audit_202311_8138.json,412463,2024-10-06,cloud-storage-gcp,gambar|audit|412463|dokumen periode draft final
DOC-0001151,backup_teknologi_202407_3210.xml,8474271,2023-10-24,ftp-pusat,backup|teknologi|8474271|revisi rekap total data
DOC-0002192,dataset_sdm_202206_3589.json,1437031,2024-05-13,server-arsip-bandung,dataset|sdm|1437031|pending approved dokumen
DOC-0004134,presentasi_hukum_202207_9317.zip,3733587,2024-04-04,server-arsip-surabaya,presentasi|hukum|3733587|dokumen arsip file draft
DOC-0004221,presentasi_sdm_202210_9448.pdf,929740,2022-06-13,server-arsip-bandung,presentasi|sdm|929740|data pending total draft rekap
DOC-0003756,log_hukum_202202_9541.xml,3475169,2022-01-04,ftp-pusat,log|hukum|3475169|rekap total final approved
DOC-0000808,memo_manajemen_202310_7940.docx,314861,2022-12-23,server-arsip-surabaya,memo|manajemen|314861|rekap final periode arsip approved
DOC-0000220,kontrak_hukum_202404_7891.csv,26471508,2024-06-10,nas-lokal-02,kontrak|hukum|26471508|data file arsip
DOC-0003541,surat_sdm_202202_5272.png,3085179,2024-05-22,nas-lokal-01,surat|sdm|3085179|pending file rekap
DOC-0003742,presentasi_manajemen_202401_6341.jpg,47423489,2022-04-14,cloud-storage-gcp,presentasi|manajemen|47423489|dokumen arsip pending
DOC-0001612,invoice_keuangan_202411_1448.xml,4423206,2024-08-28,server-arsip-jakarta,invoice|keuangan|4423206|arsip revisi approved final
DOC-0001963,log_audit_202305_9216.xml,498922,2023-05-17,cloud-storage-gcp,log|audit|498922|periode pending dokumen data revisi
DOC-0000561,backup_keuangan_202211_7984.xlsx,48877024,2024-06-16,cloud-storage-gcp,backup|keuangan|48877024|pending final revisi
DOC-0002849,invoice_logistik_202308_6227.zip,7334937,2022-05-30,server-arsip-jakarta,invoice|logistik|7334937|dokumen approved draft
DOC-0003956,memo_logistik_202302_1937.jpg,1990969,2024-10-07,cloud-storage-aws,memo|logistik|1990969|rekap periode total draft
DOC-0002984,gambar_manajemen_202303_2340.pdf,196469,2023-08-26,server-arsip-surabaya,gambar|manajemen|196469|rekap draft dokumen approved final
DOC-0002338,invoice_riset_202309_4103.pdf,245288,2023-01-02,ftp-pusat,invoice|riset|245288|draft file pending approved
DOC-0004217,gambar_audit_202308_8704.xlsx,2047945,2023-02-08,nas-lokal-02,gambar|audit|2047945|approved arsip total
DOC-0004450,log_operasional_202210_2045.json,70511,2024-06-07,nas-lokal-02,log|operasional|70511|final rekap data
DOC-0003840,presentasi_hukum_202211_8140.xml,4832660,2024-08-27,backup-eksternal,presentasi|hukum|4832660|rekap final revisi
DOC-0003039,dataset_sdm_202304_3312.png,232576,2022-09-13,nas-lokal-02,dataset|sdm|232576|periode rekap dokumen
DOC-0002659,dataset_hukum_202305_5184.jpg,4353778,2024-12-08,server-arsip-jakarta,dataset|hukum|4353778|final revisi total approved draft
DOC-0000862,kontrak_audit_202202_6786.png,2331602,2024-11-02,server-arsip-jakarta,kontrak|audit|2331602|approved final pending rekap
DOC-0003361,dataset_operasional_202407_6997.png,215957,2024-09-09,backup-eksternal,dataset|operasional|215957|data total revisi final file
DOC-0000899,log_riset_202409_8569.docx,307309,2024-03-03,server-arsip-bandung,log|riset|307309|periode rekap pending data approved
DOC-0000733,kontrak_audit_202306_8030.docx,49327,2024-05-22,portal-upload-web,kontrak|audit|49327|pending total approved
DOC-0001446,gambar_riset_202205_7709.docx,1682008,2023-06-08,portal-upload-web,gambar|riset|1682008|arsip final pending data approved
DOC-0000405,kontrak_riset_202206_9503.json,84626,2023-05-13,nas-lokal-02,kontrak|riset|84626|arsip file periode rekap
DOC-0001209,memo_logistik_202406_3379.xlsx,903306,2024-03-20,cloud-storage-gcp,memo|logistik|903306|dokumen total data periode draft
DOC-0003837,invoice_manajemen_202405_7989.txt,384756,2023-02-12,portal-upload-web,invoice|manajemen|384756|arsip pending draft
DOC-0004328,invoice_pemasaran_202309_8074.xlsx,245851,2022-05-02,server-arsip-jakarta,invoice|pemasaran|245851|dokumen arsip draft
DOC-0000629,invoice_riset_202311_7838.zip,28906892,2023-01-21,cloud-storage-gcp,invoice|riset|28906892|approved pending total data
DOC-0002980,presentasi_keuangan_202412_2858.xml,24785113,2023-12-19,server-arsip-surabaya,presentasi|keuangan|24785113|dokumen periode draft
DOC-0003013,laporan_sdm_202310_9802.zip,48670689,2022-05-24,server-arsip-jakarta,laporan|sdm|48670689|file pending total approved
DOC-0000324,dataset_logistik_202308_3866.docx,1012452,2024-04-09,ftp-pusat,dataset|logistik|1012452|rekap draft file
DOC-0002109,kontrak_sdm_202203_7701.txt,2479346,2023-11-29,cloud-storage-aws,kontrak|sdm|2479346|total arsip revisi draft
DOC-0002529,invoice_audit_202308_6673.txt,13719722,2022-02-21,nas-lokal-02,invoice|audit|13719722|dokumen data draft
DOC-0003252,surat_keuangan_202204_8028.zip,13857,2024-05-10,nas-lokal-01,surat|keuangan|13857|final data dokumen rekap total
DOC-0000421,presentasi_operasional_202403_6861.xml,13778251,2023-11-21,cloud-storage-gcp,presentasi|operasional|13778251|total approved draft
DOC-0002692,surat_riset_202402_9985.png,3563613,2022-02-14,nas-lokal-01,surat|riset|3563613|rekap dokumen final
DOC-0001603,laporan_sdm_202208_9946.docx,319730,2023-06-07,cloud-storage-aws,laporan|sdm|319730|approved revisi arsip periode
DOC-0000768,laporan_riset_202307_4604.xlsx,812660,2024-03-30,server-arsip-bandung,laporan|riset|812660|file approved rekap pending data
DOC-0004283,surat_keuangan_202402_8447.zip,39038759,2022-06-20,portal-upload-web,surat|keuangan|39038759|periode final file data total
DOC-0001465,gambar_keuangan_202309_5841.pdf,121655,2024-08-20,cloud-storage-aws,gambar|keuangan|121655|periode pending revisi
DOC-0002958,gambar_operasional_202406_2623.jpg,163306,2023-10-12,server-arsip-surabaya,gambar|operasional|163306|arsip file data approved final
DOC-0004279,kontrak_logistik_202203_3665.xlsx,2617991,2024-09-23,nas-lokal-02,kontrak|logistik|2617991|file data revisi
DOC-0004136,laporan_operasional_202207_6649.csv,213780,2022-07-20,cloud-storage-aws,laporan|operasional|213780|approved revisi draft
DOC-0001324,log_teknologi_202205_3661.pdf,314224,2023-10-03,server-arsip-surabaya,log|teknologi|314224|final dokumen revisi rekap pending
DOC-0000694,kontrak_audit_202307_0413.xml,390383185,2022-08-08,portal-upload-web,kontrak|audit|390383185|draft revisi rekap
DOC-0002116,surat_manajemen_202308_7814.xlsx,77186,2024-07-12,server-arsip-surabaya,surat|manajemen|77186|pending final draft file
DOC-0001740,kontrak_sdm_202411_1682.docx,12794240,2023-08-03,server-arsip-surabaya,kontrak|sdm|12794240|dokumen file final arsip total
DOC-0002273,gambar_teknologi_202401_3775.docx,22155284,2024-09-25,backup-eksternal,gambar|teknologi|22155284|total pending rekap revisi data
DOC-0003946,kontrak_hukum_202406_3271.xml,187359682,2022-10-06,cloud-storage-gcp,kontrak|hukum|187359682|final data periode total file
DOC-0002489,presentasi_pemasaran_202203_0303.pdf,77339154,2024-05-23,portal-upload-web,presentasi|pemasaran|77339154|final pending revisi draft
DUP-0000178,invoice_hukum_202402_1211.jpg,172060,2023-11-26,server-arsip-bandung,invoice|hukum|172060|approved final data file draft
DOC-0000652,backup_keuangan_202411_9943.xml,2682110,2022-01-08,portal-upload-web,backup|keuangan|2682110|periode arsip data
DOC-0001641,memo_pemasaran_202311_1679.zip,4869771,2023-03-01,cloud-storage-aws,memo|pemasaran|4869771|approved arsip pending rekap
DOC-0002088,invoice_keuangan_202311_5987.png,395390,2024-10-16,server-arsip-jakarta,invoice|keuangan|395390|periode dokumen draft rekap
DOC-0001964,laporan_sdm_202406_7832.zip,238999,2022-12-12,nas-lokal-01,laporan|sdm|238999|data rekap periode
DOC-0000994,presentasi_manajemen_202210_1013.txt,4587044,2022-01-05,server-arsip-jakarta,presentasi|manajemen|4587044|rekap periode dokumen draft approved
DOC-0000326,presentasi_riset_202307_9330.png,418694756,2022-11-04,server-arsip-bandung,presentasi|riset|418694756|data periode total file draft
DOC-0001676,log_hukum_202310_9282.jpg,3036319,2022-12-12,cloud-storage-gcp,log|hukum|3036319|arsip pending total final
DOC-0000231,kontrak_pemasaran_202309_8990.docx,24379598,2022-05-21,server-arsip-bandung,kontrak|pemasaran|24379598|total rekap revisi
DOC-0003723,backup_keuangan_202211_6918.png,64809,2023-06-04,nas-lokal-02,backup|keuangan|64809|dokumen rekap approved arsip pending
DOC-0001575,laporan_teknologi_202305_1692.xml,74198,2022-01-28,cloud-storage-gcp,laporan|teknologi|74198|file approved rekap arsip
DOC-0000487,backup_logistik_202204_6867.csv,34340,2023-01-02,server-arsip-jakarta,backup|logistik|34340|periode pending draft dokumen file
DOC-0000621,log_riset_202411_5264.txt,3192618,2023-10-28,server-arsip-surabaya,log|riset|3192618|dokumen data final
DOC-0001252,presentasi_manajemen_202302_7962.png,497035,2022-02-24,cloud-storage-aws,presentasi|manajemen|497035|draft approved arsip
DOC-0001175,surat_hukum_202402_8975.zip,289179,2022-03-26,server-arsip-jakarta,surat|hukum|289179|arsip total final
DOC-0000555,surat_keuangan_202305_6251.pdf,307106,2022-05-12,server-arsip-surabaya,surat|keuangan|307106|dokumen revisi file rekap arsip
DOC-0004266,gambar_logistik_202403_8904.pdf,492216,2022-07-09,backup-eksternal,gambar|logistik|492216|total pending file approved
DOC-0003007,presentasi_operasional_202306_5355.csv,44934224,2022-03-15,server-arsip-surabaya,presentasi|operasional|44934224|final periode total arsip data
DOC-0002669,invoice_audit_202406_0714.xlsx,3698801,2023-06-24,cloud-storage-gcp,invoice|audit|3698801|draft periode approved rekap data
DOC-0004067,laporan_audit_202308_7762.jpg,47074503,2024-11-19,ftp-pusat,laporan|audit|47074503|approved periode rekap draft
DUP-0000291,gambar_teknologi_202310_8987.zip,19876,2022-04-03,server-arsip-surabaya,gambar|teknologi|19876|approved rekap periode final arsip
DOC-0001260,kontrak_sdm_202309_5536.xml,2262349,2023-07-04,server-arsip-jakarta,kontrak|sdm|2262349|dokumen rekap file
DOC-0000085,kontrak_audit_202212_4203.docx,181640,2024-03-26,cloud-storage-gcp,kontrak|audit|181640|final file dokumen data total
DUP-0000164,log_operasional_202204_4616.docx,93206793,2024-02-17,server-arsip-jakarta,log|operasional|93206793|dokumen data revisi pending
DOC-0003609,presentasi_riset_202201_9731.xlsx,474082,2023-09-06,backup-eksternal,presentasi|riset|474082|rekap draft dokumen approved
DOC-0002613,backup_teknologi_202401_8558.xml,238127,2024-10-18,backup-eksternal,backup|teknologi|238127|data revisi final pending periode
DOC-0002877,surat_teknologi_202305_1766.jpg,139321711,2024-09-19,nas-lokal-02,surat|teknologi|139321711|dokumen periode data rekap approved
DOC-0000353,laporan_hukum_202303_3342.jpg,147568,2024-08-06,nas-lokal-01,laporan|hukum|147568|arsip periode pending
DUP-0000352,laporan_sdm_202305_9349.docx,150942,2024-11-30,server-arsip-jakarta,laporan|sdm|150942|data file final approved rekap
DOC-0000261,laporan_audit_202202_8253.txt,27195862,2023-04-15,portal-upload-web,laporan|audit|27195862|rekap approved draft dokumen
DOC-0001370,surat_pemasaran_202203_5235.jpg,290592,2023-12-07,portal-upload-web,surat|pemasaran|290592|dokumen pending data revisi file
DOC-0003402,memo_manajemen_202402_0549.csv,34476,2022-01-12,nas-lokal-02,memo|manajemen|34476|draft approved dokumen arsip total
DOC-0002469,memo_audit_202202_2614.xlsx,2415940,2024-03-02,nas-lokal-01,memo|audit|2415940|file pending final approved rekap
DOC-0002500,dataset_pemasaran_202210_8669.zip,409797,2022-03-14,nas-lokal-01,dataset|pemasaran|409797|arsip revisi dokumen
DOC-0000443,log_manajemen_202407_1994.jpg,37269059,2022-01-23,ftp-pusat,log|manajemen|37269059|final revisi draft
DUP-0000497,invoice_audit_202402_2301.xlsx,3229586,2024-02-21,nas-lokal-02,invoice|audit|3229586|data arsip approved
DUP-0000368,kontrak_logistik_202301_9101.xml,1650860,2022-07-08,backup-eksternal,kontrak|logistik|1650860|data pending approved rekap periode
DOC-0001709,kontrak_keuangan_202303_2987.png,3187190,2024-07-10,server-arsip-bandung,kontrak|keuangan|3187190|data periode approved rekap file
DOC-0000549,dataset_operasional_202405_8594.txt,218584752,2023-11-18,portal-upload-web,dataset|operasional|218584752|draft final approved dokumen
DOC-0000613,backup_teknologi_202307_7354.png,407001143,2022-04-17,ftp-pusat,backup|teknologi|407001143|file rekap total arsip
DOC-0001707,memo_audit_202405_0708.pdf,2661745,2024-02-29,nas-lokal-01,memo|audit|2661745|file data final draft periode
DUP-0000323,backup_riset_202210_8541.xml,1819404,2023-08-13,backup-eksternal,backup|riset|1819404|approved dokumen rekap
DOC-0001055,dataset_riset_202301_1439.jpg,49746059,2024-03-23,server-arsip-surabaya,dataset|riset|49746059|approved periode dokumen data
DOC-0002635,dataset_teknologi_202411_4413.jpg,4588001,2023-10-26,nas-lokal-01,dataset|teknologi|4588001|total rekap dokumen periode revisi
DOC-0003464,memo_sdm_202405_0722.csv,4250684,2023-09-24,server-arsip-bandung,memo|sdm|4250684|pending total final rekap
DOC-0000965,dataset_hukum_202303_5295.xml,3388987,2022-12-26,backup-eksternal,dataset|hukum|3388987|final total rekap periode draft
DOC-0002946,backup_keuangan_202403_2830.jpg,2110462,2022-04-14,ftp-pusat,backup|keuangan|2110462|periode rekap final
DOC-0001502,kontrak_manajemen_202205_5872.png,813033,2024-11-17,cloud-storage-gcp,kontrak|manajemen|813033|arsip total data
DOC-0001087,kontrak_audit_202308_3028.json,34632820,2022-05-11,server-arsip-bandung,kontrak|audit|34632820|draft final dokumen rekap data
DOC-0002382,memo_pemasaran_202303_9997.jpg,31971093,2023-01-01,portal-upload-web,memo|pemasaran|31971093|rekap pending periode dokumen approved
DOC-0002232,kontrak_teknologi_202305_1330.json,34548059,2023-09-09,portal-upload-web,kontrak|teknologi|34548059|draft pending total
DOC-0002824,dataset_operasional_202212_4954.xlsx,466169,2023-11-26,ftp-pusat,dataset|operasional|466169|file final approved revisi pending
DOC-0001466,kontrak_sdm_202301_5115.jpg,494687,2022-12-01,cloud-storage-gcp,kontrak|sdm|494687|file periode draft
DOC-0001510,surat_logistik_202205_8646.csv,6292552,2023-05-31,ftp-pusat,surat|logistik|6292552|revisi pending data rekap
DOC-0003427,memo_pemasaran_202407_9535.json,34324814,2024-02-11,server-arsip-surabaya,memo|pemasaran|34324814|revisi approved pending total
DUP-0000449,presentasi_audit_202301_6940.jpg,4733570,2022-01-31,cloud-storage-aws,presentasi|audit|4733570|file revisi final
DOC-0003762,log_sdm_202312_9552.xml,458794,2022-07-14,cloud-storage-aws,log|sdm|458794|revisi data arsip total
DOC-0001064,kontrak_sdm_202404_1951.txt,32385404,2022-02-02,nas-lokal-02,kontrak|sdm|32385404|rekap file pending
DOC-0002086,log_keuangan_202209_0525.json,1068597,2023-11-13,backup-eksternal,log|keuangan|1068597|periode total revisi
DOC-0002874,presentasi_hukum_202404_9168.pdf,3564809,2023-11-01,server-arsip-jakarta,presentasi|hukum|3564809|file revisi data periode pending
DOC-0000505,surat_logistik_202409_5253.xlsx,28053416,2023-06-30,server-arsip-surabaya,surat|logistik|28053416|data arsip file
DOC-0003671,kontrak_riset_202404_4562.jpg,213243,2023-08-08,backup-eksternal,kontrak|riset|213243|data dokumen periode pending
DOC-0003339,gambar_sdm_202312_6890.csv,348218,2023-08-15,nas-lokal-01,gambar|sdm|348218|total arsip final approved
DOC-0002179,invoice_keuangan_202411_7241.json,456526573,2024-09-12,server-arsip-surabaya,invoice|keuangan|456526573|rekap final file periode
DOC-0000444,dataset_hukum_202209_4741.csv,389849,2023-10-16,cloud-storage-aws,dataset|hukum|389849|total dokumen arsip rekap pending
DOC-0001225,backup_pemasaran_202305_6109.pdf,2318249,2024-04-04,server-arsip-jakarta,backup|pemasaran|2318249|pending rekap revisi
DOC-0000020,log_pemasaran_202402_1238.jpg,3299720,2022-07-08,ftp-pusat,log|pemasaran|3299720|arsip periode file
DOC-0004208,invoice_manajemen_202402_7557.json,88271,2024-09-16,cloud-storage-gcp,invoice|manajemen|88271|arsip dokumen file
DOC-0000744,presentasi_logistik_202211_1693.pdf,296072,2022-12-18,portal-upload-web,presentasi|logistik|296072|periode file total
DOC-0000476,backup_pemasaran_202201_0160.pdf,49723164,2024-03-15,cloud-storage-gcp,backup|pemasaran|49723164|dokumen revisi final rekap data
DOC-0002569,memo_pemasaran_202207_2872.png,208288,2024-01-16,server-arsip-jakarta,memo|pemasaran|208288|approved final total rekap revisi
DOC-0001165,gambar_logistik_202408_0001.docx,3925595,2023-07-29,backup-eksternal,gambar|logistik|3925595|dokumen approved data file periode
DUP-0000080,dataset_manajemen_202209_5818.jpg,110154,2023-06-16,server-arsip-bandung,dataset|manajemen|110154|periode file approved revisi
DOC-0003531,dataset_operasional_202205_5831.jpg,219696,2023-09-14,cloud-storage-gcp,dataset|operasional|219696|data periode dokumen
DOC-0001551,dataset_logistik_202403_6773.pdf,2243763,2023-09-26,cloud-storage-gcp,dataset|logistik|2243763|arsip dokumen revisi pending
DUP-0000219,backup_keuangan_202411_1655.docx,16929061,2023-11-25,ftp-pusat,backup|keuangan|16929061|draft data total dokumen file
DOC-0000929,invoice_keuangan_202408_1595.png,10208738,2022-04-03,portal-upload-web,invoice|keuangan|10208738|approved data arsip draft file
DOC-0001832,laporan_keuangan_202308_8810.zip,507048,2023-03-12,nas-lokal-02,laporan|keuangan|507048|dokumen rekap revisi data file
DOC-0003844,dataset_manajemen_202401_1204.txt,338113,2022-07-20,ftp-pusat,dataset|manajemen|338113|periode total revisi arsip
DOC-0002959,dataset_pemasaran_202201_4097.pdf,45961679,2023-05-03,server-arsip-bandung,dataset|pemasaran|45961679|arsip final periode total
DOC-0003316,gambar_hukum_202403_3121.pdf,21122983,2023-01-05,server-arsip-surabaya,gambar|hukum|21122983|file data arsip revisi
DOC-0003661,log_keuangan_202402_9330.zip,23521543,2023-05-31,cloud-storage-aws,log|keuangan|23521543|revisi file data total
DOC-0004176,memo_sdm_202311_4114.pdf,409159,2023-01-02,ftp-pusat,memo|sdm|409159|approved pending draft file
DOC-0003719,invoice_audit_202409_3610.xml,385616,2024-05-13,cloud-storage-gcp,invoice|audit|385616|draft rekap dokumen periode approved
DOC-0003230,backup_keuangan_202411_1655.docx,16929061,2023-11-25,ftp-pusat,backup|keuangan|16929061|draft data total dokumen file
DOC-0004484,log_teknologi_202401_0571.docx,2006701,2023-04-26,backup-eksternal,log|teknologi|2006701|data final pending
DOC-0003895,kontrak_logistik_202310_5056.txt,1564547,2022-06-27,cloud-storage-gcp,kontrak|logistik|1564547|data draft rekap pending
DOC-0003639,surat_teknologi_202312_7471.jpg,133297,2023-02-11,nas-lokal-02,surat|teknologi|133297|final rekap file
DOC-0003618,laporan_teknologi_202202_9119.json,2815996,2022-08-27,server-arsip-jakarta,laporan|teknologi|2815996|final data dokumen
DOC-0001953,invoice_operasional_202205_0976.xlsx,1905755,2024-11-12,nas-lokal-01,invoice|operasional|1905755|rekap approved revisi
DOC-0004379,kontrak_operasional_202201_9676.zip,60787,2024-05-23,backup-eksternal,kontrak|operasional|60787|data periode final
DOC-0003902,dataset_riset_202211_3516.docx,446812,2022-11-21,cloud-storage-gcp,dataset|riset|446812|rekap pending revisi file
DOC-0003504,gambar_logistik_202305_4466.zip,452536691,2023-07-16,portal-upload-web,gambar|logistik|452536691|total arsip draft
DOC-0003040,backup_sdm_202412_7793.jpg,4975599,2023-08-24,server-arsip-surabaya,backup|sdm|4975599|file pending data draft total
DOC-0001383,memo_pemasaran_202207_1632.csv,9313598,2024-06-11,nas-lokal-02,memo|pemasaran|9313598|dokumen pending rekap file
DOC-0001935,gambar_hukum_202203_5218.json,1358786,2022-01-05,server-arsip-surabaya,gambar|hukum|1358786|revisi total approved rekap arsip
DOC-0002983,gambar_sdm_202312_2060.csv,4290774,2022-12-09,nas-lokal-02,gambar|sdm|4290774|pending approved total file final
DOC-0003142,invoice_teknologi_202307_1863.docx,2152343,2022-08-12,backup-eksternal,invoice|teknologi|2152343|periode pending arsip
DOC-0003675,kontrak_manajemen_202209_1742.pdf,20544,2022-01-16,cloud-storage-aws,kontrak|manajemen|20544|total file data final rekap
DOC-0002538,surat_sdm_202408_6016.zip,97277,2023-08-19,server-arsip-surabaya,surat|sdm|97277|rekap total approved draft
DOC-0003169,kontrak_hukum_202206_4728.csv,278082,2023-11-11,backup-eksternal,kontrak|hukum|278082|dokumen arsip data revisi
DOC-0000012,surat_operasional_202306_2376.png,497986048,2023-09-20,nas-lokal-01,surat|operasional|497986048|draft file pending final approved
DOC-0002776,surat_riset_202303_5715.txt,476463,2023-10-23,server-arsip-jakarta,surat|riset|476463|draft revisi data
DOC-0002644,log_hukum_202205_3068.xlsx,30513463,2023-08-24,portal-upload-web,log|hukum|30513463|data final pending rekap arsip
DOC-0000883,invoice_manajemen_202205_5516.png,4585074,2022-11-10,ftp-pusat,invoice|manajemen|4585074|total revisi draft approved
DOC-0000478,backup_hukum_202410_2856.txt,230823887,2024-01-06,nas-lokal-01,backup|hukum|230823887|draft data dokumen
DOC-0001103,invoice_manajemen_202305_5954.docx,3049569,2024-05-10,portal-upload-web,invoice|manajemen|3049569|periode dokumen approved draft
DOC-0001951,laporan_keuangan_202310_1346.jpg,57016,2022-09-21,cloud-storage-gcp,laporan|keuangan|57016|approved dokumen draft
DOC-0001820,surat_keuangan_202311_5728.pdf,4050033,2024-11-22,backup-eksternal,surat|keuangan|4050033|draft data arsip file
DOC-0004222,log_pemasaran_202206_0381.docx,373717,2023-09-13,server-arsip-bandung,log|pemasaran|373717|periode draft rekap
DOC-0001627,dataset_pemasaran_202312_5486.zip,467114,2024-11-27,backup-eksternal,dataset|pemasaran|467114|file approved data final arsip
DOC-0000730,kontrak_audit_202310_7363.txt,1203033,2024-05-28,cloud-storage-gcp,kontrak|audit|1203033|draft revisi file
DOC-0001029,invoice_audit_202211_5411.png,32709,2023-07-03,nas-lokal-02,invoice|audit|32709|arsip pending dokumen revisi
DOC-0000982,memo_pemasaran_202207_1093.xlsx,4099978,2022-04-10,nas-lokal-02,memo|pemasaran|4099978|approved pending revisi dokumen
DOC-0004294,backup_manajemen_202407_3742.xml,41502963,2024-11-09,backup-eksternal,backup|manajemen|41502963|approved arsip total periode
DOC-0003382,laporan_pemasaran_202401_8335.xml,930608,2022-12-26,server-arsip-jakarta,laporan|pemasaran|930608|pending data arsip rekap periode
DUP-0000110,backup_operasional_202206_8982.json,63173,2024-06-06,server-arsip-jakarta,backup|operasional|63173|periode data rekap arsip
DOC-0004334,backup_keuangan_202412_9198.xlsx,34439755,2022-11-08,nas-lokal-02,backup|keuangan|34439755|periode file draft dokumen arsip
DOC-0004453,kontrak_sdm_202203_7246.xml,107397,2022-12-05,cloud-storage-gcp,kontrak|sdm|107397|final data draft rekap revisi
DOC-0001941,backup_teknologi_202310_7688.pdf,271573,2024-12-30,cloud-storage-aws,backup|teknologi|271573|pending approved rekap file
DOC-0002366,dataset_riset_202403_6369.csv,4691323,2022-03-29,server-arsip-surabaya,dataset|riset|4691323|draft pending arsip approved
DOC-0004123,log_teknologi_202308_4747.png,2885991,2022-05-22,backup-eksternal,log|teknologi|2885991|revisi file data approved rekap
DOC-0000175,log_manajemen_202305_9740.docx,150620,2024-11-17,cloud-storage-aws,log|manajemen|150620|draft revisi dokumen data
DOC-0000848,dataset_logistik_202206_8258.pdf,195241,2024-01-18,server-arsip-jakarta,dataset|logistik|195241|draft revisi rekap
DOC-0000069,dataset_logistik_202202_5099.png,189985,2023-12-29,server-arsip-surabaya,dataset|logistik|189985|approved final pending total periode
DOC-0000401,gambar_logistik_202311_0820.zip,409851774,2023-07-02,server-arsip-jakarta,gambar|logistik|409851774|draft revisi total final dokumen
DOC-0000810,surat_pemasaran_202412_9883.xml,1794530,2023-05-23,cloud-storage-aws,surat|pemasaran|1794530|arsip pending approved file
DOC-0000901,dataset_riset_202312_8379.zip,20025924,2024-06-13,cloud-storage-gcp,dataset|riset|20025924|pending rekap revisi draft data
DUP-0000082,backup_hukum_202303_1283.txt,482423729,2023-11-17,cloud-storage-aws,backup|hukum|482423729|final file rekap approved dokumen
DOC-0001296,laporan_keuangan_202210_0622.txt,305052,2022-04-24,nas-lokal-02,laporan|keuangan|305052|pending approved total final
DOC-0003434,laporan_teknologi_202208_2976.jpg,29046262,2022-10-05,backup-eksternal,laporan|teknologi|29046262|arsip revisi dokumen periode rekap
DOC-0001068,memo_logistik_202407_5799.xml,41001167,2024-11-18,cloud-storage-aws,memo|logistik|41001167|file final arsip revisi data
DOC-0001429,kontrak_riset_202411_4425.json,205601,2022-06-20,nas-lokal-02,kontrak|riset|205601|total dokumen data
DOC-0003076,surat_pemasaran_202406_7806.xlsx,23940318,2024-06-14,server-arsip-jakarta,surat|pemasaran|23940318|file data dokumen
DOC-0002005,memo_logistik_202312_0213.docx,45828794,2022-03-25,server-arsip-jakarta,memo|logistik|45828794|dokumen data rekap
DOC-0001368,presentasi_manajemen_202403_7889.pdf,31082293,2024-12-22,backup-eksternal,presentasi|manajemen|31082293|rekap periode draft total data
DOC-0003422,memo_riset_202212_9103.txt,227431,2024-08-01,nas-lokal-01,memo|riset|227431|data total arsip
DUP-0000281,surat_hukum_202309_7392.pdf,1172539,2024-04-29,cloud-storage-gcp,surat|hukum|1172539|pending revisi rekap
DOC-0000331,laporan_manajemen_202210_1041.png,419074,2024-08-02,backup-eksternal,laporan|manajemen|419074|arsip pending approved file periode
DUP-0000208,presentasi_operasional_202405_1285.xml,184360,2023-12-21,nas-lokal-02,presentasi|operasional|184360|total file pending dokumen
DOC-0003941,dataset_operasional_202206_7293.zip,445696,2022-07-19,nas-lokal-02,dataset|operasional|445696|final rekap data file draft
DUP-0000389,log_logistik_202206_1406.xml,3814444,2023-10-22,backup-eksternal,log|logistik|3814444|dokumen draft total final
DUP-0000048,dataset_teknologi_202202_1431.json,4350260,2022-06-24,cloud-storage-aws,dataset|teknologi|4350260|final dokumen periode draft
DOC-0000072,invoice_sdm_202209_3578.txt,4679216,2023-12-09,server-arsip-bandung,invoice|sdm|4679216|periode dokumen draft file pending
DOC-0002618,gambar_logistik_202302_7248.xml,13680,2023-06-01,cloud-storage-gcp,gambar|logistik|13680|approved draft periode dokumen
DOC-0000713,surat_sdm_202202_6402.txt,17497211,2022-03-19,nas-lokal-02,surat|sdm|17497211|data approved arsip draft pending
DOC-0002550,backup_pemasaran_202403_2173.zip,2192209,2023-07-10,portal-upload-web,backup|pemasaran|2192209|pending revisi file total
DOC-0003816,dataset_operasional_202212_9189.jpg,299271,2022-12-11,nas-lokal-01,dataset|operasional|299271|file dokumen total final
DOC-0003898,dataset_operasional_202310_1987.png,237295,2023-05-26,server-arsip-bandung,dataset|operasional|237295|rekap total draft
DOC-0003128,presentasi_audit_202404_7804.xml,291976,2023-05-25,portal-upload-web,presentasi|audit|291976|dokumen final pending
DOC-0001435,laporan_sdm_202310_9881.zip,36585993,2024-08-27,cloud-storage-gcp,laporan|sdm|36585993|pending data draft revisi approved
DOC-0003637,presentasi_keuangan_202204_9896.png,1156650,2022-11-15,ftp-pusat,presentasi|keuangan|1156650|revisi approved dokumen
DOC-0000362,surat_manajemen_202402_3511.png,38400143,2024-10-01,nas-lokal-01,surat|manajemen|38400143|dokumen arsip data
DOC-0004265,surat_sdm_202406_5990.csv,69940,2023-07-10,portal-upload-web,surat|sdm|69940|arsip final pending periode
DOC-0000550,surat_operasional_202404_5037.json,24606518,2023-06-12,server-arsip-bandung,surat|operasional|24606518|dokumen total approved revisi
DOC-0001167,surat_teknologi_202307_4683.pdf,2059743,2022-02-05,nas-lokal-01,surat|teknologi|2059743|pending data revisi arsip
DUP-0000103,invoice_operasional_202301_8506.png,4668007,2022-02-17,nas-lokal-01,invoice|operasional|4668007|file pending total dokumen data
DUP-0000069,gambar_keuangan_202309_7733.json,249787,2022-03-17,nas-lokal-01,gambar|keuangan|249787|approved periode revisi rekap
DOC-0003867,gambar_operasional_202212_5956.zip,3518449,2022-11-30,nas-lokal-01,gambar|operasional|3518449|draft revisi file dokumen arsip
DOC-0003053,laporan_keuangan_202209_8000.docx,1803436,2022-08-05,nas-lokal-02,laporan|keuangan|1803436|revisi arsip data total file
DOC-0001199,backup_logistik_202208_4405.csv,299230,2023-07-29,portal-upload-web,backup|logistik|299230|dokumen pending draft periode
DUP-0000256,log_keuangan_202303_4314.png,192854730,2024-03-07,backup-eksternal,log|keuangan|192854730|file rekap data final
DOC-0001785,surat_riset_202410_8196.docx,34682955,2022-10-20,cloud-storage-gcp,surat|riset|34682955|dokumen periode final pending
DOC-0000427,kontrak_hukum_202304_7844.xlsx,287223,2023-12-02,cloud-storage-aws,kontrak|hukum|287223|draft dokumen approved arsip
DOC-0002997,gambar_pemasaran_202412_3640.jpg,258093880,2022-11-11,ftp-pusat,gambar|pemasaran|258093880|final rekap total dokumen pending
DOC-0000840,surat_logistik_202409_1438.pdf,77772,2024-05-28,cloud-storage-gcp,surat|logistik|77772|dokumen arsip file
DUP-0000190,memo_pemasaran_202311_1679.zip,4869771,2023-03-01,cloud-storage-aws,memo|pemasaran|4869771|approved arsip pending rekap
DOC-0003173,invoice_keuangan_202202_2292.txt,15894109,2023-03-06,portal-upload-web,invoice|keuangan|15894109|draft total periode data
DOC-0002110,presentasi_audit_202203_8421.jpg,7195542,2022-02-06,server-arsip-bandung,presentasi|audit|7195542|pending total rekap approved
DOC-0001938,dataset_manajemen_202405_2686.zip,35377406,2022-03-08,server-arsip-jakarta,dataset|manajemen|35377406|total final file data arsip
DOC-0004449,gambar_operasional_202311_8488.csv,65334,2024-02-28,server-arsip-surabaya,gambar|operasional|65334|data pending arsip revisi periode
DUP-0000349,surat_logistik_202304_9138.docx,1078339,2023-03-28,cloud-storage-aws,surat|logistik|1078339|approved data final dokumen
DOC-0003285,laporan_keuangan_202409_0844.xlsx,155763,2022-03-07,ftp-pusat,laporan|keuangan|155763|pending data draft dokumen
DOC-0000858,surat_sdm_202401_1070.pdf,2608579,2024-05-16,portal-upload-web,surat|sdm|2608579|revisi periode arsip
DOC-0001862,memo_teknologi_202208_7934.docx,334919,2022-07-17,ftp-pusat,memo|teknologi|334919|revisi data draft
DOC-0000285,surat_riset_202312_2200.jpg,2810502,2024-08-11,portal-upload-web,surat|riset|2810502|rekap data draft file final
DOC-0001989,surat_pemasaran_202404_2545.txt,1403083,2023-05-29,nas-lokal-01,surat|pemasaran|1403083|file pending draft
DOC-0001958,gambar_logistik_202308_3935.png,470435650,2024-05-02,nas-lokal-01,gambar|logistik|470435650|approved final draft dokumen
DOC-0000822,surat_audit_202205_5088.pdf,393654,2023-07-18,backup-eksternal,surat|audit|393654|arsip dokumen rekap final
DOC-0000001,presentasi_teknologi_202310_1960.csv,88689,2023-02-08,nas-lokal-01,presentasi|teknologi|88689|pending dokumen rekap arsip
DOC-0003391,laporan_hukum_202309_4576.xlsx,311889,2024-12-03,cloud-storage-aws,laporan|hukum|311889|revisi periode dokumen pending
DOC-0003766,surat_hukum_202404_7573.txt,4532087,2023-08-05,backup-eksternal,surat|hukum|4532087|approved dokumen revisi pending
DOC-0000259,gambar_sdm_202302_0600.txt,2332664,2023-06-10,server-arsip-jakarta,gambar|sdm|2332664|approved total final pending revisi
DOC-0000698,gambar_audit_202404_5925.docx,1004068,2022-01-31,server-arsip-jakarta,gambar|audit|1004068|total arsip final data
DOC-0000703,log_operasional_202207_6639.zip,41026746,2023-06-16,server-arsip-jakarta,log|operasional|41026746|total file rekap periode
DOC-0001786,laporan_operasional_202404_0970.jpg,497111,2022-07-10,ftp-pusat,laporan|operasional|497111|final revisi periode data
DOC-0001259,gambar_manajemen_202306_4751.png,471956,2023-12-21,nas-lokal-02,gambar|manajemen|471956|pending periode arsip file
DOC-0003271,kontrak_operasional_202204_7627.jpg,153776102,2024-09-13,nas-lokal-01,kontrak|operasional|153776102|pending file dokumen final
DOC-0001075,presentasi_riset_202403_0080.json,30159,2023-09-07,nas-lokal-01,presentasi|riset|30159|data periode arsip
DOC-0004490,invoice_pemasaran_202205_0907.txt,323196125,2022-11-25,backup-eksternal,invoice|pemasaran|323196125|total pending data arsip
DOC-0004166,presentasi_audit_202206_7874.jpg,3326978,2024-02-25,nas-lokal-02,presentasi|audit|3326978|pending revisi approved rekap
DUP-0000003,laporan_keuangan_202302_8101.xlsx,199942,2023-11-01,ftp-pusat,laporan|keuangan|199942|revisi pending file draft
DOC-0000936,backup_keuangan_202309_5026.docx,118912,2023-03-05,cloud-storage-aws,backup|keuangan|118912|total revisi data periode draft
DUP-0000254,kontrak_keuangan_202412_5781.docx,15384252,2022-09-16,cloud-storage-aws,kontrak|keuangan|15384252|file periode dokumen
DOC-0000645,presentasi_operasional_202406_6322.png,1220986,2024-02-09,cloud-storage-aws,presentasi|operasional|1220986|pending dokumen periode draft arsip
DOC-0004163,invoice_riset_202401_5679.zip,416191,2024-12-03,backup-eksternal,invoice|riset|416191|arsip approved dokumen final
DOC-0003950,gambar_pemasaran_202301_3468.pdf,366959326,2023-10-25,cloud-storage-gcp,gambar|pemasaran|366959326|total revisi approved final
DOC-0001026,gambar_logistik_202409_3309.png,395793,2023-02-12,server-arsip-surabaya,gambar|logistik|395793|total pending rekap draft
DOC-0003728,kontrak_teknologi_202402_3753.txt,264721,2023-09-04,server-arsip-surabaya,kontrak|teknologi|264721|total final pending
DOC-0002605,surat_pemasaran_202308_3310.xlsx,89818,2024-07-13,server-arsip-bandung,surat|pemasaran|89818|rekap pending file
DOC-0000032,surat_operasional_202406_0467.xml,2724503,2022-02-22,nas-lokal-01,surat|operasional|2724503|pending rekap periode
DUP-0000340,log_riset_202206_2610.png,162601793,2022-07-18,server-arsip-jakarta,log|riset|162601793|draft arsip revisi pending file
DOC-0003022,surat_manajemen_202206_8936.csv,48435,2024-08-05,nas-lokal-02,surat|manajemen|48435|rekap dokumen total approved
DOC-0003939,laporan_audit_202311_6233.jpg,20500748,2023-10-02,portal-upload-web,laporan|audit|20500748|dokumen rekap pending
DOC-0003235,surat_operasional_202401_5704.png,4221405,2022-07-01,server-arsip-jakarta,surat|operasional|4221405|file final pending revisi rekap
DOC-0004219,log_hukum_202208_3481.xlsx,21403556,2024-12-11,ftp-pusat,log|hukum|21403556|data rekap total periode arsip
DOC-0002441,kontrak_manajemen_202308_0822.csv,11026,2022-03-03,nas-lokal-01,kontrak|manajemen|11026|arsip draft file periode final
DOC-0001827,gambar_audit_202310_3486.pdf,93942,2022-08-13,nas-lokal-02,gambar|audit|93942|final draft dokumen arsip periode
DOC-0000204,laporan_keuangan_202301_7346.jpg,283201,2024-04-06,nas-lokal-01,laporan|keuangan|283201|pending draft dokumen data final
DOC-0001531,presentasi_sdm_202201_0541.json,169550719,2024-08-03,cloud-storage-gcp,presentasi|sdm|169550719|file approved revisi
DOC-0004274,invoice_riset_202207_1063.json,76959,2024-03-29,cloud-storage-aws,invoice|riset|76959|rekap draft final approved
DOC-0002027,kontrak_logistik_202202_2540.jpg,464984,2023-01-02,portal-upload-web,kontrak|logistik|464984|total periode revisi data
DOC-0004486,laporan_teknologi_202401_6007.json,1918047,2024-09-06,server-arsip-jakarta,laporan|teknologi|1918047|revisi dokumen periode data approved
DUP-0000014,dataset_logistik_202202_8032.png,718147,2022-12-14,portal-upload-web,dataset|logistik|718147|final rekap dokumen revisi pending
DOC-0002363,invoice_operasional_202408_9021.xml,1404200,2024-09-07,nas-lokal-02,invoice|operasional|1404200|revisi data rekap
DOC-0001093,backup_manajemen_202205_4492.docx,113020,2023-10-13,server-arsip-jakarta,backup|manajemen|113020|periode rekap file
DOC-0001373,dataset_hukum_202312_2628.docx,301300,2023-02-25,cloud-storage-aws,dataset|hukum|301300|rekap arsip file
DOC-0000825,backup_pemasaran_202205_0607.docx,211078,2022-05-31,ftp-pusat,backup|pemasaran|211078|arsip rekap draft dokumen
DUP-0000109,surat_pemasaran_202206_3425.json,315366,2022-05-10,server-arsip-bandung,surat|pemasaran|315366|total draft arsip
DOC-0003967,invoice_operasional_202412_3127.txt,29064361,2023-04-11,portal-upload-web,invoice|operasional|29064361|periode pending file arsip
DOC-0002188,backup_keuangan_202304_9695.pdf,2679779,2022-02-07,cloud-storage-gcp,backup|keuangan|2679779|file arsip data approved pending
DOC-0000063,presentasi_teknologi_202412_7795.jpg,1310520,2023-10-05,server-arsip-bandung,presentasi|teknologi|1310520|revisi draft arsip file pending
DOC-0000024,surat_operasional_202401_2087.xlsx,289666,2023-12-15,server-arsip-bandung,surat|operasional|289666|draft revisi data dokumen
DOC-0003240,laporan_logistik_202309_4385.docx,389235,2024-04-27,cloud-storage-gcp,laporan|logistik|389235|arsip data periode rekap pending
DOC-0000052,backup_hukum_202310_9893.docx,178105086,2024-05-13,nas-lokal-02,backup|hukum|178105086|file rekap draft pending arsip
DOC-0001316,log_manajemen_202211_4183.zip,3614090,2023-12-11,cloud-storage-gcp,log|manajemen|3614090|arsip revisi approved pending total
DOC-0000291,gambar_audit_202407_0051.csv,1504125,2023-03-14,nas-lokal-02,gambar|audit|1504125|dokumen draft periode rekap
DOC-0001880,dataset_logistik_202207_5029.pdf,159285,2023-03-15,server-arsip-jakarta,dataset|logistik|159285|dokumen pending rekap
DUP-0000107,invoice_hukum_202402_1211.jpg,172060,2023-11-26,server-arsip-bandung,invoice|hukum|172060|approved final data file draft
DOC-0002546,memo_pemasaran_202302_9237.docx,399615,2023-05-09,backup-eksternal,memo|pemasaran|399615|rekap periode data revisi file
DOC-0001891,surat_operasional_202404_3856.csv,304359,2022-07-27,ftp-pusat,surat|operasional|304359|arsip rekap total
DOC-0002839,dataset_operasional_202212_0447.zip,9844596,2022-03-10,server-arsip-surabaya,dataset|operasional|9844596|arsip dokumen approved
DOC-0003684,gambar_operasional_202311_4589.zip,310527,2024-10-15,server-arsip-bandung,gambar|operasional|310527|data total revisi periode final
DOC-0001918,backup_pemasaran_202405_8588.zip,2031644,2024-08-29,cloud-storage-aws,backup|pemasaran|2031644|file arsip pending periode
DOC-0000873,gambar_keuangan_202207_8556.json,2933729,2022-04-12,nas-lokal-02,gambar|keuangan|2933729|total revisi final draft approved
DOC-0003919,backup_sdm_202406_3327.xlsx,307710,2024-06-24,nas-lokal-02,backup|sdm|307710|total rekap dokumen
DOC-0002543,dataset_manajemen_202305_6443.png,184273,2022-02-04,nas-lokal-02,dataset|manajemen|184273|revisi final periode approved rekap
DOC-0003323,log_hukum_202209_5058.txt,3002622,2022-12-29,portal-upload-web,log|hukum|3002622|periode approved final
DOC-0000560,memo_teknologi_202412_6493.png,3987021,2022-02-27,server-arsip-jakarta,memo|teknologi|3987021|data draft periode final approved
DOC-0000282,kontrak_pemasaran_202305_1347.jpg,1373195,2024-08-04,server-arsip-jakarta,kontrak|pemasaran|1373195|final data approved periode
DUP-0000198,log_logistik_202206_4307.json,105608,2022-08-16,nas-lokal-01,log|logistik|105608|arsip rekap pending
DOC-0002404,surat_hukum_202206_7370.txt,2953328,2023-07-06,nas-lokal-01,surat|hukum|2953328|rekap pending revisi total periode
DOC-0004344,dataset_sdm_202203_6090.json,3409342,2022-05-17,nas-lokal-02,dataset|sdm|3409342|arsip data rekap
DOC-0001525,log_sdm_202204_7740.docx,5078105,2022-01-20,portal-upload-web,log|sdm|5078105|pending rekap revisi
DOC-0002105,log_audit_202207_1618.xml,490695,2023-03-22,portal-upload-web,log|audit|490695|draft pending final file
DOC-0004189,log_pemasaran_202208_0068.zip,38874,2024-05-03,server-arsip-bandung,log|pemasaran|38874|approved revisi dokumen total
DOC-0004171,kontrak_sdm_202306_8854.csv,487001,2022-07-20,server-arsip-bandung,kontrak|sdm|487001|periode draft dokumen approved
DOC-0000735,presentasi_sdm_202204_9577.docx,43828172,2023-01-02,server-arsip-surabaya,presentasi|sdm|43828172|periode approved dokumen
DOC-0001406,backup_manajemen_202311_0709.zip,300626,2023-01-19,cloud-storage-aws,backup|manajemen|300626|periode data approved
DOC-0001529,invoice_manajemen_202310_4448.jpg,63982,2024-10-17,backup-eksternal,invoice|manajemen|63982|draft rekap data revisi final
DOC-0002534,laporan_sdm_202311_1020.json,31168288,2022-11-15,server-arsip-bandung,laporan|sdm|31168288|arsip periode dokumen draft
DOC-0003338,laporan_hukum_202410_2649.docx,2573962,2022-08-12,nas-lokal-01,laporan|hukum|2573962|data arsip total periode pending
DUP-0000395,kontrak_teknologi_202305_1330.json,34548059,2023-09-09,portal-upload-web,kontrak|teknologi|34548059|draft pending total
DOC-0002156,dataset_sdm_202408_7388.zip,196333,2023-04-29,nas-lokal-02,dataset|sdm|196333|rekap dokumen arsip draft
DOC-0002217,invoice_operasional_202401_9876.txt,2135871,2022-11-14,server-arsip-jakarta,invoice|operasional|2135871|draft data approved
DOC-0001185,gambar_sdm_202212_3298.xlsx,4324074,2022-11-20,server-arsip-surabaya,gambar|sdm|4324074|rekap data pending
DOC-0003371,presentasi_logistik_202403_5098.xlsx,4362166,2023-12-27,server-arsip-jakarta,presentasi|logistik|4362166|file rekap dokumen final
DOC-0003544,memo_manajemen_202306_5390.txt,21022511,2023-03-08,ftp-pusat,memo|manajemen|21022511|revisi file data total final
DOC-0002207,presentasi_teknologi_202409_3429.xml,4183772,2023-01-18,server-arsip-jakarta,presentasi|teknologi|4183772|total approved file
DOC-0002295,laporan_manajemen_202303_6235.docx,2091542,2023-06-03,server-arsip-surabaya,laporan|manajemen|2091542|dokumen data file revisi
DOC-0000838,laporan_pemasaran_202407_1208.txt,124017263,2024-12-30,cloud-storage-gcp,laporan|pemasaran|124017263|periode draft pending
DOC-0003989,laporan_teknologi_202209_7004.pdf,216135,2022-04-21,server-arsip-surabaya,laporan|teknologi|216135|data arsip pending total
DOC-0001696,dataset_audit_202302_0127.pdf,389596,2022-01-16,nas-lokal-01,dataset|audit|389596|data approved arsip pending rekap
DOC-0001797,memo_audit_202305_9266.png,2623258,2024-03-10,cloud-storage-gcp,memo|audit|2623258|revisi rekap final approved dokumen
DUP-0000227,backup_audit_202302_3812.pdf,3611021,2022-07-11,server-arsip-jakarta,backup|audit|3611021|data dokumen arsip
DOC-0003764,memo_operasional_202205_2400.pdf,149643,2024-05-02,nas-lokal-01,memo|operasional|149643|periode approved total data
DUP-0000098,laporan_teknologi_202304_2582.pdf,280238,2024-08-04,server-arsip-surabaya,laporan|teknologi|280238|approved file dokumen arsip
DOC-0001577,dataset_keuangan_202401_6783.zip,3288518,2022-09-27,backup-eksternal,dataset|keuangan|3288518|draft approved data arsip
DOC-0004375,log_logistik_202403_7285.xml,2870186,2022-11-24,nas-lokal-01,log|logistik|2870186|draft periode arsip revisi
DOC-0000516,laporan_riset_202303_2328.docx,4952927,2022-09-04,server-arsip-bandung,laporan|riset|4952927|file arsip pending total
DOC-0001974,invoice_pemasaran_202207_6793.json,32944138,2023-09-10,server-arsip-jakarta,invoice|pemasaran|32944138|revisi approved file data final
DOC-0001416,gambar_manajemen_202212_1100.pdf,4377444,2023-11-29,server-arsip-bandung,gambar|manajemen|4377444|rekap file revisi
DUP-0000244,kontrak_hukum_202206_4728.csv,278082,2023-11-11,backup-eksternal,kontrak|hukum|278082|dokumen arsip data revisi
DOC-0001427,presentasi_teknologi_202301_5484.png,280504,2024-03-03,nas-lokal-02,presentasi|teknologi|280504|arsip rekap revisi total approved
DOC-0000498,laporan_pemasaran_202308_7531.zip,444203,2023-12-30,nas-lokal-02,laporan|pemasaran|444203|total dokumen arsip revisi periode
DOC-0001526,gambar_riset_202407_7122.pdf,4795940,2023-04-06,server-arsip-surabaya,gambar|riset|4795940|pending rekap dokumen
DOC-0001301,surat_keuangan_202302_2929.xlsx,277150402,2022-11-09,cloud-storage-gcp,surat|keuangan|277150402|final rekap dokumen arsip
DOC-0003450,kontrak_hukum_202411_8238.zip,479372021,2023-09-01,ftp-pusat,kontrak|hukum|479372021|revisi total periode
DOC-0000064,memo_manajemen_202310_7147.pdf,4173128,2022-05-13,server-arsip-surabaya,memo|manajemen|4173128|arsip pending file
DOC-0003560,invoice_teknologi_202202_2314.xml,161012,2022-07-23,server-arsip-jakarta,invoice|teknologi|161012|final approved arsip
DOC-0001251,laporan_hukum_202202_9362.xlsx,21411036,2023-11-08,nas-lokal-01,laporan|hukum|21411036|data dokumen pending rekap revisi
DOC-0001390,memo_riset_202205_5878.zip,134759,2024-12-28,ftp-pusat,memo|riset|134759|file dokumen pending
DOC-0000166,memo_pemasaran_202202_0396.png,2540378,2022-11-28,server-arsip-bandung,memo|pemasaran|2540378|periode data revisi pending draft
DOC-0001410,gambar_logistik_202410_4085.docx,12232561,2022-07-10,server-arsip-surabaya,gambar|logistik|12232561|data rekap approved draft
DUP-0000477,log_teknologi_202402_6653.json,11798005,2023-10-03,portal-upload-web,log|teknologi|11798005|data periode approved revisi
DOC-0000861,log_teknologi_202305_4029.docx,385715,2023-03-14,server-arsip-surabaya,log|teknologi|385715|approved data periode
DUP-0000458,backup_riset_202207_6031.txt,4650556,2022-10-25,portal-upload-web,backup|riset|4650556|dokumen pending periode
DOC-0002014,gambar_hukum_202209_5337.json,350239929,2022-08-29,cloud-storage-aws,gambar|hukum|350239929|total file pending
DOC-0003254,kontrak_audit_202304_6471.zip,2775277,2022-05-20,portal-upload-web,kontrak|audit|2775277|total arsip revisi data approved
DOC-0003443,gambar_teknologi_202309_0433.pdf,413132645,2023-05-09,portal-upload-web,gambar|teknologi|413132645|file revisi final approved arsip
DOC-0000610,laporan_riset_202401_5405.jpg,2093449,2024-09-15,cloud-storage-gcp,laporan|riset|2093449|arsip file revisi pending final
DOC-0002502,laporan_hukum_202310_2332.xml,4391629,2022-05-14,portal-upload-web,laporan|hukum|4391629|total rekap draft data pending
DOC-0001896,backup_pemasaran_202202_7480.zip,454685,2024-09-22,nas-lokal-01,backup|pemasaran|454685|dokumen rekap data file
DOC-0002535,backup_riset_202212_0056.jpg,31706882,2023-04-25,backup-eksternal,backup|riset|31706882|approved revisi periode final rekap
DOC-0001402,backup_keuangan_202306_8295.png,43406516,2023-10-06,backup-eksternal,backup|keuangan|43406516|revisi data pending draft approved
DOC-0000809,kontrak_sdm_202207_6832.xml,1580544,2024-03-26,server-arsip-bandung,kontrak|sdm|1580544|dokumen file approved periode
DOC-0001613,log_hukum_202406_5922.docx,3335774,2024-02-02,portal-upload-web,log|hukum|3335774|periode total dokumen revisi
DOC-0002344,dataset_sdm_202404_7499.pdf,3840488,2022-05-08,cloud-storage-aws,dataset|sdm|3840488|draft dokumen file total
DOC-0000792,surat_pemasaran_202205_5879.csv,661713,2024-05-07,backup-eksternal,surat|pemasaran|661713|approved dokumen periode
DOC-0002274,backup_teknologi_202201_4699.pdf,1650300,2024-01-30,ftp-pusat,backup|teknologi|1650300|rekap pending periode
DOC-0000244,kontrak_sdm_202211_8569.jpg,223862,2023-07-14,portal-upload-web,kontrak|sdm|223862|revisi pending arsip file rekap
DOC-0004254,dataset_logistik_202204_8316.txt,315047,2022-05-21,ftp-pusat,dataset|logistik|315047|arsip revisi periode rekap
DOC-0002968,presentasi_pemasaran_202205_9238.txt,18117536,2024-07-18,server-arsip-bandung,presentasi|pemasaran|18117536|pending periode rekap final dokumen
DOC-0002465,memo_manajemen_202407_0421.xlsx,18712863,2023-05-16,nas-lokal-02,memo|manajemen|18712863|rekap arsip draft data final
DOC-0003782,backup_teknologi_202201_3814.csv,2865403,2023-08-27,server-arsip-surabaya,backup|teknologi|2865403|pending arsip final draft
DUP-0000196,surat_riset_202412_4703.txt,3496804,2022-11-22,ftp-pusat,surat|riset|3496804|final approved revisi pending arsip
DOC-0000273,laporan_manajemen_202307_1887.pdf,3464005,2024-10-29,cloud-storage-gcp,laporan|manajemen|3464005|final periode total arsip
DUP-0000182,dataset_audit_202304_2417.jpg,3179737,2022-06-05,nas-lokal-02,dataset|audit|3179737|rekap periode final data
DOC-0003909,presentasi_manajemen_202408_0362.docx,65206,2024-12-07,backup-eksternal,presentasi|manajemen|65206|file total draft pending final
DOC-0001130,laporan_logistik_202306_5056.txt,133044,2022-01-30,server-arsip-bandung,laporan|logistik|133044|total data final dokumen arsip
DOC-0001755,laporan_audit_202409_4875.png,389172,2023-08-02,portal-upload-web,laporan|audit|389172|dokumen approved revisi draft pending
DOC-0003239,invoice_manajemen_202211_0718.json,55429,2023-03-16,server-arsip-jakarta,invoice|manajemen|55429|approved file total pending
DUP-0000495,kontrak_manajemen_202201_3428.jpg,331533,2024-01-03,cloud-storage-aws,kontrak|manajemen|331533|draft periode approved rekap file
DOC-0003842,presentasi_teknologi_202405_0304.zip,15893673,2023-02-21,cloud-storage-gcp,presentasi|teknologi|15893673|approved dokumen file final
DOC-0000780,log_audit_202308_2153.json,22207197,2024-03-05,cloud-storage-aws,log|audit|22207197|arsip total draft final
DOC-0004479,gambar_hukum_202211_6387.jpg,39699814,2023-12-09,server-arsip-bandung,gambar|hukum|39699814|total dokumen file
DOC-0003104,log_hukum_202408_4338.zip,351867,2024-05-31,ftp-pusat,log|hukum|351867|dokumen revisi data rekap draft
DOC-0000680,laporan_keuangan_202205_1952.jpg,1254818,2024-04-11,server-arsip-jakarta,laporan|keuangan|1254818|dokumen total approved
DOC-0002867,dataset_keuangan_202211_9421.json,26723625,2024-04-11,nas-lokal-02,dataset|keuangan|26723625|final pending total dokumen arsip
DOC-0004167,surat_sdm_202403_4543.docx,364596,2023-10-21,ftp-pusat,surat|sdm|364596|total draft final pending
DOC-0003958,kontrak_hukum_202403_5085.txt,9999744,2023-02-10,cloud-storage-gcp,kontrak|hukum|9999744|data approved file dokumen periode
DOC-0004460,backup_riset_202207_5339.txt,59398,2022-10-17,ftp-pusat,backup|riset|59398|rekap file pending
DOC-0004237,gambar_riset_202311_9924.png,293616,2024-08-02,ftp-pusat,gambar|riset|293616|dokumen periode file revisi rekap
DOC-0004211,invoice_riset_202411_8048.jpg,1651777,2023-12-24,backup-eksternal,invoice|riset|1651777|dokumen data arsip
DUP-0000031,kontrak_audit_202203_0082.json,154637,2024-06-01,server-arsip-bandung,kontrak|audit|154637|file arsip draft rekap approved
DOC-0000409,surat_audit_202204_0718.xml,27933047,2023-06-06,nas-lokal-01,surat|audit|27933047|arsip total approved draft rekap
DOC-0002446,laporan_riset_202309_2824.json,1887683,2023-04-26,portal-upload-web,laporan|riset|1887683|file draft data final revisi
DOC-0001360,log_logistik_202202_1006.png,363293,2023-06-25,cloud-storage-gcp,log|logistik|363293|total pending data revisi approved
DOC-0004077,log_operasional_202202_0062.pdf,23974493,2024-09-22,portal-upload-web,log|operasional|23974493|arsip file draft pending approved
DOC-0004051,log_riset_202408_7963.pdf,294557,2024-06-11,ftp-pusat,log|riset|294557|pending approved arsip
DOC-0001339,gambar_manajemen_202405_0448.csv,35534127,2023-04-01,cloud-storage-aws,gambar|manajemen|35534127|final file dokumen arsip
DOC-0003642,log_manajemen_202404_2412.json,4884086,2022-03-27,server-arsip-bandung,log|manajemen|4884086|data arsip dokumen
DOC-0002631,presentasi_teknologi_202412_7849.png,3832737,2022-11-25,server-arsip-surabaya,presentasi|teknologi|3832737|revisi rekap pending
DOC-0003119,backup_pemasaran_202207_1835.docx,236168,2022-05-11,server-arsip-surabaya,backup|pemasaran|236168|pending final rekap arsip total
DOC-0002826,log_operasional_202212_7985.csv,41691,2023-06-18,ftp-pusat,log|operasional|41691|final periode file dokumen revisi
DOC-0003446,laporan_pemasaran_202302_1420.pdf,72372,2023-06-27,nas-lokal-02,laporan|pemasaran|72372|pending arsip draft
DUP-0000195,invoice_operasional_202411_2450.xml,7121825,2024-05-14,server-arsip-jakarta,invoice|operasional|7121825|total arsip revisi
DOC-0004351,invoice_hukum_202310_7408.json,25857406,2022-01-18,cloud-storage-gcp,invoice|hukum|25857406|file data dokumen arsip revisi
DOC-0002587,surat_manajemen_202405_4406.xlsx,166170,2022-01-27,backup-eksternal,surat|manajemen|166170|data total dokumen
DOC-0001162,presentasi_teknologi_202403_6744.json,157527086,2024-05-30,server-arsip-jakarta,presentasi|teknologi|157527086|data file rekap dokumen final
DOC-0002955,backup_sdm_202405_8336.zip,442672,2023-06-10,nas-lokal-01,backup|sdm|442672|data dokumen final pending
DOC-0001258,memo_sdm_202406_9499.png,321611,2023-09-05,backup-eksternal,memo|sdm|321611|total file data rekap
DUP-0000184,log_hukum_202401_2843.pdf,25785131,2024-12-14,cloud-storage-aws,log|hukum|25785131|file final total draft
DOC-0001728,log_logistik_202409_5168.png,483032884,2023-10-27,server-arsip-jakarta,log|logistik|483032884|dokumen final revisi data
DUP-0000439,kontrak_audit_202410_3421.json,1036892,2023-05-30,nas-lokal-02,kontrak|audit|1036892|arsip dokumen rekap
DOC-0002563,laporan_pemasaran_202205_9227.txt,151046,2023-11-21,cloud-storage-gcp,laporan|pemasaran|151046|periode total pending
DOC-0001836,invoice_logistik_202303_1300.txt,4345604,2024-01-03,backup-eksternal,invoice|logistik|4345604|pending final rekap draft data
DUP-0000407,kontrak_teknologi_202410_4387.json,4575166,2023-05-06,cloud-storage-gcp,kontrak|teknologi|4575166|pending total approved
DOC-0001249,surat_pemasaran_202304_1355.jpg,273971,2022-01-09,nas-lokal-02,surat|pemasaran|273971|pending revisi draft total
DOC-0001787,invoice_operasional_202209_2044.json,3617086,2022-12-07,backup-eksternal,invoice|operasional|3617086|dokumen total pending rekap
DOC-0004206,laporan_pemasaran_202206_9592.pdf,27018682,2023-07-14,portal-upload-web,laporan|pemasaran|27018682|approved rekap revisi
DOC-0003984,gambar_audit_202409_4645.pdf,340666,2023-12-29,ftp-pusat,gambar|audit|340666|draft final periode dokumen
DOC-0000415,laporan_hukum_202211_7828.docx,2014827,2024-01-10,cloud-storage-aws,laporan|hukum|2014827|approved rekap draft total arsip
DOC-0003975,backup_operasional_202305_5083.docx,20254505,2024-07-01,backup-eksternal,backup|operasional|20254505|dokumen total data
DOC-0004392,laporan_audit_202208_1200.txt,109587920,2022-10-15,server-arsip-bandung,laporan|audit|109587920|total dokumen pending rekap
DOC-0003281,log_logistik_202307_6716.json,47882677,2022-04-19,server-arsip-bandung,log|logistik|47882677|rekap draft dokumen revisi
DOC-0002304,surat_pemasaran_202407_1682.pdf,262678,2024-06-04,nas-lokal-01,surat|pemasaran|262678|pending file data
DOC-0001514,presentasi_manajemen_202207_3488.xlsx,363452,2023-04-12,server-arsip-surabaya,presentasi|manajemen|363452|final arsip dokumen pending
DOC-0001385,kontrak_riset_202202_5877.pdf,2980664,2022-01-13,nas-lokal-01,kontrak|riset|2980664|data dokumen approved
DOC-0002709,presentasi_hukum_202205_2156.json,3445916,2024-07-26,backup-eksternal,presentasi|hukum|3445916|data periode total
DOC-0002908,kontrak_pemasaran_202206_6932.png,3154693,2023-09-27,cloud-storage-gcp,kontrak|pemasaran|3154693|total file dokumen revisi draft
DUP-0000155,invoice_operasional_202305_2723.jpg,43259011,2023-07-19,server-arsip-jakarta,invoice|operasional|43259011|revisi approved draft final
DOC-0003583,log_teknologi_202211_4274.docx,222838,2023-01-17,server-arsip-jakarta,log|teknologi|222838|rekap draft total dokumen
DOC-0000782,laporan_riset_202311_9210.csv,375693,2024-02-28,server-arsip-jakarta,laporan|riset|375693|revisi draft approved dokumen
DOC-0000316,gambar_teknologi_202312_2806.docx,218684921,2023-02-19,nas-lokal-01,gambar|teknologi|218684921|total pending arsip file
DOC-0002130,surat_teknologi_202306_7332.json,236502,2024-09-18,backup-eksternal,surat|teknologi|236502|revisi final periode approved
DOC-0001977,invoice_sdm_202405_9143.xml,35269419,2024-03-05,portal-upload-web,invoice|sdm|35269419|arsip final file pending
DOC-0002016,laporan_teknologi_202306_7174.pdf,334899187,2023-07-07,server-arsip-jakarta,laporan|teknologi|334899187|arsip dokumen periode revisi
DOC-0000329,memo_sdm_202410_8392.csv,27664070,2022-05-16,server-arsip-bandung,memo|sdm|27664070|draft pending arsip dokumen
DOC-0001166,backup_keuangan_202306_9837.json,3594223,2024-02-07,server-arsip-jakarta,backup|keuangan|3594223|data dokumen total final periode
DOC-0003457,presentasi_audit_202306_5248.xlsx,461402,2023-04-11,server-arsip-surabaya,presentasi|audit|461402|approved data arsip
DOC-0003979,memo_operasional_202412_3755.png,277480809,2024-03-12,nas-lokal-01,memo|operasional|277480809|arsip revisi pending
DOC-0004398,kontrak_riset_202311_5758.xlsx,3144603,2023-01-27,portal-upload-web,kontrak|riset|3144603|arsip revisi pending approved dokumen
DOC-0003482,kontrak_manajemen_202408_9049.png,4033662,2022-10-12,cloud-storage-gcp,kontrak|manajemen|4033662|draft data file revisi
DUP-0000131,presentasi_logistik_202410_7839.json,234669,2022-03-27,backup-eksternal,presentasi|logistik|234669|pending draft data
DOC-0000323,log_sdm_202301_5546.jpg,3171283,2023-04-14,portal-upload-web,log|sdm|3171283|file rekap pending arsip
DOC-0004500,dataset_hukum_202302_1698.jpg,724068,2023-01-07,server-arsip-bandung,dataset|hukum|724068|periode approved total rekap arsip
DOC-0000727,memo_sdm_202404_2357.pdf,3664577,2024-09-06,server-arsip-bandung,memo|sdm|3664577|revisi draft file arsip approved
DOC-0001423,dataset_operasional_202306_2899.png,339057,2024-01-11,backup-eksternal,dataset|operasional|339057|pending arsip file
DOC-0002137,surat_logistik_202303_7232.txt,310475,2023-11-15,nas-lokal-02,surat|logistik|310475|final file revisi rekap draft
DOC-0000639,presentasi_sdm_202404_3622.jpg,33384262,2024-02-05,server-arsip-bandung,presentasi|sdm|33384262|data draft arsip dokumen rekap
DOC-0001615,dataset_riset_202404_5913.png,3571131,2024-05-20,server-arsip-bandung,dataset|riset|3571131|final total pending
DOC-0002902,dataset_riset_202304_3205.csv,442376,2023-03-08,cloud-storage-aws,dataset|riset|442376|arsip file final approved draft
DOC-0001183,dataset_riset_202408_5831.xlsx,53892,2024-04-03,server-arsip-surabaya,dataset|riset|53892|approved dokumen data file periode
DOC-0002844,invoice_audit_202408_8681.xml,420952613,2024-07-11,cloud-storage-aws,invoice|audit|420952613|arsip rekap total dokumen file
DOC-0004113,surat_sdm_202409_7522.zip,3310640,2023-08-30,server-arsip-surabaya,surat|sdm|3310640|dokumen approved revisi rekap
DOC-0002707,laporan_operasional_202306_0153.txt,429805,2023-03-21,server-arsip-bandung,laporan|operasional|429805|file arsip data pending
DOC-0000382,dataset_operasional_202401_8920.docx,4055137,2022-01-27,ftp-pusat,dataset|operasional|4055137|file data draft
DOC-0002851,gambar_keuangan_202303_3894.json,178499,2024-07-12,server-arsip-surabaya,gambar|keuangan|178499|approved data final draft
DOC-0002306,backup_pemasaran_202206_9952.pdf,36590572,2022-12-27,nas-lokal-01,backup|pemasaran|36590572|total approved dokumen
DOC-0001043,log_logistik_202201_3403.xml,21110500,2022-07-07,backup-eksternal,log|logistik|21110500|periode data approved dokumen draft
DOC-0001509,gambar_keuangan_202410_9398.zip,25401,2022-06-24,nas-lokal-02,gambar|keuangan|25401|draft rekap arsip total dokumen
DOC-0001044,kontrak_riset_202305_9704.xlsx,292447,2022-12-07,backup-eksternal,kontrak|riset|292447|periode final rekap dokumen arsip
DOC-0001738,surat_teknologi_202401_2302.txt,3517018,2024-11-26,nas-lokal-01,surat|teknologi|3517018|total draft approved data file
DUP-0000066,log_audit_202311_2853.xml,480366,2024-09-25,server-arsip-surabaya,log|audit|480366|pending file total dokumen
DOC-0004224,backup_audit_202410_1552.txt,4181121,2023-08-06,portal-upload-web,backup|audit|4181121|pending total dokumen
DOC-0000015,surat_sdm_202211_6391.json,4441570,2024-09-24,cloud-storage-aws,surat|sdm|4441570|dokumen file approved rekap
DOC-0004124,invoice_keuangan_202307_0740.png,278170501,2024-01-24,cloud-storage-aws,invoice|keuangan|278170501|file draft rekap revisi
DOC-0003093,memo_pemasaran_202304_0070.png,3742378,2022-10-21,cloud-storage-gcp,memo|pemasaran|3742378|approved final revisi rekap total
DOC-0004137,memo_riset_202211_0211.json,229865,2023-08-19,ftp-pusat,memo|riset|229865|arsip file rekap
DOC-0003298,log_pemasaran_202312_4549.jpg,335567,2023-11-30,portal-upload-web,log|pemasaran|335567|approved arsip periode dokumen final
DOC-0002483,memo_sdm_202410_0349.pdf,65339,2022-10-15,cloud-storage-aws,memo|sdm|65339|rekap total approved
DUP-0000409,log_manajemen_202305_9740.docx,150620,2024-11-17,cloud-storage-aws,log|manajemen|150620|draft revisi dokumen data
DOC-0002862,kontrak_operasional_202402_5663.pdf,1958455,2024-10-25,server-arsip-bandung,kontrak|operasional|1958455|data approved total arsip rekap
DOC-0001134,memo_pemasaran_202403_6317.docx,968106,2022-06-05,server-arsip-bandung,memo|pemasaran|968106|data revisi draft
DOC-0000834,presentasi_sdm_202202_9733.xml,355054,2024-04-05,server-arsip-jakarta,presentasi|sdm|355054|pending data periode dokumen
DOC-0002174,dataset_audit_202402_5204.xlsx,77366,2024-03-05,ftp-pusat,dataset|audit|77366|arsip pending rekap
DOC-0004267,backup_manajemen_202409_3083.csv,107140,2024-02-15,cloud-storage-aws,backup|manajemen|107140|final pending rekap
DOC-0000750,presentasi_manajemen_202410_2194.xml,468524,2022-04-26,server-arsip-bandung,presentasi|manajemen|468524|revisi pending approved
DOC-0000474,kontrak_logistik_202304_3000.pdf,68192,2023-12-12,portal-upload-web,kontrak|logistik|68192|pending data dokumen draft
DUP-0000188,backup_teknologi_202202_5241.txt,484608,2024-02-21,ftp-pusat,backup|teknologi|484608|final rekap periode approved
DOC-0000788,invoice_riset_202207_6403.xml,4214324,2023-02-26,server-arsip-surabaya,invoice|riset|4214324|total approved periode
DOC-0001408,kontrak_sdm_202205_6945.txt,265484,2023-11-07,server-arsip-jakarta,kontrak|sdm|265484|revisi draft data dokumen arsip
DOC-0001824,surat_operasional_202302_6976.zip,43520106,2024-02-13,backup-eksternal,surat|operasional|43520106|rekap pending arsip dokumen
DUP-0000333,invoice_pemasaran_202207_8060.docx,15713868,2024-04-05,server-arsip-jakarta,invoice|pemasaran|15713868|dokumen approved rekap total file
DOC-0004132,laporan_manajemen_202408_8403.zip,27830227,2022-05-26,ftp-pusat,laporan|manajemen|27830227|revisi arsip rekap
DOC-0002128,log_audit_202208_4801.xlsx,355483,2024-03-18,nas-lokal-02,log|audit|355483|file data periode final
DOC-0003430,invoice_logistik_202412_3156.xml,123878,2023-12-30,server-arsip-bandung,invoice|logistik|123878|dokumen file pending periode total
DOC-0004256,backup_manajemen_202403_2186.xlsx,4350591,2023-06-21,portal-upload-web,backup|manajemen|4350591|approved total dokumen revisi
DOC-0000201,gambar_operasional_202306_3354.png,383759,2024-08-06,server-arsip-surabaya,gambar|operasional|383759|rekap revisi periode total
DOC-0003496,memo_audit_202308_4976.txt,32615,2023-09-01,cloud-storage-gcp,memo|audit|32615|dokumen file arsip rekap pending
DUP-0000113,backup_logistik_202301_7626.docx,20852490,2024-10-11,server-arsip-surabaya,backup|logistik|20852490|periode rekap final draft
DOC-0000925,presentasi_audit_202206_1521.csv,2160719,2022-08-23,cloud-storage-gcp,presentasi|audit|2160719|dokumen pending arsip file data
DOC-0000448,memo_keuangan_202310_9691.png,1343656,2023-07-05,portal-upload-web,memo|keuangan|1343656|rekap arsip dokumen file
DOC-0003077,dataset_hukum_202410_7830.pdf,1880655,2022-04-21,cloud-storage-gcp,dataset|hukum|1880655|revisi arsip approved data
DOC-0001242,gambar_logistik_202407_3040.png,1050968,2022-07-12,backup-eksternal,gambar|logistik|1050968|rekap final arsip
DOC-0000905,invoice_hukum_202301_1678.csv,475443,2022-11-09,cloud-storage-aws,invoice|hukum|475443|draft rekap revisi approved pending
DOC-0004142,surat_keuangan_202207_3202.json,280988,2024-06-15,portal-upload-web,surat|keuangan|280988|approved revisi total pending data
DOC-0000565,surat_operasional_202412_2013.xml,1068084,2024-05-26,backup-eksternal,surat|operasional|1068084|rekap pending approved periode
DUP-0000060,gambar_operasional_202409_1964.txt,232727,2022-08-05,nas-lokal-02,gambar|operasional|232727|file rekap revisi final
DOC-0002114,laporan_riset_202408_9140.txt,2571145,2022-12-22,nas-lokal-02,laporan|riset|2571145|total data arsip
DOC-0000673,kontrak_logistik_202410_8780.jpg,24161982,2024-04-27,cloud-storage-gcp,kontrak|logistik|24161982|arsip approved file data
DUP-0000187,gambar_logistik_202412_6066.docx,4044120,2022-12-09,server-arsip-jakarta,gambar|logistik|4044120|arsip file total final revisi
DOC-0001888,gambar_sdm_202311_4120.txt,21170778,2024-05-31,nas-lokal-02,gambar|sdm|21170778|total rekap draft file
DOC-0004363,laporan_audit_202306_5883.txt,4163033,2024-08-27,server-arsip-bandung,laporan|audit|4163033|draft file pending periode rekap
DOC-0000658,surat_hukum_202308_7567.zip,352031,2022-10-02,server-arsip-jakarta,surat|hukum|352031|final total rekap dokumen
DOC-0002893,backup_operasional_202410_7565.jpg,1012872,2022-11-05,ftp-pusat,backup|operasional|1012872|draft data final total
DOC-0002892,presentasi_manajemen_202405_6051.json,112378,2022-04-08,nas-lokal-02,presentasi|manajemen|112378|dokumen arsip file draft periode
DOC-0000390,backup_operasional_202412_1078.zip,140700,2023-10-11,server-arsip-surabaya,backup|operasional|140700|final dokumen data
DOC-0002797,backup_riset_202208_7725.pdf,22429,2023-02-27,server-arsip-bandung,backup|riset|22429|rekap draft arsip
DOC-0003641,dataset_manajemen_202210_3022.zip,480870,2022-12-03,cloud-storage-aws,dataset|manajemen|480870|file dokumen pending
DOC-0002074,backup_audit_202206_1883.zip,45212159,2024-09-10,cloud-storage-aws,backup|audit|45212159|approved data draft final
DOC-0002948,invoice_keuangan_202310_9687.csv,408960457,2022-02-04,server-arsip-jakarta,invoice|keuangan|408960457|data periode arsip final file
DOC-0002606,dataset_riset_202307_5033.xml,4133476,2022-07-26,cloud-storage-gcp,dataset|riset|4133476|revisi draft dokumen final
DOC-0001364,kontrak_teknologi_202403_5625.zip,2413576,2022-10-14,ftp-pusat,kontrak|teknologi|2413576|data approved pending
DOC-0002195,memo_sdm_202205_4137.xml,493980797,2024-07-06,server-arsip-bandung,memo|sdm|493980797|draft rekap final dokumen
DOC-0002040,invoice_audit_202209_1736.csv,3314382,2024-02-17,server-arsip-surabaya,invoice|audit|3314382|final total rekap approved
DOC-0003836,invoice_manajemen_202309_4807.pdf,352477,2022-12-02,nas-lokal-01,invoice|manajemen|352477|final approved pending
DOC-0004300,memo_audit_202301_0211.pdf,94023,2024-12-17,ftp-pusat,memo|audit|94023|final data revisi total dokumen
DUP-0000446,log_sdm_202304_5323.png,374256,2022-09-18,cloud-storage-aws,log|sdm|374256|approved total data arsip
DOC-0001675,memo_keuangan_202403_8109.csv,2128434,2024-06-08,nas-lokal-02,memo|keuangan|2128434|pending dokumen draft
DOC-0004046,surat_hukum_202404_8072.docx,354054,2022-10-14,cloud-storage-aws,surat|hukum|354054|approved pending dokumen rekap periode
DOC-0001733,presentasi_operasional_202202_3777.xml,51742947,2023-12-01,cloud-storage-gcp,presentasi|operasional|51742947|dokumen periode data revisi
DOC-0001858,dataset_teknologi_202209_2551.txt,3459561,2023-08-13,cloud-storage-aws,dataset|teknologi|3459561|periode approved file draft revisi
DUP-0000243,presentasi_sdm_202209_0234.xml,4297234,2022-12-12,cloud-storage-aws,presentasi|sdm|4297234|approved draft file periode dokumen
DOC-0002493,invoice_teknologi_202303_3060.csv,4275770,2022-02-27,portal-upload-web,invoice|teknologi|4275770|final total pending draft
DOC-0000612,presentasi_logistik_202406_3331.xml,475884,2022-02-05,nas-lokal-01,presentasi|logistik|475884|final total arsip file
DOC-0003768,gambar_logistik_202403_6991.docx,395914,2022-08-05,server-arsip-surabaya,gambar|logistik|395914|file dokumen data arsip
DOC-0001074,backup_pemasaran_202411_0079.csv,3397087,2023-05-10,ftp-pusat,backup|pemasaran|3397087|total approved periode
DOC-0001677,memo_logistik_202410_5488.zip,425849,2023-05-26,server-arsip-bandung,memo|logistik|425849|draft approved data final
DOC-0000005,gambar_audit_202311_1197.docx,928514,2023-02-07,backup-eksternal,gambar|audit|928514|pending total file
DOC-0003085,surat_hukum_202211_4497.txt,370410,2024-03-08,server-arsip-bandung,surat|hukum|370410|approved data draft total file
DOC-0000734,kontrak_keuangan_202406_1869.csv,472967,2023-08-15,cloud-storage-gcp,kontrak|keuangan|472967|approved dokumen arsip revisi rekap
DOC-0002490,dataset_operasional_202405_3329.xlsx,14328005,2024-04-25,server-arsip-bandung,dataset|operasional|14328005|dokumen rekap file
DOC-0001655,log_riset_202401_3993.docx,187444,2022-04-20,ftp-pusat,log|riset|187444|dokumen approved file
DOC-0000884,backup_operasional_202208_3353.jpg,176604,2023-12-26,nas-lokal-02,backup|operasional|176604|pending final arsip rekap draft
DOC-0003856,laporan_hukum_202201_7998.docx,190332,2024-10-26,server-arsip-bandung,laporan|hukum|190332|pending data final total dokumen
DOC-0000954,backup_keuangan_202305_3530.docx,131437,2024-09-02,nas-lokal-02,backup|keuangan|131437|data revisi final arsip
DOC-0000821,backup_sdm_202412_9566.pdf,184863,2022-05-26,portal-upload-web,backup|sdm|184863|arsip pending revisi
DOC-0003557,backup_manajemen_202412_9662.docx,364810,2023-12-14,server-arsip-surabaya,backup|manajemen|364810|revisi draft dokumen data
DOC-0003985,laporan_pemasaran_202408_2913.csv,4711001,2022-08-15,server-arsip-surabaya,laporan|pemasaran|4711001|arsip data dokumen approved pending
DOC-0002920,surat_teknologi_202406_9204.csv,476907,2022-12-29,portal-upload-web,surat|teknologi|476907|approved draft file periode
DOC-0001369,laporan_operasional_202202_6758.xml,301235226,2023-01-01,nas-lokal-02,laporan|operasional|301235226|file rekap revisi periode
DOC-0000725,gambar_operasional_202312_7521.docx,38772863,2023-01-06,nas-lokal-02,gambar|operasional|38772863|periode dokumen file
DOC-0003760,memo_manajemen_202204_2265.xlsx,1227656,2023-09-19,server-arsip-jakarta,memo|manajemen|1227656|total arsip approved final
DUP-0000091,kontrak_sdm_202205_4245.txt,85307,2022-10-11,cloud-storage-gcp,kontrak|sdm|85307|approved rekap arsip
DOC-0002145,log_operasional_202212_9674.xlsx,3640780,2023-12-25,nas-lokal-02,log|operasional|3640780|pending approved draft
DOC-0001041,log_manajemen_202310_7467.txt,4431962,2023-02-21,cloud-storage-aws,log|manajemen|4431962|final arsip data revisi
DOC-0001232,invoice_operasional_202411_0181.jpg,155235938,2022-04-16,backup-eksternal,invoice|operasional|155235938|file revisi draft approved dokumen
DOC-0004158,laporan_hukum_202209_0470.jpg,33559795,2024-08-17,nas-lokal-01,laporan|hukum|33559795|revisi dokumen file arsip draft
DOC-0004213,presentasi_riset_202201_0607.csv,429353,2023-02-23,server-arsip-surabaya,presentasi|riset|429353|rekap approved final
DOC-0000436,presentasi_hukum_202312_9052.png,2324042,2022-08-08,server-arsip-jakarta,presentasi|hukum|2324042|data file draft revisi total
DOC-0002757,dataset_riset_202411_6990.txt,27149325,2022-09-16,backup-eksternal,dataset|riset|27149325|revisi data arsip pending dokumen
DUP-0000273,log_manajemen_202412_8657.csv,18648443,2022-10-11,nas-lokal-02,log|manajemen|18648443|pending approved dokumen final total
DOC-0003116,memo_operasional_202303_3476.json,238657,2023-01-07,server-arsip-surabaya,memo|operasional|238657|final arsip dokumen
DOC-0003951,laporan_sdm_202403_0715.zip,16761402,2023-11-13,portal-upload-web,laporan|sdm|16761402|rekap revisi total periode
DOC-0001688,surat_sdm_202303_3395.png,899470,2023-02-23,ftp-pusat,surat|sdm|899470|rekap approved file
DOC-0001197,presentasi_riset_202403_8791.xlsx,15660262,2022-01-04,server-arsip-bandung,presentasi|riset|15660262|revisi periode file draft dokumen
DOC-0000432,dataset_sdm_202401_8895.docx,28731721,2022-05-05,server-arsip-bandung,dataset|sdm|28731721|approved revisi rekap final draft
DUP-0000450,backup_sdm_202412_9566.pdf,184863,2022-05-26,portal-upload-web,backup|sdm|184863|arsip pending revisi
DOC-0000521,kontrak_sdm_202311_3193.docx,177661,2022-09-03,nas-lokal-02,kontrak|sdm|177661|dokumen final revisi
DOC-0001838,log_pemasaran_202212_9902.txt,2602962,2024-10-27,ftp-pusat,log|pemasaran|2602962|periode approved revisi final
DOC-0000021,invoice_manajemen_202211_7061.png,2101281,2023-07-22,backup-eksternal,invoice|manajemen|2101281|file periode draft total
DOC-0000389,gambar_manajemen_202301_0322.png,1542901,2023-06-22,portal-upload-web,gambar|manajemen|1542901|arsip file total
DUP-0000193,log_sdm_202204_7740.docx,5078105,2022-01-20,portal-upload-web,log|sdm|5078105|pending rekap revisi
DOC-0003247,invoice_pemasaran_202202_2300.png,12524641,2022-03-21,backup-eksternal,invoice|pemasaran|12524641|total arsip rekap
DOC-0003947,dataset_hukum_202404_5168.pdf,309994,2022-03-29,server-arsip-jakarta,dataset|hukum|309994|arsip total dokumen file
DOC-0002349,log_operasional_202201_0096.txt,42820227,2023-07-21,nas-lokal-02,log|operasional|42820227|revisi draft approved
DUP-0000145,memo_hukum_202211_4886.docx,32923727,2022-12-23,server-arsip-bandung,memo|hukum|32923727|periode final arsip revisi
DOC-0002939,presentasi_manajemen_202308_1010.json,1843186,2024-04-18,portal-upload-web,presentasi|manajemen|1843186|periode file approved total draft
DOC-0003714,backup_operasional_202212_7036.png,326770,2024-04-19,ftp-pusat,backup|operasional|326770|pending revisi total
DOC-0001017,surat_teknologi_202410_6243.txt,4286273,2022-02-16,ftp-pusat,surat|teknologi|4286273|file arsip dokumen
DOC-0003414,memo_operasional_202211_6130.csv,33372195,2022-10-24,server-arsip-bandung,memo|operasional|33372195|draft revisi arsip pending
DOC-0002395,backup_pemasaran_202306_9823.txt,4681998,2024-10-07,nas-lokal-01,backup|pemasaran|4681998|file periode rekap final total
DOC-0001841,invoice_pemasaran_202412_6224.csv,253615,2024-03-10,server-arsip-jakarta,invoice|pemasaran|253615|draft approved arsip revisi
DUP-0000422,surat_logistik_202205_1941.png,312084,2022-09-02,backup-eksternal,surat|logistik|312084|dokumen data pending file approved
DOC-0001651,surat_hukum_202407_8474.jpg,30437,2022-09-16,server-arsip-jakarta,surat|hukum|30437|arsip total rekap revisi
DUP-0000348,invoice_logistik_202203_5624.txt,13487471,2023-08-08,nas-lokal-01,invoice|logistik|13487471|arsip rekap dokumen
DOC-0003181,backup_pemasaran_202310_6423.pdf,4162691,2023-03-22,ftp-pusat,backup|pemasaran|4162691|dokumen data total
DOC-0001310,dataset_keuangan_202401_1791.jpg,411322,2022-04-01,server-arsip-bandung,dataset|keuangan|411322|approved total rekap revisi
DUP-0000473,dataset_sdm_202405_5309.json,789693,2022-03-22,ftp-pusat,dataset|sdm|789693|file periode pending
DOC-0004215,invoice_keuangan_202403_9777.xlsx,49769392,2024-04-05,cloud-storage-aws,invoice|keuangan|49769392|arsip data rekap periode approved
DOC-0002468,presentasi_logistik_202202_9099.jpg,2692966,2022-09-06,ftp-pusat,presentasi|logistik|2692966|total arsip pending
DOC-0000650,log_keuangan_202205_2339.xlsx,2295106,2024-09-23,nas-lokal-02,log|keuangan|2295106|approved periode arsip
DOC-0001866,invoice_pemasaran_202205_3647.pdf,102732497,2023-05-27,portal-upload-web,invoice|pemasaran|102732497|approved periode pending
DOC-0003546,presentasi_teknologi_202402_0573.csv,4261947,2022-02-13,server-arsip-jakarta,presentasi|teknologi|4261947|arsip total rekap
DOC-0000077,presentasi_sdm_202407_6624.png,24660156,2024-06-10,nas-lokal-02,presentasi|sdm|24660156|pending rekap file
DOC-0003139,surat_audit_202410_5771.png,3524741,2022-04-04,server-arsip-surabaya,surat|audit|3524741|revisi final data periode file
DOC-0003901,presentasi_sdm_202411_4689.xlsx,148683,2024-01-11,backup-eksternal,presentasi|sdm|148683|revisi total pending
DOC-0001018,dataset_audit_202206_4149.docx,3697659,2023-08-09,nas-lokal-02,dataset|audit|3697659|periode rekap arsip draft approved
DUP-0000300,gambar_logistik_202209_7066.xlsx,75735,2024-10-29,backup-eksternal,gambar|logistik|75735|rekap approved file final data
DOC-0004329,memo_pemasaran_202311_7780.pdf,2220874,2024-03-27,cloud-storage-aws,memo|pemasaran|2220874|revisi arsip total periode file
DOC-0003476,laporan_sdm_202406_4788.xml,1406566,2024-03-27,nas-lokal-02,laporan|sdm|1406566|dokumen data periode rekap
DOC-0003113,gambar_keuangan_202401_7803.xlsx,3547741,2024-05-09,portal-upload-web,gambar|keuangan|3547741|file approved dokumen revisi
DUP-0000303,laporan_hukum_202309_9417.txt,315254092,2024-03-13,backup-eksternal,laporan|hukum|315254092|periode approved revisi pending data
DOC-0004223,invoice_hukum_202301_8541.xlsx,35576062,2023-01-08,nas-lokal-02,invoice|hukum|35576062|rekap revisi dokumen file
DOC-0001512,memo_manajemen_202303_1386.xml,3262395,2024-09-01,nas-lokal-01,memo|manajemen|3262395|periode pending draft file
DUP-0000051,memo_audit_202202_8434.xml,478947,2024-05-22,server-arsip-bandung,memo|audit|478947|approved final rekap data
DOC-0001132,memo_audit_202202_8434.xml,478947,2024-05-22,server-arsip-bandung,memo|audit|478947|approved final rekap data
DOC-0003752,kontrak_keuangan_202211_4889.csv,342830,2022-01-19,cloud-storage-gcp,kontrak|keuangan|342830|rekap total periode data
DOC-0000303,kontrak_pemasaran_202405_9331.zip,21153,2023-02-03,server-arsip-surabaya,kontrak|pemasaran|21153|total periode revisi
DOC-0000318,log_pemasaran_202302_3120.xlsx,3393779,2023-03-23,backup-eksternal,log|pemasaran|3393779|data arsip final
DOC-0003725,presentasi_hukum_202212_4124.jpg,3359438,2023-01-05,portal-upload-web,presentasi|hukum|3359438|data rekap revisi pending
DOC-0001657,laporan_riset_202307_4760.zip,143854,2022-03-26,cloud-storage-aws,laporan|riset|143854|rekap pending approved draft
DOC-0000453,invoice_riset_202303_1194.pdf,43362089,2024-08-02,nas-lokal-01,invoice|riset|43362089|arsip draft total pending
DOC-0004451,backup_riset_202412_7358.zip,33384211,2022-03-27,server-arsip-bandung,backup|riset|33384211|periode total draft data
DOC-0002348,gambar_hukum_202302_0917.jpg,47681191,2022-04-15,server-arsip-jakarta,gambar|hukum|47681191|approved draft arsip final
DOC-0003095,surat_pemasaran_202312_7267.pdf,3144091,2023-04-21,server-arsip-bandung,surat|pemasaran|3144091|dokumen periode approved file
DOC-0003877,dataset_logistik_202308_3116.pdf,179470,2022-03-23,cloud-storage-gcp,dataset|logistik|179470|draft data final revisi
DOC-0002680,memo_sdm_202203_4707.xlsx,321752,2023-05-07,server-arsip-jakarta,memo|sdm|321752|revisi periode rekap
DOC-0001544,gambar_logistik_202410_8715.png,166155,2024-05-27,cloud-storage-aws,gambar|logistik|166155|arsip dokumen draft
DOC-0001255,laporan_keuangan_202311_9620.xml,172615,2024-07-20,cloud-storage-aws,laporan|keuangan|172615|data pending revisi
DOC-0004048,backup_riset_202408_9581.txt,909619,2023-03-13,cloud-storage-aws,backup|riset|909619|rekap dokumen total
DOC-0000527,log_sdm_202403_3276.xml,1513287,2024-02-20,server-arsip-jakarta,log|sdm|1513287|rekap pending total
DOC-0003490,gambar_operasional_202207_0073.txt,36420,2023-05-20,server-arsip-jakarta,gambar|operasional|36420|pending file revisi approved arsip
DOC-0000451,backup_hukum_202407_2960.json,430925,2024-01-14,backup-eksternal,backup|hukum|430925|dokumen pending approved
DOC-0001599,laporan_logistik_202303_9681.docx,160028,2024-02-22,cloud-storage-gcp,laporan|logistik|160028|file pending final dokumen
DOC-0001576,invoice_manajemen_202209_3869.png,22223784,2023-07-14,nas-lokal-02,invoice|manajemen|22223784|draft final data file rekap
DOC-0001449,backup_riset_202409_8598.jpg,4316784,2024-08-02,backup-eksternal,backup|riset|4316784|final file draft arsip
DOC-0001617,backup_manajemen_202302_5953.pdf,4610490,2022-02-26,server-arsip-jakarta,backup|manajemen|4610490|total file revisi
DOC-0001234,log_riset_202203_2105.xml,1369784,2023-02-06,server-arsip-surabaya,log|riset|1369784|final data periode
DOC-0002617,dataset_sdm_202202_3068.png,2225810,2023-11-23,ftp-pusat,dataset|sdm|2225810|periode data arsip
DOC-0001176,dataset_teknologi_202205_2573.csv,328085,2022-07-30,portal-upload-web,dataset|teknologi|328085|dokumen pending revisi rekap
DOC-0002379,invoice_audit_202401_5765.jpg,128505,2024-09-05,nas-lokal-02,invoice|audit|128505|periode rekap arsip final
DOC-0001667,laporan_operasional_202312_0833.zip,273581,2023-08-25,cloud-storage-aws,laporan|operasional|273581|pending total draft
DOC-0004192,dataset_sdm_202303_1667.pdf,174610194,2023-05-31,ftp-pusat,dataset|sdm|174610194|approved revisi rekap periode
DOC-0001889,memo_manajemen_202309_6486.xml,35269,2022-12-12,ftp-pusat,memo|manajemen|35269|approved arsip data pending periode
DOC-0001472,invoice_sdm_202409_0475.pdf,138418,2022-08-29,cloud-storage-aws,invoice|sdm|138418|arsip pending total approved periode
DOC-0000283,presentasi_pemasaran_202207_3754.csv,7839994,2024-01-26,nas-lokal-01,presentasi|pemasaran|7839994|data periode final revisi rekap
DUP-0000275,gambar_logistik_202403_2952.xlsx,90800392,2023-10-02,backup-eksternal,gambar|logistik|90800392|data file periode dokumen final
DOC-0002590,backup_teknologi_202306_2215.json,189123,2022-02-21,ftp-pusat,backup|teknologi|189123|total data revisi
DOC-0003804,laporan_hukum_202411_1668.xml,3502831,2023-04-06,nas-lokal-02,laporan|hukum|3502831|file periode data dokumen
DOC-0001392,presentasi_pemasaran_202308_9824.zip,3194213,2022-06-30,server-arsip-bandung,presentasi|pemasaran|3194213|revisi pending dokumen arsip file
DOC-0000239,dataset_hukum_202312_4913.jpg,271245,2024-04-13,server-arsip-jakarta,dataset|hukum|271245|final draft periode
DOC-0001915,gambar_audit_202303_4391.xml,44223215,2024-03-28,server-arsip-jakarta,gambar|audit|44223215|pending rekap dokumen
DOC-0001642,presentasi_riset_202211_6627.pdf,1054808,2024-01-15,server-arsip-bandung,presentasi|riset|1054808|approved final rekap
DOC-0000110,invoice_sdm_202202_1236.json,309844,2022-01-20,server-arsip-jakarta,invoice|sdm|309844|draft dokumen total periode pending
DOC-0002879,backup_hukum_202207_2884.zip,4813645,2024-01-27,cloud-storage-gcp,backup|hukum|4813645|dokumen revisi total final draft
DOC-0001536,laporan_riset_202205_0558.zip,353398,2023-02-23,backup-eksternal,laporan|riset|353398|final revisi data
DOC-0000117,presentasi_riset_202212_5782.txt,99418,2024-04-19,backup-eksternal,presentasi|riset|99418|draft approved pending dokumen
DOC-0002848,kontrak_audit_202410_7682.zip,355342,2022-04-25,server-arsip-surabaya,kontrak|audit|355342|final data approved
DOC-0004286,gambar_audit_202306_5630.jpg,53508,2023-07-07,portal-upload-web,gambar|audit|53508|final file data periode
DOC-0004393,backup_logistik_202308_3332.xlsx,1416497,2023-06-02,portal-upload-web,backup|logistik|1416497|periode arsip final file approved
DOC-0003029,log_manajemen_202309_4660.json,8430061,2024-08-29,cloud-storage-gcp,log|manajemen|8430061|arsip dokumen final
DOC-0002384,surat_riset_202204_2212.xml,4909173,2023-02-20,ftp-pusat,surat|riset|4909173|dokumen arsip approved periode data
DOC-0002481,laporan_keuangan_202211_6180.jpg,215441,2024-09-26,nas-lokal-01,laporan|keuangan|215441|total final approved
DOC-0001505,presentasi_pemasaran_202303_6525.csv,193833,2024-10-22,cloud-storage-aws,presentasi|pemasaran|193833|arsip final revisi pending
DOC-0001288,kontrak_manajemen_202307_5037.xml,67838,2023-04-02,ftp-pusat,kontrak|manajemen|67838|data rekap periode file revisi
DOC-0003170,backup_logistik_202403_5932.jpg,351682669,2022-11-05,nas-lokal-01,backup|logistik|351682669|revisi rekap dokumen file
DOC-0000232,invoice_operasional_202302_8200.xlsx,246606,2024-12-30,backup-eksternal,invoice|operasional|246606|total pending dokumen final file
DOC-0000958,invoice_teknologi_202309_4279.csv,3260915,2022-11-16,server-arsip-jakarta,invoice|teknologi|3260915|draft revisi total
DOC-0001037,backup_manajemen_202205_4359.xml,2467370,2022-02-02,server-arsip-jakarta,backup|manajemen|2467370|file draft periode dokumen final
DOC-0001804,backup_logistik_202310_5806.csv,428611,2023-12-27,backup-eksternal,backup|logistik|428611|arsip total periode pending revisi
DOC-0003679,gambar_teknologi_202307_3658.xlsx,13190003,2023-12-16,nas-lokal-01,gambar|teknologi|13190003|periode arsip final approved
DOC-0000539,backup_logistik_202301_9280.png,4307617,2024-12-07,backup-eksternal,backup|logistik|4307617|total periode approved
DOC-0004118,laporan_audit_202407_9289.json,27113486,2023-08-09,server-arsip-bandung,laporan|audit|27113486|approved pending revisi draft
DOC-0003850,invoice_audit_202209_2857.zip,1385971,2024-12-30,portal-upload-web,invoice|audit|1385971|revisi rekap draft
DOC-0000255,kontrak_audit_202312_9075.jpg,20260,2024-05-09,portal-upload-web,kontrak|audit|20260|rekap pending revisi periode
DOC-0000826,log_hukum_202305_4445.docx,447868,2024-03-14,nas-lokal-01,log|hukum|447868|dokumen data total
DOC-0000946,invoice_logistik_202310_3873.jpg,306488,2022-06-08,nas-lokal-02,invoice|logistik|306488|draft revisi arsip
DOC-0003767,gambar_audit_202205_2767.xlsx,400756,2024-09-15,ftp-pusat,gambar|audit|400756|file total periode arsip
DOC-0003070,gambar_teknologi_202202_0177.xlsx,8555376,2024-06-14,nas-lokal-02,gambar|teknologi|8555376|final approved draft total
DOC-0001221,surat_manajemen_202209_6009.json,461256,2024-02-03,nas-lokal-01,surat|manajemen|461256|rekap data dokumen draft pending
DOC-0001843,dataset_operasional_202406_2060.png,75162567,2022-01-18,ftp-pusat,dataset|operasional|75162567|file draft periode approved final
DOC-0003172,backup_manajemen_202302_5865.xlsx,187307697,2024-09-01,nas-lokal-01,backup|manajemen|187307697|total rekap arsip data
DOC-0002475,backup_logistik_202301_7626.docx,20852490,2024-10-11,server-arsip-surabaya,backup|logistik|20852490|periode rekap final draft
DOC-0000442,kontrak_teknologi_202212_8553.xlsx,6092362,2024-03-01,backup-eksternal,kontrak|teknologi|6092362|approved total rekap dokumen
DOC-0003497,invoice_logistik_202412_8442.png,4856759,2022-04-18,cloud-storage-aws,invoice|logistik|4856759|periode final dokumen
DOC-0002734,surat_sdm_202302_6636.pdf,2507674,2022-01-20,portal-upload-web,surat|sdm|2507674|dokumen rekap file pending draft
DOC-0001801,backup_teknologi_202301_7215.xlsx,21969974,2022-10-21,nas-lokal-02,backup|teknologi|21969974|draft data total
DOC-0001355,gambar_keuangan_202411_5369.docx,405742289,2024-01-09,backup-eksternal,gambar|keuangan|405742289|revisi dokumen file
DOC-0001095,dataset_audit_202205_0140.xml,350039,2023-02-26,cloud-storage-gcp,dataset|audit|350039|data pending draft final
DOC-0000428,laporan_audit_202403_6038.jpg,439392,2023-06-27,ftp-pusat,laporan|audit|439392|final periode total
DUP-0000087,laporan_audit_202307_7226.txt,3186251,2023-04-20,cloud-storage-gcp,laporan|audit|3186251|pending final revisi approved dokumen
DOC-0000092,laporan_manajemen_202310_6326.jpg,350190,2023-08-02,portal-upload-web,laporan|manajemen|350190|pending revisi file final
DOC-0001155,kontrak_teknologi_202302_7812.txt,366320,2022-04-08,backup-eksternal,kontrak|teknologi|366320|total pending final
DOC-0001050,invoice_teknologi_202401_8387.xml,289859,2022-06-18,server-arsip-surabaya,invoice|teknologi|289859|data file approved
DOC-0001231,backup_audit_202310_3715.csv,343055,2024-06-04,nas-lokal-02,backup|audit|343055|revisi draft pending approved dokumen
DOC-0003790,surat_sdm_202210_1480.png,32025137,2024-03-18,portal-upload-web,surat|sdm|32025137|dokumen pending revisi data
DOC-0001535,kontrak_teknologi_202310_3407.png,2062283,2022-07-28,server-arsip-jakarta,kontrak|teknologi|2062283|revisi pending rekap
DOC-0001015,gambar_logistik_202311_3600.png,113353,2022-10-15,ftp-pusat,gambar|logistik|113353|revisi rekap total dokumen
DOC-0002102,memo_logistik_202312_1966.json,3469161,2024-05-09,nas-lokal-02,memo|logistik|3469161|pending arsip total revisi
DOC-0000786,laporan_logistik_202304_4992.png,43429296,2022-12-13,ftp-pusat,laporan|logistik|43429296|dokumen arsip pending approved rekap
DOC-0002575,log_pemasaran_202403_4267.pdf,469767,2022-04-17,nas-lokal-01,log|pemasaran|469767|draft final approved file total
DOC-0001781,memo_hukum_202407_6699.pdf,216765611,2024-09-17,server-arsip-bandung,memo|hukum|216765611|approved final data periode file
DOC-0001319,log_keuangan_202201_0531.png,498635,2022-10-03,nas-lokal-01,log|keuangan|498635|draft approved file revisi arsip
DOC-0004473,backup_manajemen_202207_8445.csv,291146,2022-01-11,ftp-pusat,backup|manajemen|291146|arsip file rekap revisi periode
DOC-0002651,kontrak_logistik_202302_3673.csv,39235603,2022-04-03,server-arsip-jakarta,kontrak|logistik|39235603|periode draft data
DOC-0002336,memo_teknologi_202211_3697.xml,257677,2024-08-15,nas-lokal-02,memo|teknologi|257677|file total rekap draft
DOC-0000804,gambar_logistik_202408_0013.pdf,207511,2022-09-28,cloud-storage-gcp,gambar|logistik|207511|approved draft periode
DUP-0000438,log_teknologi_202409_7346.xml,147840,2024-02-04,portal-upload-web,log|teknologi|147840|dokumen file pending final
DOC-0004043,memo_manajemen_202201_9720.csv,2121736,2024-11-15,cloud-storage-gcp,memo|manajemen|2121736|draft file periode dokumen data
DOC-0001719,laporan_logistik_202207_8043.csv,1532543,2022-08-18,portal-upload-web,laporan|logistik|1532543|dokumen approved file
DOC-0003117,memo_operasional_202410_6122.docx,430319,2022-06-24,backup-eksternal,memo|operasional|430319|dokumen file revisi data
DOC-0000371,laporan_operasional_202304_8785.zip,209378,2022-01-28,server-arsip-surabaya,laporan|operasional|209378|data file final arsip
DOC-0003449,memo_operasional_202405_5267.xml,2547761,2023-10-27,cloud-storage-gcp,memo|operasional|2547761|rekap total periode dokumen
DOC-0000648,invoice_logistik_202411_6754.csv,438343,2022-06-06,server-arsip-jakarta,invoice|logistik|438343|dokumen pending draft
DOC-0002991,dataset_riset_202409_5371.csv,4650232,2022-05-07,backup-eksternal,dataset|riset|4650232|data approved pending periode draft
DOC-0003404,laporan_teknologi_202310_9415.pdf,524446,2022-02-25,nas-lokal-02,laporan|teknologi|524446|rekap arsip total file
DUP-0000171,kontrak_riset_202402_7310.jpg,3773793,2022-11-18,backup-eksternal,kontrak|riset|3773793|approved rekap data revisi
DOC-0002359,surat_keuangan_202303_3337.zip,412057804,2022-04-10,nas-lokal-02,surat|keuangan|412057804|draft approved revisi
DOC-0003526,presentasi_sdm_202203_5566.jpg,4474893,2024-08-25,nas-lokal-01,presentasi|sdm|4474893|periode file draft
DOC-0002139,invoice_logistik_202312_0909.csv,277605,2023-09-08,ftp-pusat,invoice|logistik|277605|total revisi draft
DOC-0003705,surat_pemasaran_202201_7420.xlsx,3880837,2024-01-10,nas-lokal-01,surat|pemasaran|3880837|final rekap arsip
DOC-0001850,presentasi_hukum_202305_5677.csv,329088,2024-07-20,ftp-pusat,presentasi|hukum|329088|draft total pending
DUP-0000299,backup_audit_202202_3269.pdf,186810,2023-02-28,cloud-storage-aws,backup|audit|186810|revisi total pending periode
DUP-0000455,invoice_audit_202209_2857.zip,1385971,2024-12-30,portal-upload-web,invoice|audit|1385971|revisi rekap draft
DOC-0001528,laporan_audit_202307_5189.csv,2756716,2024-06-23,server-arsip-surabaya,laporan|audit|2756716|pending approved draft final
DUP-0000498,dataset_manajemen_202311_9986.txt,2087747,2022-05-16,nas-lokal-02,dataset|manajemen|2087747|approved final rekap revisi
DOC-0003697,gambar_pemasaran_202305_7972.zip,45128,2024-09-08,server-arsip-surabaya,gambar|pemasaran|45128|final draft revisi
DOC-0004103,invoice_manajemen_202212_2236.xlsx,493131228,2022-10-16,ftp-pusat,invoice|manajemen|493131228|draft final rekap data dokumen
DUP-0000127,memo_sdm_202308_4097.docx,323858696,2024-07-22,server-arsip-bandung,memo|sdm|323858696|periode rekap revisi draft
DOC-0003150,surat_audit_202206_6246.json,6346907,2022-07-15,cloud-storage-gcp,surat|audit|6346907|data total approved final
DOC-0002062,gambar_pemasaran_202411_7366.csv,2192026,2024-08-06,server-arsip-jakarta,gambar|pemasaran|2192026|dokumen file rekap approved
DOC-0002136,backup_operasional_202407_1180.png,22987154,2023-01-11,nas-lokal-02,backup|operasional|22987154|final dokumen data
DOC-0003808,dataset_logistik_202303_1435.xml,324784,2023-04-01,server-arsip-surabaya,dataset|logistik|324784|dokumen periode file
DOC-0003364,kontrak_manajemen_202302_3350.csv,3889235,2022-10-24,backup-eksternal,kontrak|manajemen|3889235|rekap file final
DOC-0003092,kontrak_logistik_202408_0420.jpg,32022038,2023-02-28,backup-eksternal,kontrak|logistik|32022038|draft pending arsip file
DOC-0001726,surat_riset_202306_0519.docx,183238,2022-10-16,backup-eksternal,surat|riset|183238|rekap dokumen final
DOC-0002153,gambar_audit_202204_7857.csv,3926108,2022-10-30,server-arsip-surabaya,gambar|audit|3926108|approved periode arsip total dokumen
DOC-0000705,memo_manajemen_202303_1647.jpg,2510896,2024-10-31,nas-lokal-02,memo|manajemen|2510896|rekap revisi periode
DOC-0004141,invoice_operasional_202409_2793.json,34877627,2023-08-28,nas-lokal-01,invoice|operasional|34877627|data approved file revisi dokumen
DOC-0003455,laporan_hukum_202404_7073.xlsx,142373,2023-06-14,nas-lokal-02,laporan|hukum|142373|dokumen revisi pending rekap
DOC-0001644,presentasi_audit_202405_0119.txt,3256189,2023-08-20,cloud-storage-gcp,presentasi|audit|3256189|periode pending file arsip rekap
DOC-0003573,gambar_pemasaran_202206_2138.pdf,120198,2024-04-15,backup-eksternal,gambar|pemasaran|120198|dokumen final periode file
DOC-0004186,invoice_audit_202306_8273.jpg,303728,2022-07-01,nas-lokal-01,invoice|audit|303728|dokumen total arsip approved periode
DOC-0000785,invoice_manajemen_202411_8308.pdf,35341392,2024-06-01,nas-lokal-01,invoice|manajemen|35341392|arsip draft dokumen
DOC-0002845,surat_keuangan_202403_3406.json,499816,2024-12-20,cloud-storage-aws,surat|keuangan|499816|periode file revisi pending
DOC-0002039,memo_riset_202407_0717.xml,210618,2022-05-04,server-arsip-surabaya,memo|riset|210618|rekap final approved file
DOC-0000178,surat_manajemen_202306_4025.json,349464,2024-03-13,backup-eksternal,surat|manajemen|349464|final dokumen pending arsip draft
DOC-0001329,laporan_riset_202403_7993.docx,19596842,2024-12-15,ftp-pusat,laporan|riset|19596842|final pending dokumen rekap
DOC-0002863,backup_riset_202301_3406.pdf,1023438,2023-04-19,nas-lokal-02,backup|riset|1023438|periode pending file final arsip
DUP-0000298,dataset_manajemen_202411_4335.pdf,156033,2024-06-02,backup-eksternal,dataset|manajemen|156033|revisi file periode dokumen total
DOC-0002392,invoice_hukum_202301_2406.png,360720,2024-01-03,server-arsip-jakarta,invoice|hukum|360720|approved final periode
DOC-0003398,log_hukum_202305_0381.csv,124296,2022-01-02,server-arsip-bandung,log|hukum|124296|arsip rekap total dokumen data
DUP-0000176,backup_riset_202412_7075.pdf,486562312,2022-02-22,cloud-storage-aws,backup|riset|486562312|periode rekap draft total final
DOC-0001593,log_riset_202311_2443.jpg,402684,2023-10-07,cloud-storage-gcp,log|riset|402684|file periode data draft
DOC-0001224,dataset_manajemen_202312_8073.png,1305441,2024-09-28,cloud-storage-aws,dataset|manajemen|1305441|total arsip draft dokumen
DOC-0000013,backup_logistik_202207_5794.xml,221854,2022-10-14,backup-eksternal,backup|logistik|221854|rekap revisi data final
DOC-0001624,gambar_teknologi_202210_6947.xlsx,3970441,2024-11-06,nas-lokal-01,gambar|teknologi|3970441|arsip file data dokumen
DOC-0000528,kontrak_logistik_202404_9147.docx,453192,2023-01-10,server-arsip-bandung,kontrak|logistik|453192|data file approved final
DOC-0000878,laporan_logistik_202309_2176.jpg,4870629,2023-08-20,server-arsip-jakarta,laporan|logistik|4870629|total approved data draft
DOC-0004203,memo_keuangan_202410_5811.xlsx,641537,2023-04-29,ftp-pusat,memo|keuangan|641537|dokumen pending rekap approved final
DOC-0004327,kontrak_logistik_202304_7905.json,21782041,2022-03-18,cloud-storage-gcp,kontrak|logistik|21782041|data total final
DOC-0001716,invoice_logistik_202311_7748.png,4903527,2023-01-23,nas-lokal-01,invoice|logistik|4903527|total arsip periode file pending
DOC-0004014,log_riset_202203_7593.docx,4629299,2024-05-02,server-arsip-bandung,log|riset|4629299|data dokumen rekap revisi pending
DOC-0002949,kontrak_operasional_202411_3657.docx,1543567,2022-07-15,cloud-storage-aws,kontrak|operasional|1543567|pending data final revisi
DOC-0002303,dataset_logistik_202307_5018.zip,2072030,2023-06-26,ftp-pusat,dataset|logistik|2072030|data dokumen final
DOC-0003187,gambar_hukum_202211_2358.pdf,415246720,2024-08-02,nas-lokal-01,gambar|hukum|415246720|approved rekap arsip dokumen draft
DOC-0003340,log_manajemen_202409_3213.docx,370857,2023-02-27,nas-lokal-02,log|manajemen|370857|dokumen pending final data
DUP-0000293,dataset_keuangan_202309_7999.xlsx,21338949,2023-01-21,server-arsip-surabaya,dataset|keuangan|21338949|dokumen periode data
DOC-0000146,gambar_manajemen_202410_7860.jpg,21827,2022-05-10,server-arsip-surabaya,gambar|manajemen|21827|total approved data
DOC-0003269,kontrak_sdm_202309_9311.pdf,246454,2023-01-02,ftp-pusat,kontrak|sdm|246454|dokumen rekap draft
DOC-0000237,invoice_manajemen_202403_7757.jpg,1477222,2024-10-09,ftp-pusat,invoice|manajemen|1477222|file draft total rekap data
DOC-0003524,presentasi_hukum_202405_6989.zip,276732,2023-12-19,cloud-storage-aws,presentasi|hukum|276732|draft total dokumen final rekap
DOC-0001204,laporan_hukum_202212_5363.xml,7525921,2024-08-31,server-arsip-surabaya,laporan|hukum|7525921|final periode data
DOC-0000973,kontrak_operasional_202303_8619.pdf,4451391,2023-01-30,nas-lokal-01,kontrak|operasional|4451391|dokumen file final rekap arsip
DOC-0000463,dataset_manajemen_202305_1420.json,538617,2024-10-29,portal-upload-web,dataset|manajemen|538617|arsip draft final revisi
DOC-0004121,presentasi_riset_202201_6922.xml,70711,2024-04-17,backup-eksternal,presentasi|riset|70711|approved dokumen revisi periode final
DOC-0002101,log_riset_202402_2821.csv,3193009,2024-03-07,server-arsip-jakarta,log|riset|3193009|periode rekap revisi dokumen total
DOC-0004428,gambar_operasional_202201_6872.zip,1540851,2024-11-15,nas-lokal-02,gambar|operasional|1540851|rekap pending data
DOC-0002961,gambar_sdm_202303_2675.png,3537090,2023-06-12,server-arsip-bandung,gambar|sdm|3537090|draft rekap revisi
DOC-0000184,backup_keuangan_202405_7967.xlsx,398212,2022-09-13,server-arsip-bandung,backup|keuangan|398212|approved revisi data
DOC-0001244,memo_pemasaran_202305_1789.xml,235129,2022-06-20,nas-lokal-02,memo|pemasaran|235129|draft data revisi
DOC-0001744,gambar_sdm_202308_5357.zip,357117,2022-07-28,nas-lokal-02,gambar|sdm|357117|final data dokumen total
DOC-0004401,kontrak_audit_202412_5040.xml,4533467,2024-12-04,nas-lokal-02,kontrak|audit|4533467|data draft approved
DOC-0004133,gambar_keuangan_202307_6845.txt,1471987,2024-09-16,server-arsip-jakarta,gambar|keuangan|1471987|revisi file rekap arsip
DOC-0002299,laporan_manajemen_202306_2166.zip,26522402,2024-01-29,nas-lokal-02,laporan|manajemen|26522402|revisi pending final dokumen arsip
DOC-0004129,kontrak_teknologi_202302_4241.xml,243981,2024-07-30,nas-lokal-02,kontrak|teknologi|243981|draft pending total approved
DUP-0000053,kontrak_teknologi_202209_8611.png,40821,2023-07-06,cloud-storage-gcp,kontrak|teknologi|40821|final rekap arsip revisi
DOC-0001170,memo_sdm_202305_1690.pdf,327565,2022-02-04,server-arsip-surabaya,memo|sdm|327565|revisi arsip pending file draft
DOC-0000420,log_keuangan_202304_3151.zip,3088066,2024-11-03,portal-upload-web,log|keuangan|3088066|approved periode revisi
DOC-0003886,invoice_audit_202303_6328.xml,99223173,2024-05-08,server-arsip-surabaya,invoice|audit|99223173|final revisi approved pending
DOC-0000984,invoice_operasional_202206_3604.zip,8931655,2022-02-11,ftp-pusat,invoice|operasional|8931655|revisi pending approved periode
DOC-0003392,log_logistik_202403_9290.png,173703,2023-11-27,portal-upload-web,log|logistik|173703|draft pending total final data
DOC-0003065,surat_riset_202308_1282.png,24673329,2023-04-13,cloud-storage-gcp,surat|riset|24673329|periode draft revisi
DOC-0004162,backup_sdm_202402_4703.json,2698414,2022-01-14,ftp-pusat,backup|sdm|2698414|final draft dokumen periode
DOC-0004097,backup_hukum_202212_1868.docx,430402,2024-06-09,backup-eksternal,backup|hukum|430402|total data final
DOC-0003818,log_keuangan_202401_8623.jpg,4290667,2024-10-09,server-arsip-bandung,log|keuangan|4290667|draft revisi arsip
DOC-0002559,gambar_keuangan_202210_3531.png,65738,2022-12-22,nas-lokal-01,gambar|keuangan|65738|pending dokumen file final
DOC-0003444,kontrak_keuangan_202402_9821.png,121203,2022-06-28,portal-upload-web,kontrak|keuangan|121203|arsip periode file
DOC-0000189,dataset_manajemen_202404_1060.png,418557678,2024-07-15,server-arsip-jakarta,dataset|manajemen|418557678|dokumen draft data approved
DOC-0001863,surat_sdm_202307_5810.png,2350626,2023-12-04,cloud-storage-gcp,surat|sdm|2350626|approved total pending periode
DOC-0003488,presentasi_operasional_202301_0841.csv,1794639,2023-06-25,ftp-pusat,presentasi|operasional|1794639|data file dokumen pending final
DOC-0000477,backup_hukum_202204_7020.pdf,76089,2022-04-04,ftp-pusat,backup|hukum|76089|file final total dokumen data
DUP-0000023,gambar_audit_202411_3168.xml,492977,2023-10-10,server-arsip-jakarta,gambar|audit|492977|data rekap pending arsip revisi
DOC-0000392,backup_audit_202409_4795.docx,30650434,2022-07-29,nas-lokal-02,backup|audit|30650434|total periode revisi pending
DOC-0002284,memo_riset_202307_2205.zip,2865768,2023-10-10,backup-eksternal,memo|riset|2865768|rekap total revisi arsip
DOC-0000719,memo_riset_202202_4525.docx,180840,2024-10-18,nas-lokal-02,memo|riset|180840|periode pending arsip approved
DOC-0000479,presentasi_sdm_202201_6678.pdf,47047,2024-09-24,portal-upload-web,presentasi|sdm|47047|rekap data file approved arsip
DOC-0003284,log_teknologi_202203_7588.xlsx,437938,2022-09-12,server-arsip-bandung,log|teknologi|437938|data total arsip
DOC-0003879,surat_riset_202208_8184.png,718903,2024-11-23,server-arsip-bandung,surat|riset|718903|file approved arsip pending rekap
DOC-0002552,log_manajemen_202412_8657.csv,18648443,2022-10-11,nas-lokal-02,log|manajemen|18648443|pending approved dokumen final total
DOC-0003611,gambar_manajemen_202410_2454.xml,2217058,2024-02-01,server-arsip-surabaya,gambar|manajemen|2217058|total final dokumen revisi pending
DOC-0003550,gambar_hukum_202407_1905.zip,3814610,2024-02-09,server-arsip-surabaya,gambar|hukum|3814610|periode dokumen revisi data
DUP-0000258,gambar_teknologi_202209_1052.jpg,386533,2024-03-29,cloud-storage-gcp,gambar|teknologi|386533|periode data total
DOC-0000138,dataset_teknologi_202309_6133.xlsx,2860699,2024-11-12,nas-lokal-02,dataset|teknologi|2860699|revisi dokumen final
DOC-0004429,presentasi_audit_202307_2266.docx,422181,2023-01-21,portal-upload-web,presentasi|audit|422181|final pending approved file dokumen
DOC-0004318,backup_sdm_202401_2998.xml,365226,2022-11-24,backup-eksternal,backup|sdm|365226|file final approved data
DOC-0002790,surat_logistik_202210_4906.pdf,2949385,2024-01-16,cloud-storage-aws,surat|logistik|2949385|final dokumen pending revisi periode
DOC-0002166,backup_logistik_202406_7712.pdf,4600317,2024-10-29,ftp-pusat,backup|logistik|4600317|file pending revisi
DOC-0003812,kontrak_keuangan_202401_5732.docx,246303278,2022-11-24,backup-eksternal,kontrak|keuangan|246303278|total file arsip
DOC-0004389,kontrak_teknologi_202211_9527.xml,275500,2024-07-23,portal-upload-web,kontrak|teknologi|275500|total file data revisi rekap
DOC-0001352,surat_operasional_202310_6399.zip,75204,2024-06-20,server-arsip-jakarta,surat|operasional|75204|rekap draft data arsip
DUP-0000156,dataset_pemasaran_202410_5920.json,355030,2024-09-22,ftp-pusat,dataset|pemasaran|355030|revisi draft total approved
DOC-0001448,invoice_audit_202205_5639.xlsx,4990719,2022-10-23,portal-upload-web,invoice|audit|4990719|approved pending file
DOC-0000467,dataset_riset_202407_0638.pdf,2790162,2024-05-29,backup-eksternal,dataset|riset|2790162|dokumen arsip revisi
DOC-0000718,presentasi_hukum_202409_6360.xml,3559564,2023-08-19,nas-lokal-02,presentasi|hukum|3559564|revisi file dokumen draft data
DOC-0001943,laporan_teknologi_202401_2186.json,282814428,2024-12-22,nas-lokal-01,laporan|teknologi|282814428|data approved dokumen file arsip
DOC-0004339,dataset_riset_202402_5926.docx,499493,2024-04-25,backup-eksternal,dataset|riset|499493|data rekap pending final
DOC-0000850,backup_keuangan_202302_3428.json,144039,2023-05-18,portal-upload-web,backup|keuangan|144039|final pending dokumen file
DOC-0000011,presentasi_sdm_202210_2575.txt,16527779,2023-10-29,ftp-pusat,presentasi|sdm|16527779|data dokumen approved final
DOC-0000793,invoice_manajemen_202201_6028.json,34473489,2023-06-14,portal-upload-web,invoice|manajemen|34473489|periode final revisi arsip data
DOC-0004080,surat_riset_202207_2135.docx,12256210,2023-07-29,server-arsip-jakarta,surat|riset|12256210|file revisi total draft periode
DUP-0000229,log_logistik_202403_1922.csv,827766,2023-04-04,portal-upload-web,log|logistik|827766|approved draft final file periode
DOC-0003830,kontrak_pemasaran_202302_0153.jpg,3541417,2024-12-12,ftp-pusat,kontrak|pemasaran|3541417|periode data total pending dokumen
DOC-0003023,surat_manajemen_202206_7196.png,29447102,2022-10-08,server-arsip-bandung,surat|manajemen|29447102|total rekap dokumen arsip
DOC-0003640,gambar_logistik_202302_5236.docx,3560188,2022-08-09,ftp-pusat,gambar|logistik|3560188|data total rekap
DOC-0003016,dataset_logistik_202411_4744.json,394635,2022-09-20,backup-eksternal,dataset|logistik|394635|dokumen final approved data
DOC-0003992,memo_hukum_202403_8654.pdf,42639777,2024-07-12,server-arsip-jakarta,memo|hukum|42639777|draft total pending
DOC-0001361,presentasi_pemasaran_202202_8689.xml,82615,2022-10-06,server-arsip-surabaya,presentasi|pemasaran|82615|approved revisi total
DOC-0003246,kontrak_logistik_202312_4560.json,191645,2022-07-26,nas-lokal-02,kontrak|logistik|191645|approved file data pending
DOC-0000791,dataset_operasional_202405_2585.zip,222454,2022-03-03,cloud-storage-aws,dataset|operasional|222454|file dokumen arsip revisi total
DOC-0001371,backup_teknologi_202406_5674.zip,37807161,2022-05-19,portal-upload-web,backup|teknologi|37807161|periode final pending data total
DOC-0000559,dataset_sdm_202205_7496.xlsx,140369,2023-08-23,server-arsip-surabaya,dataset|sdm|140369|approved revisi total rekap
DOC-0003814,invoice_keuangan_202310_9904.docx,354391870,2023-01-18,server-arsip-surabaya,invoice|keuangan|354391870|final dokumen periode
DOC-0003732,gambar_sdm_202310_8035.png,39240,2023-11-07,cloud-storage-gcp,gambar|sdm|39240|revisi periode approved
DUP-0000306,laporan_pemasaran_202304_3918.pdf,101037553,2022-11-07,cloud-storage-aws,laporan|pemasaran|101037553|periode draft dokumen revisi
DUP-0000385,invoice_hukum_202312_4207.png,57132,2022-06-30,cloud-storage-gcp,invoice|hukum|57132|draft file final data
DOC-0002657,gambar_operasional_202309_0042.txt,445065,2024-11-30,nas-lokal-01,gambar|operasional|445065|periode pending total final revisi
DOC-0002818,memo_hukum_202312_7119.docx,18083,2023-08-17,portal-upload-web,memo|hukum|18083|approved pending periode data file
DOC-0003585,gambar_hukum_202404_2837.zip,1598864,2024-10-14,server-arsip-bandung,gambar|hukum|1598864|file pending revisi
DOC-0002316,memo_operasional_202207_9149.jpg,254241,2024-08-02,backup-eksternal,memo|operasional|254241|revisi arsip data final total
DUP-0000362,laporan_hukum_202411_1668.xml,3502831,2023-04-06,nas-lokal-02,laporan|hukum|3502831|file periode data dokumen
DOC-0000824,presentasi_hukum_202401_9132.zip,257053,2024-01-02,server-arsip-bandung,presentasi|hukum|257053|file revisi periode arsip
DOC-0004424,memo_operasional_202307_8261.jpg,2420772,2022-03-09,server-arsip-surabaya,memo|operasional|2420772|draft file final arsip data
DOC-0003109,memo_teknologi_202401_0443.jpg,3477194,2024-11-12,nas-lokal-02,memo|teknologi|3477194|data dokumen periode final
DOC-0003873,laporan_pemasaran_202305_0495.docx,20917021,2023-01-09,backup-eksternal,laporan|pemasaran|20917021|draft final pending rekap
DOC-0001656,presentasi_operasional_202302_5548.csv,4304089,2022-01-31,cloud-storage-gcp,presentasi|operasional|4304089|arsip final dokumen total draft
DOC-0003580,dataset_hukum_202206_6486.zip,174229,2022-06-10,server-arsip-bandung,dataset|hukum|174229|draft file data total rekap
DOC-0002443,surat_keuangan_202409_6777.txt,43816,2022-07-09,backup-eksternal,surat|keuangan|43816|dokumen arsip file approved
DUP-0000071,log_teknologi_202310_1919.csv,251464946,2024-09-25,nas-lokal-01,log|teknologi|251464946|pending arsip revisi
DOC-0003927,memo_sdm_202404_1768.png,318925,2024-11-18,server-arsip-bandung,memo|sdm|318925|rekap revisi final data file
DOC-0003185,log_operasional_202202_0973.txt,211960,2024-04-09,nas-lokal-01,log|operasional|211960|final dokumen file
DOC-0003870,backup_logistik_202306_7960.zip,419572,2022-04-10,server-arsip-bandung,backup|logistik|419572|draft rekap arsip dokumen
DOC-0000190,laporan_audit_202207_4177.xml,4057926,2023-12-15,cloud-storage-aws,laporan|audit|4057926|draft final pending periode
DOC-0003454,dataset_sdm_202401_1889.json,3436333,2022-10-17,server-arsip-bandung,dataset|sdm|3436333|draft file revisi
DOC-0002725,backup_keuangan_202410_3061.jpg,228150,2024-01-09,server-arsip-jakarta,backup|keuangan|228150|file dokumen arsip rekap draft
DOC-0002197,memo_hukum_202212_7585.zip,12684205,2022-04-02,cloud-storage-gcp,memo|hukum|12684205|arsip pending approved periode rekap
DOC-0000187,gambar_logistik_202309_6356.jpg,20861,2024-06-24,portal-upload-web,gambar|logistik|20861|draft periode total
DOC-0000403,presentasi_logistik_202310_6524.json,498117,2023-01-08,cloud-storage-gcp,presentasi|logistik|498117|rekap dokumen approved final data
DOC-0000556,kontrak_pemasaran_202212_7561.docx,70187,2023-11-14,nas-lokal-02,kontrak|pemasaran|70187|arsip dokumen approved revisi
DOC-0004437,surat_logistik_202410_3016.jpg,162002997,2024-11-04,nas-lokal-02,surat|logistik|162002997|revisi approved dokumen file final
DOC-0001317,memo_logistik_202307_8632.png,28517,2024-11-20,nas-lokal-02,memo|logistik|28517|draft total arsip file
DOC-0004092,backup_pemasaran_202203_3190.pdf,76661,2022-11-20,server-arsip-bandung,backup|pemasaran|76661|dokumen file periode
DOC-0001671,laporan_sdm_202412_3111.xml,27290,2023-05-02,cloud-storage-aws,laporan|sdm|27290|approved revisi pending rekap periode
DOC-0003708,dataset_hukum_202209_0061.xml,836669,2022-09-26,ftp-pusat,dataset|hukum|836669|periode file data
DOC-0000034,dataset_hukum_202309_7216.docx,299340739,2022-10-03,portal-upload-web,dataset|hukum|299340739|rekap final pending dokumen data
DUP-0000134,gambar_riset_202205_7709.docx,1682008,2023-06-08,portal-upload-web,gambar|riset|1682008|arsip final pending data approved
DOC-0001102,log_pemasaran_202406_1708.pdf,40777946,2023-01-05,cloud-storage-aws,log|pemasaran|40777946|rekap arsip draft total
DUP-0000282,kontrak_riset_202202_9954.xml,401532,2022-12-12,cloud-storage-gcp,kontrak|riset|401532|file total periode arsip revisi
DOC-0001790,invoice_hukum_202403_0455.zip,6813215,2024-02-16,server-arsip-jakarta,invoice|hukum|6813215|total revisi approved data
DOC-0000078,invoice_pemasaran_202308_4706.jpg,3761564,2022-04-23,ftp-pusat,invoice|pemasaran|3761564|revisi total final
DUP-0000474,memo_manajemen_202401_8974.docx,2345988,2023-09-02,server-arsip-surabaya,memo|manajemen|2345988|pending periode revisi dokumen
DOC-0002190,gambar_keuangan_202307_8738.zip,1470615,2022-07-30,cloud-storage-aws,gambar|keuangan|1470615|revisi data arsip
DUP-0000116,gambar_operasional_202201_6872.zip,1540851,2024-11-15,nas-lokal-02,gambar|operasional|1540851|rekap pending data
DOC-0000967,laporan_keuangan_202412_5583.json,339603,2024-06-05,backup-eksternal,laporan|keuangan|339603|data approved revisi draft
DOC-0000327,backup_logistik_202410_8754.png,7646426,2023-07-04,cloud-storage-aws,backup|logistik|7646426|dokumen file arsip final
DUP-0000025,memo_audit_202411_6090.txt,4893658,2022-08-21,backup-eksternal,memo|audit|4893658|dokumen data approved arsip
DOC-0002815,invoice_teknologi_202202_4616.pdf,69308,2024-05-18,cloud-storage-gcp,invoice|teknologi|69308|periode total final revisi
DOC-0003913,invoice_hukum_202207_8032.jpg,1264468,2024-12-31,backup-eksternal,invoice|hukum|1264468|final arsip rekap
DOC-0002326,laporan_sdm_202206_8889.json,23176132,2022-03-26,cloud-storage-gcp,laporan|sdm|23176132|total file arsip rekap
DOC-0000806,dataset_operasional_202312_9339.jpg,1497041,2024-07-14,backup-eksternal,dataset|operasional|1497041|arsip draft final
DOC-0001274,surat_sdm_202301_0318.jpg,555611,2023-10-26,server-arsip-bandung,surat|sdm|555611|rekap periode arsip pending final
DOC-0002477,dataset_sdm_202205_9441.xml,45774,2023-07-12,nas-lokal-02,dataset|sdm|45774|pending revisi rekap
DUP-0000270,kontrak_sdm_202206_4851.docx,142822706,2024-11-13,server-arsip-bandung,kontrak|sdm|142822706|draft arsip periode approved data
DOC-0000334,invoice_sdm_202406_6137.csv,16804933,2023-07-04,cloud-storage-gcp,invoice|sdm|16804933|arsip approved pending
DUP-0000028,invoice_sdm_202207_2018.pdf,262629,2024-01-12,portal-upload-web,invoice|sdm|262629|pending revisi arsip
DOC-0004387,backup_keuangan_202206_2617.jpg,42376283,2024-09-30,backup-eksternal,backup|keuangan|42376283|total file draft periode pending
DOC-0003676,gambar_pemasaran_202407_2757.json,301359341,2022-05-28,nas-lokal-02,gambar|pemasaran|301359341|final arsip file
DOC-0000938,surat_operasional_202310_7254.xlsx,3003170,2024-05-26,server-arsip-jakarta,surat|operasional|3003170|final dokumen arsip
DOC-0002514,log_teknologi_202406_7765.pdf,296789,2024-11-04,server-arsip-bandung,log|teknologi|296789|draft approved rekap arsip
DOC-0001384,log_operasional_202401_1636.csv,27232351,2023-11-06,server-arsip-bandung,log|operasional|27232351|approved final periode file
DUP-0000451,log_manajemen_202407_1994.jpg,37269059,2022-01-23,ftp-pusat,log|manajemen|37269059|final revisi draft
DOC-0002554,dataset_teknologi_202209_3922.zip,24932544,2023-10-25,portal-upload-web,dataset|teknologi|24932544|file dokumen final
DOC-0003666,log_teknologi_202205_9943.docx,34614131,2024-05-31,cloud-storage-aws,log|teknologi|34614131|total draft data
DOC-0002977,log_operasional_202212_8959.png,488646371,2023-07-06,nas-lokal-01,log|operasional|488646371|total approved revisi rekap periode
DUP-0000175,invoice_sdm_202403_4796.zip,42071155,2022-12-31,server-arsip-surabaya,invoice|sdm|42071155|periode arsip data
DOC-0000937,kontrak_riset_202203_3986.xml,112676305,2023-06-05,nas-lokal-01,kontrak|riset|112676305|data final draft periode
DOC-0001340,gambar_keuangan_202402_3748.zip,182570721,2024-03-16,portal-upload-web,gambar|keuangan|182570721|total periode approved final
DOC-0004289,surat_hukum_202306_6247.xlsx,33193252,2024-02-14,backup-eksternal,surat|hukum|33193252|pending rekap draft file
DOC-0001905,laporan_manajemen_202406_3420.zip,263402,2022-02-17,cloud-storage-gcp,laporan|manajemen|263402|rekap draft revisi total final
DOC-0003209,memo_pemasaran_202309_7882.csv,265038,2024-06-06,backup-eksternal,memo|pemasaran|265038|final approved pending periode data
DOC-0003255,memo_riset_202310_6794.jpg,79773,2022-06-12,nas-lokal-02,memo|riset|79773|revisi approved pending dokumen total
DOC-0003520,kontrak_riset_202403_8866.csv,265472,2023-01-12,ftp-pusat,kontrak|riset|265472|rekap total periode draft
DOC-0004297,laporan_hukum_202306_3231.txt,609696,2023-02-17,server-arsip-surabaya,laporan|hukum|609696|dokumen approved file
DOC-0002957,presentasi_logistik_202307_5335.txt,515901,2022-07-26,cloud-storage-gcp,presentasi|logistik|515901|final file approved draft
DOC-0000270,log_sdm_202203_3613.xlsx,267167,2022-07-03,ftp-pusat,log|sdm|267167|dokumen pending total
DOC-0002482,log_teknologi_202201_3689.docx,200171,2023-06-08,nas-lokal-01,log|teknologi|200171|arsip data final approved
DOC-0000096,log_teknologi_202404_5955.txt,110120,2024-08-06,ftp-pusat,log|teknologi|110120|draft data final revisi
DOC-0003461,kontrak_teknologi_202207_3827.xml,143476,2024-06-30,server-arsip-jakarta,kontrak|teknologi|143476|data periode pending final
DOC-0003477,gambar_sdm_202212_1903.zip,1603452,2024-12-07,backup-eksternal,gambar|sdm|1603452|arsip approved revisi
DOC-0004086,kontrak_hukum_202401_5407.json,41471644,2024-02-26,server-arsip-jakarta,kontrak|hukum|41471644|periode file final
DOC-0001256,laporan_teknologi_202312_7393.txt,314162,2023-11-14,backup-eksternal,laporan|teknologi|314162|draft total rekap final
DOC-0002215,laporan_manajemen_202207_8700.zip,3468041,2024-03-21,nas-lokal-02,laporan|manajemen|3468041|rekap arsip revisi approved
DUP-0000120,surat_riset_202407_8202.txt,48621913,2023-10-26,nas-lokal-02,surat|riset|48621913|file approved dokumen
DUP-0000251,memo_teknologi_202401_3125.png,307245,2023-10-29,server-arsip-surabaya,memo|teknologi|307245|file dokumen approved
DOC-0000597,memo_hukum_202211_8288.pdf,151936711,2022-11-18,cloud-storage-aws,memo|hukum|151936711|file dokumen periode
DUP-0000022,kontrak_audit_202408_4333.txt,43277308,2022-08-17,nas-lokal-01,kontrak|audit|43277308|periode rekap dokumen final total
DOC-0002687,surat_riset_202210_2622.xlsx,236585,2022-12-06,server-arsip-surabaya,surat|riset|236585|arsip revisi data
DOC-0003386,surat_sdm_202203_4910.xml,20571415,2022-04-11,ftp-pusat,surat|sdm|20571415|data pending file
DUP-0000442,memo_manajemen_202206_2175.xml,323837,2024-08-26,server-arsip-jakarta,memo|manajemen|323837|periode draft dokumen approved total
DOC-0002690,memo_pemasaran_202411_9295.xml,720476,2023-03-28,portal-upload-web,memo|pemasaran|720476|revisi data draft rekap final
DOC-0002819,surat_teknologi_202208_1855.zip,720529,2022-08-06,portal-upload-web,surat|teknologi|720529|pending draft rekap data
DOC-0004466,presentasi_sdm_202410_6633.txt,71363320,2024-05-05,server-arsip-surabaya,presentasi|sdm|71363320|periode draft rekap pending
DOC-0001326,surat_pemasaran_202203_5519.docx,3667473,2022-11-14,backup-eksternal,surat|pemasaran|3667473|data approved rekap dokumen
DOC-0002391,invoice_logistik_202310_1737.xml,415865,2022-04-04,backup-eksternal,invoice|logistik|415865|data arsip approved
DOC-0004094,backup_hukum_202402_9826.xml,8516964,2023-11-27,cloud-storage-aws,backup|hukum|8516964|periode total rekap draft pending
DOC-0000023,dataset_sdm_202406_8723.csv,44216842,2024-07-26,cloud-storage-aws,dataset|sdm|44216842|draft dokumen periode revisi data
DOC-0001839,backup_sdm_202212_3585.docx,1643812,2024-12-09,server-arsip-surabaya,backup|sdm|1643812|draft dokumen rekap
DOC-0001583,log_sdm_202410_6768.csv,31844930,2024-09-16,server-arsip-jakarta,log|sdm|31844930|approved draft file
DOC-0001665,memo_pemasaran_202306_5509.json,2930936,2024-01-15,nas-lokal-02,memo|pemasaran|2930936|total approved arsip
DOC-0004149,dataset_hukum_202304_4029.json,48159193,2024-03-08,server-arsip-jakarta,dataset|hukum|48159193|data total rekap file
DOC-0003780,backup_logistik_202411_1549.json,49098468,2024-09-14,ftp-pusat,backup|logistik|49098468|draft final arsip
DOC-0000506,laporan_riset_202410_1608.png,368964961,2024-04-14,server-arsip-surabaya,laporan|riset|368964961|revisi final total approved data
DOC-0003543,backup_sdm_202307_3903.pdf,180777,2022-07-28,nas-lokal-02,backup|sdm|180777|final approved rekap data arsip
DOC-0002396,presentasi_pemasaran_202403_3743.xlsx,334228854,2022-04-12,server-arsip-bandung,presentasi|pemasaran|334228854|final revisi rekap data
DOC-0003988,dataset_logistik_202407_7746.xlsx,192417,2023-07-07,ftp-pusat,dataset|logistik|192417|approved revisi pending final dokumen
DOC-0004230,gambar_pemasaran_202208_1169.png,4135699,2022-04-30,nas-lokal-02,gambar|pemasaran|4135699|rekap final periode
DOC-0002802,kontrak_pemasaran_202302_2546.json,2778066,2024-07-01,server-arsip-jakarta,kontrak|pemasaran|2778066|rekap dokumen revisi
DOC-0000385,surat_logistik_202201_9260.xlsx,113050,2024-06-10,server-arsip-surabaya,surat|logistik|113050|arsip file draft pending
DOC-0002642,presentasi_audit_202305_3446.pdf,483664,2023-10-22,backup-eksternal,presentasi|audit|483664|data periode dokumen file
DOC-0004226,backup_pemasaran_202412_3923.jpg,165108,2023-11-26,portal-upload-web,backup|pemasaran|165108|periode pending draft
DOC-0003521,kontrak_keuangan_202210_1140.pdf,107622,2022-11-17,ftp-pusat,kontrak|keuangan|107622|total periode final pending approved
DOC-0004420,invoice_sdm_202207_1474.pdf,27684,2023-11-18,nas-lokal-01,invoice|sdm|27684|file periode pending dokumen
DOC-0002956,kontrak_pemasaran_202401_4733.csv,1730838,2024-09-29,cloud-storage-gcp,kontrak|pemasaran|1730838|periode data total pending
DOC-0002525,surat_logistik_202203_0701.zip,1746923,2024-06-17,server-arsip-surabaya,surat|logistik|1746923|final arsip approved total data
DOC-0003094,surat_sdm_202301_4239.xlsx,251431,2022-06-05,server-arsip-surabaya,surat|sdm|251431|approved file final
DOC-0003080,log_manajemen_202202_2921.zip,3542306,2022-04-14,server-arsip-jakarta,log|manajemen|3542306|draft dokumen rekap final data
DOC-0001965,surat_pemasaran_202302_2635.jpg,4308014,2024-02-06,ftp-pusat,surat|pemasaran|4308014|arsip final file
DOC-0000154,log_logistik_202402_3700.txt,3922540,2024-07-18,server-arsip-surabaya,log|logistik|3922540|revisi rekap arsip total pending
DUP-0000168,surat_manajemen_202301_1754.png,401651,2022-04-08,server-arsip-surabaya,surat|manajemen|401651|revisi dokumen final total data
DOC-0004145,memo_teknologi_202203_0272.txt,244267,2023-10-23,backup-eksternal,memo|teknologi|244267|dokumen periode total revisi
DOC-0002871,surat_audit_202405_2541.pdf,2153413,2023-08-31,portal-upload-web,surat|audit|2153413|approved periode file
DOC-0000123,memo_pemasaran_202310_7759.json,13598895,2022-05-10,server-arsip-jakarta,memo|pemasaran|13598895|draft approved revisi dokumen
DOC-0001914,log_hukum_202210_1024.txt,4872274,2022-09-12,server-arsip-bandung,log|hukum|4872274|draft approved pending data
DOC-0003934,dataset_sdm_202303_0305.docx,152211,2022-11-17,server-arsip-jakarta,dataset|sdm|152211|revisi total final data
DOC-0000074,kontrak_hukum_202406_7450.png,91397,2024-03-07,backup-eksternal,kontrak|hukum|91397|data arsip total
DOC-0000260,invoice_pemasaran_202310_8797.txt,1284421,2023-05-09,server-arsip-jakarta,invoice|pemasaran|1284421|file final arsip periode
DOC-0001205,log_operasional_202311_9834.jpg,19426158,2022-12-09,backup-eksternal,log|operasional|19426158|approved arsip rekap data
DOC-0001957,laporan_sdm_202204_7721.pdf,2171150,2022-04-09,server-arsip-surabaya,laporan|sdm|2171150|total rekap dokumen revisi approved
DOC-0001773,memo_riset_202302_9617.png,154132,2023-06-02,nas-lokal-01,memo|riset|154132|file arsip approved data
DOC-0002260,dataset_operasional_202406_7436.xlsx,4361547,2022-11-02,cloud-storage-aws,dataset|operasional|4361547|file data total approved dokumen
DOC-0002897,gambar_manajemen_202411_0008.zip,1145238,2022-02-27,nas-lokal-02,gambar|manajemen|1145238|data draft total final rekap
DOC-0003491,gambar_pemasaran_202308_1534.jpg,282005,2023-10-12,backup-eksternal,gambar|pemasaran|282005|revisi file draft
DOC-0002250,memo_keuangan_202206_5805.zip,306044,2022-03-08,portal-upload-web,memo|keuangan|306044|pending dokumen periode arsip
DOC-0000116,backup_pemasaran_202405_5228.zip,1052632,2024-07-12,nas-lokal-01,backup|pemasaran|1052632|pending draft file final dokumen
DOC-0003595,memo_sdm_202404_0244.docx,565161,2024-05-01,cloud-storage-aws,memo|sdm|565161|final file revisi pending total
DOC-0000708,invoice_manajemen_202309_5385.csv,47690133,2024-01-17,server-arsip-jakarta,invoice|manajemen|47690133|total file revisi pending draft
DOC-0001598,dataset_sdm_202305_1347.docx,789127,2023-06-11,cloud-storage-gcp,dataset|sdm|789127|rekap data total
DOC-0001110,dataset_riset_202301_3547.zip,277656,2024-02-12,ftp-pusat,dataset|riset|277656|revisi rekap data final file
DUP-0000277,laporan_logistik_202202_5241.csv,3564920,2024-08-15,portal-upload-web,laporan|logistik|3564920|draft pending total
DOC-0000627,laporan_riset_202402_5778.png,1968700,2022-12-23,backup-eksternal,laporan|riset|1968700|pending revisi rekap final approved
DOC-0000449,presentasi_riset_202309_2308.txt,2197033,2024-02-13,ftp-pusat,presentasi|riset|2197033|dokumen file data approved periode
DOC-0002183,dataset_hukum_202407_7156.docx,202269,2022-07-02,cloud-storage-aws,dataset|hukum|202269|final rekap file pending draft
DOC-0002301,presentasi_keuangan_202211_7362.zip,19483186,2022-11-25,backup-eksternal,presentasi|keuangan|19483186|pending periode arsip data file
DOC-0001404,gambar_audit_202411_3168.xml,492977,2023-10-10,server-arsip-jakarta,gambar|audit|492977|data rekap pending arsip revisi
DOC-0003511,kontrak_manajemen_202304_6384.xlsx,4673366,2022-02-09,nas-lokal-01,kontrak|manajemen|4673366|dokumen rekap arsip
DOC-0003033,gambar_manajemen_202212_7064.jpg,499429,2022-12-28,cloud-storage-aws,gambar|manajemen|499429|dokumen draft revisi
DOC-0001798,laporan_keuangan_202409_2224.xml,307952,2024-03-10,cloud-storage-gcp,laporan|keuangan|307952|approved periode pending draft arsip
DOC-0000523,dataset_manajemen_202407_2884.json,90831,2022-02-24,portal-upload-web,dataset|manajemen|90831|periode dokumen pending revisi draft
DOC-0003651,kontrak_pemasaran_202207_5645.zip,2275024,2022-07-18,server-arsip-bandung,kontrak|pemasaran|2275024|approved arsip periode draft
DOC-0003494,backup_manajemen_202403_7448.json,147458,2023-11-03,nas-lokal-02,backup|manajemen|147458|pending revisi file
DOC-0001067,laporan_logistik_202311_4980.jpg,18977343,2023-06-03,nas-lokal-01,laporan|logistik|18977343|final draft total
DOC-0003960,invoice_operasional_202206_9064.xml,1599920,2023-07-18,portal-upload-web,invoice|operasional|1599920|final file pending draft revisi
DOC-0000168,kontrak_logistik_202202_8595.pdf,277489,2023-06-29,portal-upload-web,kontrak|logistik|277489|rekap final periode draft revisi
DOC-0000347,backup_operasional_202402_1360.xlsx,3054682,2024-05-26,nas-lokal-01,backup|operasional|3054682|periode rekap data
DOC-0003527,backup_teknologi_202303_6109.docx,2048958,2023-07-06,cloud-storage-gcp,backup|teknologi|2048958|dokumen draft data rekap revisi
DOC-0004362,invoice_logistik_202406_7592.xml,12817312,2022-03-16,server-arsip-jakarta,invoice|logistik|12817312|rekap dokumen periode
DOC-0003743,log_riset_202405_8925.jpg,360588465,2023-09-16,cloud-storage-gcp,log|riset|360588465|approved rekap periode
DOC-0001703,backup_riset_202304_7387.csv,414262,2024-07-08,server-arsip-jakarta,backup|riset|414262|data periode total pending rekap
DOC-0000585,kontrak_sdm_202206_4851.docx,142822706,2024-11-13,server-arsip-bandung,kontrak|sdm|142822706|draft arsip periode approved data
DUP-0000044,log_logistik_202203_9074.docx,85714,2024-04-22,server-arsip-bandung,log|logistik|85714|rekap periode final draft
DOC-0001388,dataset_sdm_202406_0766.json,2164949,2022-08-07,server-arsip-bandung,dataset|sdm|2164949|draft periode file
DOC-0004482,gambar_logistik_202410_9055.json,26469672,2024-11-08,server-arsip-surabaya,gambar|logistik|26469672|dokumen total approved
DOC-0003884,laporan_keuangan_202203_0179.txt,127775,2022-08-17,portal-upload-web,laporan|keuangan|127775|approved data arsip
DOC-0001486,invoice_teknologi_202309_0564.pdf,320411,2022-11-30,portal-upload-web,invoice|teknologi|320411|dokumen rekap arsip file total
DOC-0000223,kontrak_operasional_202303_0689.xml,469025,2022-10-15,cloud-storage-aws,kontrak|operasional|469025|dokumen pending final revisi periode
DOC-0001501,gambar_operasional_202203_0633.docx,267474,2024-03-30,cloud-storage-aws,gambar|operasional|267474|pending draft data
DOC-0002729,invoice_audit_202212_0666.xml,3615108,2023-07-26,cloud-storage-aws,invoice|audit|3615108|draft data revisi total
DOC-0003787,log_manajemen_202407_9209.jpg,2138549,2023-08-29,cloud-storage-gcp,log|manajemen|2138549|file arsip rekap
DOC-0003066,log_teknologi_202207_6040.csv,10856764,2024-07-28,server-arsip-surabaya,log|teknologi|10856764|file dokumen pending approved arsip
DOC-0002598,backup_manajemen_202405_8847.txt,4552392,2024-04-03,nas-lokal-01,backup|manajemen|4552392|revisi rekap arsip
DOC-0002021,invoice_pemasaran_202301_6034.png,4027073,2022-05-04,nas-lokal-02,invoice|pemasaran|4027073|rekap dokumen arsip revisi data
DOC-0000504,dataset_sdm_202207_2207.png,453814,2024-06-07,server-arsip-bandung,dataset|sdm|453814|final periode file
DOC-0001313,laporan_manajemen_202409_2627.xml,219851,2024-02-18,backup-eksternal,laporan|manajemen|219851|arsip rekap data
DUP-0000108,dataset_sdm_202303_8213.pdf,4091831,2023-05-08,nas-lokal-02,dataset|sdm|4091831|dokumen data final
DOC-0000571,kontrak_pemasaran_202406_6313.zip,316673,2024-03-18,ftp-pusat,kontrak|pemasaran|316673|file final arsip periode
DUP-0000461,dataset_riset_202206_5244.jpg,2910309,2024-09-23,ftp-pusat,dataset|riset|2910309|total revisi pending data file
DOC-0002726,presentasi_logistik_202410_4718.csv,50806,2022-05-19,server-arsip-surabaya,presentasi|logistik|50806|revisi approved total data
DOC-0003826,invoice_teknologi_202209_7685.pdf,457434,2024-03-28,ftp-pusat,invoice|teknologi|457434|file dokumen rekap
DOC-0004497,kontrak_teknologi_202407_7227.xlsx,21363752,2024-06-19,server-arsip-jakarta,kontrak|teknologi|21363752|arsip dokumen draft revisi final
DOC-0003368,laporan_keuangan_202402_8395.xml,135298,2023-03-10,portal-upload-web,laporan|keuangan|135298|final draft total
DOC-0002140,surat_audit_202208_2674.txt,3560923,2023-10-12,portal-upload-web,surat|audit|3560923|arsip approved pending dokumen file
DOC-0001203,invoice_manajemen_202212_0131.xml,4079989,2022-04-13,portal-upload-web,invoice|manajemen|4079989|draft arsip periode
DUP-0000402,invoice_sdm_202406_1378.png,3665631,2023-03-03,server-arsip-jakarta,invoice|sdm|3665631|data arsip draft periode
DOC-0001826,dataset_audit_202209_7334.xlsx,205529841,2023-04-29,portal-upload-web,dataset|audit|205529841|arsip dokumen draft revisi
DOC-0003813,gambar_logistik_202203_4500.json,37969238,2022-08-09,server-arsip-surabaya,gambar|logistik|37969238|approved draft rekap revisi final
DOC-0004248,backup_operasional_202211_5680.zip,2266205,2022-08-10,server-arsip-bandung,backup|operasional|2266205|data arsip total
DOC-0003631,log_riset_202212_2402.pdf,3882699,2022-03-22,cloud-storage-gcp,log|riset|3882699|draft final file approved
DOC-0000317,gambar_keuangan_202402_1288.txt,16024166,2022-12-01,server-arsip-jakarta,gambar|keuangan|16024166|total revisi approved data
DUP-0000424,kontrak_pemasaran_202411_7770.csv,4020586,2023-08-17,nas-lokal-02,kontrak|pemasaran|4020586|pending data file arsip total
DOC-0001378,kontrak_manajemen_202412_0320.json,57906,2022-02-07,nas-lokal-01,kontrak|manajemen|57906|rekap arsip total
DOC-0000361,kontrak_audit_202301_3061.zip,44075196,2022-12-24,backup-eksternal,kontrak|audit|44075196|periode rekap draft
DOC-0001291,kontrak_pemasaran_202207_9824.csv,777269,2023-04-18,server-arsip-jakarta,kontrak|pemasaran|777269|total final rekap file draft
DOC-0004470,gambar_sdm_202308_2008.jpg,18616181,2023-05-29,nas-lokal-02,gambar|sdm|18616181|draft rekap total periode revisi
DOC-0004319,log_sdm_202307_3985.json,3129252,2023-08-27,cloud-storage-gcp,log|sdm|3129252|data arsip periode rekap
DOC-0000274,kontrak_manajemen_202309_1256.zip,2909073,2022-11-05,server-arsip-surabaya,kontrak|manajemen|2909073|arsip dokumen rekap draft
DOC-0000803,dataset_manajemen_202208_5968.pdf,1810386,2023-05-25,server-arsip-jakarta,dataset|manajemen|1810386|arsip final dokumen
DOC-0003346,gambar_teknologi_202305_1530.txt,2840802,2022-12-26,nas-lokal-02,gambar|teknologi|2840802|arsip file approved draft
DOC-0001722,kontrak_manajemen_202308_8261.csv,37947748,2022-09-11,server-arsip-bandung,kontrak|manajemen|37947748|arsip periode approved
DOC-0002976,invoice_keuangan_202309_5715.pdf,212341,2024-08-23,cloud-storage-gcp,invoice|keuangan|212341|dokumen pending revisi
DOC-0000632,log_pemasaran_202404_5577.png,18892,2022-12-02,server-arsip-bandung,log|pemasaran|18892|total arsip dokumen approved final
DOC-0004288,presentasi_pemasaran_202309_5576.png,2336139,2022-07-09,cloud-storage-aws,presentasi|pemasaran|2336139|revisi total data approved draft
DOC-0000456,log_manajemen_202412_6004.docx,2717393,2023-06-30,server-arsip-surabaya,log|manajemen|2717393|arsip draft final
DOC-0001261,log_operasional_202407_0187.xml,3426574,2024-06-07,nas-lokal-02,log|operasional|3426574|dokumen file periode approved total
DOC-0001500,surat_riset_202207_4184.pdf,374305,2024-06-18,nas-lokal-01,surat|riset|374305|final approved data file dokumen
DOC-0001347,kontrak_hukum_202306_9698.csv,55157,2024-05-16,backup-eksternal,kontrak|hukum|55157|revisi file data arsip
DOC-0003078,gambar_logistik_202408_6737.docx,403766,2024-10-02,nas-lokal-02,gambar|logistik|403766|total data revisi
DOC-0000135,invoice_operasional_202409_0397.txt,348039,2022-04-18,cloud-storage-aws,invoice|operasional|348039|rekap file revisi dokumen
DOC-0000854,gambar_keuangan_202408_7767.xlsx,450555111,2022-07-01,ftp-pusat,gambar|keuangan|450555111|revisi rekap total periode
DOC-0002089,log_logistik_202302_2076.jpg,2739226,2023-01-27,nas-lokal-01,log|logistik|2739226|dokumen file arsip approved periode
DOC-0000225,presentasi_riset_202410_3223.csv,4935352,2024-06-09,server-arsip-jakarta,presentasi|riset|4935352|file dokumen arsip final
DOC-0001685,memo_sdm_202308_4097.docx,323858696,2024-07-22,server-arsip-bandung,memo|sdm|323858696|periode rekap revisi draft
DOC-0001530,presentasi_sdm_202207_3699.xlsx,239356,2022-04-30,cloud-storage-aws,presentasi|sdm|239356|file approved final
DOC-0002011,dataset_keuangan_202406_1164.xml,40137412,2023-02-18,cloud-storage-gcp,dataset|keuangan|40137412|data revisi dokumen
DOC-0000337,kontrak_pemasaran_202207_9653.xml,311698,2023-03-30,cloud-storage-aws,kontrak|pemasaran|311698|arsip dokumen draft total
DOC-0002206,backup_manajemen_202308_5679.txt,18505925,2024-10-10,server-arsip-surabaya,backup|manajemen|18505925|approved file arsip final rekap
DOC-0004243,memo_audit_202406_0750.pdf,205409,2022-12-16,cloud-storage-aws,memo|audit|205409|revisi pending final
DOC-0003365,backup_manajemen_202304_8462.docx,33807318,2023-06-28,backup-eksternal,backup|manajemen|33807318|rekap dokumen arsip total periode
DOC-0004346,presentasi_hukum_202210_4491.txt,4925487,2022-02-14,cloud-storage-gcp,presentasi|hukum|4925487|file approved revisi draft
DOC-0001572,invoice_sdm_202404_3206.txt,46243843,2022-05-02,server-arsip-surabaya,invoice|sdm|46243843|draft dokumen arsip pending
DOC-0002321,surat_pemasaran_202206_3425.json,315366,2022-05-10,server-arsip-bandung,surat|pemasaran|315366|total draft arsip
DOC-0004007,invoice_operasional_202411_2450.xml,7121825,2024-05-14,server-arsip-jakarta,invoice|operasional|7121825|total arsip revisi
DOC-0000313,kontrak_keuangan_202301_8115.json,156695,2024-06-21,backup-eksternal,kontrak|keuangan|156695|final approved periode rekap pending
DOC-0001697,dataset_manajemen_202203_1364.pdf,49853,2024-12-06,server-arsip-bandung,dataset|manajemen|49853|pending dokumen revisi periode
DOC-0001955,presentasi_manajemen_202205_1678.txt,4757964,2022-05-16,backup-eksternal,presentasi|manajemen|4757964|approved rekap revisi
DOC-0002078,invoice_logistik_202303_7870.xml,36195437,2022-01-02,backup-eksternal,invoice|logistik|36195437|periode pending dokumen
DOC-0004411,presentasi_hukum_202301_0827.zip,432436852,2022-12-29,server-arsip-surabaya,presentasi|hukum|432436852|approved data draft
DOC-0001290,backup_hukum_202208_6803.xml,4551104,2022-09-19,cloud-storage-gcp,backup|hukum|4551104|approved file periode
DOC-0000980,invoice_teknologi_202304_6595.zip,4229851,2022-01-29,nas-lokal-01,invoice|teknologi|4229851|arsip draft data pending
DOC-0003825,laporan_audit_202303_9304.txt,318345,2024-11-29,backup-eksternal,laporan|audit|318345|arsip pending data
DOC-0002329,presentasi_logistik_202205_2772.xlsx,193468,2023-01-03,cloud-storage-gcp,presentasi|logistik|193468|final rekap approved file
DOC-0000888,memo_hukum_202409_2605.jpg,22938522,2023-02-17,server-arsip-jakarta,memo|hukum|22938522|arsip periode dokumen draft approved
DOC-0000038,kontrak_keuangan_202207_5285.xlsx,2495058,2022-01-24,portal-upload-web,kontrak|keuangan|2495058|pending draft revisi approved
DUP-0000027,log_hukum_202411_3742.docx,25769,2023-12-20,cloud-storage-aws,log|hukum|25769|total approved dokumen
DOC-0003462,kontrak_keuangan_202406_0868.pdf,49210750,2023-01-11,portal-upload-web,kontrak|keuangan|49210750|rekap pending dokumen revisi
DUP-0000320,kontrak_logistik_202202_8595.pdf,277489,2023-06-29,portal-upload-web,kontrak|logistik|277489|rekap final periode draft revisi
DUP-0000315,laporan_manajemen_202209_7825.pdf,1949733,2022-06-24,server-arsip-surabaya,laporan|manajemen|1949733|arsip dokumen final
DOC-0001063,presentasi_keuangan_202401_8084.docx,3783512,2023-07-18,server-arsip-surabaya,presentasi|keuangan|3783512|rekap approved dokumen draft periode
DOC-0001467,presentasi_pemasaran_202412_3653.csv,39977648,2024-07-10,backup-eksternal,presentasi|pemasaran|39977648|rekap final total dokumen approved
DOC-0000579,gambar_audit_202307_3428.csv,2023869,2022-11-24,portal-upload-web,gambar|audit|2023869|draft approved revisi final periode
DOC-0000269,laporan_riset_202209_9049.zip,1122208,2022-06-21,nas-lokal-01,laporan|riset|1122208|arsip total final dokumen draft
DOC-0001424,memo_audit_202301_7234.png,4999170,2022-01-08,portal-upload-web,memo|audit|4999170|approved draft pending dokumen
DOC-0000986,memo_sdm_202205_1311.txt,12499,2024-07-19,server-arsip-surabaya,memo|sdm|12499|total draft data revisi
DOC-0001753,memo_sdm_202311_3785.txt,489244,2022-06-11,ftp-pusat,memo|sdm|489244|dokumen draft file revisi total
DOC-0002924,laporan_logistik_202306_1092.png,3969178,2022-07-23,nas-lokal-01,laporan|logistik|3969178|data rekap draft periode dokumen
DUP-0000245,gambar_keuangan_202312_5982.docx,42981957,2024-09-17,nas-lokal-01,gambar|keuangan|42981957|arsip file periode
DOC-0003012,laporan_keuangan_202212_9480.csv,2432663,2024-03-02,nas-lokal-02,laporan|keuangan|2432663|pending approved periode data
DOC-0002595,log_hukum_202401_8254.pdf,94379,2023-06-11,backup-eksternal,log|hukum|94379|arsip rekap total dokumen pending
DOC-0004153,backup_sdm_202211_6185.docx,25967880,2024-10-11,ftp-pusat,backup|sdm|25967880|arsip pending revisi dokumen
DOC-0002141,laporan_pemasaran_202412_0606.json,320758,2024-08-29,server-arsip-bandung,laporan|pemasaran|320758|file dokumen data
DOC-0003217,kontrak_manajemen_202303_2412.xlsx,68893976,2023-02-08,server-arsip-jakarta,kontrak|manajemen|68893976|revisi draft arsip
DOC-0001208,presentasi_operasional_202304_9598.csv,632310,2022-11-12,nas-lokal-02,presentasi|operasional|632310|dokumen approved pending
DOC-0000685,laporan_hukum_202205_6765.json,409842,2024-04-21,server-arsip-jakarta,laporan|hukum|409842|draft approved dokumen final
DOC-0000716,laporan_riset_202304_1844.csv,15505272,2023-03-31,portal-upload-web,laporan|riset|15505272|final arsip file
DOC-0002279,gambar_operasional_202305_0910.csv,68047599,2024-01-11,server-arsip-bandung,gambar|operasional|68047599|file data draft approved
DOC-0004476,laporan_sdm_202204_4095.png,304458295,2022-09-30,server-arsip-bandung,laporan|sdm|304458295|draft arsip revisi approved dokumen
DOC-0001314,gambar_sdm_202411_9077.png,10931,2022-08-18,cloud-storage-gcp,gambar|sdm|10931|periode data revisi pending
DOC-0001687,presentasi_riset_202405_3073.json,55922,2023-01-16,server-arsip-surabaya,presentasi|riset|55922|dokumen arsip pending approved data
DOC-0002504,memo_teknologi_202304_9049.jpg,4140555,2023-09-18,cloud-storage-aws,memo|teknologi|4140555|file data draft
DUP-0000392,presentasi_keuangan_202401_5087.json,150133,2024-10-27,backup-eksternal,presentasi|keuangan|150133|revisi draft dokumen pending data
DUP-0000391,presentasi_riset_202312_8902.xml,36071864,2022-12-29,nas-lokal-02,presentasi|riset|36071864|revisi total pending
DOC-0002823,gambar_riset_202204_8106.png,315606,2022-08-29,nas-lokal-01,gambar|riset|315606|draft arsip approved rekap periode
DOC-0000814,memo_manajemen_202204_8464.docx,71975,2024-10-12,nas-lokal-01,memo|manajemen|71975|data arsip pending
DOC-0001749,gambar_sdm_202303_4786.docx,350938,2022-04-17,server-arsip-jakarta,gambar|sdm|350938|revisi rekap draft
DUP-0000371,surat_pemasaran_202404_4881.xlsx,18443,2022-04-05,server-arsip-surabaya,surat|pemasaran|18443|dokumen pending final rekap revisi
DOC-0003890,surat_audit_202309_9066.txt,152806251,2022-06-01,portal-upload-web,surat|audit|152806251|rekap file data
DOC-0003548,memo_operasional_202207_2354.zip,43946504,2024-10-09,backup-eksternal,memo|operasional|43946504|draft rekap periode final
DOC-0000760,kontrak_pemasaran_202305_0940.png,2931322,2024-11-30,nas-lokal-01,kontrak|pemasaran|2931322|arsip draft file dokumen revisi
DOC-0001451,kontrak_audit_202410_3421.json,1036892,2023-05-30,nas-lokal-02,kontrak|audit|1036892|arsip dokumen rekap
DOC-0004360,presentasi_operasional_202202_8846.txt,4088187,2024-04-13,portal-upload-web,presentasi|operasional|4088187|total final periode file draft
DOC-0004125,presentasi_riset_202310_8850.docx,3541239,2022-04-24,nas-lokal-02,presentasi|riset|3541239|arsip final approved
DOC-0001474,surat_audit_202307_7511.csv,18269246,2022-02-13,server-arsip-surabaya,surat|audit|18269246|data pending file periode dokumen
DOC-0000881,surat_logistik_202305_2522.txt,336217,2023-03-11,ftp-pusat,surat|logistik|336217|approved rekap periode data draft
DOC-0000662,dataset_hukum_202204_5005.docx,933001,2024-02-23,ftp-pusat,dataset|hukum|933001|total approved revisi rekap
DOC-0000990,dataset_sdm_202202_7953.zip,4212982,2023-08-29,server-arsip-surabaya,dataset|sdm|4212982|periode file rekap final total
DOC-0000833,invoice_hukum_202307_1643.txt,1718525,2022-07-17,nas-lokal-01,invoice|hukum|1718525|final arsip draft data rekap
DOC-0003410,presentasi_riset_202412_1906.jpg,349121,2022-12-05,backup-eksternal,presentasi|riset|349121|approved total draft data
DOC-0001871,kontrak_manajemen_202203_0123.xml,2621333,2022-04-26,backup-eksternal,kontrak|manajemen|2621333|periode file pending approved revisi
DOC-0001636,laporan_hukum_202301_7913.pdf,266499,2024-12-28,server-arsip-bandung,laporan|hukum|266499|dokumen draft total approved final
DOC-0000434,memo_keuangan_202402_8433.pdf,47571796,2022-05-22,nas-lokal-02,memo|keuangan|47571796|pending arsip final data
DOC-0000294,memo_pemasaran_202301_4817.json,1273638,2022-09-24,ftp-pusat,memo|pemasaran|1273638|approved rekap draft data dokumen
DOC-0003025,dataset_pemasaran_202311_6768.xml,1725039,2023-01-22,ftp-pusat,dataset|pemasaran|1725039|data arsip periode
DUP-0000170,memo_manajemen_202208_4730.jpg,1518241,2022-12-12,nas-lokal-02,memo|manajemen|1518241|final periode data
DOC-0000882,laporan_riset_202210_4555.zip,2373502,2022-05-22,cloud-storage-aws,laporan|riset|2373502|data dokumen rekap approved
DOC-0001913,log_logistik_202205_0918.txt,1251325,2024-07-06,portal-upload-web,log|logistik|1251325|final data file
DOC-0001144,dataset_logistik_202310_8830.jpg,280693154,2023-06-13,backup-eksternal,dataset|logistik|280693154|approved total pending
DOC-0003232,presentasi_manajemen_202401_1596.xml,4780278,2023-07-09,server-arsip-jakarta,presentasi|manajemen|4780278|total periode revisi draft approved
DUP-0000008,laporan_audit_202310_0012.jpg,71044,2022-05-08,ftp-pusat,laporan|audit|71044|revisi final pending draft
DOC-0002521,dataset_audit_202209_5094.docx,2500867,2022-05-29,backup-eksternal,dataset|audit|2500867|pending approved rekap periode file
DOC-0001686,invoice_manajemen_202311_0356.docx,4926512,2023-11-28,nas-lokal-02,invoice|manajemen|4926512|data total revisi dokumen
DOC-0000641,surat_riset_202303_5164.xlsx,36830444,2023-12-17,server-arsip-bandung,surat|riset|36830444|file approved rekap
DOC-0003827,laporan_audit_202212_7547.png,2863246,2024-07-24,server-arsip-jakarta,laporan|audit|2863246|pending arsip draft periode dokumen
DOC-0001584,kontrak_audit_202203_1031.png,24820764,2024-01-16,backup-eksternal,kontrak|audit|24820764|revisi total periode
DOC-0001520,dataset_hukum_202305_6256.docx,220411,2022-06-17,server-arsip-bandung,dataset|hukum|220411|arsip revisi rekap pending draft
DOC-0000325,dataset_riset_202203_3669.xlsx,450758,2023-12-17,nas-lokal-01,dataset|riset|450758|periode total approved draft rekap
DOC-0003920,log_pemasaran_202208_2226.txt,243246,2022-03-24,nas-lokal-02,log|pemasaran|243246|pending draft final rekap
DOC-0002536,surat_riset_202302_2569.pdf,267345,2024-06-14,portal-upload-web,surat|riset|267345|rekap arsip approved draft data
DOC-0002677,surat_sdm_202201_1004.csv,142150,2024-03-28,cloud-storage-aws,surat|sdm|142150|total dokumen file rekap approved
DOC-0001497,surat_manajemen_202412_0086.xlsx,185664,2024-10-06,server-arsip-surabaya,surat|manajemen|185664|arsip draft file
DOC-0001606,memo_audit_202301_7521.png,4663850,2022-02-06,cloud-storage-aws,memo|audit|4663850|approved file draft data
DOC-0004270,gambar_audit_202203_9304.xml,3183693,2023-03-31,portal-upload-web,gambar|audit|3183693|arsip pending draft
DOC-0004100,presentasi_sdm_202306_6751.pdf,3145810,2024-08-08,portal-upload-web,presentasi|sdm|3145810|total approved pending file periode
DOC-0003458,presentasi_pemasaran_202405_6020.json,213166,2022-01-29,nas-lokal-01,presentasi|pemasaran|213166|revisi approved rekap pending periode
DOC-0002698,laporan_pemasaran_202204_3284.zip,4559020,2024-05-18,cloud-storage-gcp,laporan|pemasaran|4559020|final draft revisi
DOC-0000169,gambar_teknologi_202304_1623.txt,4512066,2022-12-20,nas-lokal-02,gambar|teknologi|4512066|data file arsip total periode
DOC-0001271,invoice_teknologi_202210_5342.docx,7293960,2024-04-01,nas-lokal-02,invoice|teknologi|7293960|dokumen file periode
DOC-0002457,log_manajemen_202212_2459.jpg,1131294,2023-04-02,portal-upload-web,log|manajemen|1131294|draft pending file revisi
DOC-0003179,kontrak_teknologi_202306_2256.jpg,163764,2024-07-18,ftp-pusat,kontrak|teknologi|163764|pending approved periode data rekap
DOC-0002361,log_hukum_202310_4705.zip,235576,2023-01-24,nas-lokal-02,log|hukum|235576|revisi approved draft file
DOC-0001884,memo_audit_202208_8287.xml,701723,2022-11-16,cloud-storage-gcp,memo|audit|701723|approved file data dokumen
DOC-0002954,surat_pemasaran_202204_4438.pdf,1342308,2023-06-09,portal-upload-web,surat|pemasaran|1342308|arsip dokumen draft rekap
DOC-0004165,gambar_operasional_202304_2126.docx,220322,2024-04-22,server-arsip-surabaya,gambar|operasional|220322|approved revisi rekap periode
DOC-0000358,backup_teknologi_202407_5357.xml,11765248,2022-06-04,cloud-storage-gcp,backup|teknologi|11765248|arsip file periode
DOC-0003396,presentasi_operasional_202212_8552.xlsx,12777017,2024-10-21,portal-upload-web,presentasi|operasional|12777017|dokumen final file total
DOC-0003103,dataset_sdm_202307_7215.jpg,39663,2024-07-24,backup-eksternal,dataset|sdm|39663|approved pending revisi data total
DOC-0000370,kontrak_sdm_202208_2229.pdf,388363,2023-12-04,ftp-pusat,kontrak|sdm|388363|revisi file dokumen data
DUP-0000324,kontrak_teknologi_202309_8237.json,4701442,2024-09-20,nas-lokal-02,kontrak|teknologi|4701442|data total arsip approved final
DOC-0004395,dataset_hukum_202304_7699.xlsx,4798120,2022-01-26,server-arsip-bandung,dataset|hukum|4798120|final dokumen arsip pending
DOC-0002609,gambar_keuangan_202210_5783.docx,389845,2022-05-07,backup-eksternal,gambar|keuangan|389845|total draft file approved revisi
DUP-0000468,memo_audit_202202_2614.xlsx,2415940,2024-03-02,nas-lokal-01,memo|audit|2415940|file pending final approved rekap
DOC-0000674,kontrak_teknologi_202209_8611.png,40821,2023-07-06,cloud-storage-gcp,kontrak|teknologi|40821|final rekap arsip revisi
DOC-0004455,gambar_operasional_202302_6232.xlsx,225601,2023-08-13,ftp-pusat,gambar|operasional|225601|revisi draft total final
DUP-0000140,memo_keuangan_202401_5751.docx,245474,2023-07-04,ftp-pusat,memo|keuangan|245474|arsip total pending
DOC-0000794,surat_keuangan_202312_8828.xlsx,10056297,2022-08-17,nas-lokal-02,surat|keuangan|10056297|arsip rekap approved dokumen
DOC-0000637,invoice_hukum_202209_8238.xlsx,749016,2023-12-01,nas-lokal-02,invoice|hukum|749016|total file dokumen revisi pending
DOC-0001238,log_hukum_202407_8405.zip,449091,2023-09-09,server-arsip-bandung,log|hukum|449091|final pending total file approved
DOC-0001302,presentasi_teknologi_202206_0735.png,136734,2023-10-26,server-arsip-bandung,presentasi|teknologi|136734|rekap periode revisi data
DOC-0001109,invoice_manajemen_202304_6811.xml,445739344,2023-06-21,backup-eksternal,invoice|manajemen|445739344|final approved draft
DOC-0000616,dataset_sdm_202310_9788.xlsx,487186,2024-06-12,backup-eksternal,dataset|sdm|487186|draft approved periode
DOC-0001076,invoice_operasional_202203_7603.txt,473847,2023-06-27,cloud-storage-aws,invoice|operasional|473847|pending dokumen draft
DOC-0000583,kontrak_manajemen_202207_6177.csv,2008989,2022-06-05,nas-lokal-01,kontrak|manajemen|2008989|final dokumen arsip rekap draft
DOC-0002437,backup_hukum_202212_3954.json,391223,2024-02-20,portal-upload-web,backup|hukum|391223|rekap final pending
DOC-0003789,presentasi_logistik_202403_8674.png,4432754,2022-06-14,nas-lokal-01,presentasi|logistik|4432754|total revisi rekap periode
DOC-0002496,invoice_sdm_202307_4552.pdf,30687099,2024-04-17,backup-eksternal,invoice|sdm|30687099|final pending arsip draft
DOC-0001111,gambar_manajemen_202402_5645.txt,2404325,2023-01-06,server-arsip-surabaya,gambar|manajemen|2404325|dokumen total periode pending rekap
DOC-0001585,presentasi_sdm_202303_5597.csv,116471,2024-03-10,server-arsip-jakarta,presentasi|sdm|116471|arsip draft file
DOC-0000127,laporan_audit_202306_7907.txt,11600,2022-10-27,cloud-storage-gcp,laporan|audit|11600|pending draft dokumen arsip
DOC-0002654,gambar_keuangan_202402_1076.xml,3309037,2024-12-06,server-arsip-bandung,gambar|keuangan|3309037|approved data total revisi pending
DOC-0002463,kontrak_pemasaran_202405_1202.pdf,3715517,2022-10-15,cloud-storage-aws,kontrak|pemasaran|3715517|periode arsip data dokumen
DOC-0004422,laporan_manajemen_202412_5249.pdf,2615901,2022-11-16,nas-lokal-02,laporan|manajemen|2615901|draft total arsip
DOC-0004355,laporan_manajemen_202209_9200.xlsx,404779,2024-09-22,server-arsip-jakarta,laporan|manajemen|404779|data dokumen arsip revisi
DOC-0001273,dataset_sdm_202410_6428.zip,36802183,2023-09-27,cloud-storage-gcp,dataset|sdm|36802183|approved rekap revisi
DOC-0003225,laporan_sdm_202302_6707.jpg,350713,2022-06-27,nas-lokal-02,laporan|sdm|350713|revisi data approved periode final
DOC-0003372,invoice_operasional_202309_2717.png,1255458,2024-12-25,portal-upload-web,invoice|operasional|1255458|periode total arsip file final
DOC-0002061,surat_sdm_202205_0495.zip,36406188,2022-07-10,server-arsip-bandung,surat|sdm|36406188|dokumen file pending final
DOC-0003468,gambar_operasional_202305_6687.docx,2530140,2024-02-08,backup-eksternal,gambar|operasional|2530140|draft approved revisi pending total
DOC-0001991,gambar_hukum_202303_4654.xlsx,3838809,2023-08-22,ftp-pusat,gambar|hukum|3838809|total arsip draft periode revisi
DOC-0000731,dataset_audit_202408_8189.pdf,4695912,2023-11-26,nas-lokal-01,dataset|audit|4695912|periode approved total rekap
DOC-0003352,kontrak_operasional_202407_3926.zip,3152451,2023-06-09,cloud-storage-aws,kontrak|operasional|3152451|draft rekap dokumen final
DOC-0003617,gambar_operasional_202203_8583.pdf,52927,2023-11-05,ftp-pusat,gambar|operasional|52927|data revisi pending rekap total
DUP-0000105,log_riset_202209_6389.xml,3014942,2023-04-01,server-arsip-jakarta,log|riset|3014942|data periode approved
DOC-0000297,kontrak_teknologi_202207_8341.csv,28877022,2023-01-11,nas-lokal-02,kontrak|teknologi|28877022|total pending data approved periode
DOC-0002068,log_sdm_202309_8750.zip,16156605,2024-11-08,nas-lokal-01,log|sdm|16156605|periode final dokumen total approved
DOC-0002108,backup_sdm_202307_3214.pdf,3713456,2022-12-31,nas-lokal-01,backup|sdm|3713456|dokumen approved periode pending data
DOC-0001042,presentasi_audit_202310_6602.docx,1404267,2024-08-24,portal-upload-web,presentasi|audit|1404267|final approved revisi
DOC-0003680,log_logistik_202409_7273.txt,47397354,2022-12-29,server-arsip-jakarta,log|logistik|47397354|periode revisi arsip
DOC-0003519,invoice_keuangan_202203_5319.xlsx,258721213,2022-07-29,portal-upload-web,invoice|keuangan|258721213|revisi draft approved
DOC-0002186,surat_logistik_202308_2296.txt,3884384,2022-12-04,cloud-storage-gcp,surat|logistik|3884384|draft arsip total pending
DUP-0000423,kontrak_teknologi_202207_3827.xml,143476,2024-06-30,server-arsip-jakarta,kontrak|teknologi|143476|data periode pending final
DOC-0000134,invoice_audit_202311_6488.xml,4901330,2022-11-14,ftp-pusat,invoice|audit|4901330|revisi pending periode
DOC-0001550,backup_hukum_202210_2030.xml,542685,2022-03-10,portal-upload-web,backup|hukum|542685|final arsip data
DOC-0000917,dataset_logistik_202206_6458.xml,50802978,2023-05-08,cloud-storage-gcp,dataset|logistik|50802978|rekap periode data
DOC-0001487,backup_logistik_202204_1918.xml,198986,2022-08-09,portal-upload-web,backup|logistik|198986|rekap arsip periode total revisi
DOC-0003605,dataset_teknologi_202401_9884.txt,17399817,2022-06-17,server-arsip-bandung,dataset|teknologi|17399817|final total approved arsip
DOC-0000112,laporan_hukum_202208_3233.xml,287523,2024-10-11,portal-upload-web,laporan|hukum|287523|periode pending final rekap data
DOC-0002854,gambar_sdm_202303_2390.zip,322923,2022-09-25,portal-upload-web,gambar|sdm|322923|draft revisi arsip
DOC-0002667,dataset_keuangan_202204_6008.xlsx,3648761,2024-03-26,cloud-storage-gcp,dataset|keuangan|3648761|file approved periode
DOC-0001039,laporan_pemasaran_202301_1869.csv,2540501,2023-11-17,backup-eksternal,laporan|pemasaran|2540501|dokumen total data draft rekap
DOC-0001303,presentasi_hukum_202306_5313.pdf,1253083,2024-12-30,backup-eksternal,presentasi|hukum|1253083|dokumen final rekap
DOC-0000315,backup_manajemen_202207_8585.docx,22686265,2024-12-28,cloud-storage-gcp,backup|manajemen|22686265|revisi file data
DOC-0000062,backup_logistik_202307_6066.csv,3553193,2024-01-17,cloud-storage-aws,backup|logistik|3553193|arsip draft total periode
DOC-0000790,kontrak_audit_202406_3344.docx,4012139,2023-04-23,backup-eksternal,kontrak|audit|4012139|pending rekap arsip
DOC-0004488,invoice_sdm_202409_2013.json,4597525,2022-12-06,cloud-storage-aws,invoice|sdm|4597525|total data approved
DUP-0000284,kontrak_manajemen_202302_3350.csv,3889235,2022-10-24,backup-eksternal,kontrak|manajemen|3889235|rekap file final
DOC-0004405,presentasi_keuangan_202304_2524.json,389115270,2023-01-14,nas-lokal-02,presentasi|keuangan|389115270|periode pending arsip
DOC-0001517,kontrak_riset_202211_8764.txt,4554997,2024-08-24,nas-lokal-01,kontrak|riset|4554997|data pending dokumen arsip
DOC-0003046,surat_manajemen_202411_4768.jpg,92162755,2024-11-12,cloud-storage-gcp,surat|manajemen|92162755|draft final data revisi rekap
DOC-0000010,surat_teknologi_202408_1687.csv,3184488,2023-09-07,portal-upload-web,surat|teknologi|3184488|dokumen data periode
DUP-0000218,dataset_pemasaran_202312_5486.zip,467114,2024-11-27,backup-eksternal,dataset|pemasaran|467114|file approved data final arsip
DOC-0003118,laporan_teknologi_202406_9622.jpg,237515,2022-03-27,backup-eksternal,laporan|teknologi|237515|draft data approved
DOC-0003999,memo_keuangan_202203_9039.json,293322,2023-07-19,server-arsip-jakarta,memo|keuangan|293322|file total final dokumen rekap
DOC-0001482,backup_pemasaran_202308_9958.zip,725735,2023-06-02,server-arsip-bandung,backup|pemasaran|725735|data revisi periode
DOC-0002982,invoice_operasional_202204_6306.json,322039,2023-11-24,cloud-storage-aws,invoice|operasional|322039|file final periode revisi
DOC-0002118,dataset_keuangan_202404_9543.txt,2090517,2024-03-22,ftp-pusat,dataset|keuangan|2090517|arsip file final periode
DOC-0001395,backup_logistik_202205_7513.pdf,279493,2024-06-05,server-arsip-bandung,backup|logistik|279493|data arsip dokumen
DOC-0004338,memo_operasional_202305_9586.json,11397107,2023-07-14,nas-lokal-02,memo|operasional|11397107|draft periode arsip
DOC-0003561,gambar_manajemen_202201_8623.png,52394,2023-08-06,ftp-pusat,gambar|manajemen|52394|draft final periode file
DOC-0000596,dataset_hukum_202409_6595.jpg,69792,2022-12-29,nas-lokal-02,dataset|hukum|69792|total revisi approved arsip
DOC-0001975,dataset_keuangan_202302_6772.json,3607945,2022-08-27,server-arsip-bandung,dataset|keuangan|3607945|revisi dokumen draft
DOC-0001025,gambar_hukum_202407_6952.xml,201791,2024-11-25,nas-lokal-02,gambar|hukum|201791|total dokumen data
DOC-0004406,memo_logistik_202312_8466.xlsx,39157,2023-02-24,backup-eksternal,memo|logistik|39157|dokumen final draft arsip
DOC-0002962,log_teknologi_202308_2252.csv,17484793,2023-01-05,cloud-storage-aws,log|teknologi|17484793|periode rekap pending final
DUP-0000363,laporan_teknologi_202306_7174.pdf,334899187,2023-07-07,server-arsip-jakarta,laporan|teknologi|334899187|arsip dokumen periode revisi
DOC-0002723,gambar_logistik_202209_6840.png,226000,2023-04-14,cloud-storage-aws,gambar|logistik|226000|dokumen file draft
DOC-0004150,surat_sdm_202204_6539.txt,109581,2024-10-14,server-arsip-surabaya,surat|sdm|109581|arsip final pending revisi
DOC-0002774,invoice_pemasaran_202202_9132.json,2057685,2022-08-20,portal-upload-web,invoice|pemasaran|2057685|total pending file rekap
DOC-0002519,surat_riset_202204_7784.xml,1303290,2022-09-27,server-arsip-surabaya,surat|riset|1303290|pending arsip total data dokumen
DOC-0002731,surat_manajemen_202309_7035.pdf,269890,2024-06-24,nas-lokal-01,surat|manajemen|269890|pending draft revisi data
DOC-0000202,memo_pemasaran_202311_7101.pdf,486783,2022-06-09,portal-upload-web,memo|pemasaran|486783|draft arsip data pending
DOC-0000774,backup_manajemen_202403_0675.zip,167170,2022-12-12,cloud-storage-gcp,backup|manajemen|167170|revisi pending final dokumen arsip
DOC-0000570,memo_keuangan_202209_7221.xml,293966,2022-11-12,backup-eksternal,memo|keuangan|293966|periode draft arsip total file
DOC-0001795,log_pemasaran_202401_3380.zip,192354,2023-11-14,server-arsip-surabaya,log|pemasaran|192354|arsip rekap draft data pending
DOC-0000544,gambar_keuangan_202408_6483.pdf,230654,2023-09-20,cloud-storage-gcp,gambar|keuangan|230654|data approved pending file final
DOC-0003839,surat_hukum_202304_2186.xml,3626530,2023-05-17,server-arsip-surabaya,surat|hukum|3626530|approved dokumen revisi draft
DOC-0003483,laporan_manajemen_202203_8422.xlsx,99149,2022-07-31,nas-lokal-02,laporan|manajemen|99149|rekap revisi draft arsip data
DOC-0000724,gambar_riset_202202_7974.txt,1013395,2023-10-14,cloud-storage-gcp,gambar|riset|1013395|arsip rekap periode
DOC-0001821,laporan_manajemen_202306_0707.json,1313410,2023-08-31,portal-upload-web,laporan|manajemen|1313410|periode revisi approved dokumen
DOC-0004056,memo_pemasaran_202310_3085.csv,230925,2022-12-19,nas-lokal-02,memo|pemasaran|230925|revisi final draft
DOC-0000957,laporan_sdm_202302_6623.jpg,3999972,2022-03-09,server-arsip-bandung,laporan|sdm|3999972|dokumen rekap revisi final periode
DOC-0004438,invoice_hukum_202302_6543.json,229443,2023-12-26,server-arsip-jakarta,invoice|hukum|229443|final revisi data rekap
DOC-0001397,gambar_hukum_202204_8534.json,908011,2024-09-21,ftp-pusat,gambar|hukum|908011|data draft periode arsip file
DOC-0002416,backup_keuangan_202310_3412.json,38282084,2022-12-16,ftp-pusat,backup|keuangan|38282084|data dokumen periode pending
DOC-0004489,laporan_teknologi_202411_6092.pdf,2051814,2024-04-04,cloud-storage-aws,laporan|teknologi|2051814|total file final rekap periode
DOC-0000608,backup_sdm_202303_1938.jpg,5665235,2022-03-06,server-arsip-surabaya,backup|sdm|5665235|periode pending rekap approved
DOC-0001126,surat_keuangan_202310_6553.zip,479109,2024-12-03,nas-lokal-01,surat|keuangan|479109|rekap data dokumen approved final
DOC-0002495,surat_manajemen_202412_6654.txt,454503,2022-07-31,server-arsip-jakarta,surat|manajemen|454503|periode dokumen approved draft data
DOC-0002932,invoice_sdm_202209_1472.pdf,870457,2024-10-13,cloud-storage-gcp,invoice|sdm|870457|pending revisi total dokumen arsip
DOC-0000945,surat_riset_202405_6731.txt,121412,2023-11-04,ftp-pusat,surat|riset|121412|approved revisi dokumen rekap file
DOC-0000271,dataset_riset_202303_4528.docx,3199810,2023-11-23,server-arsip-jakarta,dataset|riset|3199810|rekap file data
DOC-0003970,kontrak_manajemen_202405_2142.zip,22994424,2023-04-20,nas-lokal-01,kontrak|manajemen|22994424|approved arsip data
DOC-0000173,dataset_hukum_202211_0655.jpg,477481,2024-01-27,cloud-storage-gcp,dataset|hukum|477481|final pending draft file
DOC-0001743,memo_operasional_202409_6407.xml,4721118,2024-04-05,nas-lokal-01,memo|operasional|4721118|final arsip total data periode
DUP-0000297,dataset_keuangan_202204_7819.png,168161,2023-02-25,portal-upload-web,dataset|keuangan|168161|dokumen total periode draft
DUP-0000085,kontrak_audit_202204_1159.txt,41132742,2022-03-14,cloud-storage-gcp,kontrak|audit|41132742|rekap periode draft arsip
DOC-0000693,log_pemasaran_202306_3677.pdf,4101928,2023-06-14,cloud-storage-gcp,log|pemasaran|4101928|file rekap final periode
DUP-0000059,invoice_keuangan_202201_6659.csv,4877327,2023-06-22,nas-lokal-01,invoice|keuangan|4877327|periode data rekap dokumen
DOC-0002870,dataset_manajemen_202204_6198.png,2041692,2023-07-17,cloud-storage-gcp,dataset|manajemen|2041692|file dokumen draft total final
DOC-0003210,backup_riset_202212_3809.xml,539984,2023-02-27,cloud-storage-aws,backup|riset|539984|pending dokumen arsip
DOC-0002967,kontrak_riset_202303_0034.docx,2472567,2024-04-23,cloud-storage-gcp,kontrak|riset|2472567|revisi data dokumen
DUP-0000465,kontrak_riset_202411_8584.pdf,452503,2024-08-03,backup-eksternal,kontrak|riset|452503|pending rekap total final
DOC-0004233,presentasi_keuangan_202205_4902.png,285195,2023-09-19,cloud-storage-aws,presentasi|keuangan|285195|final file approved periode dokumen
DOC-0001346,log_hukum_202302_9401.docx,89666372,2024-05-16,server-arsip-jakarta,log|hukum|89666372|final dokumen rekap
DOC-0003536,log_operasional_202402_4112.json,494592,2024-07-04,portal-upload-web,log|operasional|494592|total periode approved draft
DOC-0004249,gambar_riset_202308_1163.txt,129595,2022-05-01,portal-upload-web,gambar|riset|129595|revisi approved data total pending
DOC-0000748,backup_teknologi_202304_6458.txt,95040,2022-12-01,portal-upload-web,backup|teknologi|95040|periode rekap arsip data
DOC-0004454,log_manajemen_202405_9580.txt,232515,2023-10-19,server-arsip-surabaya,log|manajemen|232515|revisi periode draft file pending
DOC-0003846,laporan_hukum_202402_3997.jpg,9688658,2024-06-02,cloud-storage-gcp,laporan|hukum|9688658|file approved dokumen
DOC-0002770,gambar_logistik_202403_2952.xlsx,90800392,2023-10-02,backup-eksternal,gambar|logistik|90800392|data file periode dokumen final
DOC-0000684,presentasi_hukum_202405_5403.zip,3598585,2024-10-23,server-arsip-surabaya,presentasi|hukum|3598585|final periode rekap revisi file
DOC-0002994,laporan_keuangan_202411_6319.xlsx,3588288,2023-01-26,nas-lokal-01,laporan|keuangan|3588288|arsip pending draft
DOC-0000377,gambar_operasional_202208_1399.pdf,334756,2024-06-02,nas-lokal-02,gambar|operasional|334756|rekap approved revisi periode arsip
DOC-0004264,log_manajemen_202403_8104.csv,24328662,2023-02-26,nas-lokal-02,log|manajemen|24328662|pending final data file
DOC-0004419,log_pemasaran_202401_2495.xml,864524,2024-11-20,ftp-pusat,log|pemasaran|864524|final total data dokumen
DOC-0003010,laporan_sdm_202411_2135.pdf,2231058,2022-01-30,cloud-storage-aws,laporan|sdm|2231058|arsip approved pending
DOC-0001899,laporan_sdm_202205_0873.png,107714,2022-04-06,portal-upload-web,laporan|sdm|107714|data arsip rekap
DOC-0002975,laporan_sdm_202211_2072.png,995729,2023-04-01,server-arsip-bandung,laporan|sdm|995729|periode draft pending data
DOC-0002452,backup_operasional_202407_3067.pdf,1835769,2024-01-19,nas-lokal-01,backup|operasional|1835769|pending periode dokumen revisi file
DOC-0003384,gambar_manajemen_202208_9520.docx,392602,2022-09-25,portal-upload-web,gambar|manajemen|392602|rekap periode draft total file
DOC-0001763,surat_teknologi_202407_2654.docx,40905862,2023-05-09,server-arsip-jakarta,surat|teknologi|40905862|file draft dokumen final
DOC-0002527,invoice_operasional_202205_4831.docx,42672214,2024-06-15,server-arsip-bandung,invoice|operasional|42672214|rekap arsip revisi
DOC-0001458,presentasi_operasional_202211_9028.docx,740941,2024-12-05,server-arsip-surabaya,presentasi|operasional|740941|periode total file arsip
DOC-0001403,log_hukum_202205_0639.xml,3095688,2024-09-28,cloud-storage-aws,log|hukum|3095688|pending data total
DOC-0002244,kontrak_hukum_202304_3828.png,144805,2022-07-21,nas-lokal-02,kontrak|hukum|144805|dokumen draft rekap approved
DOC-0000798,kontrak_manajemen_202309_5346.xml,2982881,2022-03-03,server-arsip-jakarta,kontrak|manajemen|2982881|periode arsip data draft
DOC-0002510,surat_operasional_202408_1955.docx,460619,2024-06-14,ftp-pusat,surat|operasional|460619|approved total data
DOC-0003420,laporan_hukum_202403_0942.jpg,116039,2022-04-16,server-arsip-surabaya,laporan|hukum|116039|data revisi rekap final
DOC-0000466,backup_logistik_202305_3496.txt,1076472,2024-01-08,backup-eksternal,backup|logistik|1076472|arsip revisi draft periode
DOC-0000143,laporan_keuangan_202301_4972.zip,15878,2024-06-30,nas-lokal-02,laporan|keuangan|15878|dokumen periode total rekap draft
DOC-0004273,log_operasional_202212_6494.png,48240,2023-05-18,backup-eksternal,log|operasional|48240|data pending periode
DOC-0000872,dataset_audit_202409_8624.jpg,1038666,2022-10-17,server-arsip-surabaya,dataset|audit|1038666|pending arsip data
DOC-0001855,surat_logistik_202201_2149.png,907784,2024-10-09,server-arsip-bandung,surat|logistik|907784|rekap data dokumen draft periode
DUP-0000125,dataset_audit_202309_9106.jpg,49330673,2022-01-24,nas-lokal-01,dataset|audit|49330673|draft final pending data periode
DOC-0002704,laporan_pemasaran_202202_1843.xml,2994027,2024-11-08,backup-eksternal,laporan|pemasaran|2994027|file dokumen rekap data
DOC-0003028,laporan_logistik_202304_8294.csv,1439670,2023-02-18,ftp-pusat,laporan|logistik|1439670|total approved pending final periode
DOC-0002194,log_keuangan_202208_3794.zip,4286220,2023-03-28,server-arsip-bandung,log|keuangan|4286220|pending total approved rekap
DOC-0000844,memo_manajemen_202409_9912.xlsx,159857,2023-07-31,cloud-storage-gcp,memo|manajemen|159857|revisi arsip total dokumen
DOC-0002026,backup_audit_202211_7691.csv,2008803,2022-02-20,cloud-storage-aws,backup|audit|2008803|arsip draft final pending file
DOC-0001640,invoice_riset_202204_6540.docx,371969123,2022-07-14,cloud-storage-aws,invoice|riset|371969123|total periode revisi pending arsip
DOC-0001503,memo_operasional_202402_5106.docx,103460,2023-03-15,nas-lokal-02,memo|operasional|103460|total approved arsip
DOC-0002553,surat_logistik_202309_9902.xml,4869680,2024-03-11,portal-upload-web,surat|logistik|4869680|arsip pending file
DOC-0000018,presentasi_audit_202208_5935.txt,255537,2023-11-14,cloud-storage-aws,presentasi|audit|255537|file final data rekap periode
DOC-0000543,kontrak_hukum_202206_7968.zip,451536,2024-02-14,cloud-storage-gcp,kontrak|hukum|451536|dokumen data pending final
DOC-0003791,dataset_riset_202310_6694.png,3716047,2023-08-29,backup-eksternal,dataset|riset|3716047|arsip total pending
DOC-0000743,presentasi_teknologi_202208_0010.zip,3634276,2024-11-01,ftp-pusat,presentasi|teknologi|3634276|final rekap approved pending
DOC-0003493,dataset_hukum_202402_2514.zip,397109,2022-03-31,backup-eksternal,dataset|hukum|397109|data approved periode final rekap
DOC-0004367,invoice_hukum_202401_7449.pdf,181080,2024-08-10,server-arsip-bandung,invoice|hukum|181080|dokumen total periode
DUP-0000237,log_operasional_202204_4616.docx,93206793,2024-02-17,server-arsip-jakarta,log|operasional|93206793|dokumen data revisi pending
DOC-0001618,backup_hukum_202305_3006.json,10116,2023-02-12,nas-lokal-02,backup|hukum|10116|pending dokumen periode total
DOC-0000338,surat_riset_202306_0421.docx,3781786,2024-09-29,ftp-pusat,surat|riset|3781786|approved arsip draft rekap
DOC-0002256,invoice_operasional_202208_8103.docx,424794,2023-01-22,server-arsip-surabaya,invoice|operasional|424794|draft data pending
DOC-0001059,presentasi_riset_202212_4767.pdf,494587,2022-09-13,backup-eksternal,presentasi|riset|494587|approved draft pending
DOC-0002972,kontrak_operasional_202403_7713.docx,4720485,2022-11-30,cloud-storage-gcp,kontrak|operasional|4720485|data dokumen draft periode
DUP-0000453,log_riset_202404_6903.pdf,75437,2022-06-20,server-arsip-bandung,log|riset|75437|revisi file arsip periode approved
DOC-0001777,presentasi_logistik_202408_1224.png,38596,2023-12-29,cloud-storage-aws,presentasi|logistik|38596|arsip data final periode
DOC-0001601,kontrak_manajemen_202202_0413.xml,36366897,2022-04-04,cloud-storage-aws,kontrak|manajemen|36366897|final revisi file dokumen pending
DOC-0003821,backup_manajemen_202212_7169.jpg,9828996,2022-10-21,server-arsip-bandung,backup|manajemen|9828996|revisi pending rekap periode approved
DOC-0003711,memo_keuangan_202207_9811.zip,1493268,2022-06-09,backup-eksternal,memo|keuangan|1493268|final dokumen arsip draft
DOC-0001488,surat_pemasaran_202404_1542.xml,440337396,2024-06-24,server-arsip-surabaya,surat|pemasaran|440337396|approved data file
DUP-0000288,laporan_pemasaran_202406_2707.csv,31018531,2023-04-16,backup-eksternal,laporan|pemasaran|31018531|rekap arsip pending
DUP-0000432,log_audit_202304_1730.png,20712069,2024-05-02,portal-upload-web,log|audit|20712069|pending draft dokumen
DOC-0003286,presentasi_audit_202404_2453.png,370001,2023-01-05,cloud-storage-aws,presentasi|audit|370001|total revisi periode file data
DOC-0002799,surat_operasional_202411_1927.pdf,3428254,2023-07-15,server-arsip-jakarta,surat|operasional|3428254|rekap total arsip data
DOC-0000490,laporan_pemasaran_202209_7153.zip,65792,2023-03-10,ftp-pusat,laporan|pemasaran|65792|draft arsip data total
DOC-0003772,log_logistik_202206_4307.json,105608,2022-08-16,nas-lokal-01,log|logistik|105608|arsip rekap pending
DOC-0004081,dataset_operasional_202307_3167.xml,2616021,2022-12-31,server-arsip-surabaya,dataset|operasional|2616021|file draft rekap data final
DOC-0002419,invoice_manajemen_202311_9416.zip,151644,2024-02-27,server-arsip-surabaya,invoice|manajemen|151644|final data revisi arsip file
DOC-0002909,memo_audit_202410_6425.xlsx,2588876,2022-11-29,cloud-storage-gcp,memo|audit|2588876|data periode revisi
DOC-0003908,surat_riset_202201_7639.pdf,2791854,2024-03-25,server-arsip-bandung,surat|riset|2791854|dokumen file rekap pending approved
DUP-0000169,dataset_operasional_202406_2060.png,75162567,2022-01-18,ftp-pusat,dataset|operasional|75162567|file draft periode approved final
DOC-0001712,kontrak_riset_202411_8584.pdf,452503,2024-08-03,backup-eksternal,kontrak|riset|452503|pending rekap total final
DOC-0003757,invoice_riset_202412_2681.png,8814772,2024-09-02,cloud-storage-aws,invoice|riset|8814772|periode final approved pending revisi
DOC-0000386,dataset_logistik_202202_9196.zip,25562,2022-01-12,nas-lokal-01,dataset|logistik|25562|data revisi dokumen
DOC-0000065,laporan_pemasaran_202211_5807.png,14924068,2022-05-14,cloud-storage-gcp,laporan|pemasaran|14924068|final rekap dokumen pending approved
DOC-0002073,log_sdm_202406_5006.xlsx,4722008,2022-11-12,backup-eksternal,log|sdm|4722008|file final data
DOC-0000977,laporan_operasional_202205_1265.docx,3263446,2023-11-13,server-arsip-surabaya,laporan|operasional|3263446|total data final dokumen pending
DOC-0001881,log_hukum_202210_9168.txt,15419025,2022-10-20,server-arsip-bandung,log|hukum|15419025|dokumen revisi draft
DOC-0001107,memo_logistik_202307_2883.docx,422855,2024-10-09,nas-lokal-02,memo|logistik|422855|file revisi rekap
DOC-0002883,log_manajemen_202407_7391.csv,49496241,2022-10-15,portal-upload-web,log|manajemen|49496241|pending periode rekap final
DOC-0002668,backup_riset_202303_1551.png,99682,2024-01-08,server-arsip-bandung,backup|riset|99682|data file revisi draft
DOC-0002425,memo_hukum_202406_0345.pdf,237132,2022-11-08,cloud-storage-aws,memo|hukum|237132|rekap dokumen final
DOC-0004242,gambar_teknologi_202304_3190.pdf,624909,2022-04-25,server-arsip-bandung,gambar|teknologi|624909|dokumen periode draft total approved
DOC-0000721,invoice_sdm_202402_5593.txt,4675435,2024-01-12,cloud-storage-gcp,invoice|sdm|4675435|approved data rekap
DOC-0002341,backup_audit_202305_0892.jpg,231681,2024-12-08,portal-upload-web,backup|audit|231681|periode data rekap
DUP-0000437,invoice_audit_202403_1941.txt,36038356,2022-09-06,nas-lokal-02,invoice|audit|36038356|draft rekap approved
DOC-0003636,kontrak_manajemen_202204_7274.xlsx,9558588,2022-01-30,cloud-storage-gcp,kontrak|manajemen|9558588|pending final rekap arsip
DOC-0003516,dataset_audit_202201_6160.zip,22505288,2022-09-05,cloud-storage-aws,dataset|audit|22505288|approved dokumen arsip periode
DOC-0004366,laporan_keuangan_202210_9663.zip,1408066,2024-12-15,server-arsip-surabaya,laporan|keuangan|1408066|final arsip approved total revisi
DOC-0003872,surat_audit_202307_8231.pdf,22061559,2022-05-07,portal-upload-web,surat|audit|22061559|draft approved arsip revisi file
DOC-0001434,laporan_pemasaran_202310_7759.pdf,358716,2022-12-01,cloud-storage-aws,laporan|pemasaran|358716|data dokumen periode rekap total
DOC-0002640,backup_hukum_202306_8456.png,4806067,2023-09-09,ftp-pusat,backup|hukum|4806067|pending final dokumen data rekap
DOC-0003843,presentasi_operasional_202410_9693.csv,216075,2023-09-07,server-arsip-surabaya,presentasi|operasional|216075|revisi periode arsip file
DOC-0004088,laporan_manajemen_202404_9182.xml,87814,2024-01-12,nas-lokal-01,laporan|manajemen|87814|rekap pending dokumen revisi
DOC-0001912,memo_audit_202211_6437.docx,4366212,2023-07-11,ftp-pusat,memo|audit|4366212|pending dokumen approved arsip
DOC-0002413,backup_teknologi_202405_8112.docx,19305206,2023-11-06,nas-lokal-02,backup|teknologi|19305206|dokumen approved total
DOC-0002278,invoice_manajemen_202412_4310.zip,32810698,2023-07-23,nas-lokal-01,invoice|manajemen|32810698|draft pending arsip total
DOC-0003587,backup_keuangan_202202_7256.json,2607820,2022-10-09,server-arsip-bandung,backup|keuangan|2607820|rekap data final approved revisi
DOC-0003079,presentasi_operasional_202312_3714.json,1072483,2022-09-04,nas-lokal-01,presentasi|operasional|1072483|revisi data arsip file final
DOC-0004441,invoice_audit_202404_7030.png,194529,2024-10-01,cloud-storage-aws,invoice|audit|194529|file pending final
DOC-0002760,dataset_sdm_202311_4235.png,142027,2022-01-29,cloud-storage-aws,dataset|sdm|142027|dokumen data arsip revisi
DOC-0000101,backup_pemasaran_202306_2871.zip,34971962,2023-08-17,cloud-storage-gcp,backup|pemasaran|34971962|arsip periode data
DOC-0002385,presentasi_operasional_202210_6755.xml,4033851,2024-06-01,server-arsip-bandung,presentasi|operasional|4033851|revisi draft approved
DOC-0003008,presentasi_operasional_202306_5386.jpg,374545,2022-01-05,server-arsip-surabaya,presentasi|operasional|374545|periode final file approved
DOC-0000312,invoice_operasional_202301_7425.zip,396783,2024-04-15,server-arsip-surabaya,invoice|operasional|396783|arsip revisi dokumen pending approved
DOC-0000142,gambar_logistik_202403_8056.json,3777886,2024-09-10,ftp-pusat,gambar|logistik|3777886|final data revisi total arsip
DOC-0002753,surat_teknologi_202308_4602.xml,104772,2022-06-23,nas-lokal-01,surat|teknologi|104772|approved revisi periode
DOC-0002398,log_logistik_202401_4833.png,2868686,2024-08-25,backup-eksternal,log|logistik|2868686|final data approved
DOC-0001594,surat_pemasaran_202411_9128.docx,254287,2023-01-18,ftp-pusat,surat|pemasaran|254287|draft rekap revisi
DOC-0001117,surat_hukum_202210_7553.xml,59345,2024-01-21,nas-lokal-01,surat|hukum|59345|periode approved total data
DOC-0002422,gambar_sdm_202305_6116.pdf,1384278,2024-04-28,nas-lokal-02,gambar|sdm|1384278|dokumen approved data
DOC-0002146,presentasi_riset_202406_5924.zip,125403,2022-09-23,ftp-pusat,presentasi|riset|125403|arsip pending rekap approved
DOC-0000017,backup_operasional_202304_5372.zip,56140,2023-06-18,ftp-pusat,backup|operasional|56140|final rekap periode total draft
DOC-0001028,log_pemasaran_202210_9721.txt,135522,2024-11-08,server-arsip-surabaya,log|pemasaran|135522|periode approved data file
DOC-0000455,kontrak_operasional_202207_4363.docx,3879040,2022-12-29,server-arsip-surabaya,kontrak|operasional|3879040|dokumen pending draft
DOC-0003720,kontrak_riset_202408_2501.zip,29879833,2022-05-02,cloud-storage-aws,kontrak|riset|29879833|total final revisi rekap approved
DOC-0000843,dataset_keuangan_202301_2180.pdf,4974871,2024-08-07,nas-lokal-01,dataset|keuangan|4974871|final data draft file
DOC-0000752,backup_teknologi_202210_2170.png,427768,2023-01-06,nas-lokal-02,backup|teknologi|427768|total revisi file pending
DOC-0001038,kontrak_logistik_202404_2987.json,250592,2022-09-18,server-arsip-bandung,kontrak|logistik|250592|total final revisi rekap pending
DOC-0001809,presentasi_manajemen_202412_2210.json,498667,2024-06-24,nas-lokal-02,presentasi|manajemen|498667|pending final periode revisi
DOC-0001757,presentasi_operasional_202406_5516.xlsx,204399,2022-07-26,cloud-storage-aws,presentasi|operasional|204399|file rekap draft
DOC-0001591,log_hukum_202211_9288.jpg,18122,2024-02-24,server-arsip-surabaya,log|hukum|18122|periode approved draft pending
DOC-0003891,kontrak_operasional_202203_7361.xlsx,424258,2024-08-04,nas-lokal-02,kontrak|operasional|424258|approved file periode
DOC-0003297,surat_sdm_202406_4220.txt,342465183,2023-05-13,backup-eksternal,surat|sdm|342465183|approved pending revisi rekap draft
DOC-0004187,surat_manajemen_202209_7585.txt,2742465,2022-05-19,portal-upload-web,surat|manajemen|2742465|pending total draft approved
DOC-0001430,invoice_manajemen_202408_0046.jpg,665428,2022-08-31,backup-eksternal,invoice|manajemen|665428|file arsip approved
DOC-0003534,gambar_operasional_202310_3976.jpg,2088666,2022-04-05,nas-lokal-01,gambar|operasional|2088666|final approved rekap pending dokumen
DUP-0000088,surat_keuangan_202312_8828.xlsx,10056297,2022-08-17,nas-lokal-02,surat|keuangan|10056297|arsip rekap approved dokumen
DOC-0000025,memo_sdm_202206_0448.xml,175079568,2022-10-09,backup-eksternal,memo|sdm|175079568|approved rekap pending
DOC-0002267,gambar_teknologi_202208_1003.jpg,127090,2023-05-28,portal-upload-web,gambar|teknologi|127090|approved periode final draft
DUP-0000135,dataset_riset_202301_1439.jpg,49746059,2024-03-23,server-arsip-surabaya,dataset|riset|49746059|approved periode dokumen data
DOC-0004184,gambar_keuangan_202312_5982.docx,42981957,2024-09-17,nas-lokal-01,gambar|keuangan|42981957|arsip file periode
DOC-0000384,gambar_hukum_202206_1306.txt,383618,2022-04-08,cloud-storage-gcp,gambar|hukum|383618|arsip final pending data
DUP-0000221,invoice_hukum_202411_2131.json,184259,2022-06-17,backup-eksternal,invoice|hukum|184259|file total dokumen approved rekap
DOC-0002236,surat_audit_202405_1515.docx,302309456,2022-01-02,nas-lokal-02,surat|audit|302309456|dokumen draft final data
DOC-0002656,backup_manajemen_202402_1327.png,36005512,2024-11-30,server-arsip-jakarta,backup|manajemen|36005512|file approved pending
DOC-0002805,memo_riset_202201_1262.docx,47755886,2022-05-12,server-arsip-surabaya,memo|riset|47755886|revisi file rekap total approved
DOC-0002522,memo_manajemen_202411_4111.pdf,3969842,2024-12-22,ftp-pusat,memo|manajemen|3969842|rekap draft file
DOC-0002448,backup_operasional_202204_8941.docx,3609303,2024-01-13,nas-lokal-01,backup|operasional|3609303|periode revisi pending
DOC-0001054,invoice_logistik_202408_7844.png,1324547,2024-03-26,server-arsip-surabaya,invoice|logistik|1324547|arsip file revisi approved dokumen
DOC-0000212,memo_hukum_202402_5144.txt,262273,2022-04-27,nas-lokal-02,memo|hukum|262273|approved periode file pending
DOC-0002051,surat_sdm_202301_5451.zip,4823005,2022-04-28,cloud-storage-gcp,surat|sdm|4823005|arsip pending total draft rekap
DOC-0003584,dataset_manajemen_202305_4044.png,588113,2023-11-15,server-arsip-surabaya,dataset|manajemen|588113|arsip periode total final
DOC-0001476,backup_manajemen_202306_3933.json,63646209,2024-03-03,server-arsip-surabaya,backup|manajemen|63646209|file data total pending dokumen
DOC-0004185,presentasi_audit_202302_1685.jpg,117934,2024-08-31,server-arsip-bandung,presentasi|audit|117934|file arsip draft approved total
DOC-0001600,surat_teknologi_202202_5938.docx,4516675,2023-04-10,cloud-storage-aws,surat|teknologi|4516675|final dokumen pending
DOC-0002460,invoice_riset_202310_9710.xml,392149,2023-02-19,portal-upload-web,invoice|riset|392149|final draft total rekap approved
DOC-0000494,kontrak_teknologi_202205_1453.xlsx,1804321,2023-07-23,cloud-storage-gcp,kontrak|teknologi|1804321|final data revisi periode
DUP-0000431,dataset_riset_202401_6910.json,14596201,2022-09-16,backup-eksternal,dataset|riset|14596201|file pending periode revisi
DOC-0001254,surat_riset_202307_9153.zip,135340,2023-06-15,server-arsip-bandung,surat|riset|135340|pending approved file dokumen data
DUP-0000272,kontrak_operasional_202408_7172.jpg,3454882,2022-03-01,server-arsip-jakarta,kontrak|operasional|3454882|approved periode revisi final draft
DOC-0003059,surat_audit_202209_2090.xml,1025206,2023-10-19,nas-lokal-02,surat|audit|1025206|data draft total approved
DOC-0004431,presentasi_logistik_202307_2196.pdf,13600667,2023-11-28,server-arsip-bandung,presentasi|logistik|13600667|revisi total draft
DOC-0003700,log_audit_202304_3033.txt,3561729,2022-06-02,server-arsip-bandung,log|audit|3561729|pending arsip total approved periode
DOC-0001432,dataset_riset_202407_7423.zip,242067,2022-11-07,cloud-storage-gcp,dataset|riset|242067|total data rekap draft
DOC-0000966,memo_audit_202409_9785.docx,300474272,2023-07-20,ftp-pusat,memo|audit|300474272|draft approved data final revisi
DOC-0001149,laporan_sdm_202302_7728.csv,42647407,2022-12-10,nas-lokal-01,laporan|sdm|42647407|total final rekap periode
DOC-0003810,log_keuangan_202408_0556.jpg,3674981,2023-11-11,server-arsip-bandung,log|keuangan|3674981|total dokumen revisi arsip data
DOC-0003500,surat_hukum_202312_0473.xlsx,356659103,2023-07-09,ftp-pusat,surat|hukum|356659103|data arsip total file pending
DOC-0000481,backup_operasional_202201_0046.csv,3645465,2024-03-15,backup-eksternal,backup|operasional|3645465|approved periode draft dokumen
DOC-0003505,invoice_keuangan_202208_2872.docx,360697,2023-10-24,nas-lokal-01,invoice|keuangan|360697|revisi rekap total arsip
DOC-0000060,surat_riset_202208_3678.xlsx,2796703,2023-03-25,cloud-storage-aws,surat|riset|2796703|pending data revisi
DOC-0000609,dataset_operasional_202209_2936.jpg,1013438,2023-07-09,ftp-pusat,dataset|operasional|1013438|draft arsip total revisi
DOC-0002152,invoice_manajemen_202304_6294.txt,4079995,2023-08-29,nas-lokal-02,invoice|manajemen|4079995|revisi file data final
DOC-0003931,dataset_operasional_202412_7953.png,375191,2023-08-23,server-arsip-surabaya,dataset|operasional|375191|draft arsip data final
DOC-0004374,dataset_pemasaran_202405_4516.txt,38258165,2024-07-13,cloud-storage-gcp,dataset|pemasaran|38258165|total data draft
DOC-0002706,memo_manajemen_202305_0928.zip,383786,2023-06-27,server-arsip-bandung,memo|manajemen|383786|total rekap pending
DOC-0003266,invoice_hukum_202307_2671.pdf,450381,2023-10-15,backup-eksternal,invoice|hukum|450381|approved periode total rekap arsip
DOC-0004112,backup_hukum_202202_7418.xlsx,19143649,2023-08-07,portal-upload-web,backup|hukum|19143649|final periode data arsip
DOC-0000636,backup_riset_202302_4357.csv,22628971,2023-02-27,nas-lokal-02,backup|riset|22628971|periode arsip approved data
DOC-0001937,kontrak_keuangan_202312_8979.jpg,51915,2023-08-28,server-arsip-surabaya,kontrak|keuangan|51915|rekap pending dokumen approved
DOC-0001262,surat_riset_202408_0554.xlsx,469719111,2024-06-25,backup-eksternal,surat|riset|469719111|pending dokumen draft file
DOC-0002097,presentasi_riset_202204_3550.pdf,2746224,2023-08-02,server-arsip-jakarta,presentasi|riset|2746224|rekap arsip total file
DOC-0001485,gambar_teknologi_202203_0425.csv,12782920,2022-12-05,portal-upload-web,gambar|teknologi|12782920|file revisi arsip
DOC-0002044,log_pemasaran_202202_8186.txt,402755409,2022-06-15,cloud-storage-gcp,log|pemasaran|402755409|dokumen draft data final
DOC-0002083,presentasi_pemasaran_202302_3893.pdf,2050075,2023-06-12,server-arsip-jakarta,presentasi|pemasaran|2050075|dokumen pending revisi total periode
DOC-0003049,gambar_riset_202301_3062.xml,967871,2023-11-21,server-arsip-jakarta,gambar|riset|967871|file approved data dokumen
DOC-0000600,invoice_manajemen_202302_7548.xlsx,4229531,2024-10-27,server-arsip-bandung,invoice|manajemen|4229531|dokumen approved file arsip
DOC-0001124,memo_audit_202403_3079.xml,12133249,2024-04-11,server-arsip-jakarta,memo|audit|12133249|file arsip approved
DOC-0002376,memo_teknologi_202404_7294.pdf,572262,2024-12-09,server-arsip-surabaya,memo|teknologi|572262|draft revisi pending total periode
DOC-0003512,invoice_hukum_202408_8855.pdf,262776,2023-04-30,server-arsip-bandung,invoice|hukum|262776|periode approved revisi pending final
DOC-0000364,log_audit_202409_8289.zip,36246023,2024-06-16,nas-lokal-01,log|audit|36246023|revisi draft arsip data periode
DOC-0003243,surat_logistik_202207_0125.xlsx,315610,2023-07-13,portal-upload-web,surat|logistik|315610|final total pending periode revisi
DOC-0002565,log_keuangan_202201_5823.pdf,44541965,2023-05-20,nas-lokal-02,log|keuangan|44541965|rekap final draft approved
DOC-0004413,memo_riset_202312_9150.pdf,3765332,2024-02-22,server-arsip-bandung,memo|riset|3765332|approved dokumen periode total
DOC-0004159,dataset_audit_202405_2972.xml,6935209,2024-09-08,server-arsip-jakarta,dataset|audit|6935209|arsip revisi dokumen approved draft
DUP-0000083,log_operasional_202212_5054.xlsx,316461,2022-10-14,nas-lokal-02,log|operasional|316461|revisi pending approved draft rekap
DOC-0001876,surat_pemasaran_202206_1114.docx,4653035,2024-11-20,nas-lokal-01,surat|pemasaran|4653035|file pending approved
DOC-0000562,laporan_operasional_202204_8792.txt,8922202,2024-01-21,server-arsip-jakarta,laporan|operasional|8922202|periode arsip dokumen
DUP-0000142,presentasi_manajemen_202210_1013.txt,4587044,2022-01-05,server-arsip-jakarta,presentasi|manajemen|4587044|rekap periode dokumen draft approved
DOC-0003471,kontrak_pemasaran_202201_2713.docx,456714,2024-12-07,cloud-storage-aws,kontrak|pemasaran|456714|total final dokumen file data
DUP-0000232,log_manajemen_202407_1285.jpg,19445134,2023-04-06,portal-upload-web,log|manajemen|19445134|dokumen final draft periode
DOC-0001565,log_keuangan_202405_9955.xml,1260146,2022-08-26,cloud-storage-aws,log|keuangan|1260146|data draft rekap file
DOC-0002560,dataset_teknologi_202302_8500.docx,37158698,2024-04-05,server-arsip-surabaya,dataset|teknologi|37158698|approved pending arsip file
DOC-0000144,surat_teknologi_202205_6841.xml,3627449,2022-02-15,cloud-storage-gcp,surat|teknologi|3627449|total final periode
DOC-0002294,invoice_riset_202410_7314.png,76477,2023-09-20,backup-eksternal,invoice|riset|76477|pending approved data dokumen
DOC-0004013,gambar_audit_202306_7039.xlsx,275852,2023-01-24,server-arsip-bandung,gambar|audit|275852|dokumen revisi draft final
DOC-0001695,log_keuangan_202306_5436.xml,21813906,2023-11-24,server-arsip-surabaya,log|keuangan|21813906|pending periode rekap revisi
DOC-0003865,kontrak_operasional_202308_8390.docx,3515332,2024-08-30,cloud-storage-aws,kontrak|operasional|3515332|total data revisi pending
DOC-0000542,presentasi_operasional_202412_9474.txt,278694,2023-11-17,server-arsip-surabaya,presentasi|operasional|278694|total periode rekap
DOC-0001720,backup_teknologi_202204_1251.txt,365595,2023-05-18,ftp-pusat,backup|teknologi|365595|arsip revisi rekap draft
DOC-0001443,dataset_logistik_202404_2719.jpg,3196997,2022-06-06,cloud-storage-aws,dataset|logistik|3196997|dokumen approved total arsip
DOC-0000934,laporan_hukum_202212_8509.xml,2595884,2022-10-16,server-arsip-surabaya,laporan|hukum|2595884|periode final rekap
DOC-0003747,log_operasional_202408_9633.docx,1709717,2022-08-01,cloud-storage-aws,log|operasional|1709717|draft revisi data
DOC-0002093,memo_logistik_202302_5241.docx,368216,2022-11-01,nas-lokal-02,memo|logistik|368216|revisi periode data dokumen
DOC-0001006,invoice_hukum_202306_2682.csv,754459,2024-05-26,nas-lokal-02,invoice|hukum|754459|periode approved pending revisi
DOC-0002022,invoice_manajemen_202401_2908.txt,179665,2024-09-20,nas-lokal-01,invoice|manajemen|179665|approved rekap revisi final draft
DOC-0004388,presentasi_keuangan_202302_3914.png,2215098,2023-01-19,server-arsip-jakarta,presentasi|keuangan|2215098|rekap approved revisi periode
DOC-0002814,invoice_teknologi_202303_6110.docx,409529,2023-04-11,server-arsip-jakarta,invoice|teknologi|409529|rekap periode final
DUP-0000390,gambar_logistik_202408_1680.jpg,855805,2024-03-14,backup-eksternal,gambar|logistik|855805|data final arsip
DOC-0003005,backup_operasional_202304_2941.docx,431150,2022-11-03,server-arsip-surabaya,backup|operasional|431150|total dokumen approved final
DOC-0000991,dataset_audit_202206_3945.jpg,144936738,2022-12-27,nas-lokal-02,dataset|audit|144936738|dokumen revisi pending rekap
DOC-0001089,backup_audit_202206_0259.png,346863,2024-04-15,server-arsip-surabaya,backup|audit|346863|dokumen total pending periode approved
DOC-0000480,log_keuangan_202305_0723.docx,4184548,2023-05-10,backup-eksternal,log|keuangan|4184548|final data periode revisi arsip
DOC-0000913,laporan_pemasaran_202209_1541.pdf,138897674,2024-04-08,portal-upload-web,laporan|pemasaran|138897674|total data final file revisi
DOC-0000664,surat_logistik_202406_3221.xml,1087861,2024-04-18,ftp-pusat,surat|logistik|1087861|rekap file draft pending arsip
DOC-0001783,log_audit_202203_5347.png,20497483,2024-08-06,server-arsip-jakarta,log|audit|20497483|final data file revisi rekap
DOC-0003669,kontrak_sdm_202211_8693.jpg,2742825,2024-10-02,nas-lokal-01,kontrak|sdm|2742825|pending arsip final periode revisi
DOC-0001771,gambar_logistik_202409_7438.docx,4667605,2024-10-02,nas-lokal-02,gambar|logistik|4667605|file pending draft total
DOC-0002407,laporan_logistik_202208_6631.xlsx,123934,2023-01-03,cloud-storage-gcp,laporan|logistik|123934|data revisi periode approved draft
DOC-0002638,backup_logistik_202411_0936.docx,316806,2023-09-02,server-arsip-bandung,backup|logistik|316806|pending dokumen draft periode
DOC-0002905,invoice_audit_202205_3830.png,2131184,2022-03-28,backup-eksternal,invoice|audit|2131184|arsip periode total
DOC-0001464,surat_operasional_202406_7870.json,47722086,2023-05-13,nas-lokal-01,surat|operasional|47722086|periode revisi file pending
DOC-0003202,surat_hukum_202304_6213.json,47989479,2024-06-03,backup-eksternal,surat|hukum|47989479|revisi approved final
DOC-0000706,laporan_teknologi_202202_4523.docx,915225,2022-03-08,server-arsip-jakarta,laporan|teknologi|915225|final pending total
DOC-0000082,kontrak_logistik_202301_2555.txt,449241,2022-10-18,portal-upload-web,kontrak|logistik|449241|dokumen data final
DOC-0004342,presentasi_manajemen_202211_0310.xml,7209215,2023-01-09,server-arsip-bandung,presentasi|manajemen|7209215|dokumen pending file data approved
DOC-0000628,kontrak_pemasaran_202312_5010.docx,74082,2024-04-16,nas-lokal-01,kontrak|pemasaran|74082|revisi draft file pending rekap
DOC-0002586,memo_logistik_202304_9520.zip,36051998,2022-02-12,nas-lokal-02,memo|logistik|36051998|arsip final pending dokumen
DOC-0002332,dataset_audit_202205_4438.jpg,180969,2023-08-17,server-arsip-bandung,dataset|audit|180969|final periode dokumen file
DOC-0000098,dataset_riset_202212_3383.xml,242249,2024-03-01,portal-upload-web,dataset|riset|242249|periode final dokumen file approved
DUP-0000092,invoice_audit_202209_5817.xml,38300584,2024-05-11,backup-eksternal,invoice|audit|38300584|dokumen total rekap draft
DOC-0000109,gambar_operasional_202402_5221.csv,245863,2024-11-08,server-arsip-bandung,gambar|operasional|245863|periode total revisi
DOC-0000749,presentasi_manajemen_202203_4415.jpg,173744147,2023-07-08,server-arsip-bandung,presentasi|manajemen|173744147|dokumen rekap pending
DOC-0002009,backup_keuangan_202312_0236.txt,45343414,2023-08-25,server-arsip-surabaya,backup|keuangan|45343414|dokumen final total periode draft
DOC-0002064,laporan_teknologi_202207_8871.csv,256489,2022-07-17,server-arsip-jakarta,laporan|teknologi|256489|file rekap final total pending
DOC-0002801,surat_operasional_202410_4660.jpg,54506005,2023-10-29,server-arsip-surabaya,surat|operasional|54506005|draft revisi dokumen approved
DOC-0004310,presentasi_audit_202207_3417.json,4951330,2022-09-01,backup-eksternal,presentasi|audit|4951330|total revisi arsip
DOC-0002397,kontrak_manajemen_202311_4707.png,2842525,2023-04-11,cloud-storage-aws,kontrak|manajemen|2842525|periode dokumen final draft pending
DOC-0000529,log_operasional_202305_2147.xml,3220525,2022-10-25,cloud-storage-aws,log|operasional|3220525|file periode data
DOC-0003126,laporan_pemasaran_202405_4460.xml,363754014,2024-03-12,server-arsip-bandung,laporan|pemasaran|363754014|rekap total periode revisi
DOC-0003321,laporan_keuangan_202308_5383.jpg,4679844,2022-07-21,cloud-storage-aws,laporan|keuangan|4679844|arsip revisi file
DOC-0000006,surat_hukum_202310_0158.jpg,4587188,2024-05-30,server-arsip-bandung,surat|hukum|4587188|pending data revisi file rekap
DOC-0003295,gambar_audit_202204_2883.json,38282,2022-11-21,nas-lokal-02,gambar|audit|38282|pending revisi final
DOC-0002266,backup_teknologi_202305_9807.docx,341765921,2023-05-20,ftp-pusat,backup|teknologi|341765921|revisi pending final
DOC-0000679,laporan_keuangan_202304_4780.pdf,282103,2024-04-05,backup-eksternal,laporan|keuangan|282103|dokumen total file
DOC-0002603,invoice_hukum_202205_4990.xlsx,38696540,2023-04-20,server-arsip-jakarta,invoice|hukum|38696540|draft data pending dokumen
DOC-0000207,laporan_operasional_202310_3173.pdf,154417874,2024-05-05,server-arsip-surabaya,laporan|operasional|154417874|arsip dokumen final revisi
DOC-0000252,backup_audit_202304_4516.json,127606,2024-09-03,nas-lokal-02,backup|audit|127606|periode pending revisi data
DOC-0000153,laporan_operasional_202404_5487.jpg,1881620,2024-09-28,server-arsip-bandung,laporan|operasional|1881620|file draft arsip approved
DOC-0000944,memo_teknologi_202302_5551.xml,1764454,2024-08-30,server-arsip-bandung,memo|teknologi|1764454|data pending approved
DOC-0003770,gambar_pemasaran_202205_0604.xml,438349095,2024-05-21,backup-eksternal,gambar|pemasaran|438349095|periode draft arsip
DOC-0000383,gambar_hukum_202312_0997.xlsx,1407494,2024-08-07,server-arsip-bandung,gambar|hukum|1407494|arsip rekap approved
DOC-0003706,memo_hukum_202410_0834.txt,174250703,2022-07-20,server-arsip-bandung,memo|hukum|174250703|draft periode arsip data
DOC-0004033,surat_teknologi_202410_6686.xlsx,1268396,2023-03-04,cloud-storage-gcp,surat|teknologi|1268396|total revisi rekap dokumen final
DOC-0000836,laporan_riset_202208_1041.xlsx,18199396,2023-08-16,nas-lokal-02,laporan|riset|18199396|total dokumen data draft revisi
DOC-0001198,laporan_logistik_202412_4883.jpg,4082724,2024-05-15,backup-eksternal,laporan|logistik|4082724|data pending arsip rekap
DOC-0000869,dataset_operasional_202210_4215.txt,400752,2024-02-20,server-arsip-bandung,dataset|operasional|400752|total periode arsip
DOC-0004485,laporan_manajemen_202302_3205.csv,330572,2022-04-18,backup-eksternal,laporan|manajemen|330572|draft file periode rekap
DUP-0000130,backup_keuangan_202311_9616.json,38956209,2023-11-16,server-arsip-bandung,backup|keuangan|38956209|file rekap final periode
DOC-0004448,presentasi_operasional_202306_9309.xml,91380,2022-10-13,server-arsip-surabaya,presentasi|operasional|91380|total dokumen periode rekap
DOC-0002249,gambar_pemasaran_202404_7763.pdf,12148,2022-02-07,server-arsip-bandung,gambar|pemasaran|12148|total arsip draft approved pending
DOC-0001196,laporan_riset_202311_8663.csv,39699838,2024-04-27,nas-lokal-01,laporan|riset|39699838|file data periode dokumen
DOC-0003996,log_hukum_202411_3742.docx,25769,2023-12-20,cloud-storage-aws,log|hukum|25769|total approved dokumen
DOC-0003568,dataset_audit_202209_0921.json,66040369,2023-11-01,cloud-storage-gcp,dataset|audit|66040369|arsip draft periode
DOC-0002581,surat_manajemen_202202_0484.txt,2926701,2023-12-21,server-arsip-bandung,surat|manajemen|2926701|arsip file draft pending data
DUP-0000356,kontrak_teknologi_202212_8553.xlsx,6092362,2024-03-01,backup-eksternal,kontrak|teknologi|6092362|approved total rekap dokumen
DOC-0004082,dataset_audit_202309_9106.jpg,49330673,2022-01-24,nas-lokal-01,dataset|audit|49330673|draft final pending data periode
DOC-0000263,kontrak_teknologi_202301_7365.txt,164664,2023-04-08,portal-upload-web,kontrak|teknologi|164664|rekap total revisi
DOC-0004018,backup_pemasaran_202205_2361.json,4385242,2024-01-25,cloud-storage-aws,backup|pemasaran|4385242|pending file approved dokumen data
DOC-0002322,memo_pemasaran_202204_7818.xml,2389518,2022-04-28,server-arsip-jakarta,memo|pemasaran|2389518|file total pending final revisi
DOC-0004443,backup_audit_202302_3812.pdf,3611021,2022-07-11,server-arsip-jakarta,backup|audit|3611021|data dokumen arsip
DOC-0001125,surat_manajemen_202204_9091.zip,145375,2023-05-31,nas-lokal-01,surat|manajemen|145375|total draft approved
DOC-0002737,kontrak_logistik_202401_2776.docx,150806,2024-02-21,server-arsip-jakarta,kontrak|logistik|150806|periode arsip final approved draft
DOC-0001468,gambar_riset_202310_6904.jpg,9640613,2023-08-08,nas-lokal-02,gambar|riset|9640613|pending revisi arsip approved draft
DOC-0001917,laporan_operasional_202309_2657.json,213924774,2024-06-20,backup-eksternal,laporan|operasional|213924774|periode draft revisi file rekap
DOC-0001713,backup_audit_202202_1724.xlsx,4749002,2023-11-19,nas-lokal-02,backup|audit|4749002|data dokumen approved final file
DOC-0001442,presentasi_sdm_202202_1484.png,1416710,2022-04-27,ftp-pusat,presentasi|sdm|1416710|file total arsip final
DOC-0001692,laporan_logistik_202203_1782.docx,403829,2024-04-02,ftp-pusat,laporan|logistik|403829|pending final draft revisi file
DOC-0003337,laporan_keuangan_202204_0967.pdf,11055016,2022-12-12,server-arsip-bandung,laporan|keuangan|11055016|arsip dokumen rekap final
DOC-0001084,invoice_logistik_202301_5406.png,216840509,2022-10-20,server-arsip-surabaya,invoice|logistik|216840509|file approved pending revisi total
DOC-0002752,presentasi_pemasaran_202212_5222.pdf,178217,2024-09-18,nas-lokal-02,presentasi|pemasaran|178217|rekap data revisi approved pending
DOC-0000764,backup_operasional_202203_4026.xlsx,1260341,2023-07-15,server-arsip-bandung,backup|operasional|1260341|dokumen file periode rekap
DOC-0002181,log_operasional_202201_8625.json,47230511,2022-02-13,server-arsip-surabaya,log|operasional|47230511|total rekap final file
DOC-0002220,kontrak_sdm_202305_0610.zip,1965103,2022-08-18,cloud-storage-gcp,kontrak|sdm|1965103|data file revisi arsip final
DOC-0004015,gambar_audit_202206_3166.txt,14903,2024-07-20,nas-lokal-01,gambar|audit|14903|revisi file draft arsip dokumen
DOC-0001353,invoice_audit_202403_1941.txt,36038356,2022-09-06,nas-lokal-02,invoice|audit|36038356|draft rekap approved
DOC-0002004,dataset_logistik_202401_0536.xlsx,269699,2023-11-03,ftp-pusat,dataset|logistik|269699|final rekap total
DOC-0003833,kontrak_operasional_202211_1940.png,1439275,2024-05-24,server-arsip-surabaya,kontrak|operasional|1439275|dokumen arsip file
DOC-0000058,log_riset_202207_1245.csv,41121639,2023-02-11,server-arsip-bandung,log|riset|41121639|file dokumen approved
DOC-0002270,kontrak_riset_202309_7968.csv,1892259,2023-12-27,cloud-storage-aws,kontrak|riset|1892259|total draft approved final
DOC-0002701,laporan_manajemen_202403_2680.json,50910,2024-01-15,server-arsip-surabaya,laporan|manajemen|50910|approved final dokumen pending data
DOC-0002766,log_audit_202311_2853.xml,480366,2024-09-25,server-arsip-surabaya,log|audit|480366|pending file total dokumen
DUP-0000496,invoice_logistik_202304_8752.txt,42695640,2022-09-02,cloud-storage-aws,invoice|logistik|42695640|revisi periode approved
DOC-0002986,laporan_teknologi_202408_3640.csv,39331336,2022-05-22,server-arsip-bandung,laporan|teknologi|39331336|rekap total draft approved
DOC-0002120,laporan_logistik_202410_2911.zip,2550523,2024-12-13,nas-lokal-01,laporan|logistik|2550523|periode data rekap
DOC-0003087,gambar_riset_202302_7588.json,4262761,2022-09-09,server-arsip-surabaya,gambar|riset|4262761|dokumen file data
DOC-0002772,backup_pemasaran_202309_6072.png,3301649,2022-12-20,cloud-storage-aws,backup|pemasaran|3301649|periode dokumen arsip rekap
DOC-0000535,laporan_pemasaran_202211_1103.json,48126,2024-01-25,server-arsip-bandung,laporan|pemasaran|48126|file final total dokumen
DOC-0001645,backup_keuangan_202409_4012.txt,246813,2024-03-09,cloud-storage-gcp,backup|keuangan|246813|file total approved
DOC-0000526,kontrak_teknologi_202301_7693.xml,4755339,2024-03-24,server-arsip-bandung,kontrak|teknologi|4755339|arsip pending rekap
DOC-0000765,laporan_manajemen_202408_0652.xml,445932,2022-10-03,nas-lokal-02,laporan|manajemen|445932|rekap final draft file
DOC-0002573,presentasi_teknologi_202303_5618.json,47991470,2024-05-30,server-arsip-surabaya,presentasi|teknologi|47991470|data approved rekap pending total
DOC-0001805,invoice_audit_202312_1745.csv,1705674,2024-12-19,cloud-storage-aws,invoice|audit|1705674|periode data final
DOC-0004193,backup_riset_202202_9028.xml,319649129,2022-02-06,cloud-storage-aws,backup|riset|319649129|dokumen approved arsip
DOC-0000016,invoice_keuangan_202305_1820.json,203697,2024-08-24,server-arsip-surabaya,invoice|keuangan|203697|total draft approved periode arsip
DOC-0001774,invoice_audit_202411_0502.txt,292355,2024-10-18,portal-upload-web,invoice|audit|292355|approved final rekap revisi total
DOC-0000515,presentasi_operasional_202310_6761.txt,968391,2023-03-27,backup-eksternal,presentasi|operasional|968391|total data rekap
DUP-0000063,presentasi_teknologi_202402_6848.pdf,13767289,2023-11-19,server-arsip-jakarta,presentasi|teknologi|13767289|final approved revisi rekap
DUP-0000370,log_teknologi_202204_2749.csv,1456571,2022-08-20,nas-lokal-02,log|teknologi|1456571|data rekap file draft revisi
DOC-0002835,laporan_sdm_202207_4794.xlsx,48191,2024-04-11,server-arsip-jakarta,laporan|sdm|48191|periode approved draft file
DOC-0004008,gambar_logistik_202402_8960.zip,66952037,2022-07-19,cloud-storage-aws,gambar|logistik|66952037|arsip rekap total dokumen
DOC-0004194,log_pemasaran_202212_5721.txt,46178,2024-10-30,server-arsip-surabaya,log|pemasaran|46178|approved revisi pending final dokumen
DOC-0000689,gambar_keuangan_202402_9176.pdf,93608,2022-10-13,ftp-pusat,gambar|keuangan|93608|draft total arsip data approved
DOC-0001690,memo_manajemen_202206_2175.xml,323837,2024-08-26,server-arsip-jakarta,memo|manajemen|323837|periode draft dokumen approved total
DOC-0003702,memo_logistik_202210_4820.jpg,11044,2024-07-07,portal-upload-web,memo|logistik|11044|final pending dokumen periode revisi
DOC-0002291,memo_operasional_202301_0082.jpg,43604663,2023-09-26,nas-lokal-02,memo|operasional|43604663|arsip final approved revisi
DOC-0003604,surat_audit_202404_1454.json,1810005,2024-10-28,ftp-pusat,surat|audit|1810005|data approved total file arsip
DOC-0001179,memo_operasional_202211_1636.pdf,4969652,2022-04-08,portal-upload-web,memo|operasional|4969652|approved draft dokumen arsip final
DOC-0004183,backup_sdm_202306_6793.pdf,3438754,2024-05-11,backup-eksternal,backup|sdm|3438754|revisi pending rekap
DOC-0002917,laporan_teknologi_202201_2461.png,409475,2024-07-18,server-arsip-surabaya,laporan|teknologi|409475|draft pending file dokumen total
DOC-0004204,laporan_hukum_202309_9417.txt,315254092,2024-03-13,backup-eksternal,laporan|hukum|315254092|periode approved revisi pending data
DOC-0004037,log_logistik_202302_4898.json,234320,2024-01-01,server-arsip-jakarta,log|logistik|234320|total arsip file data pending
DOC-0000400,memo_manajemen_202402_2586.xml,349713,2024-11-12,backup-eksternal,memo|manajemen|349713|dokumen final periode approved file
DOC-0003822,invoice_logistik_202408_2964.png,487754,2024-10-15,server-arsip-jakarta,invoice|logistik|487754|periode final total
DOC-0003592,log_keuangan_202309_4100.png,6512693,2023-12-12,ftp-pusat,log|keuangan|6512693|draft arsip final rekap
DOC-0000904,presentasi_sdm_202405_4591.docx,2367671,2023-06-24,server-arsip-jakarta,presentasi|sdm|2367671|draft arsip data revisi
DOC-0002684,laporan_riset_202210_0881.txt,253760,2024-03-14,cloud-storage-aws,laporan|riset|253760|approved rekap periode
DUP-0000476,presentasi_teknologi_202405_1955.json,80635,2022-12-04,nas-lokal-02,presentasi|teknologi|80635|approved periode rekap file
DUP-0000038,presentasi_pemasaran_202401_8966.json,33297673,2023-07-04,nas-lokal-02,presentasi|pemasaran|33297673|file rekap data total draft
DOC-0001727,log_keuangan_202308_5773.txt,377960,2024-05-05,server-arsip-surabaya,log|keuangan|377960|final revisi data total approved
DOC-0000099,backup_teknologi_202212_2140.xlsx,4430732,2024-09-23,nas-lokal-01,backup|teknologi|4430732|dokumen arsip rekap total data
DOC-0001337,memo_audit_202210_4504.pdf,3973476,2022-04-08,nas-lokal-02,memo|audit|3973476|total final arsip pending
DOC-0001970,kontrak_riset_202311_1257.pdf,372383,2024-08-03,backup-eksternal,kontrak|riset|372383|rekap data pending revisi final
DUP-0000192,invoice_sdm_202407_6489.pdf,43778202,2024-09-03,nas-lokal-02,invoice|sdm|43778202|pending periode rekap
DOC-0001605,log_keuangan_202211_1928.png,246175,2023-10-02,ftp-pusat,log|keuangan|246175|approved arsip pending
DOC-0000839,log_audit_202407_0794.pdf,213560,2023-11-09,server-arsip-jakarta,log|audit|213560|revisi rekap approved dokumen
DOC-0003959,backup_hukum_202303_1283.txt,482423729,2023-11-17,cloud-storage-aws,backup|hukum|482423729|final file rekap approved dokumen
DOC-0002922,surat_audit_202412_2874.xml,35323283,2023-12-16,nas-lokal-02,surat|audit|35323283|arsip draft file approved
DOC-0004101,gambar_manajemen_202204_0357.csv,6270457,2023-12-15,portal-upload-web,gambar|manajemen|6270457|periode draft revisi dokumen
DOC-0003653,backup_keuangan_202311_9616.json,38956209,2023-11-16,server-arsip-bandung,backup|keuangan|38956209|file rekap final periode
DUP-0000118,dataset_pemasaran_202410_5920.json,355030,2024-09-22,ftp-pusat,dataset|pemasaran|355030|revisi draft total approved
DOC-0002079,gambar_hukum_202207_4844.png,3232969,2023-01-01,backup-eksternal,gambar|hukum|3232969|dokumen file rekap
DOC-0000302,memo_riset_202209_4843.zip,35615216,2022-10-25,ftp-pusat,memo|riset|35615216|dokumen approved file revisi
DOC-0003801,log_keuangan_202212_6203.txt,14658583,2024-08-14,server-arsip-surabaya,log|keuangan|14658583|pending rekap final
DOC-0003892,presentasi_manajemen_202408_4848.json,302790000,2023-09-03,server-arsip-bandung,presentasi|manajemen|302790000|periode arsip final
DUP-0000426,dataset_hukum_202203_3508.docx,17434,2023-11-27,portal-upload-web,dataset|hukum|17434|rekap approved draft arsip
DOC-0000898,dataset_hukum_202402_2956.xlsx,219268,2022-08-23,portal-upload-web,dataset|hukum|219268|data draft total
DOC-0002648,log_keuangan_202211_2523.csv,14033838,2022-11-18,cloud-storage-aws,log|keuangan|14033838|draft dokumen pending
DOC-0002099,dataset_logistik_202211_1231.zip,21555,2022-11-26,cloud-storage-gcp,dataset|logistik|21555|pending approved final periode
DOC-0001885,backup_operasional_202401_9259.jpg,497212,2023-09-26,cloud-storage-aws,backup|operasional|497212|approved arsip periode draft rekap
DOC-0004320,laporan_hukum_202404_5932.txt,3741154,2022-11-23,ftp-pusat,laporan|hukum|3741154|revisi pending periode
DOC-0003779,invoice_logistik_202401_2634.jpg,3875383,2023-01-08,ftp-pusat,invoice|logistik|3875383|final dokumen arsip
DOC-0000784,gambar_teknologi_202402_8979.pdf,36608490,2022-10-05,server-arsip-surabaya,gambar|teknologi|36608490|periode approved data pending final
DOC-0001189,backup_pemasaran_202302_8236.pdf,695403,2024-10-31,nas-lokal-01,backup|pemasaran|695403|approved final revisi rekap
DUP-0000429,memo_teknologi_202301_4797.png,2768341,2022-03-22,backup-eksternal,memo|teknologi|2768341|dokumen revisi approved draft total
DOC-0003378,backup_teknologi_202311_8809.xlsx,448215,2023-04-21,cloud-storage-gcp,backup|teknologi|448215|draft total dokumen file arsip
DOC-0001391,invoice_riset_202303_2918.xml,476011,2023-03-27,nas-lokal-01,invoice|riset|476011|draft final file periode rekap
DOC-0001250,gambar_operasional_202404_5656.json,30325663,2022-09-08,server-arsip-jakarta,gambar|operasional|30325663|file total final
DOC-0003555,dataset_logistik_202210_7437.jpg,2068760,2023-01-30,server-arsip-surabaya,dataset|logistik|2068760|arsip approved rekap periode
DOC-0002855,memo_hukum_202302_8028.jpg,4513168,2024-04-09,nas-lokal-01,memo|hukum|4513168|pending periode data final draft
DUP-0000287,laporan_logistik_202306_0418.xml,15075063,2022-06-20,server-arsip-bandung,laporan|logistik|15075063|data rekap total periode
DUP-0000285,kontrak_riset_202402_8759.csv,9755163,2024-03-08,portal-upload-web,kontrak|riset|9755163|dokumen periode revisi final
DUP-0000153,presentasi_teknologi_202303_5618.json,47991470,2024-05-30,server-arsip-surabaya,presentasi|teknologi|47991470|data approved rekap pending total
DUP-0000316,surat_riset_202212_0273.csv,270822,2022-11-05,nas-lokal-02,surat|riset|270822|draft approved arsip data
DOC-0001823,memo_teknologi_202301_4248.jpg,357146,2024-04-01,server-arsip-surabaya,memo|teknologi|357146|pending approved final
DOC-0003401,surat_logistik_202404_4420.zip,842270,2024-01-22,portal-upload-web,surat|logistik|842270|final arsip dokumen revisi rekap
DOC-0000496,laporan_operasional_202212_7192.xlsx,78786,2024-10-16,nas-lokal-01,laporan|operasional|78786|file total revisi
DOC-0000418,memo_sdm_202201_4806.csv,2598979,2024-02-10,nas-lokal-02,memo|sdm|2598979|final arsip dokumen approved data
DOC-0002104,log_logistik_202304_2133.xlsx,42818462,2022-09-18,cloud-storage-aws,log|logistik|42818462|pending periode final
DOC-0004421,invoice_operasional_202303_8544.docx,25910784,2024-08-24,nas-lokal-02,invoice|operasional|25910784|file approved arsip dokumen
DOC-0000942,backup_logistik_202306_3591.xml,149775,2023-05-26,nas-lokal-02,backup|logistik|149775|file draft periode final pending
DOC-0002034,gambar_teknologi_202204_0270.xml,217946,2023-08-25,nas-lokal-02,gambar|teknologi|217946|total pending periode
DOC-0001222,backup_operasional_202211_6698.png,272975,2024-04-04,server-arsip-jakarta,backup|operasional|272975|arsip final total
DOC-0003123,invoice_sdm_202409_5799.xml,377889,2024-12-17,portal-upload-web,invoice|sdm|377889|draft final dokumen arsip
DOC-0002358,surat_sdm_202309_9368.png,1719698,2023-06-28,backup-eksternal,surat|sdm|1719698|arsip pending dokumen
DOC-0001046,presentasi_operasional_202207_3325.txt,38252930,2022-04-27,cloud-storage-aws,presentasi|operasional|38252930|draft approved revisi
DOC-0000061,kontrak_keuangan_202408_7192.csv,20891,2024-04-28,ftp-pusat,kontrak|keuangan|20891|dokumen revisi approved periode file
DOC-0003539,log_audit_202203_1369.csv,4482677,2024-08-30,backup-eksternal,log|audit|4482677|draft final file pending data
DOC-0003163,invoice_teknologi_202401_2563.xml,172776,2024-01-09,cloud-storage-gcp,invoice|teknologi|172776|approved rekap data
DOC-0000573,log_audit_202312_9058.jpg,375370,2024-05-01,portal-upload-web,log|audit|375370|data total pending
DOC-0003216,gambar_hukum_202304_0402.docx,81994,2022-10-12,cloud-storage-aws,gambar|hukum|81994|data draft dokumen file total
DOC-0000979,backup_teknologi_202308_9163.pdf,406366,2022-02-21,cloud-storage-aws,backup|teknologi|406366|arsip dokumen total periode
DOC-0003545,backup_teknologi_202406_9470.xlsx,159750,2022-12-04,ftp-pusat,backup|teknologi|159750|periode rekap approved dokumen arsip
DOC-0004216,memo_manajemen_202204_1222.xlsx,42525347,2023-12-11,server-arsip-bandung,memo|manajemen|42525347|periode file approved draft total
DOC-0000894,laporan_keuangan_202409_7341.xml,152990,2022-04-24,ftp-pusat,laporan|keuangan|152990|pending file dokumen draft
DOC-0003761,dataset_keuangan_202208_4134.json,436279,2024-01-30,server-arsip-jakarta,dataset|keuangan|436279|file approved dokumen draft
DOC-0002935,memo_pemasaran_202201_4911.zip,1909537,2022-11-30,server-arsip-jakarta,memo|pemasaran|1909537|arsip final total file periode
DOC-0002408,gambar_sdm_202409_0862.pdf,316305340,2023-06-07,backup-eksternal,gambar|sdm|316305340|pending arsip dokumen
DOC-0002111,kontrak_manajemen_202203_6334.csv,489290,2023-08-10,cloud-storage-gcp,kontrak|manajemen|489290|revisi draft file final
DOC-0001356,memo_sdm_202409_6474.png,1330945,2024-03-25,portal-upload-web,memo|sdm|1330945|draft file periode
DOC-0000578,gambar_keuangan_202411_6186.xlsx,206183,2024-11-05,nas-lokal-01,gambar|keuangan|206183|dokumen draft revisi
DOC-0000030,kontrak_teknologi_202403_2298.xlsx,1573309,2024-08-20,server-arsip-jakarta,kontrak|teknologi|1573309|dokumen revisi final
DOC-0002312,surat_teknologi_202310_6305.zip,8997009,2024-06-04,nas-lokal-02,surat|teknologi|8997009|dokumen final periode revisi data
DOC-0001239,kontrak_sdm_202409_3995.pdf,190142354,2023-02-11,cloud-storage-aws,kontrak|sdm|190142354|final rekap total dokumen
DOC-0003411,log_keuangan_202303_4314.png,192854730,2024-03-07,backup-eksternal,log|keuangan|192854730|file rekap data final
DOC-0000344,gambar_riset_202301_4452.pdf,1604230,2024-01-10,server-arsip-surabaya,gambar|riset|1604230|arsip file data
DOC-0004197,laporan_pemasaran_202206_4872.json,157566,2024-09-22,nas-lokal-01,laporan|pemasaran|157566|revisi periode final total
DOC-0000863,gambar_keuangan_202207_0567.txt,939228,2023-11-18,portal-upload-web,gambar|keuangan|939228|periode dokumen arsip final
DOC-0004262,surat_hukum_202309_3961.zip,315478,2022-04-08,server-arsip-surabaya,surat|hukum|315478|periode dokumen pending approved data
DOC-0003184,surat_teknologi_202209_9718.xlsx,7299187,2024-04-02,nas-lokal-02,surat|teknologi|7299187|arsip approved file draft
DOC-0004381,memo_logistik_202408_2407.png,516581,2022-08-30,backup-eksternal,memo|logistik|516581|periode total dokumen file pending
DOC-0000828,laporan_teknologi_202403_2920.zip,432167948,2022-06-16,ftp-pusat,laporan|teknologi|432167948|data revisi dokumen
DOC-0003072,gambar_manajemen_202402_7506.png,163235,2023-08-25,nas-lokal-02,gambar|manajemen|163235|data dokumen rekap
DOC-0002793,presentasi_hukum_202212_4634.xml,2264280,2022-03-06,nas-lokal-01,presentasi|hukum|2264280|pending data final total arsip
DOC-0001456,memo_audit_202203_1254.json,1025354,2023-03-06,ftp-pusat,memo|audit|1025354|rekap pending arsip periode data
DOC-0000537,log_audit_202301_2247.json,9039828,2022-02-07,cloud-storage-gcp,log|audit|9039828|approved periode rekap
DOC-0000922,backup_sdm_202305_1519.xlsx,4179845,2023-09-04,portal-upload-web,backup|sdm|4179845|rekap revisi arsip
DOC-0000592,laporan_teknologi_202412_2755.xml,675631,2022-01-05,server-arsip-jakarta,laporan|teknologi|675631|draft revisi periode
DOC-0003035,surat_hukum_202306_8698.xlsx,15611129,2024-09-29,server-arsip-jakarta,surat|hukum|15611129|revisi total data
DOC-0002679,log_logistik_202203_9074.docx,85714,2024-04-22,server-arsip-bandung,log|logistik|85714|rekap periode final draft
DOC-0001331,kontrak_keuangan_202409_2445.xlsx,146064,2023-05-30,ftp-pusat,kontrak|keuangan|146064|approved revisi total data pending
DOC-0000234,presentasi_sdm_202208_5758.jpg,40890440,2022-03-03,nas-lokal-01,presentasi|sdm|40890440|approved total arsip file
DOC-0000049,backup_sdm_202402_1452.png,20074894,2024-01-13,cloud-storage-aws,backup|sdm|20074894|pending approved data rekap total
DOC-0004369,surat_pemasaran_202210_6838.csv,41697731,2024-02-26,server-arsip-surabaya,surat|pemasaran|41697731|file data rekap
DOC-0001848,surat_hukum_202201_1295.jpg,2505426,2022-08-11,server-arsip-bandung,surat|hukum|2505426|final data rekap approved draft
DOC-0002320,backup_operasional_202301_2950.txt,21676138,2024-05-14,nas-lokal-01,backup|operasional|21676138|arsip total final approved
DOC-0003381,log_audit_202403_7040.xlsx,141240,2022-08-28,nas-lokal-01,log|audit|141240|arsip data revisi
DOC-0000059,memo_sdm_202207_1698.json,3828237,2023-08-25,portal-upload-web,memo|sdm|3828237|total draft revisi pending rekap
DOC-0001495,gambar_keuangan_202401_0433.pdf,3169890,2024-10-11,server-arsip-bandung,gambar|keuangan|3169890|data rekap arsip approved
DOC-0001342,dataset_teknologi_202201_8747.docx,803716,2024-04-11,nas-lokal-01,dataset|teknologi|803716|approved total periode draft
DOC-0001440,invoice_operasional_202401_3465.csv,792428,2023-11-23,ftp-pusat,invoice|operasional|792428|periode final rekap draft
DOC-0000216,presentasi_hukum_202210_0004.pdf,94209060,2023-01-29,server-arsip-surabaya,presentasi|hukum|94209060|pending total final dokumen
DUP-0000099,presentasi_teknologi_202303_5618.json,47991470,2024-05-30,server-arsip-surabaya,presentasi|teknologi|47991470|data approved rekap pending total
DOC-0000763,kontrak_pemasaran_202206_6648.pdf,40788060,2022-12-11,cloud-storage-gcp,kontrak|pemasaran|40788060|periode arsip approved revisi
DOC-0000241,backup_hukum_202409_1306.txt,173309,2023-09-01,ftp-pusat,backup|hukum|173309|final total approved rekap file
DOC-0003155,dataset_riset_202403_3202.csv,4429226,2022-02-17,portal-upload-web,dataset|riset|4429226|rekap pending file final approved
DOC-0000330,gambar_keuangan_202204_8913.png,494258,2024-04-02,backup-eksternal,gambar|keuangan|494258|pending revisi arsip periode
DOC-0001844,presentasi_pemasaran_202205_9392.xlsx,200713,2024-11-29,backup-eksternal,presentasi|pemasaran|200713|periode dokumen arsip data pending
DUP-0000062,laporan_hukum_202212_8509.xml,2595884,2022-10-16,server-arsip-surabaya,laporan|hukum|2595884|periode final rekap
DOC-0002311,log_sdm_202307_5853.jpg,1292153,2023-12-16,server-arsip-bandung,log|sdm|1292153|data periode rekap
DOC-0000851,laporan_logistik_202202_5241.csv,3564920,2024-08-15,portal-upload-web,laporan|logistik|3564920|draft pending total
DOC-0000084,gambar_operasional_202301_7359.zip,373081,2022-09-21,cloud-storage-aws,gambar|operasional|373081|data total file
DOC-0000131,presentasi_keuangan_202408_6043.docx,181199,2022-10-18,nas-lokal-01,presentasi|keuangan|181199|approved arsip rekap file draft
DOC-0001933,dataset_keuangan_202212_0434.xml,3765320,2024-02-13,portal-upload-web,dataset|keuangan|3765320|approved revisi pending final total
DOC-0002323,invoice_audit_202304_0112.json,732941,2023-01-14,server-arsip-bandung,invoice|audit|732941|file pending revisi data dokumen
DOC-0000816,backup_sdm_202304_0508.pdf,2459011,2024-09-19,nas-lokal-02,backup|sdm|2459011|dokumen total file final
DOC-0001338,log_teknologi_202306_6386.docx,64822,2023-07-11,nas-lokal-01,log|teknologi|64822|periode file pending draft
DOC-0003727,memo_operasional_202204_2312.docx,22718535,2022-01-29,server-arsip-jakarta,memo|operasional|22718535|data arsip approved draft dokumen
DOC-0000755,surat_sdm_202206_5811.docx,372326,2022-01-21,nas-lokal-01,surat|sdm|372326|final revisi periode
DOC-0001973,log_pemasaran_202207_6411.docx,415101835,2024-12-03,ftp-pusat,log|pemasaran|415101835|draft file pending
DOC-0003064,invoice_pemasaran_202407_6119.docx,410633,2022-04-21,ftp-pusat,invoice|pemasaran|410633|data approved draft file arsip
DOC-0000128,surat_teknologi_202401_3194.zip,2979837,2024-12-08,ftp-pusat,surat|teknologi|2979837|revisi approved data rekap
DOC-0000172,backup_riset_202210_8541.xml,1819404,2023-08-13,backup-eksternal,backup|riset|1819404|approved dokumen rekap
DOC-0003130,laporan_manajemen_202305_8145.docx,248849,2022-05-26,cloud-storage-gcp,laporan|manajemen|248849|final data revisi
DOC-0001717,gambar_operasional_202308_9949.jpg,2866871,2023-05-04,nas-lokal-01,gambar|operasional|2866871|dokumen data draft arsip final
DOC-0004347,log_keuangan_202303_1533.pdf,1624437,2024-07-03,server-arsip-bandung,log|keuangan|1624437|total file periode data
DOC-0001354,backup_riset_202305_6442.zip,469752,2023-09-12,nas-lokal-02,backup|riset|469752|dokumen arsip file
DOC-0003529,gambar_audit_202306_1319.jpg,15733,2024-04-13,cloud-storage-aws,gambar|audit|15733|rekap approved data periode dokumen
DOC-0003408,log_riset_202311_9141.jpg,560612,2024-02-09,cloud-storage-aws,log|riset|560612|rekap total dokumen
DOC-0000028,presentasi_audit_202201_6227.csv,4333206,2024-05-10,nas-lokal-02,presentasi|audit|4333206|draft file final
DOC-0000811,log_audit_202307_0203.png,2071112,2023-09-09,server-arsip-bandung,log|audit|2071112|final arsip periode
DUP-0000216,memo_logistik_202306_2231.jpg,305843593,2023-09-07,server-arsip-jakarta,memo|logistik|305843593|final arsip file
DOC-0004397,backup_teknologi_202202_5179.xml,2730994,2022-05-19,server-arsip-bandung,backup|teknologi|2730994|periode approved total rekap dokumen
DUP-0000375,invoice_teknologi_202210_5342.docx,7293960,2024-04-01,nas-lokal-02,invoice|teknologi|7293960|dokumen file periode
DOC-0000692,invoice_sdm_202412_7000.txt,118264353,2022-05-21,nas-lokal-01,invoice|sdm|118264353|periode rekap final
DOC-0001856,laporan_teknologi_202202_2108.jpg,293844926,2022-09-12,nas-lokal-01,laporan|teknologi|293844926|total dokumen rekap final draft
DOC-0002160,gambar_audit_202403_1301.png,239946,2022-10-18,cloud-storage-aws,gambar|audit|239946|final arsip pending dokumen draft
DUP-0000202,invoice_logistik_202401_2634.jpg,3875383,2023-01-08,ftp-pusat,invoice|logistik|3875383|final dokumen arsip
DUP-0000360,log_hukum_202312_7201.docx,960286,2022-03-05,cloud-storage-aws,log|hukum|960286|dokumen approved revisi rekap data
DOC-0004317,dataset_logistik_202407_9039.docx,267752,2023-10-30,portal-upload-web,dataset|logistik|267752|approved file final data
DOC-0004055,presentasi_manajemen_202307_8599.xml,277122,2022-08-07,cloud-storage-gcp,presentasi|manajemen|277122|revisi final arsip
DOC-0000999,laporan_pemasaran_202203_0435.xlsx,4007198,2022-11-24,ftp-pusat,laporan|pemasaran|4007198|file data draft
DOC-0000566,gambar_manajemen_202304_0929.zip,436681,2022-12-22,cloud-storage-gcp,gambar|manajemen|436681|draft revisi rekap total periode
DOC-0002170,presentasi_operasional_202405_1285.xml,184360,2023-12-21,nas-lokal-02,presentasi|operasional|184360|total file pending dokumen
DOC-0002024,laporan_pemasaran_202312_7709.docx,471704,2024-12-22,server-arsip-surabaya,laporan|pemasaran|471704|revisi arsip data rekap
DOC-0000959,dataset_keuangan_202310_1634.png,1306719,2023-02-25,ftp-pusat,dataset|keuangan|1306719|rekap total draft pending
DOC-0004348,kontrak_manajemen_202409_8247.pdf,236102479,2023-08-20,server-arsip-bandung,kontrak|manajemen|236102479|revisi approved periode data file
DOC-0001742,dataset_pemasaran_202212_0501.xlsx,73284,2022-08-10,backup-eksternal,dataset|pemasaran|73284|rekap periode file arsip
DOC-0000100,invoice_keuangan_202302_5134.pdf,78321396,2024-01-01,cloud-storage-aws,invoice|keuangan|78321396|periode revisi final total draft
DUP-0000317,presentasi_audit_202211_4454.jpg,101413,2024-08-02,server-arsip-jakarta,presentasi|audit|101413|revisi final rekap approved periode
DOC-0002515,log_keuangan_202410_0619.csv,39108444,2022-09-23,cloud-storage-gcp,log|keuangan|39108444|approved periode arsip dokumen
DOC-0000876,dataset_logistik_202306_5221.xlsx,229516,2024-07-09,ftp-pusat,dataset|logistik|229516|final draft pending arsip
DOC-0003241,kontrak_riset_202402_8759.csv,9755163,2024-03-08,portal-upload-web,kontrak|riset|9755163|dokumen periode revisi final
DOC-0003020,laporan_teknologi_202204_7647.zip,1448264,2024-03-23,server-arsip-bandung,laporan|teknologi|1448264|total draft pending dokumen rekap
DOC-0000165,laporan_riset_202308_0550.json,1391945,2023-07-26,nas-lokal-02,laporan|riset|1391945|file approved total dokumen arsip
DOC-0002487,log_audit_202311_5561.docx,20258441,2023-04-11,cloud-storage-gcp,log|audit|20258441|approved final total data
DOC-0002491,log_sdm_202402_4328.csv,348153,2024-05-31,cloud-storage-gcp,log|sdm|348153|rekap periode revisi approved
DOC-0000770,memo_logistik_202403_3653.docx,4070282,2022-08-16,cloud-storage-aws,memo|logistik|4070282|approved total rekap
DOC-0000430,gambar_pemasaran_202203_3172.xlsx,10147505,2022-11-12,backup-eksternal,gambar|pemasaran|10147505|arsip dokumen pending total
DOC-0003270,surat_audit_202408_6430.pdf,128923,2022-03-01,backup-eksternal,surat|audit|128923|rekap data revisi
DOC-0004059,dataset_hukum_202203_3508.docx,17434,2023-11-27,portal-upload-web,dataset|hukum|17434|rekap approved draft arsip
DOC-0003646,surat_manajemen_202201_9880.xlsx,2092243,2022-05-15,nas-lokal-01,surat|manajemen|2092243|total dokumen file rekap
DOC-0003670,presentasi_hukum_202403_7108.jpg,70421568,2023-09-29,server-arsip-surabaya,presentasi|hukum|70421568|data final dokumen
DOC-0004126,memo_riset_202406_7403.png,284210,2024-03-12,cloud-storage-gcp,memo|riset|284210|rekap revisi approved data
DOC-0003660,log_hukum_202406_3870.jpg,357415,2023-12-04,server-arsip-jakarta,log|hukum|357415|periode dokumen file draft
DOC-0002786,invoice_teknologi_202204_6821.docx,23401751,2022-01-02,nas-lokal-01,invoice|teknologi|23401751|final revisi periode total
DOC-0003159,laporan_pemasaran_202206_3455.zip,253441,2023-11-02,server-arsip-surabaya,laporan|pemasaran|253441|approved data draft
DOC-0000210,backup_teknologi_202305_5377.txt,34116749,2024-11-08,cloud-storage-gcp,backup|teknologi|34116749|file approved rekap final
DOC-0000229,backup_teknologi_202204_6374.jpg,2912205,2023-11-04,server-arsip-surabaya,backup|teknologi|2912205|data revisi rekap approved total
DOC-0004120,dataset_pemasaran_202307_5079.xml,3146167,2022-01-28,nas-lokal-02,dataset|pemasaran|3146167|revisi approved draft
DOC-0003336,invoice_audit_202302_7762.csv,406811,2022-05-16,ftp-pusat,invoice|audit|406811|data arsip rekap dokumen
DOC-0002800,surat_logistik_202201_4525.docx,780864,2024-11-20,nas-lokal-01,surat|logistik|780864|file data total periode
DOC-0001516,dataset_hukum_202405_9166.txt,151863,2023-08-01,server-arsip-bandung,dataset|hukum|151863|final periode revisi draft arsip
DOC-0001492,kontrak_pemasaran_202312_3424.png,49448,2022-08-29,nas-lokal-02,kontrak|pemasaran|49448|revisi data pending
DUP-0000480,surat_audit_202311_5388.zip,317768461,2022-11-30,cloud-storage-aws,surat|audit|317768461|dokumen file approved revisi data
DOC-0000975,presentasi_keuangan_202303_2699.json,418823,2024-12-22,portal-upload-web,presentasi|keuangan|418823|rekap approved final
DOC-0003799,presentasi_pemasaran_202309_5499.png,4771541,2023-01-09,server-arsip-surabaya,presentasi|pemasaran|4771541|periode rekap data
DUP-0000078,log_pemasaran_202202_3656.txt,1380101,2022-04-22,ftp-pusat,log|pemasaran|1380101|periode total file
DOC-0000335,backup_logistik_202405_3043.txt,443307,2023-05-21,server-arsip-surabaya,backup|logistik|443307|arsip dokumen final approved revisi
DOC-0004063,dataset_pemasaran_202308_4506.zip,793892,2024-05-17,backup-eksternal,dataset|pemasaran|793892|revisi file final rekap
DOC-0001450,memo_audit_202301_1894.csv,176486872,2022-10-06,portal-upload-web,memo|audit|176486872|revisi approved rekap draft data
DOC-0002646,gambar_sdm_202308_6330.csv,4563423,2023-05-13,server-arsip-jakarta,gambar|sdm|4563423|arsip revisi draft pending periode
DOC-0002155,backup_operasional_202205_7754.pdf,342081,2022-09-25,nas-lokal-02,backup|operasional|342081|dokumen pending file
DOC-0004475,kontrak_pemasaran_202201_3154.json,178273,2022-04-15,ftp-pusat,kontrak|pemasaran|178273|file pending revisi data approved
DOC-0003144,dataset_hukum_202403_2788.zip,3916814,2023-12-11,ftp-pusat,dataset|hukum|3916814|draft data arsip final revisi
DOC-0004253,log_riset_202410_1392.json,3123857,2022-04-26,ftp-pusat,log|riset|3123857|pending total file draft
DOC-0000351,dataset_sdm_202412_2748.pdf,453528,2024-01-26,cloud-storage-gcp,dataset|sdm|453528|total arsip revisi
DOC-0003385,laporan_sdm_202308_9375.xlsx,1642462,2024-11-15,ftp-pusat,laporan|sdm|1642462|draft dokumen final
DOC-0004494,memo_sdm_202402_2000.docx,30316910,2023-06-24,server-arsip-bandung,memo|sdm|30316910|file approved final
DOC-0003148,presentasi_hukum_202205_1712.zip,49461398,2024-01-26,server-arsip-surabaya,presentasi|hukum|49461398|approved revisi final arsip dokumen
DOC-0001555,presentasi_hukum_202312_7363.jpg,294332,2024-06-25,server-arsip-bandung,presentasi|hukum|294332|arsip file data revisi pending
DOC-0002778,gambar_keuangan_202301_5905.txt,431893,2024-05-27,ftp-pusat,gambar|keuangan|431893|file periode draft arsip revisi
DOC-0003388,dataset_keuangan_202403_0819.jpg,3596894,2023-10-31,server-arsip-bandung,dataset|keuangan|3596894|total periode data arsip
DOC-0001682,backup_logistik_202407_6093.json,4269469,2024-07-31,ftp-pusat,backup|logistik|4269469|arsip data rekap dokumen
DUP-0000239,backup_teknologi_202310_7688.pdf,271573,2024-12-30,cloud-storage-aws,backup|teknologi|271573|pending approved rekap file
DOC-0004335,gambar_operasional_202406_0713.docx,2688390,2024-12-03,portal-upload-web,gambar|operasional|2688390|approved file rekap
DOC-0003183,laporan_keuangan_202302_8101.xlsx,199942,2023-11-01,ftp-pusat,laporan|keuangan|199942|revisi pending file draft
DOC-0003369,dataset_audit_202302_9390.zip,246005,2024-06-13,server-arsip-jakarta,dataset|audit|246005|dokumen total data pending
DOC-0003893,log_operasional_202208_4154.xlsx,395202,2022-11-01,server-arsip-bandung,log|operasional|395202|dokumen final rekap data pending
DOC-0001980,kontrak_audit_202208_6398.csv,583731,2023-02-22,server-arsip-bandung,kontrak|audit|583731|total dokumen arsip approved revisi
DOC-0000815,kontrak_keuangan_202406_6288.zip,4147189,2023-09-01,server-arsip-surabaya,kontrak|keuangan|4147189|data periode final rekap draft
DOC-0000688,log_hukum_202208_3726.png,180268,2024-01-05,cloud-storage-aws,log|hukum|180268|final periode revisi draft
DOC-0004075,backup_manajemen_202311_1688.png,669876,2023-05-28,nas-lokal-01,backup|manajemen|669876|arsip approved total revisi data
DOC-0002122,log_manajemen_202407_1285.jpg,19445134,2023-04-06,portal-upload-web,log|manajemen|19445134|dokumen final draft periode
DOC-0004372,presentasi_pemasaran_202201_0720.png,126474,2022-10-06,nas-lokal-02,presentasi|pemasaran|126474|arsip dokumen pending final
DOC-0003674,log_sdm_202304_3917.xml,2955522,2024-10-05,cloud-storage-aws,log|sdm|2955522|final data rekap
DOC-0000139,presentasi_teknologi_202211_4676.json,31349118,2024-07-13,server-arsip-jakarta,presentasi|teknologi|31349118|dokumen data arsip approved
DOC-0003987,gambar_hukum_202306_7816.zip,444468557,2024-05-30,cloud-storage-aws,gambar|hukum|444468557|dokumen draft total
DOC-0002387,gambar_teknologi_202201_1265.json,219080,2022-11-01,nas-lokal-02,gambar|teknologi|219080|final approved rekap data
DOC-0001834,gambar_keuangan_202201_8172.png,33601141,2023-07-12,nas-lokal-02,gambar|keuangan|33601141|final revisi data
DOC-0002272,invoice_hukum_202407_1529.zip,9636419,2022-08-02,portal-upload-web,invoice|hukum|9636419|draft revisi rekap data
DOC-0003542,invoice_pemasaran_202410_8811.xml,220214,2022-06-16,ftp-pusat,invoice|pemasaran|220214|draft periode pending
DOC-0001417,backup_teknologi_202307_9817.csv,27387,2024-09-01,server-arsip-surabaya,backup|teknologi|27387|approved periode total
DOC-0002907,log_hukum_202401_2528.docx,728784,2023-04-28,ftp-pusat,log|hukum|728784|revisi approved dokumen pending rekap
DUP-0000452,laporan_pemasaran_202407_1208.txt,124017263,2024-12-30,cloud-storage-gcp,laporan|pemasaran|124017263|periode draft pending
DUP-0000043,surat_keuangan_202207_3202.json,280988,2024-06-15,portal-upload-web,surat|keuangan|280988|approved revisi total pending data
DOC-0000547,gambar_audit_202411_5868.docx,342917,2022-10-09,portal-upload-web,gambar|audit|342917|approved revisi draft data rekap
DOC-0001903,laporan_hukum_202202_7095.docx,4740749,2024-08-17,ftp-pusat,laporan|hukum|4740749|file periode dokumen rekap
DOC-0003439,log_pemasaran_202306_1317.xml,25829875,2023-06-22,server-arsip-surabaya,log|pemasaran|25829875|data draft pending
DOC-0004241,invoice_manajemen_202207_1707.pdf,150632,2024-10-12,backup-eksternal,invoice|manajemen|150632|revisi pending dokumen
DUP-0000024,invoice_hukum_202212_3851.xlsx,284087,2022-07-08,nas-lokal-01,invoice|hukum|284087|draft total approved file
DOC-0002459,surat_operasional_202210_9270.xml,23040714,2024-03-02,server-arsip-bandung,surat|operasional|23040714|arsip rekap pending
DOC-0003137,memo_logistik_202410_5589.xml,322801,2023-06-02,server-arsip-bandung,memo|logistik|322801|total rekap data approved
DOC-0002228,invoice_keuangan_202210_9537.docx,4265463,2023-08-28,nas-lokal-01,invoice|keuangan|4265463|file final rekap draft
DOC-0000985,backup_logistik_202303_5294.csv,251084,2022-01-19,ftp-pusat,backup|logistik|251084|data periode revisi file
DOC-0004478,memo_riset_202207_2252.zip,2468742,2022-08-22,backup-eksternal,memo|riset|2468742|draft rekap approved data final
DOC-0001128,invoice_logistik_202204_7709.xml,1058200,2023-01-29,nas-lokal-02,invoice|logistik|1058200|rekap pending periode total
DOC-0002377,dataset_riset_202206_5244.jpg,2910309,2024-09-23,ftp-pusat,dataset|riset|2910309|total revisi pending data file
DOC-0004135,dataset_manajemen_202201_8889.docx,451682,2024-06-21,nas-lokal-01,dataset|manajemen|451682|approved revisi arsip rekap final
DOC-0002523,surat_manajemen_202209_8368.docx,1125265,2023-05-14,backup-eksternal,surat|manajemen|1125265|data revisi dokumen arsip draft
DOC-0003432,laporan_hukum_202201_1275.docx,2560134,2022-03-24,portal-upload-web,laporan|hukum|2560134|rekap data final
DOC-0000626,log_riset_202404_6903.pdf,75437,2022-06-20,server-arsip-bandung,log|riset|75437|revisi file arsip periode approved
DOC-0003428,invoice_audit_202205_6010.docx,862425,2024-09-09,cloud-storage-gcp,invoice|audit|862425|data pending draft
DOC-0003858,presentasi_hukum_202306_4305.csv,135512,2024-05-26,server-arsip-surabaya,presentasi|hukum|135512|periode data arsip
DOC-0003802,dataset_logistik_202211_9143.jpg,394681414,2022-09-05,backup-eksternal,dataset|logistik|394681414|approved periode total dokumen file
DOC-0000889,log_operasional_202211_3601.docx,1835245,2022-12-11,nas-lokal-02,log|operasional|1835245|file data draft
DOC-0000280,gambar_teknologi_202209_1052.jpg,386533,2024-03-29,cloud-storage-gcp,gambar|teknologi|386533|periode data total
DOC-0003733,surat_keuangan_202209_9482.docx,26469980,2022-09-27,server-arsip-surabaya,surat|keuangan|26469980|arsip revisi rekap periode file
DOC-0004001,memo_logistik_202303_2541.docx,361036,2023-08-18,server-arsip-bandung,memo|logistik|361036|revisi final total
DOC-0003952,invoice_pemasaran_202410_6036.json,28943494,2022-12-21,cloud-storage-gcp,invoice|pemasaran|28943494|dokumen pending total
DUP-0000094,surat_hukum_202206_7370.txt,2953328,2023-07-06,nas-lokal-01,surat|hukum|2953328|rekap pending revisi total periode
DOC-0001916,kontrak_hukum_202208_7647.png,3277520,2022-03-24,server-arsip-surabaya,kontrak|hukum|3277520|data revisi arsip
DUP-0000233,memo_pemasaran_202202_0396.png,2540378,2022-11-28,server-arsip-bandung,memo|pemasaran|2540378|periode data revisi pending draft
DOC-0002164,memo_logistik_202203_3088.xlsx,36497430,2023-04-25,cloud-storage-aws,memo|logistik|36497430|approved draft revisi
DOC-0000217,backup_riset_202202_7575.docx,24088772,2023-06-17,server-arsip-surabaya,backup|riset|24088772|file arsip total pending revisi
DOC-0001284,invoice_hukum_202408_1365.xml,45557780,2023-08-02,portal-upload-web,invoice|hukum|45557780|rekap pending draft
DOC-0001706,laporan_pemasaran_202207_9939.json,44571543,2023-01-23,cloud-storage-aws,laporan|pemasaran|44571543|data total pending revisi approved
DOC-0000454,gambar_audit_202305_6310.csv,1657375,2023-01-14,server-arsip-bandung,gambar|audit|1657375|arsip data file
DOC-0002662,presentasi_manajemen_202402_3722.docx,3987653,2022-03-13,backup-eksternal,presentasi|manajemen|3987653|revisi pending file total dokumen
DOC-0002263,surat_sdm_202201_9138.xlsx,458844,2024-09-18,cloud-storage-aws,surat|sdm|458844|draft pending rekap final revisi
DOC-0000126,backup_pemasaran_202412_4359.docx,4381319,2022-05-18,backup-eksternal,backup|pemasaran|4381319|revisi final periode draft
DOC-0003344,presentasi_audit_202306_9784.csv,443706734,2024-07-10,backup-eksternal,presentasi|audit|443706734|draft dokumen pending data approved
DUP-0000241,backup_operasional_202404_5031.csv,276838,2023-07-06,cloud-storage-gcp,backup|operasional|276838|draft revisi pending
DOC-0002533,gambar_operasional_202210_6183.csv,1894159,2022-03-18,cloud-storage-gcp,gambar|operasional|1894159|final file draft
DOC-0000823,gambar_logistik_202303_3695.pdf,4984090,2023-10-08,server-arsip-bandung,gambar|logistik|4984090|file pending approved
DOC-0004047,invoice_teknologi_202403_1252.json,1975730,2022-08-29,server-arsip-bandung,invoice|teknologi|1975730|arsip dokumen rekap
DOC-0000492,log_manajemen_202403_8332.txt,206837,2024-09-09,server-arsip-surabaya,log|manajemen|206837|final draft file rekap total
DOC-0002817,laporan_operasional_202410_8490.zip,4468085,2024-07-10,server-arsip-surabaya,laporan|operasional|4468085|approved data dokumen file
DOC-0001008,backup_audit_202405_9645.xml,241361,2024-05-22,server-arsip-surabaya,backup|audit|241361|final dokumen file
DOC-0000842,presentasi_sdm_202310_7660.txt,35874644,2024-01-21,cloud-storage-aws,presentasi|sdm|35874644|dokumen data periode
DOC-0001569,laporan_manajemen_202208_1197.csv,37347,2024-08-22,backup-eksternal,laporan|manajemen|37347|arsip file draft approved
DOC-0001983,invoice_keuangan_202212_2611.csv,7371274,2024-08-18,cloud-storage-aws,invoice|keuangan|7371274|revisi periode final
DOC-0001289,memo_riset_202308_9523.pdf,1551605,2024-05-07,server-arsip-jakarta,memo|riset|1551605|rekap file dokumen final data
DOC-0001455,laporan_teknologi_202412_8062.png,144629340,2022-05-19,ftp-pusat,laporan|teknologi|144629340|data file periode final
DOC-0003695,kontrak_hukum_202303_6778.json,379601,2024-07-19,server-arsip-bandung,kontrak|hukum|379601|arsip dokumen periode approved pending
DOC-0001538,memo_audit_202411_6090.txt,4893658,2022-08-21,backup-eksternal,memo|audit|4893658|dokumen data approved arsip
DUP-0000262,kontrak_teknologi_202403_2298.xlsx,1573309,2024-08-20,server-arsip-jakarta,kontrak|teknologi|1573309|dokumen revisi final
DUP-0000132,memo_riset_202301_9046.zip,27491825,2023-05-28,nas-lokal-02,memo|riset|27491825|draft final data file approved
DOC-0003356,laporan_sdm_202410_6515.xlsx,64858,2022-03-08,nas-lokal-01,laporan|sdm|64858|revisi final approved
DOC-0000341,dataset_operasional_202206_5371.docx,247857,2023-02-19,server-arsip-bandung,dataset|operasional|247857|file periode draft
DOC-0003912,gambar_manajemen_202305_1367.csv,9428348,2024-01-24,server-arsip-jakarta,gambar|manajemen|9428348|arsip dokumen file draft
DOC-0002728,log_teknologi_202401_3884.xml,2710628,2022-10-02,server-arsip-bandung,log|teknologi|2710628|pending final dokumen total
DOC-0000700,log_sdm_202407_4142.docx,186306,2023-12-31,server-arsip-surabaya,log|sdm|186306|final dokumen periode rekap
DOC-0000762,presentasi_operasional_202312_6116.txt,47791830,2022-06-14,portal-upload-web,presentasi|operasional|47791830|periode arsip file dokumen
DOC-0001851,backup_riset_202402_3958.txt,4327526,2023-11-04,nas-lokal-01,backup|riset|4327526|approved dokumen file revisi
DOC-0002488,memo_sdm_202408_4841.png,485465,2023-11-22,cloud-storage-aws,memo|sdm|485465|final draft dokumen
DOC-0002429,surat_logistik_202205_1941.png,312084,2022-09-02,backup-eksternal,surat|logistik|312084|dokumen data pending file approved
DOC-0001511,laporan_logistik_202312_9444.xlsx,43279734,2023-11-18,server-arsip-bandung,laporan|logistik|43279734|periode dokumen draft final
DUP-0000374,backup_keuangan_202304_9695.pdf,2679779,2022-02-07,cloud-storage-gcp,backup|keuangan|2679779|file arsip data approved pending
DOC-0004016,invoice_pemasaran_202211_0328.docx,2799167,2024-10-10,cloud-storage-gcp,invoice|pemasaran|2799167|pending periode revisi file
DOC-0000644,presentasi_riset_202206_3965.zip,2558112,2022-05-04,server-arsip-jakarta,presentasi|riset|2558112|draft arsip file approved total
DOC-0002134,dataset_logistik_202401_3573.jpg,2555041,2022-11-11,nas-lokal-01,dataset|logistik|2555041|approved dokumen draft
DOC-0001123,surat_manajemen_202302_7176.xlsx,178902,2023-07-12,server-arsip-bandung,surat|manajemen|178902|file periode draft arsip total
DOC-0002077,gambar_operasional_202203_5738.txt,2657425,2024-02-12,server-arsip-jakarta,gambar|operasional|2657425|final total revisi
DOC-0001359,invoice_teknologi_202409_2293.pdf,397903,2023-01-31,ftp-pusat,invoice|teknologi|397903|data approved dokumen rekap
DUP-0000263,backup_hukum_202306_7104.xml,9519153,2024-08-24,server-arsip-jakarta,backup|hukum|9519153|dokumen arsip approved file pending
DOC-0000534,laporan_riset_202412_7759.csv,2422993,2024-01-19,nas-lokal-02,laporan|riset|2422993|draft final pending
DOC-0002339,invoice_riset_202207_7011.xml,308889166,2024-09-26,server-arsip-surabaya,invoice|riset|308889166|total dokumen periode data revisi
DOC-0003127,presentasi_keuangan_202307_0906.xml,206594,2024-01-08,server-arsip-jakarta,presentasi|keuangan|206594|dokumen rekap arsip draft
DOC-0003075,surat_keuangan_202202_4466.json,22550786,2022-12-11,server-arsip-jakarta,surat|keuangan|22550786|pending approved draft total revisi
DOC-0004280,presentasi_logistik_202305_2385.png,368270882,2023-08-09,backup-eksternal,presentasi|logistik|368270882|periode file approved
DOC-0004495,presentasi_pemasaran_202410_4174.jpg,23008,2022-05-12,server-arsip-surabaya,presentasi|pemasaran|23008|final draft total approved
DOC-0002334,gambar_riset_202309_4130.xml,144907583,2024-06-28,server-arsip-jakarta,gambar|riset|144907583|periode final total approved
DOC-0001013,gambar_manajemen_202302_8516.png,14189911,2023-08-20,server-arsip-jakarta,gambar|manajemen|14189911|rekap revisi data arsip
DOC-0001788,laporan_teknologi_202305_3241.csv,407897,2022-11-13,nas-lokal-01,laporan|teknologi|407897|data pending final rekap
DOC-0001619,memo_manajemen_202409_6452.zip,11329,2022-07-19,nas-lokal-02,memo|manajemen|11329|pending dokumen rekap final
DOC-0002497,dataset_sdm_202306_0950.json,42250829,2022-06-09,cloud-storage-gcp,dataset|sdm|42250829|dokumen file data
DOC-0003707,laporan_audit_202311_9515.zip,270717,2024-10-26,ftp-pusat,laporan|audit|270717|approved total arsip periode draft
DOC-0002720,surat_hukum_202209_2954.json,1996652,2023-05-25,nas-lokal-02,surat|hukum|1996652|total approved periode rekap
DOC-0001097,gambar_sdm_202302_3993.docx,403395,2023-05-16,cloud-storage-gcp,gambar|sdm|403395|rekap total arsip final
DOC-0001840,laporan_audit_202412_0111.docx,82672,2023-08-16,cloud-storage-gcp,laporan|audit|82672|final draft approved pending arsip
DOC-0000800,kontrak_audit_202401_8690.xml,18155,2022-10-01,server-arsip-jakarta,kontrak|audit|18155|dokumen total pending
DOC-0001253,gambar_keuangan_202312_6259.zip,77931,2022-01-10,nas-lokal-01,gambar|keuangan|77931|approved final arsip
DOC-0003171,presentasi_teknologi_202302_8032.json,43588,2023-02-05,cloud-storage-gcp,presentasi|teknologi|43588|approved rekap file arsip
DOC-0001543,kontrak_pemasaran_202411_8586.pdf,237751,2024-04-09,server-arsip-jakarta,kontrak|pemasaran|237751|data pending revisi final
DOC-0003154,dataset_riset_202210_6457.pdf,300718300,2024-05-23,server-arsip-bandung,dataset|riset|300718300|rekap arsip final revisi total
DOC-0000264,presentasi_operasional_202208_6195.xml,43170,2022-01-16,server-arsip-surabaya,presentasi|operasional|43170|rekap arsip periode approved
DOC-0002911,surat_manajemen_202407_3958.json,14290536,2023-11-28,cloud-storage-aws,surat|manajemen|14290536|data total rekap approved pending
DOC-0001216,backup_operasional_202207_8799.txt,3066223,2024-08-22,backup-eksternal,backup|operasional|3066223|draft approved dokumen
DOC-0000696,kontrak_pemasaran_202311_3003.docx,1558790,2024-03-18,backup-eksternal,kontrak|pemasaran|1558790|arsip approved data
DUP-0000035,log_sdm_202310_4735.xlsx,4806200,2022-01-03,server-arsip-surabaya,log|sdm|4806200|periode rekap arsip draft
DOC-0004287,backup_audit_202404_2681.txt,4093353,2023-04-19,cloud-storage-aws,backup|audit|4093353|arsip revisi data pending
DOC-0000215,invoice_sdm_202203_4775.pdf,103099,2024-01-22,nas-lokal-01,invoice|sdm|103099|dokumen total rekap periode final
DOC-0003052,kontrak_operasional_202210_7143.pdf,2681000,2024-12-01,cloud-storage-gcp,kontrak|operasional|2681000|revisi draft dokumen approved rekap
DOC-0000754,laporan_manajemen_202201_0074.xml,433966,2022-11-21,ftp-pusat,laporan|manajemen|433966|draft periode final rekap
DOC-0002280,gambar_operasional_202202_6449.pdf,1962046,2024-10-17,nas-lokal-01,gambar|operasional|1962046|file dokumen revisi rekap arsip
DUP-0000147,surat_teknologi_202205_6841.xml,3627449,2022-02-15,cloud-storage-gcp,surat|teknologi|3627449|total final periode
DOC-0004003,surat_riset_202407_8202.txt,48621913,2023-10-26,nas-lokal-02,surat|riset|48621913|file approved dokumen
DOC-0002212,log_logistik_202301_4747.xlsx,209258,2024-03-24,server-arsip-jakarta,log|logistik|209258|approved data periode
DOC-0000340,gambar_manajemen_202412_5466.png,114410,2023-04-29,cloud-storage-gcp,gambar|manajemen|114410|total draft revisi
DOC-0003990,gambar_pemasaran_202304_1094.jpg,20412,2024-12-24,ftp-pusat,gambar|pemasaran|20412|draft arsip file periode
DOC-0001436,presentasi_manajemen_202206_2480.png,2634104,2024-02-25,portal-upload-web,presentasi|manajemen|2634104|final data periode rekap file
DOC-0000459,gambar_sdm_202406_4588.jpg,303596,2022-01-11,server-arsip-jakarta,gambar|sdm|303596|pending arsip data
DOC-0002007,backup_keuangan_202202_9411.jpg,1377738,2024-12-23,nas-lokal-01,backup|keuangan|1377738|approved pending total arsip revisi
DOC-0002580,presentasi_pemasaran_202209_4941.json,3709264,2024-10-16,nas-lokal-01,presentasi|pemasaran|3709264|draft pending arsip revisi
DOC-0001201,log_audit_202212_4770.csv,369573,2024-12-14,nas-lokal-02,log|audit|369573|periode approved pending draft total
DOC-0004198,surat_logistik_202203_4905.zip,259986,2022-08-29,cloud-storage-gcp,surat|logistik|259986|total rekap pending file dokumen
DUP-0000075,surat_hukum_202309_2970.xml,866641,2023-07-07,server-arsip-surabaya,surat|hukum|866641|dokumen data file
DOC-0002718,backup_sdm_202201_6981.png,152129,2024-10-06,backup-eksternal,backup|sdm|152129|dokumen arsip revisi approved
DOC-0002567,memo_keuangan_202311_7474.csv,13243050,2023-11-01,ftp-pusat,memo|keuangan|13243050|final periode pending approved arsip
DOC-0000787,presentasi_pemasaran_202310_2262.pdf,47734967,2022-10-12,server-arsip-bandung,presentasi|pemasaran|47734967|pending rekap final arsip approved
DOC-0002255,gambar_audit_202412_3510.xlsx,442309,2024-11-29,nas-lokal-01,gambar|audit|442309|total approved periode pending
DOC-0000057,memo_audit_202303_2762.json,239517,2023-10-24,server-arsip-jakarta,memo|audit|239517|revisi dokumen final
DOC-0000900,dataset_manajemen_202310_2162.pdf,8159172,2023-03-26,backup-eksternal,dataset|manajemen|8159172|dokumen arsip periode
DOC-0001405,dataset_manajemen_202412_8210.xlsx,113479,2023-10-21,cloud-storage-gcp,dataset|manajemen|113479|revisi file approved
DOC-0004140,presentasi_riset_202408_3314.zip,460649,2022-05-08,server-arsip-bandung,presentasi|riset|460649|file dokumen draft periode approved
DOC-0001308,presentasi_logistik_202208_7141.txt,14853,2022-05-30,nas-lokal-01,presentasi|logistik|14853|final periode rekap
DUP-0000489,presentasi_riset_202402_0149.png,118431,2023-09-06,portal-upload-web,presentasi|riset|118431|dokumen total final rekap
DOC-0003236,log_keuangan_202204_1864.xlsx,138374060,2022-06-11,cloud-storage-gcp,log|keuangan|138374060|periode final total data revisi
DOC-0004207,presentasi_logistik_202302_0291.xlsx,589468,2024-01-12,server-arsip-jakarta,presentasi|logistik|589468|dokumen total pending
DOC-0003069,laporan_keuangan_202210_4023.txt,2809911,2023-11-18,ftp-pusat,laporan|keuangan|2809911|pending data total
DOC-0000950,memo_sdm_202207_4859.zip,389750518,2023-12-07,nas-lokal-02,memo|sdm|389750518|revisi dokumen total
DOC-0001217,kontrak_sdm_202401_7977.pdf,22826228,2024-04-09,cloud-storage-aws,kontrak|sdm|22826228|total draft revisi data
DOC-0000352,kontrak_riset_202203_3280.docx,2097390,2022-10-21,server-arsip-jakarta,kontrak|riset|2097390|final dokumen total rekap approved
DOC-0002440,laporan_logistik_202305_1323.jpg,446519,2024-05-28,nas-lokal-02,laporan|logistik|446519|approved total data pending arsip
DOC-0003463,backup_audit_202201_4303.png,4799995,2024-11-06,nas-lokal-01,backup|audit|4799995|total draft dokumen rekap data
DOC-0001971,dataset_keuangan_202211_4884.txt,61246,2022-01-26,backup-eksternal,dataset|keuangan|61246|dokumen periode total approved final
DOC-0000709,surat_pemasaran_202208_2728.jpg,72589,2024-12-18,backup-eksternal,surat|pemasaran|72589|file rekap pending periode dokumen
DOC-0000993,laporan_sdm_202410_0799.xlsx,59922,2022-08-06,portal-upload-web,laporan|sdm|59922|data revisi file
DOC-0002745,backup_teknologi_202411_0681.jpg,21813655,2023-09-08,cloud-storage-gcp,backup|teknologi|21813655|draft rekap revisi arsip approved
DOC-0002626,gambar_hukum_202402_5271.xlsx,37872459,2024-02-28,ftp-pusat,gambar|hukum|37872459|revisi dokumen rekap total
DOC-0004275,memo_manajemen_202202_7800.jpg,380075352,2023-12-13,server-arsip-surabaya,memo|manajemen|380075352|rekap file total pending
DOC-0003781,surat_logistik_202304_9138.docx,1078339,2023-03-28,cloud-storage-aws,surat|logistik|1078339|approved data final dokumen
DOC-0000860,invoice_pemasaran_202301_7251.csv,1563992,2023-10-25,nas-lokal-02,invoice|pemasaran|1563992|file dokumen data total revisi
DOC-0004173,presentasi_manajemen_202211_7613.txt,3868490,2024-11-13,nas-lokal-02,presentasi|manajemen|3868490|total arsip dokumen
DOC-0001766,log_operasional_202408_8732.xml,342612,2024-07-01,cloud-storage-aws,log|operasional|342612|total final dokumen
DOC-0000277,presentasi_pemasaran_202210_6150.pdf,440743,2022-03-27,ftp-pusat,presentasi|pemasaran|440743|rekap data pending file approved
DOC-0003143,memo_audit_202404_7301.txt,249201,2022-12-16,server-arsip-surabaya,memo|audit|249201|dokumen total pending
DOC-0003253,memo_keuangan_202206_7375.json,503395,2024-09-27,server-arsip-jakarta,memo|keuangan|503395|file dokumen rekap draft data
DOC-0001587,presentasi_teknologi_202405_6087.docx,72404,2024-04-27,server-arsip-jakarta,presentasi|teknologi|72404|dokumen file revisi final
DOC-0003828,surat_manajemen_202406_5053.zip,151052795,2022-05-20,cloud-storage-aws,surat|manajemen|151052795|file pending final
DOC-0002205,log_riset_202309_7313.docx,2956997,2024-07-26,cloud-storage-gcp,log|riset|2956997|data periode dokumen final arsip
DOC-0002891,gambar_logistik_202408_1589.txt,1981725,2022-06-07,backup-eksternal,gambar|logistik|1981725|approved draft revisi
DOC-0004147,dataset_operasional_202211_0821.json,20654388,2024-08-21,nas-lokal-02,dataset|operasional|20654388|dokumen rekap pending data arsip
DUP-0000456,memo_operasional_202401_6188.json,21480,2022-01-06,cloud-storage-gcp,memo|operasional|21480|file total dokumen rekap
DOC-0003182,backup_operasional_202305_6370.jpg,416139764,2022-08-30,server-arsip-surabaya,backup|operasional|416139764|data total dokumen
DOC-0000174,log_manajemen_202408_6326.json,36535253,2022-10-09,backup-eksternal,log|manajemen|36535253|total pending draft arsip
DOC-0004000,gambar_manajemen_202410_3144.pdf,488273,2023-10-20,cloud-storage-aws,gambar|manajemen|488273|pending revisi periode
DOC-0002918,kontrak_logistik_202310_6986.txt,967899,2023-03-10,cloud-storage-aws,kontrak|logistik|967899|rekap periode data draft total
DOC-0001218,backup_audit_202401_1799.png,36714,2022-09-10,nas-lokal-01,backup|audit|36714|final pending data revisi file
DOC-0004232,laporan_audit_202310_0012.jpg,71044,2022-05-08,ftp-pusat,laporan|audit|71044|revisi final pending draft
DOC-0000300,backup_hukum_202312_0296.pdf,204281,2022-04-08,ftp-pusat,backup|hukum|204281|dokumen file total final
DOC-0003152,gambar_riset_202302_9402.docx,13023,2024-02-06,backup-eksternal,gambar|riset|13023|total data final draft file
DOC-0002092,kontrak_audit_202306_8683.txt,465240,2022-02-10,server-arsip-bandung,kontrak|audit|465240|pending approved periode total revisi
DOC-0003389,dataset_logistik_202410_7483.pdf,310174,2023-08-17,portal-upload-web,dataset|logistik|310174|total file pending data
DOC-0004114,memo_manajemen_202210_4984.json,27889520,2024-06-23,ftp-pusat,memo|manajemen|27889520|data approved final total file
DOC-0004380,backup_hukum_202404_4892.docx,43772281,2024-07-25,ftp-pusat,backup|hukum|43772281|pending approved periode file
DOC-0000686,memo_manajemen_202303_0880.csv,33987167,2022-07-15,server-arsip-jakarta,memo|manajemen|33987167|periode final rekap file total
DOC-0000121,laporan_pemasaran_202408_9959.docx,179493,2023-08-16,server-arsip-surabaya,laporan|pemasaran|179493|arsip pending revisi
DOC-0002125,log_sdm_202411_2021.xlsx,298432,2022-02-17,server-arsip-jakarta,log|sdm|298432|file final periode
DOC-0000603,presentasi_teknologi_202411_0148.zip,238146,2024-06-29,cloud-storage-gcp,presentasi|teknologi|238146|dokumen file rekap
DOC-0000595,kontrak_audit_202209_3389.xml,171944009,2024-10-24,portal-upload-web,kontrak|audit|171944009|data revisi file pending
DOC-0003838,surat_pemasaran_202212_4477.jpg,2209443,2023-03-03,nas-lokal-01,surat|pemasaran|2209443|dokumen draft total revisi arsip
DOC-0001759,memo_pemasaran_202207_5825.docx,4097774,2022-01-21,nas-lokal-01,memo|pemasaran|4097774|rekap final total pending revisi
DOC-0004376,kontrak_operasional_202201_8544.pdf,14279045,2022-05-30,server-arsip-surabaya,kontrak|operasional|14279045|file dokumen final
DOC-0002401,invoice_sdm_202406_9904.jpg,196382,2024-08-20,server-arsip-jakarta,invoice|sdm|196382|final arsip dokumen
DOC-0003465,log_riset_202206_6564.png,3429873,2022-11-25,server-arsip-surabaya,log|riset|3429873|total data revisi pending rekap
DUP-0000015,kontrak_pemasaran_202407_0885.csv,4234485,2022-12-29,server-arsip-surabaya,kontrak|pemasaran|4234485|rekap approved dokumen draft revisi
DOC-0003135,backup_pemasaran_202306_0871.txt,3248329,2022-07-09,nas-lokal-01,backup|pemasaran|3248329|revisi data arsip draft
DOC-0002360,dataset_keuangan_202204_7819.png,168161,2023-02-25,portal-upload-web,dataset|keuangan|168161|dokumen total periode draft
DOC-0001047,dataset_manajemen_202201_0618.txt,11000148,2022-04-18,ftp-pusat,dataset|manajemen|11000148|dokumen revisi total arsip pending
DUP-0000357,kontrak_sdm_202305_0610.zip,1965103,2022-08-18,cloud-storage-gcp,kontrak|sdm|1965103|data file revisi arsip final
DOC-0001721,dataset_riset_202304_3858.xlsx,4505068,2023-11-06,nas-lokal-01,dataset|riset|4505068|approved periode rekap
DOC-0003709,memo_operasional_202302_7750.xml,3966437,2024-01-07,ftp-pusat,memo|operasional|3966437|approved file periode data
DOC-0000507,surat_teknologi_202212_4616.jpg,135526,2024-08-01,server-arsip-surabaya,surat|teknologi|135526|data rekap draft arsip
DOC-0003600,laporan_keuangan_202211_4608.csv,88802,2022-09-30,server-arsip-jakarta,laporan|keuangan|88802|revisi data arsip
DOC-0002882,invoice_sdm_202207_9921.png,4559104,2024-02-07,cloud-storage-aws,invoice|sdm|4559104|periode total pending
DOC-0003317,surat_audit_202412_2315.xml,16035006,2023-03-05,cloud-storage-aws,surat|audit|16035006|draft rekap total file
DOC-0002873,kontrak_hukum_202402_9443.zip,17871415,2022-02-27,cloud-storage-aws,kontrak|hukum|17871415|pending revisi total file
DOC-0002888,dataset_teknologi_202209_5409.xml,971635,2023-10-22,server-arsip-surabaya,dataset|teknologi|971635|arsip periode revisi total dokumen
DOC-0001982,surat_pemasaran_202308_6123.xml,3459380,2024-03-12,portal-upload-web,surat|pemasaran|3459380|final periode dokumen arsip file
DOC-0001894,surat_manajemen_202204_3971.docx,123376,2024-03-19,cloud-storage-aws,surat|manajemen|123376|total final rekap arsip periode
DOC-0001745,presentasi_teknologi_202202_3125.xlsx,713377,2022-05-07,ftp-pusat,presentasi|teknologi|713377|periode revisi total draft
DOC-0002283,memo_pemasaran_202404_4845.csv,3729983,2024-06-21,nas-lokal-01,memo|pemasaran|3729983|draft approved rekap
DOC-0000286,laporan_operasional_202206_3184.txt,123316,2024-12-13,cloud-storage-gcp,laporan|operasional|123316|draft total approved revisi periode
DOC-0001668,presentasi_audit_202211_9488.jpg,93191,2024-07-24,portal-upload-web,presentasi|audit|93191|revisi approved arsip
DOC-0001186,memo_riset_202304_9118.json,1580603,2024-08-06,server-arsip-bandung,memo|riset|1580603|dokumen draft total
DOC-0002435,kontrak_riset_202305_9980.xlsx,453908835,2022-09-01,cloud-storage-aws,kontrak|riset|453908835|total approved draft rekap
DOC-0004252,log_sdm_202404_4420.xml,40566,2023-07-14,cloud-storage-gcp,log|sdm|40566|final rekap periode
DOC-0002001,presentasi_logistik_202210_6686.json,2907551,2024-09-28,backup-eksternal,presentasi|logistik|2907551|draft final approved
DOC-0001610,dataset_logistik_202304_1549.pdf,41445522,2023-01-08,cloud-storage-aws,dataset|logistik|41445522|data final revisi draft
DUP-0000421,backup_logistik_202206_5788.xlsx,18900321,2024-04-09,cloud-storage-gcp,backup|logistik|18900321|file final revisi
DOC-0000151,kontrak_pemasaran_202411_2692.json,4281323,2022-03-29,nas-lokal-01,kontrak|pemasaran|4281323|data periode dokumen draft file
DUP-0000325,backup_operasional_202205_7754.pdf,342081,2022-09-25,nas-lokal-02,backup|operasional|342081|dokumen pending file
DOC-0000972,invoice_hukum_202203_3758.json,49265069,2022-10-20,ftp-pusat,invoice|hukum|49265069|periode file arsip
DOC-0000758,log_hukum_202205_8893.zip,496366,2024-09-16,backup-eksternal,log|hukum|496366|approved pending file
DOC-0001557,laporan_sdm_202411_9695.txt,461188,2024-03-09,cloud-storage-gcp,laporan|sdm|461188|dokumen data periode final
DOC-0004239,laporan_manajemen_202407_0062.csv,3722758,2023-11-16,server-arsip-jakarta,laporan|manajemen|3722758|arsip dokumen rekap periode
DOC-0002655,presentasi_manajemen_202203_9419.json,156490,2024-12-10,server-arsip-bandung,presentasi|manajemen|156490|revisi file periode final total
DOC-0000469,presentasi_keuangan_202401_6447.png,23569038,2024-01-08,backup-eksternal,presentasi|keuangan|23569038|draft file total data approved
DOC-0003370,kontrak_manajemen_202310_2014.xlsx,378657,2023-05-25,cloud-storage-aws,kontrak|manajemen|378657|revisi total draft file
DUP-0000189,surat_hukum_202306_8698.xlsx,15611129,2024-09-29,server-arsip-jakarta,surat|hukum|15611129|revisi total data
DOC-0000461,presentasi_riset_202301_2917.pdf,311130,2024-08-07,server-arsip-bandung,presentasi|riset|311130|total draft periode approved file
DOC-0004433,log_riset_202302_0928.png,4064391,2024-11-06,server-arsip-jakarta,log|riset|4064391|data total rekap pending periode
DOC-0003256,gambar_audit_202411_9348.json,225507,2023-09-05,server-arsip-surabaya,gambar|audit|225507|approved dokumen total draft final
DOC-0004493,gambar_keuangan_202405_1978.png,1066725,2024-04-16,cloud-storage-aws,gambar|keuangan|1066725|rekap data periode total
DUP-0000224,laporan_logistik_202309_2176.jpg,4870629,2023-08-20,server-arsip-jakarta,laporan|logistik|4870629|total approved data draft
DOC-0001907,gambar_audit_202405_7147.pdf,270347,2024-07-14,portal-upload-web,gambar|audit|270347|rekap file arsip revisi
DOC-0003399,dataset_teknologi_202304_2604.jpg,153499,2024-02-27,nas-lokal-01,dataset|teknologi|153499|dokumen draft total arsip
DOC-0002988,memo_teknologi_202409_6814.png,1010074,2022-02-24,ftp-pusat,memo|teknologi|1010074|revisi draft arsip data dokumen
DOC-0003238,backup_keuangan_202307_8618.pdf,367153603,2023-04-09,cloud-storage-aws,backup|keuangan|367153603|draft rekap data final
DOC-0003190,invoice_riset_202410_9581.pdf,900566,2022-08-25,nas-lokal-01,invoice|riset|900566|final total file
DOC-0002442,laporan_operasional_202411_9657.zip,4564511,2023-10-23,backup-eksternal,laporan|operasional|4564511|final rekap data
DOC-0001396,log_manajemen_202408_4601.zip,558993,2024-03-10,server-arsip-bandung,log|manajemen|558993|total revisi dokumen pending periode
DOC-0001298,dataset_manajemen_202407_7257.png,1013091,2024-01-15,cloud-storage-gcp,dataset|manajemen|1013091|revisi dokumen file final data
DOC-0003972,surat_manajemen_202312_8230.docx,2980272,2024-08-22,cloud-storage-gcp,surat|manajemen|2980272|final draft approved rekap
DOC-0003598,laporan_sdm_202311_6481.xlsx,4240861,2022-01-16,cloud-storage-aws,laporan|sdm|4240861|arsip final pending
DOC-0002880,surat_logistik_202407_1819.json,123762,2023-04-02,nas-lokal-02,surat|logistik|123762|file final approved total
DOC-0002241,surat_operasional_202402_2001.xlsx,356445,2023-06-04,backup-eksternal,surat|operasional|356445|final data approved dokumen
DOC-0000336,surat_riset_202303_4272.zip,232636007,2022-06-13,nas-lokal-01,surat|riset|232636007|arsip draft pending
DOC-0001791,laporan_keuangan_202211_5068.json,16847145,2023-06-27,server-arsip-surabaya,laporan|keuangan|16847145|approved pending revisi draft dokumen
DOC-0003871,laporan_logistik_202306_4450.txt,4866959,2023-12-13,server-arsip-jakarta,laporan|logistik|4866959|draft data periode approved file
DOC-0000989,kontrak_teknologi_202209_6339.docx,291972,2023-04-09,server-arsip-jakarta,kontrak|teknologi|291972|rekap periode dokumen approved
DOC-0001739,gambar_manajemen_202403_9271.docx,4471536,2022-05-02,nas-lokal-01,gambar|manajemen|4471536|file final dokumen
DOC-0000514,kontrak_logistik_202211_4339.docx,203499571,2023-02-05,cloud-storage-aws,kontrak|logistik|203499571|approved total final
DOC-0003834,gambar_operasional_202207_9172.csv,2190572,2022-07-01,nas-lokal-01,gambar|operasional|2190572|data total approved final file
DUP-0000046,laporan_sdm_202411_1571.png,4761609,2023-07-17,nas-lokal-01,laporan|sdm|4761609|arsip total data file
DOC-0003197,presentasi_teknologi_202211_5740.txt,38770,2023-02-22,cloud-storage-aws,presentasi|teknologi|38770|dokumen pending rekap arsip
DOC-0004361,backup_sdm_202205_4498.zip,77673703,2022-10-24,server-arsip-surabaya,backup|sdm|77673703|final approved arsip pending data
DOC-0004352,invoice_sdm_202304_9545.pdf,28681,2023-12-02,cloud-storage-gcp,invoice|sdm|28681|file periode arsip
DOC-0003259,invoice_riset_202309_9695.jpg,3733420,2024-01-24,server-arsip-jakarta,invoice|riset|3733420|revisi dokumen total
DOC-0002566,log_logistik_202202_9849.zip,830753,2022-12-13,cloud-storage-aws,log|logistik|830753|total draft periode
DOC-0000047,surat_audit_202211_1922.xlsx,3247013,2024-12-02,cloud-storage-gcp,surat|audit|3247013|total data dokumen pending revisi
DOC-0000820,invoice_keuangan_202211_2779.pdf,4659643,2022-05-31,backup-eksternal,invoice|keuangan|4659643|rekap revisi approved total
DUP-0000041,gambar_pemasaran_202208_1169.png,4135699,2022-04-30,nas-lokal-02,gambar|pemasaran|4135699|rekap final periode
DOC-0003014,memo_manajemen_202409_4337.json,26523553,2023-09-16,nas-lokal-02,memo|manajemen|26523553|pending file total revisi
DOC-0000288,surat_audit_202304_0643.txt,347656,2024-04-12,server-arsip-jakarta,surat|audit|347656|total file dokumen arsip pending
DOC-0002052,presentasi_hukum_202308_2792.jpg,120836,2022-08-03,server-arsip-jakarta,presentasi|hukum|120836|rekap pending final dokumen arsip
DOC-0001247,gambar_keuangan_202304_1098.png,71795,2023-05-25,nas-lokal-02,gambar|keuangan|71795|periode draft file approved rekap
DOC-0002743,invoice_pemasaran_202207_8060.docx,15713868,2024-04-05,server-arsip-jakarta,invoice|pemasaran|15713868|dokumen approved rekap total file
DOC-0003638,dataset_operasional_202207_9191.zip,450492,2023-04-05,server-arsip-bandung,dataset|operasional|450492|arsip rekap data
DOC-0001678,kontrak_teknologi_202407_9558.zip,90004,2022-01-23,ftp-pusat,kontrak|teknologi|90004|approved final dokumen file arsip
DOC-0003874,invoice_operasional_202301_3937.xlsx,44559234,2023-02-17,nas-lokal-02,invoice|operasional|44559234|revisi approved arsip file final
DOC-0002926,laporan_operasional_202411_6386.xml,556439,2023-03-28,ftp-pusat,laporan|operasional|556439|periode arsip draft rekap final
DOC-0004110,laporan_pemasaran_202312_5974.jpg,34334277,2022-06-11,portal-upload-web,laporan|pemasaran|34334277|file final revisi draft
DOC-0003110,presentasi_keuangan_202401_5087.json,150133,2024-10-27,backup-eksternal,presentasi|keuangan|150133|revisi draft dokumen pending data
DOC-0003777,invoice_keuangan_202206_9113.xml,3917746,2024-11-17,server-arsip-jakarta,invoice|keuangan|3917746|draft dokumen periode final revisi
DOC-0003129,memo_teknologi_202401_3125.png,307245,2023-10-29,server-arsip-surabaya,memo|teknologi|307245|file dokumen approved
DOC-0000594,surat_riset_202403_6848.pdf,346970535,2022-12-17,portal-upload-web,surat|riset|346970535|rekap file pending approved arsip
DOC-0004247,invoice_riset_202206_0258.xml,35098625,2022-02-25,nas-lokal-02,invoice|riset|35098625|pending revisi approved draft file
DOC-0002699,kontrak_keuangan_202412_3686.xml,455826,2022-10-15,nas-lokal-02,kontrak|keuangan|455826|total final revisi data rekap
DOC-0003953,dataset_logistik_202207_0755.json,430289,2022-08-30,ftp-pusat,dataset|logistik|430289|total data pending
DOC-0001883,log_operasional_202411_9694.pdf,4128224,2023-11-04,cloud-storage-aws,log|operasional|4128224|rekap arsip pending data revisi
DOC-0004065,gambar_operasional_202202_8209.zip,423388591,2024-11-03,nas-lokal-01,gambar|operasional|423388591|file final rekap
DOC-0002943,backup_hukum_202409_8160.txt,4472446,2022-01-06,server-arsip-bandung,backup|hukum|4472446|arsip total data dokumen revisi
DOC-0003418,gambar_hukum_202411_3751.xml,2230715,2024-01-04,server-arsip-surabaya,gambar|hukum|2230715|rekap total pending dokumen
DOC-0000108,laporan_operasional_202407_6672.xml,431079,2023-12-02,server-arsip-surabaya,laporan|operasional|431079|file final arsip revisi
DOC-0000147,laporan_keuangan_202303_0218.png,4406589,2022-04-01,server-arsip-bandung,laporan|keuangan|4406589|file final pending revisi
DUP-0000457,backup_riset_202306_8364.png,312843,2023-07-13,nas-lokal-01,backup|riset|312843|periode pending total revisi
DOC-0002424,dataset_pemasaran_202306_6870.json,3050959,2024-03-19,nas-lokal-01,dataset|pemasaran|3050959|pending revisi periode file arsip
DOC-0000246,backup_hukum_202301_1878.xml,327328,2024-04-10,portal-upload-web,backup|hukum|327328|file final periode
DOC-0001556,memo_teknologi_202309_5226.csv,327839,2023-03-15,ftp-pusat,memo|teknologi|327839|approved periode draft
DOC-0003366,laporan_pemasaran_202304_3918.pdf,101037553,2022-11-07,cloud-storage-aws,laporan|pemasaran|101037553|periode draft dokumen revisi
DUP-0000394,presentasi_audit_202307_2266.docx,422181,2023-01-21,portal-upload-web,presentasi|audit|422181|final pending approved file dokumen
DOC-0003656,gambar_audit_202206_8892.pdf,135151,2022-10-13,cloud-storage-aws,gambar|audit|135151|rekap approved periode pending
DOC-0003515,log_audit_202308_7532.zip,24472727,2022-06-05,backup-eksternal,log|audit|24472727|rekap approved data arsip
DOC-0001174,invoice_sdm_202309_1813.jpg,227324209,2024-02-11,backup-eksternal,invoice|sdm|227324209|dokumen periode revisi arsip
DUP-0000133,memo_hukum_202402_5144.txt,262273,2022-04-27,nas-lokal-02,memo|hukum|262273|approved periode file pending
DOC-0003224,laporan_audit_202205_4635.csv,3350170,2023-05-05,server-arsip-surabaya,laporan|audit|3350170|total dokumen periode arsip
DOC-0003335,invoice_audit_202204_4662.png,1499972,2022-03-31,server-arsip-surabaya,invoice|audit|1499972|pending revisi approved
DOC-0004467,laporan_hukum_202405_0750.xlsx,5838932,2024-09-01,nas-lokal-01,laporan|hukum|5838932|arsip periode data dokumen pending
DOC-0003024,invoice_keuangan_202304_0248.pdf,2721322,2022-03-14,server-arsip-surabaya,invoice|keuangan|2721322|pending revisi periode rekap
DUP-0000210,dataset_riset_202307_3365.txt,4792673,2024-12-11,server-arsip-jakarta,dataset|riset|4792673|rekap data pending
DOC-0002576,kontrak_keuangan_202202_5715.xml,4113453,2024-07-19,cloud-storage-aws,kontrak|keuangan|4113453|pending periode draft revisi rekap
DOC-0004282,surat_sdm_202307_1644.xlsx,243570,2024-10-18,nas-lokal-01,surat|sdm|243570|revisi final data total pending
DOC-0002163,dataset_pemasaran_202312_9295.jpg,26995,2022-05-18,portal-upload-web,dataset|pemasaran|26995|final file periode
DOC-0002933,memo_manajemen_202210_8893.xml,232104,2022-07-17,server-arsip-jakarta,memo|manajemen|232104|data rekap final draft
DOC-0003006,kontrak_manajemen_202207_7309.json,3739226,2022-10-26,server-arsip-bandung,kontrak|manajemen|3739226|pending rekap periode
DOC-0003315,kontrak_riset_202212_1798.csv,12646,2023-03-10,backup-eksternal,kontrak|riset|12646|revisi pending arsip final
DOC-0000243,log_hukum_202202_5474.csv,304225,2022-12-11,server-arsip-surabaya,log|hukum|304225|dokumen total rekap pending revisi
DOC-0003991,kontrak_riset_202402_7310.jpg,3773793,2022-11-18,backup-eksternal,kontrak|riset|3773793|approved rekap data revisi
DOC-0000512,presentasi_manajemen_202207_9764.csv,3366308,2022-10-20,nas-lokal-01,presentasi|manajemen|3366308|dokumen approved data final
DOC-0004350,invoice_manajemen_202203_2722.txt,3373551,2023-03-23,server-arsip-bandung,invoice|manajemen|3373551|final periode revisi
DUP-0000336,laporan_audit_202308_7762.jpg,47074503,2024-11-19,ftp-pusat,laporan|audit|47074503|approved periode rekap draft
DOC-0000756,invoice_manajemen_202209_7236.docx,359275,2024-09-20,portal-upload-web,invoice|manajemen|359275|data periode final pending
DUP-0000158,laporan_operasional_202312_0833.zip,273581,2023-08-25,cloud-storage-aws,laporan|operasional|273581|pending total draft
DOC-0001563,dataset_logistik_202406_5172.pdf,127138,2022-01-01,server-arsip-jakarta,dataset|logistik|127138|dokumen draft pending
DUP-0000250,laporan_sdm_202406_4788.xml,1406566,2024-03-27,nas-lokal-02,laporan|sdm|1406566|dokumen data periode rekap
DOC-0003220,kontrak_sdm_202302_4991.zip,32387251,2023-06-08,cloud-storage-gcp,kontrak|sdm|32387251|approved draft pending final revisi
DOC-0000634,gambar_pemasaran_202209_1822.zip,282576,2022-04-16,server-arsip-surabaya,gambar|pemasaran|282576|total pending dokumen
DOC-0002987,presentasi_teknologi_202202_5210.zip,2052975,2023-07-28,server-arsip-surabaya,presentasi|teknologi|2052975|rekap total draft file
DOC-0001568,backup_logistik_202204_2302.docx,319849,2022-06-02,cloud-storage-aws,backup|logistik|319849|dokumen draft periode file
DOC-0001945,invoice_riset_202403_6221.csv,96609,2023-09-29,cloud-storage-gcp,invoice|riset|96609|arsip rekap periode
DOC-0001030,laporan_teknologi_202304_2582.pdf,280238,2024-08-04,server-arsip-surabaya,laporan|teknologi|280238|approved file dokumen arsip
DOC-0003034,laporan_keuangan_202210_5484.xlsx,3446474,2023-01-11,nas-lokal-01,laporan|keuangan|3446474|file revisi pending dokumen
DOC-0003300,laporan_audit_202206_7658.jpg,68231,2022-02-12,nas-lokal-02,laporan|audit|68231|rekap pending data periode
DUP-0000255,dataset_manajemen_202210_3022.zip,480870,2022-12-03,cloud-storage-aws,dataset|manajemen|480870|file dokumen pending
DOC-0003622,kontrak_teknologi_202309_8237.json,4701442,2024-09-20,nas-lokal-02,kontrak|teknologi|4701442|data total arsip approved final
DOC-0000359,surat_sdm_202409_3330.json,2551193,2023-10-18,ftp-pusat,surat|sdm|2551193|final approved total pending
DOC-0001818,backup_riset_202306_7299.png,111733607,2022-03-02,cloud-storage-aws,backup|riset|111733607|revisi rekap arsip
DOC-0000097,dataset_sdm_202305_6753.png,351960,2022-04-15,cloud-storage-aws,dataset|sdm|351960|draft arsip periode
DOC-0001540,gambar_manajemen_202304_2384.xlsx,752644,2024-07-11,cloud-storage-aws,gambar|manajemen|752644|dokumen approved arsip file draft
DOC-0002343,presentasi_logistik_202302_0239.xlsx,123339,2022-03-20,server-arsip-surabaya,presentasi|logistik|123339|pending data rekap total
DOC-0002887,dataset_audit_202310_0941.json,240690,2023-08-26,server-arsip-bandung,dataset|audit|240690|periode draft rekap data
DOC-0003030,gambar_pemasaran_202303_5001.xlsx,44556406,2023-11-15,portal-upload-web,gambar|pemasaran|44556406|dokumen arsip file data
DOC-0001498,kontrak_pemasaran_202306_5184.jpg,448731086,2022-08-19,cloud-storage-aws,kontrak|pemasaran|448731086|total dokumen approved rekap revisi
DOC-0002451,gambar_teknologi_202312_4244.txt,16457,2023-10-30,nas-lokal-01,gambar|teknologi|16457|arsip rekap final file periode
DOC-0002400,laporan_manajemen_202303_8321.zip,2945911,2022-12-05,portal-upload-web,laporan|manajemen|2945911|revisi total approved final periode
DOC-0001580,memo_audit_202210_5659.xml,45588764,2023-02-04,server-arsip-jakarta,memo|audit|45588764|approved final pending
DOC-0001748,gambar_keuangan_202303_3243.png,748621,2024-10-07,nas-lokal-02,gambar|keuangan|748621|approved pending final rekap data
DUP-0000309,gambar_logistik_202201_0335.json,1695360,2022-03-30,server-arsip-surabaya,gambar|logistik|1695360|arsip approved final draft
DOC-0001902,kontrak_hukum_202310_5675.txt,238931,2023-08-18,server-arsip-surabaya,kontrak|hukum|238931|file revisi periode approved pending
DOC-0001229,dataset_audit_202312_8638.txt,363268,2024-04-14,server-arsip-jakarta,dataset|audit|363268|rekap pending periode dokumen
DOC-0003333,surat_operasional_202210_3055.jpg,21105955,2024-06-21,server-arsip-surabaya,surat|operasional|21105955|pending arsip revisi final
DOC-0002600,laporan_sdm_202306_4291.xml,301584000,2024-07-03,nas-lokal-01,laporan|sdm|301584000|file dokumen approved
DOC-0000408,memo_hukum_202412_4068.txt,110637529,2024-01-03,portal-upload-web,memo|hukum|110637529|periode revisi approved total data
DUP-0000047,kontrak_keuangan_202410_2293.txt,239931096,2023-11-12,ftp-pusat,kontrak|keuangan|239931096|dokumen rekap pending revisi
DUP-0000257,dataset_riset_202408_5831.xlsx,53892,2024-04-03,server-arsip-surabaya,dataset|riset|53892|approved dokumen data file periode
DOC-0002583,laporan_hukum_202311_9643.jpg,4125261,2024-12-06,cloud-storage-gcp,laporan|hukum|4125261|data rekap pending final
DOC-0003928,gambar_hukum_202404_0687.csv,41958539,2023-11-08,cloud-storage-gcp,gambar|hukum|41958539|rekap arsip periode pending
DOC-0004022,memo_operasional_202411_6607.xml,47311059,2024-11-02,ftp-pusat,memo|operasional|47311059|draft arsip dokumen revisi periode
DOC-0001828,memo_teknologi_202301_4797.png,2768341,2022-03-22,backup-eksternal,memo|teknologi|2768341|dokumen revisi approved draft total
DOC-0002981,memo_logistik_202411_4565.json,455574207,2024-10-09,nas-lokal-02,memo|logistik|455574207|total approved dokumen
DOC-0003731,dataset_hukum_202311_3348.png,129760,2022-03-18,server-arsip-jakarta,dataset|hukum|129760|approved arsip final total
DOC-0002582,log_sdm_202410_5573.jpg,58120593,2024-09-14,server-arsip-surabaya,log|sdm|58120593|arsip revisi dokumen pending data
DOC-0004316,dataset_logistik_202311_9090.jpg,88647,2024-08-31,cloud-storage-gcp,dataset|logistik|88647|arsip draft total dokumen pending
DOC-0001819,log_riset_202405_1099.pdf,5203020,2024-08-10,nas-lokal-01,log|riset|5203020|periode final total
DOC-0002700,surat_audit_202405_3115.docx,476422,2022-09-03,server-arsip-jakarta,surat|audit|476422|total draft approved arsip revisi
DOC-0000104,backup_pemasaran_202203_2211.json,248625145,2023-09-07,nas-lokal-02,backup|pemasaran|248625145|total data revisi
DOC-0000997,dataset_audit_202205_5432.png,40867985,2024-02-11,cloud-storage-gcp,dataset|audit|40867985|file final revisi pending
DOC-0003041,presentasi_teknologi_202212_9666.xml,1647323,2024-06-19,nas-lokal-01,presentasi|teknologi|1647323|approved file dokumen
DOC-0003635,backup_teknologi_202401_1324.png,3411102,2023-01-02,portal-upload-web,backup|teknologi|3411102|dokumen data file
DUP-0000037,gambar_pemasaran_202208_2412.xlsx,190272,2023-05-10,server-arsip-bandung,gambar|pemasaran|190272|file final revisi
DOC-0000777,memo_hukum_202406_3722.pdf,51724916,2024-10-22,nas-lokal-01,memo|hukum|51724916|draft pending final periode total
DOC-0003105,surat_audit_202205_2299.csv,232542,2024-03-05,server-arsip-bandung,surat|audit|232542|file revisi data
DOC-0002694,laporan_keuangan_202209_7140.png,230919,2023-09-14,ftp-pusat,laporan|keuangan|230919|approved data pending final
DOC-0000305,laporan_audit_202412_3738.xlsx,3096289,2024-11-30,portal-upload-web,laporan|audit|3096289|draft data dokumen
DOC-0001708,presentasi_manajemen_202301_8151.txt,247895089,2024-02-22,nas-lokal-01,presentasi|manajemen|247895089|dokumen final approved
DUP-0000410,presentasi_riset_202209_6081.json,1112868,2023-12-19,backup-eksternal,presentasi|riset|1112868|total pending rekap data
DOC-0001233,log_sdm_202206_2974.xml,39471553,2024-04-30,cloud-storage-aws,log|sdm|39471553|pending dokumen final total periode
DOC-0003866,kontrak_teknologi_202206_8078.pdf,4333266,2022-07-23,cloud-storage-aws,kontrak|teknologi|4333266|file total arsip pending
DUP-0000185,backup_audit_202206_4455.csv,117406330,2023-03-06,cloud-storage-gcp,backup|audit|117406330|final approved data
DOC-0001969,invoice_operasional_202410_3744.xml,864804,2024-05-17,backup-eksternal,invoice|operasional|864804|data draft rekap
DOC-0001689,log_manajemen_202201_5958.docx,4619357,2022-11-06,server-arsip-surabaya,log|manajemen|4619357|total arsip final draft pending
DOC-0003694,backup_teknologi_202412_6409.csv,46141056,2023-07-27,backup-eksternal,backup|teknologi|46141056|revisi draft file data approved
DOC-0003955,memo_manajemen_202211_6856.docx,1809131,2023-11-24,server-arsip-bandung,memo|manajemen|1809131|arsip total data dokumen
DOC-0004195,log_riset_202311_2041.jpg,24932347,2024-12-02,backup-eksternal,log|riset|24932347|total revisi data file pending
DOC-0002369,invoice_riset_202409_6784.xml,11667,2023-01-21,nas-lokal-02,invoice|riset|11667|arsip data periode file
DOC-0004209,log_operasional_202404_1228.png,3549353,2022-08-29,nas-lokal-01,log|operasional|3549353|final draft total approved file
DOC-0003721,invoice_operasional_202406_8660.txt,39238901,2023-08-17,backup-eksternal,invoice|operasional|39238901|dokumen data file
DOC-0004205,backup_sdm_202312_9363.csv,13294,2023-05-15,server-arsip-bandung,backup|sdm|13294|rekap final data pending dokumen
DUP-0000174,surat_riset_202407_8202.txt,48621913,2023-10-26,nas-lokal-02,surat|riset|48621913|file approved dokumen
DOC-0002593,invoice_logistik_202307_4131.png,78526,2023-07-30,backup-eksternal,invoice|logistik|78526|rekap approved file
DUP-0000492,memo_pemasaran_202311_7780.pdf,2220874,2024-03-27,cloud-storage-aws,memo|pemasaran|2220874|revisi arsip total periode file
DOC-0003943,invoice_riset_202401_6319.pdf,14358963,2023-03-01,cloud-storage-aws,invoice|riset|14358963|pending draft dokumen file
DOC-0001845,kontrak_audit_202203_0082.json,154637,2024-06-01,server-arsip-bandung,kontrak|audit|154637|file arsip draft rekap approved
DOC-0000396,memo_hukum_202204_6052.jpg,479059631,2024-11-16,portal-upload-web,memo|hukum|479059631|dokumen pending periode total arsip
DOC-0003703,dataset_hukum_202412_9987.xml,15346801,2022-03-25,ftp-pusat,dataset|hukum|15346801|dokumen periode file approved
DOC-0001494,dataset_audit_202405_6597.pdf,321326,2024-03-23,nas-lokal-02,dataset|audit|321326|dokumen revisi periode data arsip
DUP-0000097,backup_audit_202203_4030.png,234615,2023-08-21,server-arsip-jakarta,backup|audit|234615|total draft periode
DOC-0002464,backup_manajemen_202407_0509.pdf,4815268,2024-12-11,server-arsip-bandung,backup|manajemen|4815268|rekap pending total
DOC-0000035,kontrak_pemasaran_202412_1580.jpg,331708,2024-09-05,backup-eksternal,kontrak|pemasaran|331708|dokumen revisi periode data file
DUP-0000279,backup_audit_202310_3715.csv,343055,2024-06-04,nas-lokal-02,backup|audit|343055|revisi draft pending approved dokumen
DOC-0001069,log_teknologi_202403_6824.json,4098374,2024-10-09,cloud-storage-aws,log|teknologi|4098374|approved final arsip draft
DUP-0000204,laporan_sdm_202411_9695.txt,461188,2024-03-09,cloud-storage-gcp,laporan|sdm|461188|dokumen data periode final
DUP-0000361,gambar_keuangan_202210_5783.docx,389845,2022-05-07,backup-eksternal,gambar|keuangan|389845|total draft file approved revisi
DOC-0002075,gambar_pemasaran_202412_3988.jpg,35966840,2024-09-18,server-arsip-bandung,gambar|pemasaran|35966840|file draft revisi
DOC-0001729,memo_hukum_202205_2391.pdf,9527090,2024-09-23,portal-upload-web,memo|hukum|9527090|final dokumen revisi draft
DOC-0001341,invoice_keuangan_202308_5745.xml,97991,2023-04-24,server-arsip-bandung,invoice|keuangan|97991|data arsip rekap draft pending
DOC-0003522,dataset_logistik_202202_8032.png,718147,2022-12-14,portal-upload-web,dataset|logistik|718147|final rekap dokumen revisi pending
DOC-0000004,log_operasional_202209_4961.docx,1034094,2022-05-05,cloud-storage-aws,log|operasional|1034094|revisi dokumen data
DOC-0001770,kontrak_keuangan_202411_2096.png,14847636,2023-04-21,portal-upload-web,kontrak|keuangan|14847636|approved pending periode total
DOC-0000927,dataset_logistik_202409_6128.docx,934258,2024-10-25,server-arsip-jakarta,dataset|logistik|934258|total arsip pending
DOC-0003459,kontrak_riset_202404_9503.jpg,313157,2022-11-03,ftp-pusat,kontrak|riset|313157|arsip approved data file rekap
DOC-0000029,invoice_logistik_202211_6385.csv,377638,2024-08-23,server-arsip-jakarta,invoice|logistik|377638|file data draft rekap
DOC-0001181,backup_hukum_202303_0903.xlsx,2738926,2024-05-03,cloud-storage-gcp,backup|hukum|2738926|total dokumen file rekap approved
DOC-0004174,invoice_manajemen_202411_4399.xlsx,2852981,2022-03-17,server-arsip-surabaya,invoice|manajemen|2852981|data rekap arsip revisi
DOC-0001027,laporan_pemasaran_202306_8833.jpg,109400,2022-05-18,portal-upload-web,laporan|pemasaran|109400|approved draft pending periode
DOC-0004371,gambar_audit_202309_3033.jpg,414182,2024-04-20,server-arsip-bandung,gambar|audit|414182|file final approved data
DOC-0000796,presentasi_keuangan_202202_7799.txt,465919628,2022-04-22,portal-upload-web,presentasi|keuangan|465919628|approved data final
DOC-0003880,dataset_logistik_202304_3216.xml,4753502,2022-07-01,nas-lokal-02,dataset|logistik|4753502|rekap dokumen arsip revisi
DOC-0004148,backup_logistik_202305_4324.pdf,4158775,2023-04-12,nas-lokal-01,backup|logistik|4158775|revisi final draft pending total
DOC-0001257,log_operasional_202312_7190.jpg,44369326,2023-03-21,server-arsip-bandung,log|operasional|44369326|total draft approved rekap data
DOC-0002264,backup_hukum_202309_7203.txt,4919049,2024-11-29,cloud-storage-aws,backup|hukum|4919049|dokumen periode total revisi
DOC-0003031,kontrak_sdm_202301_4581.csv,372772,2022-11-07,server-arsip-bandung,kontrak|sdm|372772|rekap total final
DOC-0001705,dataset_riset_202301_5810.docx,4228316,2022-07-13,backup-eksternal,dataset|riset|4228316|revisi dokumen file rekap total
DOC-0000424,dataset_keuangan_202402_1513.docx,157288,2024-02-02,ftp-pusat,dataset|keuangan|157288|arsip file approved rekap
DOC-0004200,presentasi_audit_202304_7636.zip,270171,2023-03-16,backup-eksternal,presentasi|audit|270171|periode approved dokumen
DOC-0002129,log_teknologi_202208_2037.pdf,235398273,2024-08-09,server-arsip-surabaya,log|teknologi|235398273|draft total periode revisi final
DOC-0000773,kontrak_manajemen_202208_5371.pdf,33760637,2023-11-28,server-arsip-bandung,kontrak|manajemen|33760637|arsip pending rekap total data
DOC-0001978,backup_riset_202202_9366.zip,447029886,2024-05-20,cloud-storage-aws,backup|riset|447029886|draft periode pending
DOC-0000598,invoice_riset_202303_7555.jpg,2377419,2022-05-10,ftp-pusat,invoice|riset|2377419|draft rekap approved pending
DOC-0001929,gambar_sdm_202304_8656.csv,2213772,2024-10-12,nas-lokal-01,gambar|sdm|2213772|dokumen total draft revisi rekap
DUP-0000470,kontrak_pemasaran_202301_4236.pdf,1788154,2022-01-12,server-arsip-jakarta,kontrak|pemasaran|1788154|revisi arsip approved dokumen
DOC-0001679,dataset_riset_202409_2983.docx,115356088,2022-10-12,portal-upload-web,dataset|riset|115356088|revisi data periode
DUP-0000328,laporan_riset_202406_6556.json,863119,2023-06-14,nas-lokal-01,laporan|riset|863119|arsip rekap revisi final file
DOC-0002133,dataset_manajemen_202303_1477.png,23317317,2024-07-29,server-arsip-bandung,dataset|manajemen|23317317|final revisi draft
DOC-0002542,laporan_sdm_202310_7587.csv,206359,2022-07-07,ftp-pusat,laporan|sdm|206359|final revisi data
DOC-0000050,memo_operasional_202311_4117.csv,3258424,2024-01-01,server-arsip-bandung,memo|operasional|3258424|total pending revisi
DOC-0003949,presentasi_teknologi_202206_7518.zip,778212,2023-03-20,cloud-storage-gcp,presentasi|teknologi|778212|rekap arsip file
DOC-0001944,laporan_manajemen_202408_6436.xml,171089,2022-02-05,backup-eksternal,laporan|manajemen|171089|total periode file rekap
DOC-0002436,backup_operasional_202402_6123.xlsx,2317106,2024-04-16,cloud-storage-aws,backup|operasional|2317106|arsip total revisi data
DOC-0001330,backup_riset_202206_2303.xml,32936360,2024-08-28,nas-lokal-02,backup|riset|32936360|draft arsip final dokumen data
DOC-0002894,gambar_manajemen_202202_5116.txt,3009897,2022-09-01,cloud-storage-gcp,gambar|manajemen|3009897|total draft final
DOC-0001219,backup_operasional_202409_7926.txt,2701297,2022-10-01,server-arsip-surabaya,backup|operasional|2701297|draft pending arsip file
DOC-0003849,kontrak_riset_202204_6921.json,459458,2024-04-14,server-arsip-jakarta,kontrak|riset|459458|revisi draft periode
DOC-0003882,backup_teknologi_202410_8539.csv,335932,2023-06-28,backup-eksternal,backup|teknologi|335932|revisi arsip final file draft
DOC-0000253,kontrak_keuangan_202209_8351.txt,3726105,2022-10-24,server-arsip-bandung,kontrak|keuangan|3726105|file draft arsip final
DOC-0000633,memo_sdm_202409_4875.csv,395940,2024-07-26,portal-upload-web,memo|sdm|395940|pending periode arsip draft
DOC-0003537,laporan_riset_202306_8285.jpg,4579713,2023-10-18,cloud-storage-aws,laporan|riset|4579713|dokumen file pending arsip
DOC-0001272,log_audit_202209_8144.zip,4560390,2023-02-20,server-arsip-bandung,log|audit|4560390|periode final dokumen draft
DOC-0000640,gambar_keuangan_202301_1992.json,363021,2022-09-07,portal-upload-web,gambar|keuangan|363021|dokumen total rekap
DOC-0000287,invoice_hukum_202408_2028.docx,4314669,2022-04-09,portal-upload-web,invoice|hukum|4314669|revisi dokumen total
DOC-0003980,laporan_operasional_202208_2018.png,96002,2022-11-30,nas-lokal-01,laporan|operasional|96002|approved arsip periode
DOC-0002333,kontrak_logistik_202409_0993.png,6260460,2023-12-11,server-arsip-jakarta,kontrak|logistik|6260460|draft total revisi
DOC-0003936,kontrak_manajemen_202205_7503.xml,4623493,2022-10-09,backup-eksternal,kontrak|manajemen|4623493|revisi total arsip dokumen pending
DOC-0003050,laporan_logistik_202209_5916.zip,3495771,2022-10-31,nas-lokal-02,laporan|logistik|3495771|rekap approved arsip
DOC-0004182,presentasi_sdm_202206_6644.docx,1557392,2022-11-11,cloud-storage-gcp,presentasi|sdm|1557392|revisi pending approved periode
DOC-0002733,laporan_audit_202401_3400.jpg,443302,2024-10-05,ftp-pusat,laporan|audit|443302|rekap total file
DOC-0000416,gambar_hukum_202210_8812.xml,1018980,2024-03-19,cloud-storage-aws,gambar|hukum|1018980|draft revisi approved periode
DUP-0000369,laporan_pemasaran_202306_8833.jpg,109400,2022-05-18,portal-upload-web,laporan|pemasaran|109400|approved draft pending periode
DOC-0004181,kontrak_keuangan_202408_0449.json,474219,2022-03-14,server-arsip-bandung,kontrak|keuangan|474219|rekap approved periode final data
DOC-0002923,memo_audit_202406_8138.xml,3503978,2024-09-22,server-arsip-jakarta,memo|audit|3503978|total arsip approved draft
DOC-0001328,presentasi_riset_202209_2720.zip,2701125,2024-11-04,server-arsip-jakarta,presentasi|riset|2701125|total approved data dokumen
DOC-0003189,backup_operasional_202206_8982.json,63173,2024-06-06,server-arsip-jakarta,backup|operasional|63173|periode data rekap arsip
DOC-0000871,gambar_logistik_202409_4984.xlsx,111244,2024-10-16,cloud-storage-gcp,gambar|logistik|111244|data periode draft
DOC-0002660,kontrak_hukum_202401_5264.png,7434750,2023-02-01,server-arsip-bandung,kontrak|hukum|7434750|approved rekap draft
DOC-0003907,backup_logistik_202302_8966.json,157874,2022-02-01,nas-lokal-01,backup|logistik|157874|rekap file arsip draft
DOC-0000026,surat_logistik_202204_6235.pdf,3848550,2022-09-13,server-arsip-bandung,surat|logistik|3848550|arsip dokumen file
DOC-0000726,presentasi_operasional_202208_3047.xml,3879155,2024-11-23,cloud-storage-gcp,presentasi|operasional|3879155|pending approved data
DOC-0003280,invoice_pemasaran_202302_3825.txt,43386,2024-12-03,server-arsip-surabaya,invoice|pemasaran|43386|dokumen arsip pending rekap approved
DOC-0002065,presentasi_logistik_202208_2647.zip,2300003,2022-08-02,ftp-pusat,presentasi|logistik|2300003|arsip pending data total approved
DOC-0001357,backup_keuangan_202207_0879.json,494398,2022-01-15,server-arsip-jakarta,backup|keuangan|494398|total file rekap data draft
DOC-0002178,dataset_pemasaran_202308_6085.xml,219238,2023-12-18,portal-upload-web,dataset|pemasaran|219238|pending revisi draft final
DOC-0003935,laporan_manajemen_202210_5854.xlsx,122386,2023-09-01,server-arsip-jakarta,laporan|manajemen|122386|draft approved arsip data final
DOC-0000425,laporan_riset_202407_7884.pdf,318705,2024-10-09,ftp-pusat,laporan|riset|318705|revisi total periode
DUP-0000339,surat_logistik_202305_2522.txt,336217,2023-03-11,ftp-pusat,surat|logistik|336217|approved rekap periode data draft
DOC-0001307,kontrak_riset_202201_7055.xlsx,269891362,2022-09-04,nas-lokal-02,kontrak|riset|269891362|total data arsip
DOC-0003547,laporan_keuangan_202307_1476.txt,33060506,2024-08-13,ftp-pusat,laporan|keuangan|33060506|arsip file approved
DOC-0003158,kontrak_sdm_202310_5309.txt,19897014,2022-05-02,cloud-storage-gcp,kontrak|sdm|19897014|periode data approved
DOC-0004212,log_audit_202211_7195.xlsx,2122180,2023-11-30,nas-lokal-01,log|audit|2122180|arsip approved total data
DOC-0003607,memo_audit_202308_4482.xml,105157,2022-02-05,backup-eksternal,memo|audit|105157|revisi draft total file
DOC-0002352,backup_keuangan_202306_1861.xlsx,33551657,2023-01-21,server-arsip-jakarta,backup|keuangan|33551657|rekap draft file total data
DOC-0003823,laporan_sdm_202404_0218.xml,18679,2023-02-27,server-arsip-surabaya,laporan|sdm|18679|dokumen total final
DOC-0004263,kontrak_sdm_202402_3529.pdf,1206710,2024-01-20,server-arsip-jakarta,kontrak|sdm|1206710|file revisi data approved arsip
DOC-0002683,memo_logistik_202209_9767.png,24184862,2024-07-19,backup-eksternal,memo|logistik|24184862|draft revisi approved total final
DOC-0003854,surat_teknologi_202212_0113.txt,72459926,2023-07-12,backup-eksternal,surat|teknologi|72459926|approved data file
DOC-0000495,log_hukum_202410_3216.docx,3519073,2022-01-21,server-arsip-surabaya,log|hukum|3519073|data rekap periode file revisi
DOC-0001066,memo_keuangan_202405_4999.json,1271934,2024-03-11,portal-upload-web,memo|keuangan|1271934|approved data pending final
DOC-0002417,memo_logistik_202411_7795.xlsx,487536,2023-10-12,cloud-storage-aws,memo|logistik|487536|total draft periode
DOC-0002719,gambar_audit_202209_2208.jpg,268562,2023-05-30,server-arsip-jakarta,gambar|audit|268562|dokumen revisi draft total data
DOC-0003309,kontrak_keuangan_202201_8877.json,403111,2023-04-27,portal-upload-web,kontrak|keuangan|403111|draft approved rekap arsip dokumen
DUP-0000124,kontrak_operasional_202310_8118.jpg,646294,2022-03-30,cloud-storage-gcp,kontrak|operasional|646294|final arsip draft dokumen
DOC-0001829,log_audit_202207_9659.json,314037,2022-10-13,server-arsip-jakarta,log|audit|314037|data periode pending
DUP-0000152,laporan_logistik_202201_3454.pdf,214106,2024-06-26,cloud-storage-gcp,laporan|logistik|214106|file draft pending total
DOC-0001699,presentasi_audit_202304_2381.pdf,44035997,2022-08-10,ftp-pusat,presentasi|audit|44035997|rekap periode final
DOC-0002602,invoice_audit_202404_0479.xlsx,170863079,2022-04-19,cloud-storage-gcp,invoice|audit|170863079|data file rekap arsip approved
DOC-0003147,dataset_hukum_202303_5388.jpg,24405823,2022-09-12,server-arsip-bandung,dataset|hukum|24405823|rekap dokumen draft final data
DOC-0002198,backup_teknologi_202210_6426.jpg,34812699,2023-10-29,server-arsip-surabaya,backup|teknologi|34812699|periode pending approved rekap
DUP-0000186,gambar_audit_202306_7039.xlsx,275852,2023-01-24,server-arsip-bandung,gambar|audit|275852|dokumen revisi draft final
DOC-0002621,gambar_operasional_202307_6874.json,865249,2023-10-02,ftp-pusat,gambar|operasional|865249|arsip final total revisi
DOC-0000720,invoice_pemasaran_202312_1822.png,186664,2022-10-08,ftp-pusat,invoice|pemasaran|186664|pending file draft
DOC-0004030,presentasi_keuangan_202310_1105.pdf,3206242,2023-08-20,nas-lokal-02,presentasi|keuangan|3206242|total approved pending periode
DOC-0002402,invoice_keuangan_202410_9305.json,4439060,2022-07-01,nas-lokal-01,invoice|keuangan|4439060|file final revisi data draft
DOC-0003498,kontrak_teknologi_202404_3676.pdf,55211544,2023-09-12,server-arsip-bandung,kontrak|teknologi|55211544|pending total draft dokumen rekap
DOC-0000298,backup_teknologi_202401_1898.jpg,24488470,2023-05-11,cloud-storage-gcp,backup|teknologi|24488470|rekap arsip pending revisi draft
DOC-0000536,backup_pemasaran_202411_1497.json,641827,2024-02-09,portal-upload-web,backup|pemasaran|641827|dokumen draft pending
DOC-0003492,surat_riset_202204_8752.txt,812678,2023-08-20,server-arsip-jakarta,surat|riset|812678|approved dokumen final pending
DOC-0001539,laporan_logistik_202305_4956.csv,380158,2022-10-23,server-arsip-bandung,laporan|logistik|380158|pending data arsip revisi
DOC-0001226,backup_logistik_202310_0512.docx,251233,2022-03-22,server-arsip-bandung,backup|logistik|251233|file rekap approved pending
DOC-0001411,laporan_audit_202203_8865.xml,90646,2023-05-01,server-arsip-jakarta,laporan|audit|90646|approved final data file
DOC-0000360,gambar_audit_202304_0321.txt,216088,2023-11-13,cloud-storage-gcp,gambar|audit|216088|dokumen pending file total
DUP-0000466,surat_riset_202312_2200.jpg,2810502,2024-08-11,portal-upload-web,surat|riset|2810502|rekap data draft file final
DOC-0000580,gambar_audit_202206_9294.png,99389,2022-11-11,server-arsip-jakarta,gambar|audit|99389|total approved draft arsip
DOC-0003806,backup_manajemen_202309_8964.csv,2128885,2022-05-28,cloud-storage-gcp,backup|manajemen|2128885|rekap data arsip periode
DOC-0002735,gambar_riset_202207_6531.jpg,28726143,2022-06-22,portal-upload-web,gambar|riset|28726143|pending approved final
DOC-0001586,backup_operasional_202303_1770.zip,42777,2024-01-12,server-arsip-jakarta,backup|operasional|42777|periode rekap draft revisi
DOC-0000948,gambar_sdm_202201_1564.xml,372352,2023-07-15,ftp-pusat,gambar|sdm|372352|approved pending arsip rekap periode
DOC-0003407,log_pemasaran_202305_9253.xml,385816,2023-05-19,cloud-storage-gcp,log|pemasaran|385816|arsip total periode approved
DOC-0001062,gambar_riset_202211_3817.png,252774,2022-02-04,server-arsip-surabaya,gambar|riset|252774|revisi rekap total dokumen periode
DOC-0003942,kontrak_operasional_202312_5960.docx,344059,2024-05-28,cloud-storage-gcp,kontrak|operasional|344059|approved revisi dokumen pending
DOC-0000219,memo_pemasaran_202403_0603.txt,87972,2022-06-12,server-arsip-jakarta,memo|pemasaran|87972|total periode file pending data
DOC-0002754,backup_pemasaran_202405_8329.xml,1040144,2022-11-17,cloud-storage-gcp,backup|pemasaran|1040144|revisi approved final arsip draft
DOC-0000366,backup_manajemen_202303_3442.json,44817,2022-07-11,server-arsip-jakarta,backup|manajemen|44817|data dokumen periode
DOC-0003773,log_logistik_202202_6887.csv,4555576,2024-02-08,server-arsip-surabaya,log|logistik|4555576|file periode revisi
DOC-0003981,invoice_sdm_202309_1964.pdf,167572199,2023-05-08,portal-upload-web,invoice|sdm|167572199|data pending dokumen draft total
DOC-0000870,backup_riset_202310_4724.docx,1375179,2023-11-27,cloud-storage-aws,backup|riset|1375179|rekap file total periode
DOC-0003417,gambar_audit_202301_6907.jpg,127303,2024-11-13,server-arsip-jakarta,gambar|audit|127303|dokumen periode data
DOC-0003924,laporan_keuangan_202201_2730.csv,35025667,2024-12-22,ftp-pusat,laporan|keuangan|35025667|file periode revisi pending arsip
DOC-0000160,presentasi_operasional_202210_6728.jpg,35279452,2022-07-14,server-arsip-jakarta,presentasi|operasional|35279452|periode dokumen rekap arsip pending
DOC-0001794,backup_pemasaran_202410_5095.pdf,2762505,2022-03-06,server-arsip-surabaya,backup|pemasaran|2762505|periode revisi draft
DUP-0000223,kontrak_manajemen_202307_5037.xml,67838,2023-04-02,ftp-pusat,kontrak|manajemen|67838|data rekap periode file revisi
DUP-0000267,backup_audit_202402_0952.json,41645943,2022-07-11,cloud-storage-gcp,backup|audit|41645943|rekap file arsip
DUP-0000464,log_logistik_202406_8258.docx,611746,2023-02-14,portal-upload-web,log|logistik|611746|final rekap arsip
DOC-0002072,gambar_pemasaran_202201_6928.xml,135012,2023-10-02,server-arsip-jakarta,gambar|pemasaran|135012|dokumen pending periode approved
DOC-0002372,kontrak_operasional_202408_0138.docx,4328063,2023-03-21,server-arsip-bandung,kontrak|operasional|4328063|arsip rekap file
DOC-0000739,kontrak_manajemen_202209_0088.csv,34073657,2023-04-01,portal-upload-web,kontrak|manajemen|34073657|file approved draft
DOC-0003966,dataset_sdm_202410_7519.jpg,117089,2023-11-16,cloud-storage-gcp,dataset|sdm|117089|rekap total data periode
DOC-0003672,backup_logistik_202411_2470.zip,18336608,2022-01-12,nas-lokal-01,backup|logistik|18336608|total draft pending rekap
DUP-0000393,gambar_logistik_202302_7248.xml,13680,2023-06-01,cloud-storage-gcp,gambar|logistik|13680|approved draft periode dokumen
DOC-0000968,presentasi_riset_202311_1416.csv,17363561,2024-07-22,server-arsip-surabaya,presentasi|riset|17363561|approved periode draft file
DOC-0003207,laporan_hukum_202401_3106.xml,270806,2023-07-06,portal-upload-web,laporan|hukum|270806|final total rekap
DOC-0001868,kontrak_manajemen_202302_9839.zip,19834233,2022-08-13,server-arsip-surabaya,kontrak|manajemen|19834233|draft dokumen revisi file
DOC-0004104,kontrak_logistik_202411_4190.docx,3773001,2023-10-17,server-arsip-jakarta,kontrak|logistik|3773001|draft approved periode
DOC-0003876,dataset_pemasaran_202404_0338.txt,47593594,2024-05-16,nas-lokal-02,dataset|pemasaran|47593594|revisi final dokumen total
DOC-0002378,memo_sdm_202307_2254.docx,49872691,2023-07-08,backup-eksternal,memo|sdm|49872691|dokumen final data revisi arsip
DOC-0002585,presentasi_riset_202409_0523.png,8587278,2022-09-28,server-arsip-jakarta,presentasi|riset|8587278|draft data periode rekap
DOC-0004250,dataset_pemasaran_202409_3932.jpg,96048645,2024-08-11,nas-lokal-02,dataset|pemasaran|96048645|approved total pending
DOC-0001635,kontrak_audit_202408_4333.txt,43277308,2022-08-17,nas-lokal-01,kontrak|audit|43277308|periode rekap dokumen final total
DOC-0003864,laporan_hukum_202203_0691.xlsx,4350479,2023-09-08,cloud-storage-aws,laporan|hukum|4350479|periode file rekap arsip
DOC-0004178,memo_hukum_202304_3082.txt,2201079,2022-12-21,nas-lokal-02,memo|hukum|2201079|final rekap arsip total file
DOC-0004326,dataset_audit_202211_0540.xml,236974,2024-05-13,nas-lokal-01,dataset|audit|236974|approved draft total
DOC-0004231,laporan_teknologi_202209_6399.pdf,3426895,2024-12-19,server-arsip-surabaya,laporan|teknologi|3426895|total draft dokumen pending rekap
DOC-0003198,dataset_keuangan_202308_5663.csv,20815518,2024-08-01,server-arsip-surabaya,dataset|keuangan|20815518|revisi pending total data
DOC-0000682,log_pemasaran_202407_7865.csv,1189548,2023-06-13,nas-lokal-02,log|pemasaran|1189548|rekap file data
DOC-0003649,dataset_riset_202311_8737.zip,4434497,2024-06-15,server-arsip-surabaya,dataset|riset|4434497|approved periode rekap final data
DOC-0002113,dataset_logistik_202308_2225.png,187979882,2022-04-16,server-arsip-bandung,dataset|logistik|187979882|data rekap final
DOC-0002124,backup_logistik_202410_6211.xlsx,2150057,2023-12-25,cloud-storage-gcp,backup|logistik|2150057|dokumen pending data total file
DUP-0000435,backup_teknologi_202410_9146.txt,16418945,2024-05-30,nas-lokal-01,backup|teknologi|16418945|draft dokumen rekap
DOC-0004238,backup_keuangan_202309_4896.png,125577317,2022-04-10,server-arsip-jakarta,backup|keuangan|125577317|data rekap approved periode draft
DOC-0001548,laporan_riset_202212_1492.png,38088,2022-02-02,server-arsip-surabaya,laporan|riset|38088|pending revisi approved dokumen data
DOC-0001459,log_logistik_202405_6392.xml,3151630,2024-12-13,cloud-storage-gcp,log|logistik|3151630|arsip file periode
DOC-0000998,laporan_hukum_202304_1711.zip,406852,2022-06-14,backup-eksternal,laporan|hukum|406852|approved file data draft
DOC-0001022,log_pemasaran_202209_1689.docx,3269690,2023-07-17,ftp-pusat,log|pemasaran|3269690|revisi pending final data draft
DOC-0002135,kontrak_pemasaran_202304_5246.json,3685644,2022-01-22,backup-eksternal,kontrak|pemasaran|3685644|total rekap pending periode revisi
DOC-0002730,presentasi_audit_202210_5280.json,1609583,2022-04-18,ftp-pusat,presentasi|audit|1609583|arsip approved rekap
DOC-0001292,kontrak_audit_202208_3021.txt,382634,2023-01-09,nas-lokal-02,kontrak|audit|382634|total final pending draft
DOC-0001852,surat_riset_202409_7166.zip,474113,2023-05-28,server-arsip-bandung,surat|riset|474113|data arsip periode draft
DOC-0001152,invoice_sdm_202406_1378.png,3665631,2023-03-03,server-arsip-jakarta,invoice|sdm|3665631|data arsip draft periode
DOC-0002751,memo_teknologi_202210_5826.jpg,8075180,2022-05-02,server-arsip-jakarta,memo|teknologi|8075180|arsip approved pending dokumen
DOC-0004095,log_operasional_202402_4806.xlsx,49427459,2023-05-21,nas-lokal-01,log|operasional|49427459|file data dokumen
DOC-0002913,dataset_riset_202209_5935.zip,1936715,2023-12-08,nas-lokal-01,dataset|riset|1936715|periode rekap total data dokumen
DOC-0002047,dataset_manajemen_202301_7819.xml,33848,2023-04-12,server-arsip-surabaya,dataset|manajemen|33848|file dokumen total revisi
DOC-0003429,dataset_pemasaran_202201_0776.zip,1948892,2022-09-25,server-arsip-surabaya,dataset|pemasaran|1948892|periode file revisi pending
DOC-0001669,dataset_keuangan_202211_6886.zip,2534824,2022-03-15,ftp-pusat,dataset|keuangan|2534824|arsip file data draft rekap
DOC-0002508,dataset_keuangan_202210_1693.json,47095196,2024-08-22,server-arsip-jakarta,dataset|keuangan|47095196|data final periode
DUP-0000154,dataset_audit_202405_2972.xml,6935209,2024-09-08,server-arsip-jakarta,dataset|audit|6935209|arsip revisi dokumen approved draft
DUP-0000384,invoice_riset_202210_1733.xml,112433,2024-02-12,backup-eksternal,invoice|riset|112433|data pending draft arsip approved
DOC-0003276,gambar_riset_202205_4664.xml,338762,2024-09-06,backup-eksternal,gambar|riset|338762|final pending approved revisi
DOC-0002827,gambar_manajemen_202205_5072.txt,4088355,2024-03-24,backup-eksternal,gambar|manajemen|4088355|total arsip data
DOC-0004041,surat_sdm_202304_7669.jpg,3508808,2024-08-03,nas-lokal-01,surat|sdm|3508808|file data final total
DOC-0000952,dataset_logistik_202407_7398.csv,1241815,2022-02-22,nas-lokal-02,dataset|logistik|1241815|arsip revisi data draft dokumen
DOC-0000577,surat_operasional_202205_8229.csv,469910,2024-11-28,backup-eksternal,surat|operasional|469910|dokumen file draft rekap final
DOC-0002768,dataset_audit_202408_3236.docx,286583,2022-05-10,cloud-storage-gcp,dataset|audit|286583|file data revisi
DOC-0002063,gambar_riset_202306_9421.docx,3558436,2024-09-08,backup-eksternal,gambar|riset|3558436|dokumen approved total
DOC-0003264,backup_pemasaran_202407_1667.csv,257786563,2024-09-24,backup-eksternal,backup|pemasaran|257786563|data revisi rekap pending dokumen
DOC-0000387,dataset_sdm_202307_2440.png,284867533,2022-06-11,nas-lokal-01,dataset|sdm|284867533|total arsip revisi periode pending
DOC-0002151,invoice_keuangan_202209_9111.json,1413288,2024-05-11,backup-eksternal,invoice|keuangan|1413288|pending final data file approved
DOC-0002596,laporan_pemasaran_202407_5424.xml,344347,2024-01-29,backup-eksternal,laporan|pemasaran|344347|pending dokumen rekap revisi
DOC-0002000,surat_audit_202404_6150.txt,141187,2024-01-11,nas-lokal-02,surat|audit|141187|rekap pending total file
DOC-0004057,gambar_keuangan_202306_9718.jpg,1101290,2024-02-13,nas-lokal-02,gambar|keuangan|1101290|file final data
DOC-0002229,invoice_manajemen_202210_0191.zip,300497,2022-01-12,nas-lokal-01,invoice|manajemen|300497|pending revisi draft periode
DOC-0003881,surat_riset_202205_9935.docx,4613608,2022-04-02,server-arsip-bandung,surat|riset|4613608|rekap draft final revisi
DOC-0004168,backup_manajemen_202312_1660.jpg,25026075,2023-12-14,server-arsip-bandung,backup|manajemen|25026075|dokumen approved arsip revisi periode
DOC-0003685,laporan_logistik_202302_3808.xlsx,24127581,2023-03-20,nas-lokal-01,laporan|logistik|24127581|pending revisi data file
DOC-0001122,memo_pemasaran_202206_6900.jpg,38790800,2023-04-26,portal-upload-web,memo|pemasaran|38790800|arsip total periode pending final
DOC-0001398,log_manajemen_202209_4231.jpg,351815,2023-04-26,portal-upload-web,log|manajemen|351815|approved revisi rekap dokumen
DOC-0001156,memo_pemasaran_202211_6775.png,4090389,2022-10-06,nas-lokal-02,memo|pemasaran|4090389|approved pending arsip
DOC-0003628,kontrak_operasional_202210_3428.zip,3319320,2022-03-26,cloud-storage-aws,kontrak|operasional|3319320|approved total dokumen revisi periode
DOC-0002106,log_logistik_202406_8258.docx,611746,2023-02-14,portal-upload-web,log|logistik|611746|final rekap arsip
DOC-0001463,laporan_riset_202308_1311.png,2399992,2022-01-15,nas-lokal-02,laporan|riset|2399992|data arsip revisi
DUP-0000359,dataset_sdm_202305_6753.png,351960,2022-04-15,cloud-storage-aws,dataset|sdm|351960|draft arsip periode
DOC-0002223,laporan_operasional_202301_0224.json,4634223,2024-10-20,backup-eksternal,laporan|operasional|4634223|dokumen file rekap
DOC-0001814,surat_audit_202203_7805.png,20283059,2023-01-30,cloud-storage-gcp,surat|audit|20283059|file final arsip
DOC-0003887,gambar_keuangan_202201_8213.csv,1253238,2022-03-24,server-arsip-jakarta,gambar|keuangan|1253238|periode data approved final total
DOC-0000865,presentasi_riset_202206_9326.xlsx,4025296,2022-01-05,nas-lokal-02,presentasi|riset|4025296|rekap file revisi
DOC-0001016,kontrak_sdm_202411_8487.pdf,8289030,2023-08-22,ftp-pusat,kontrak|sdm|8289030|periode approved final arsip
DOC-0003302,dataset_riset_202203_4891.png,363252,2022-11-19,nas-lokal-02,dataset|riset|363252|draft dokumen approved revisi
DOC-0002589,dataset_manajemen_202211_6428.csv,282763895,2024-04-30,nas-lokal-02,dataset|manajemen|282763895|pending total rekap file
DOC-0002614,memo_operasional_202303_1546.docx,4390341,2024-10-02,cloud-storage-gcp,memo|operasional|4390341|rekap dokumen approved
DOC-0001470,kontrak_operasional_202408_7172.jpg,3454882,2022-03-01,server-arsip-jakarta,kontrak|operasional|3454882|approved periode revisi final draft
DOC-0001874,gambar_pemasaran_202208_2715.csv,3966072,2023-09-25,backup-eksternal,gambar|pemasaran|3966072|rekap revisi final dokumen approved
DOC-0001967,dataset_operasional_202204_9572.csv,3196348,2022-01-13,server-arsip-jakarta,dataset|operasional|3196348|total draft periode final
DOC-0002861,kontrak_logistik_202303_8172.jpg,3249185,2024-05-03,server-arsip-surabaya,kontrak|logistik|3249185|revisi file approved arsip data
DOC-0002330,log_logistik_202305_1735.docx,38019341,2024-11-27,server-arsip-surabaya,log|logistik|38019341|pending total data final
DOC-0004027,dataset_keuangan_202212_8772.json,38595710,2023-10-30,nas-lokal-02,dataset|keuangan|38595710|rekap periode arsip total pending
DOC-0003897,backup_riset_202205_7305.json,4662567,2023-04-19,cloud-storage-gcp,backup|riset|4662567|final approved revisi file
DOC-0003978,memo_pemasaran_202209_9960.json,1267700,2024-02-03,server-arsip-bandung,memo|pemasaran|1267700|total data pending
DOC-0000230,presentasi_teknologi_202412_4231.png,78093,2022-12-13,cloud-storage-gcp,presentasi|teknologi|78093|final approved periode data revisi
DOC-0001098,kontrak_sdm_202409_2770.pdf,290712,2024-01-11,cloud-storage-aws,kontrak|sdm|290712|rekap arsip revisi
DOC-0002317,kontrak_riset_202308_4213.xml,4748205,2024-10-16,ftp-pusat,kontrak|riset|4748205|dokumen total rekap final
DOC-0000491,backup_pemasaran_202212_1544.zip,4446381,2024-02-21,ftp-pusat,backup|pemasaran|4446381|rekap file draft revisi pending
DOC-0002235,invoice_operasional_202205_8205.xlsx,1473159,2023-10-01,nas-lokal-01,invoice|operasional|1473159|approved pending revisi total
DOC-0000586,log_audit_202210_1798.xml,14422,2024-12-23,nas-lokal-01,log|audit|14422|arsip file rekap approved
DOC-0000766,backup_pemasaran_202305_0645.xml,44997,2022-02-08,cloud-storage-aws,backup|pemasaran|44997|total rekap file revisi arsip
DOC-0002248,surat_pemasaran_202408_0565.zip,4124039,2022-07-12,nas-lokal-02,surat|pemasaran|4124039|draft periode file revisi total
DOC-0000145,memo_audit_202411_0498.txt,343819,2024-09-02,server-arsip-surabaya,memo|audit|343819|total file revisi
DOC-0000357,surat_audit_202403_0480.txt,401863096,2023-10-30,server-arsip-surabaya,surat|audit|401863096|periode dokumen data
DOC-0001966,log_manajemen_202406_1353.docx,3017891,2024-02-26,nas-lokal-01,log|manajemen|3017891|dokumen total file final draft
DOC-0002611,surat_riset_202410_0284.csv,75905,2024-06-08,server-arsip-surabaya,surat|riset|75905|file arsip total draft approved
DOC-0000268,laporan_teknologi_202408_6466.jpg,110754937,2022-10-04,server-arsip-jakarta,laporan|teknologi|110754937|periode arsip revisi file dokumen
DOC-0002149,gambar_operasional_202301_7453.xml,198710,2022-11-06,ftp-pusat,gambar|operasional|198710|total rekap file
DOC-0003063,backup_riset_202306_8358.xlsx,76634,2024-09-29,backup-eksternal,backup|riset|76634|rekap draft file revisi
DOC-0004312,presentasi_riset_202211_2151.xml,153427,2023-04-12,cloud-storage-gcp,presentasi|riset|153427|periode approved final
DOC-0000964,presentasi_operasional_202206_3569.pdf,134501,2023-11-10,server-arsip-jakarta,presentasi|operasional|134501|dokumen data approved periode
DOC-0003626,gambar_keuangan_202302_4374.pdf,2638879,2024-02-08,portal-upload-web,gambar|keuangan|2638879|final arsip revisi data draft
DOC-0002761,backup_audit_202207_4889.json,3261825,2022-12-14,server-arsip-surabaya,backup|audit|3261825|rekap dokumen final pending file
DOC-0002096,dataset_riset_202212_0233.docx,2594964,2024-12-03,server-arsip-jakarta,dataset|riset|2594964|arsip file dokumen rekap
DUP-0000126,memo_teknologi_202306_8291.csv,30870289,2022-11-15,portal-upload-web,memo|teknologi|30870289|final approved revisi pending
DOC-0001541,backup_teknologi_202409_3497.csv,1613894,2022-03-19,cloud-storage-aws,backup|teknologi|1613894|pending dokumen data file revisi
DOC-0001413,presentasi_logistik_202410_5106.pdf,4587673,2023-03-20,cloud-storage-aws,presentasi|logistik|4587673|periode pending approved revisi rekap
DUP-0000469,invoice_riset_202410_8109.txt,178961,2023-06-25,ftp-pusat,invoice|riset|178961|approved arsip rekap draft
DOC-0002604,kontrak_hukum_202407_8463.docx,66108,2022-08-05,server-arsip-jakarta,kontrak|hukum|66108|arsip total pending approved file
DOC-0003835,backup_keuangan_202306_1901.png,152035,2024-02-11,cloud-storage-gcp,backup|keuangan|152035|periode revisi rekap approved arsip
DOC-0000738,laporan_operasional_202308_3008.zip,106862,2023-06-04,cloud-storage-gcp,laporan|operasional|106862|dokumen revisi total pending
DOC-0000886,kontrak_keuangan_202410_2293.txt,239931096,2023-11-12,ftp-pusat,kontrak|keuangan|239931096|dokumen rekap pending revisi
DOC-0004261,memo_manajemen_202311_4929.jpg,4239200,2022-06-03,nas-lokal-01,memo|manajemen|4239200|pending data periode total
DOC-0004025,laporan_operasional_202304_1503.csv,101829529,2024-05-19,nas-lokal-02,laporan|operasional|101829529|total pending rekap dokumen
DOC-0004244,memo_audit_202301_3576.docx,30389833,2024-08-27,server-arsip-bandung,memo|audit|30389833|file rekap data pending
DOC-0001979,laporan_operasional_202203_5695.txt,468780,2022-06-10,nas-lokal-02,laporan|operasional|468780|periode revisi rekap total
DOC-0000148,memo_keuangan_202212_7340.csv,150969215,2022-01-04,server-arsip-jakarta,memo|keuangan|150969215|approved arsip pending revisi rekap
DOC-0001108,memo_hukum_202211_4886.docx,32923727,2022-12-23,server-arsip-bandung,memo|hukum|32923727|periode final arsip revisi
DOC-0002875,invoice_keuangan_202302_3565.csv,395900,2023-10-13,nas-lokal-02,invoice|keuangan|395900|revisi data final file total
DUP-0000388,invoice_keuangan_202210_8053.txt,2251849,2022-01-15,nas-lokal-01,invoice|keuangan|2251849|total dokumen draft arsip periode
DOC-0004127,kontrak_operasional_202303_2354.xlsx,4115819,2024-10-19,server-arsip-bandung,kontrak|operasional|4115819|data periode total pending revisi
DOC-0001910,kontrak_keuangan_202202_3167.json,403953,2023-06-08,server-arsip-jakarta,kontrak|keuangan|403953|revisi approved arsip rekap
DOC-0002275,invoice_logistik_202405_2081.xlsx,35116169,2023-09-04,nas-lokal-02,invoice|logistik|35116169|final pending revisi periode draft
DOC-0002253,log_manajemen_202412_0884.pdf,4968955,2024-03-17,ftp-pusat,log|manajemen|4968955|total file periode
DOC-0001080,invoice_audit_202311_3604.csv,197422,2024-07-18,server-arsip-jakarta,invoice|audit|197422|periode pending file arsip
DOC-0002594,dataset_keuangan_202308_8657.xml,2487240,2024-12-24,portal-upload-web,dataset|keuangan|2487240|total final file
DOC-0002503,invoice_manajemen_202305_5023.png,195595,2023-12-15,cloud-storage-gcp,invoice|manajemen|195595|approved dokumen total
DOC-0003108,surat_manajemen_202207_8576.jpg,411331,2023-10-24,server-arsip-jakarta,surat|manajemen|411331|pending periode arsip
DOC-0000195,surat_keuangan_202401_8207.json,23276257,2024-10-30,server-arsip-jakarta,surat|keuangan|23276257|periode file rekap pending
DOC-0001808,log_hukum_202203_2151.docx,238020259,2024-12-25,portal-upload-web,log|hukum|238020259|rekap pending final
DOC-0001220,dataset_operasional_202412_7993.docx,151748,2023-09-25,server-arsip-bandung,dataset|operasional|151748|arsip draft data pending
DOC-0001752,log_sdm_202404_2727.jpg,3698801,2024-07-29,ftp-pusat,log|sdm|3698801|approved arsip rekap pending dokumen
DOC-0004426,log_operasional_202210_0533.csv,17942192,2022-06-30,server-arsip-bandung,log|operasional|17942192|rekap dokumen approved periode
DOC-0000879,memo_pemasaran_202305_4261.docx,477546,2022-05-21,ftp-pusat,memo|pemasaran|477546|dokumen pending final rekap periode
DOC-0001515,invoice_keuangan_202309_1695.pdf,16689,2022-09-14,portal-upload-web,invoice|keuangan|16689|data file draft pending
DUP-0000180,dataset_keuangan_202404_9543.txt,2090517,2024-03-22,ftp-pusat,dataset|keuangan|2090517|arsip file final periode
DOC-0002342,presentasi_manajemen_202408_6408.zip,24231719,2024-12-28,ftp-pusat,presentasi|manajemen|24231719|total periode data
DOC-0002953,invoice_sdm_202407_7090.csv,450280,2023-08-06,nas-lokal-01,invoice|sdm|450280|revisi approved periode dokumen total
DOC-0000033,dataset_keuangan_202409_2782.jpg,323790,2022-11-20,server-arsip-bandung,dataset|keuangan|323790|draft revisi total
DOC-0003111,memo_teknologi_202207_4812.csv,222654090,2024-03-13,server-arsip-bandung,memo|teknologi|222654090|rekap pending data dokumen arsip
DOC-0001358,dataset_hukum_202304_9206.xml,316928,2023-06-13,cloud-storage-gcp,dataset|hukum|316928|dokumen data arsip total periode
DOC-0002966,log_pemasaran_202411_1530.jpg,4827628,2024-12-16,server-arsip-bandung,log|pemasaran|4827628|dokumen file final
DOC-0003910,backup_hukum_202306_7104.xml,9519153,2024-08-24,server-arsip-jakarta,backup|hukum|9519153|dokumen arsip approved file pending
DOC-0001343,surat_logistik_202201_4603.pdf,161320,2024-06-21,cloud-storage-gcp,surat|logistik|161320|approved pending dokumen final file
DOC-0001566,presentasi_hukum_202410_3648.zip,436235,2024-04-23,ftp-pusat,presentasi|hukum|436235|total arsip approved pending
DOC-0002841,backup_logistik_202407_0450.png,2000159,2023-11-22,ftp-pusat,backup|logistik|2000159|draft revisi total final
DOC-0000103,laporan_sdm_202201_9604.xml,4500360,2024-01-13,backup-eksternal,laporan|sdm|4500360|dokumen periode pending rekap file
DOC-0001118,backup_operasional_202409_1164.zip,4593671,2022-07-01,portal-upload-web,backup|operasional|4593671|arsip dokumen data
DUP-0000490,memo_audit_202404_0120.png,170520,2024-07-03,nas-lokal-02,memo|audit|170520|pending revisi periode
DOC-0002053,gambar_manajemen_202302_7937.txt,1101652,2023-05-30,server-arsip-jakarta,gambar|manajemen|1101652|revisi final draft
DOC-0003608,log_teknologi_202210_3542.csv,271850964,2023-03-29,cloud-storage-gcp,log|teknologi|271850964|dokumen draft approved data total
DUP-0000301,gambar_audit_202406_5528.pdf,47339832,2023-03-08,server-arsip-jakarta,gambar|audit|47339832|total pending revisi
DOC-0000568,gambar_hukum_202208_2672.zip,6099614,2022-12-01,server-arsip-surabaya,gambar|hukum|6099614|rekap draft file pending
DOC-0003397,backup_sdm_202302_7797.xml,314432,2023-02-25,cloud-storage-aws,backup|sdm|314432|data approved file final
DOC-0004036,dataset_hukum_202207_1501.zip,276006,2024-12-19,portal-upload-web,dataset|hukum|276006|file periode dokumen
DOC-0001927,log_operasional_202304_8285.xlsx,25149762,2022-08-13,nas-lokal-01,log|operasional|25149762|periode dokumen total
DOC-0002288,backup_audit_202305_6157.xml,1860309,2022-07-24,nas-lokal-02,backup|audit|1860309|final file data approved arsip
DOC-0002789,memo_riset_202401_1222.txt,6681662,2024-05-11,ftp-pusat,memo|riset|6681662|total file draft
DOC-0002231,kontrak_riset_202207_6787.xml,1320530,2023-10-31,nas-lokal-02,kontrak|riset|1320530|periode final dokumen
DOC-0001959,memo_pemasaran_202309_1816.zip,18960478,2023-11-09,cloud-storage-gcp,memo|pemasaran|18960478|draft total data
DOC-0000776,presentasi_operasional_202303_6849.jpg,128171,2022-03-26,cloud-storage-gcp,presentasi|operasional|128171|pending periode revisi arsip approved
DOC-0001085,kontrak_teknologi_202409_0631.csv,40635865,2023-09-24,ftp-pusat,kontrak|teknologi|40635865|total data final periode
DOC-0002627,gambar_operasional_202209_0033.csv,2617351,2023-01-29,server-arsip-jakarta,gambar|operasional|2617351|dokumen periode data rekap approved
DOC-0002476,laporan_manajemen_202212_5749.jpg,395782,2023-04-14,cloud-storage-aws,laporan|manajemen|395782|draft rekap total
DOC-0002196,invoice_pemasaran_202311_8196.xlsx,2881769,2022-10-21,portal-upload-web,invoice|pemasaran|2881769|file dokumen final draft
DOC-0003859,memo_audit_202408_5028.xml,39565,2022-01-03,portal-upload-web,memo|audit|39565|data periode approved
DUP-0000214,laporan_teknologi_202209_7004.pdf,216135,2022-04-21,server-arsip-surabaya,laporan|teknologi|216135|data arsip pending total
DOC-0000690,invoice_sdm_202311_6514.json,19384,2022-08-23,server-arsip-jakarta,invoice|sdm|19384|pending dokumen periode
DOC-0004468,kontrak_operasional_202202_8110.jpg,333487,2024-11-18,nas-lokal-01,kontrak|operasional|333487|pending arsip file revisi final
DOC-0001213,backup_manajemen_202308_6139.docx,1042526,2024-01-29,server-arsip-bandung,backup|manajemen|1042526|dokumen data final
DOC-0004474,laporan_audit_202409_1066.zip,163290,2024-09-01,nas-lokal-01,laporan|audit|163290|periode draft revisi total
DOC-0001865,dataset_hukum_202404_9456.json,21580127,2022-09-19,portal-upload-web,dataset|hukum|21580127|periode pending rekap file
DOC-0000464,kontrak_manajemen_202306_2155.jpg,2289614,2023-06-11,cloud-storage-gcp,kontrak|manajemen|2289614|total approved file arsip
DOC-0000893,kontrak_teknologi_202410_0442.png,337508,2022-11-07,server-arsip-surabaya,kontrak|teknologi|337508|pending data dokumen
DOC-0004115,surat_riset_202402_0220.jpg,38973296,2023-11-20,portal-upload-web,surat|riset|38973296|draft total periode
DOC-0001892,dataset_manajemen_202402_2216.txt,230635,2023-02-21,backup-eksternal,dataset|manajemen|230635|dokumen revisi file arsip
DOC-0003212,backup_hukum_202408_5812.jpg,171583,2024-05-15,server-arsip-bandung,backup|hukum|171583|file rekap revisi arsip
DOC-0000376,invoice_sdm_202207_2018.pdf,262629,2024-01-12,portal-upload-web,invoice|sdm|262629|pending revisi arsip
DUP-0000122,log_operasional_202212_8959.png,488646371,2023-07-06,nas-lokal-01,log|operasional|488646371|total approved revisi rekap periode
DOC-0000669,memo_sdm_202407_0253.xlsx,58676,2022-10-23,nas-lokal-01,memo|sdm|58676|revisi dokumen final
DOC-0000885,gambar_teknologi_202310_8987.zip,19876,2022-04-03,server-arsip-surabaya,gambar|teknologi|19876|approved rekap periode final arsip
DUP-0000408,invoice_sdm_202406_6137.csv,16804933,2023-07-04,cloud-storage-gcp,invoice|sdm|16804933|arsip approved pending
DOC-0000044,memo_logistik_202306_2231.jpg,305843593,2023-09-07,server-arsip-jakarta,memo|logistik|305843593|final arsip file
DOC-0000622,kontrak_pemasaran_202207_1895.xlsx,3122513,2024-10-25,nas-lokal-01,kontrak|pemasaran|3122513|draft dokumen total pending
DOC-0002080,memo_teknologi_202312_6672.jpg,1344664,2024-08-03,nas-lokal-02,memo|teknologi|1344664|periode pending rekap
DOC-0001702,presentasi_teknologi_202201_5173.txt,159029204,2024-09-14,nas-lokal-01,presentasi|teknologi|159029204|final revisi pending rekap arsip
DOC-0000301,memo_manajemen_202305_9551.xlsx,433676283,2022-12-06,nas-lokal-02,memo|manajemen|433676283|file dokumen data approved arsip
DOC-0003091,dataset_riset_202312_4453.csv,4788279,2023-02-01,server-arsip-surabaya,dataset|riset|4788279|revisi dokumen periode
DOC-0004399,surat_sdm_202207_6802.xml,25610463,2024-07-10,backup-eksternal,surat|sdm|25610463|rekap total final
DOC-0004053,log_operasional_202408_0480.pdf,2058299,2022-10-25,portal-upload-web,log|operasional|2058299|pending draft final
DOC-0002208,surat_hukum_202304_4955.png,624268,2022-03-26,cloud-storage-aws,surat|hukum|624268|data arsip revisi dokumen file
DOC-0001034,dataset_teknologi_202208_1359.pdf,9125754,2022-10-27,server-arsip-bandung,dataset|teknologi|9125754|periode final file
DOC-0003009,surat_teknologi_202408_5249.json,70486,2023-08-12,ftp-pusat,surat|teknologi|70486|pending total revisi periode
DOC-0002019,memo_pemasaran_202308_4923.txt,1990640,2023-09-01,ftp-pusat,memo|pemasaran|1990640|periode draft file approved rekap
DOC-0001803,backup_riset_202208_9123.jpg,150214,2024-01-03,server-arsip-surabaya,backup|riset|150214|revisi approved total pending final
DOC-0003906,dataset_keuangan_202308_2624.docx,1280519,2022-12-22,server-arsip-surabaya,dataset|keuangan|1280519|file final draft revisi total
DOC-0003922,surat_keuangan_202405_8460.xml,1663896,2022-09-09,backup-eksternal,surat|keuangan|1663896|final dokumen approved
DOC-0001532,presentasi_hukum_202403_4453.xml,1730088,2024-08-10,nas-lokal-02,presentasi|hukum|1730088|pending draft total periode data
DOC-0004340,backup_hukum_202301_8892.png,744838,2022-07-23,server-arsip-surabaya,backup|hukum|744838|pending rekap approved data
DOC-0003724,log_pemasaran_202402_2331.jpg,151674403,2024-08-01,backup-eksternal,log|pemasaran|151674403|rekap draft revisi arsip pending
DOC-0002237,laporan_riset_202205_0122.json,541226,2022-09-08,server-arsip-bandung,laporan|riset|541226|approved total pending rekap
DOC-0003088,surat_manajemen_202211_8020.docx,4512066,2022-01-24,server-arsip-jakarta,surat|manajemen|4512066|periode data pending
DOC-0001663,kontrak_audit_202305_2031.xml,674665,2022-11-14,server-arsip-surabaya,kontrak|audit|674665|periode data pending approved
DOC-0002328,gambar_logistik_202308_9945.zip,23389850,2024-06-14,nas-lokal-02,gambar|logistik|23389850|draft final arsip
DOC-0002999,log_audit_202304_1730.png,20712069,2024-05-02,portal-upload-web,log|audit|20712069|pending draft dokumen
DOC-0000081,surat_audit_202207_3376.txt,630802,2022-08-27,cloud-storage-gcp,surat|audit|630802|revisi data draft
DOC-0000503,dataset_logistik_202404_9299.txt,2081794,2024-05-03,nas-lokal-01,dataset|logistik|2081794|final data dokumen
DOC-0003716,laporan_teknologi_202209_2733.xml,78545,2022-10-07,cloud-storage-aws,laporan|teknologi|78545|draft periode data rekap
DOC-0001681,dataset_hukum_202312_8534.txt,4626691,2023-11-01,backup-eksternal,dataset|hukum|4626691|revisi rekap final draft arsip
DOC-0003100,log_hukum_202204_5450.xml,399429,2022-03-18,backup-eksternal,log|hukum|399429|dokumen data file revisi pending
DOC-0000722,backup_audit_202203_4844.xlsx,210987,2023-08-23,nas-lokal-02,backup|audit|210987|draft final approved pending arsip
DOC-0002252,kontrak_operasional_202210_5675.docx,1295654,2023-07-06,server-arsip-jakarta,kontrak|operasional|1295654|file data approved periode pending
DOC-0003737,dataset_keuangan_202212_4849.xlsx,4066362,2024-12-31,backup-eksternal,dataset|keuangan|4066362|draft approved total periode
DOC-0003058,backup_audit_202206_2255.csv,1470738,2024-09-28,nas-lokal-02,backup|audit|1470738|draft file dokumen
DOC-0000653,memo_manajemen_202306_1834.jpg,2761757,2023-05-01,nas-lokal-01,memo|manajemen|2761757|file pending periode data total
DOC-0002705,memo_operasional_202412_1012.zip,38649,2024-06-18,server-arsip-surabaya,memo|operasional|38649|revisi total final periode rekap
DOC-0000349,presentasi_hukum_202301_8549.txt,188221,2023-02-22,nas-lokal-02,presentasi|hukum|188221|file periode total final arsip
DUP-0000052,surat_sdm_202412_1097.txt,4555248,2023-04-10,backup-eksternal,surat|sdm|4555248|pending approved draft dokumen revisi
DOC-0004160,memo_riset_202404_3543.zip,25119937,2024-11-18,server-arsip-jakarta,memo|riset|25119937|draft revisi approved data final
DOC-0002227,kontrak_logistik_202202_6212.xml,20214625,2022-07-13,cloud-storage-gcp,kontrak|logistik|20214625|arsip periode revisi
DOC-0003265,backup_manajemen_202307_7306.docx,4702353,2024-05-08,server-arsip-bandung,backup|manajemen|4702353|rekap dokumen data draft
DOC-0000601,surat_riset_202212_0273.csv,270822,2022-11-05,nas-lokal-02,surat|riset|270822|draft approved arsip data
DOC-0004349,invoice_teknologi_202208_8391.csv,4056870,2022-05-22,ftp-pusat,invoice|teknologi|4056870|dokumen draft periode
DOC-0001854,backup_teknologi_202303_7072.xml,41016002,2024-12-11,nas-lokal-01,backup|teknologi|41016002|pending dokumen file
DOC-0002371,memo_sdm_202307_5285.json,362313,2024-10-28,server-arsip-jakarta,memo|sdm|362313|arsip total pending periode
DOC-0000197,kontrak_manajemen_202201_4706.pdf,207879,2024-08-01,ftp-pusat,kontrak|manajemen|207879|data approved arsip dokumen
DOC-0001061,log_logistik_202301_0072.pdf,351567,2023-01-12,cloud-storage-gcp,log|logistik|351567|dokumen data periode arsip
DOC-0001602,presentasi_riset_202402_8695.json,32739834,2024-12-08,ftp-pusat,presentasi|riset|32739834|pending arsip approved
DOC-0004196,kontrak_teknologi_202404_3000.xlsx,1823316,2024-07-25,nas-lokal-01,kontrak|teknologi|1823316|total revisi arsip pending
DOC-0001009,presentasi_hukum_202206_0096.pdf,337928,2024-04-26,portal-upload-web,presentasi|hukum|337928|dokumen approved draft
DOC-0002653,memo_operasional_202212_5102.png,439003,2024-02-01,server-arsip-jakarta,memo|operasional|439003|data approved revisi dokumen
DOC-0001674,surat_operasional_202303_6632.jpg,2056877,2024-06-09,cloud-storage-gcp,surat|operasional|2056877|final periode approved file
DOC-0003017,presentasi_operasional_202212_0458.pdf,392488,2022-11-15,server-arsip-bandung,presentasi|operasional|392488|revisi approved data draft
DOC-0001415,backup_keuangan_202201_9245.xlsx,148656244,2024-06-28,nas-lokal-01,backup|keuangan|148656244|data rekap approved total
DOC-0000102,kontrak_logistik_202209_9050.docx,3936645,2024-08-19,cloud-storage-gcp,kontrak|logistik|3936645|revisi total periode pending data
DOC-0000530,kontrak_riset_202303_5671.pdf,2949784,2022-11-12,server-arsip-surabaya,kontrak|riset|2949784|file draft approved
DOC-0002675,laporan_operasional_202202_7455.csv,3606056,2023-10-07,server-arsip-jakarta,laporan|operasional|3606056|approved data file draft
DOC-0001710,dataset_hukum_202212_1926.docx,4799437,2022-02-24,portal-upload-web,dataset|hukum|4799437|approved rekap dokumen
DOC-0002305,log_operasional_202305_9245.xlsx,65664,2022-05-13,portal-upload-web,log|operasional|65664|approved revisi file
DOC-0000576,memo_sdm_202311_5252.xlsx,102352,2023-06-18,portal-upload-web,memo|sdm|102352|approved revisi data rekap dokumen
DOC-0002561,invoice_logistik_202304_8752.txt,42695640,2022-09-02,cloud-storage-aws,invoice|logistik|42695640|revisi periode approved
DOC-0000019,invoice_logistik_202209_0988.xml,264991,2024-11-15,nas-lokal-01,invoice|logistik|264991|dokumen approved rekap
DUP-0000405,laporan_audit_202409_4875.png,389172,2023-08-02,portal-upload-web,laporan|audit|389172|dokumen approved revisi draft pending
DOC-0000970,log_logistik_202409_7293.xlsx,422852,2022-07-30,server-arsip-jakarta,log|logistik|422852|data approved file
DOC-0001986,surat_hukum_202209_1288.docx,497649,2024-08-13,backup-eksternal,surat|hukum|497649|rekap revisi approved dokumen arsip
DOC-0002168,backup_audit_202201_4790.jpg,27479905,2023-07-23,nas-lokal-01,backup|audit|27479905|rekap pending periode approved dokumen
DOC-0002289,memo_pemasaran_202311_5052.jpg,2010062,2022-06-22,ftp-pusat,memo|pemasaran|2010062|periode arsip total
DOC-0003096,kontrak_sdm_202204_9101.csv,4094272,2022-11-08,ftp-pusat,kontrak|sdm|4094272|pending total rekap
DOC-0001704,memo_audit_202312_2780.pdf,106435,2023-04-04,cloud-storage-aws,memo|audit|106435|dokumen pending total data draft
DOC-0004299,backup_sdm_202408_9199.txt,3644574,2022-11-06,nas-lokal-02,backup|sdm|3644574|rekap file arsip data dokumen
DOC-0000228,surat_audit_202202_4484.txt,235449,2024-05-03,server-arsip-jakarta,surat|audit|235449|file data final rekap pending
DUP-0000483,laporan_riset_202308_2233.zip,3168705,2022-09-05,nas-lokal-01,laporan|riset|3168705|pending rekap approved dokumen periode
DOC-0002013,surat_sdm_202401_2956.zip,4255714,2024-02-28,nas-lokal-02,surat|sdm|4255714|arsip periode rekap
DOC-0001082,dataset_operasional_202209_4220.docx,232463,2024-12-12,server-arsip-bandung,dataset|operasional|232463|data pending approved periode rekap
DOC-0001287,gambar_audit_202304_5009.xlsx,22306234,2023-02-09,nas-lokal-01,gambar|audit|22306234|dokumen pending arsip data
DOC-0001452,invoice_sdm_202305_7841.csv,40432531,2023-05-12,nas-lokal-02,invoice|sdm|40432531|data draft approved total arsip
DOC-0000045,surat_manajemen_202303_2356.zip,81794692,2024-09-11,server-arsip-surabaya,surat|manajemen|81794692|approved periode file
DOC-0002119,laporan_operasional_202412_9632.png,370742,2023-05-21,nas-lokal-01,laporan|operasional|370742|arsip dokumen final pending file
DOC-0000410,kontrak_pemasaran_202205_2041.csv,38258614,2022-07-19,nas-lokal-02,kontrak|pemasaran|38258614|data rekap revisi final
DUP-0000343,memo_pemasaran_202308_2047.csv,1590163,2023-12-13,portal-upload-web,memo|pemasaran|1590163|data total dokumen
DOC-0002906,log_sdm_202207_3086.docx,49999067,2022-12-04,cloud-storage-aws,log|sdm|49999067|arsip approved pending
DUP-0000199,laporan_operasional_202401_7188.xml,23966,2022-11-25,cloud-storage-gcp,laporan|operasional|23966|approved file rekap draft
DOC-0000681,backup_sdm_202208_9536.txt,269245,2024-12-25,portal-upload-web,backup|sdm|269245|pending dokumen rekap approved data
DOC-0000668,kontrak_riset_202305_5020.docx,552754,2023-05-17,nas-lokal-02,kontrak|riset|552754|periode revisi final
DOC-0002633,invoice_pemasaran_202402_9478.csv,456284,2022-05-02,backup-eksternal,invoice|pemasaran|456284|data periode pending
DOC-0001414,memo_logistik_202412_4001.pdf,103293,2024-03-30,portal-upload-web,memo|logistik|103293|file data periode approved
DUP-0000235,invoice_operasional_202408_9021.xml,1404200,2024-09-07,nas-lokal-02,invoice|operasional|1404200|revisi data rekap
DUP-0000494,laporan_manajemen_202307_1887.pdf,3464005,2024-10-29,cloud-storage-gcp,laporan|manajemen|3464005|final periode total arsip
DOC-0002903,invoice_manajemen_202404_0870.pdf,162544,2022-10-10,cloud-storage-gcp,invoice|manajemen|162544|revisi rekap total
DOC-0002619,memo_logistik_202207_9712.zip,3277238,2022-12-31,server-arsip-bandung,memo|logistik|3277238|draft total pending data
DOC-0003925,laporan_riset_202311_2756.png,1079586,2023-09-07,server-arsip-surabaya,laporan|riset|1079586|final revisi total rekap
DOC-0002314,surat_operasional_202212_3992.jpg,3222134,2022-01-20,server-arsip-surabaya,surat|operasional|3222134|pending periode total file
DOC-0002346,dataset_keuangan_202309_7999.xlsx,21338949,2023-01-21,server-arsip-surabaya,dataset|keuangan|21338949|dokumen periode data
DOC-0003487,dataset_teknologi_202211_3716.xlsx,109553359,2024-07-02,nas-lokal-01,dataset|teknologi|109553359|data periode total final draft
DOC-0001920,backup_teknologi_202212_9936.zip,4054153,2024-12-18,cloud-storage-gcp,backup|teknologi|4054153|final arsip file dokumen
DOC-0000314,kontrak_logistik_202301_9101.xml,1650860,2022-07-08,backup-eksternal,kontrak|logistik|1650860|data pending approved rekap periode
DOC-0002532,gambar_audit_202403_9985.png,29306267,2023-07-21,nas-lokal-01,gambar|audit|29306267|revisi approved total arsip file
DOC-0001647,surat_sdm_202301_5608.pdf,3618403,2022-11-13,nas-lokal-02,surat|sdm|3618403|dokumen rekap total draft periode
DOC-0004496,invoice_manajemen_202208_0041.csv,27321835,2022-11-08,cloud-storage-aws,invoice|manajemen|27321835|arsip data pending file revisi
DOC-0003565,memo_audit_202404_0120.png,170520,2024-07-03,nas-lokal-02,memo|audit|170520|pending revisi periode
DOC-0003204,memo_riset_202410_3469.json,4248485,2023-06-08,portal-upload-web,memo|riset|4248485|draft pending data file
DOC-0000531,laporan_logistik_202304_6089.xlsx,46468744,2022-04-11,nas-lokal-02,laporan|logistik|46468744|data pending revisi
DOC-0000907,memo_operasional_202307_7751.json,2948824,2023-08-24,server-arsip-jakarta,memo|operasional|2948824|approved file final
DOC-0002781,dataset_audit_202312_0378.txt,727505,2023-07-17,server-arsip-surabaya,dataset|audit|727505|final periode dokumen data total
DOC-0001382,dataset_teknologi_202407_9145.docx,4075833,2024-08-23,cloud-storage-gcp,dataset|teknologi|4075833|revisi file rekap
DUP-0000220,presentasi_riset_202401_1690.pdf,337399,2024-04-05,ftp-pusat,presentasi|riset|337399|approved final pending total
DOC-0001765,laporan_sdm_202212_4143.docx,3054764,2022-02-18,ftp-pusat,laporan|sdm|3054764|pending rekap periode
DOC-0002090,presentasi_riset_202206_7060.xml,3848464,2022-02-21,server-arsip-jakarta,presentasi|riset|3848464|data periode draft dokumen
DOC-0000489,surat_riset_202403_1622.pdf,236203,2022-12-17,server-arsip-bandung,surat|riset|236203|arsip total file pending
DOC-0000740,memo_keuangan_202410_9012.xlsx,46324446,2023-10-28,server-arsip-bandung,memo|keuangan|46324446|dokumen revisi file data periode
DOC-0001864,gambar_pemasaran_202305_9133.png,231222515,2022-08-07,cloud-storage-gcp,gambar|pemasaran|231222515|total periode approved dokumen
DUP-0000217,surat_pemasaran_202405_5988.docx,727544,2024-02-25,portal-upload-web,surat|pemasaran|727544|draft pending revisi
DOC-0000242,dataset_hukum_202202_1546.json,37291,2022-01-09,server-arsip-bandung,dataset|hukum|37291|rekap pending draft approved
DOC-0002693,presentasi_riset_202209_3034.png,191176,2023-12-09,backup-eksternal,presentasi|riset|191176|revisi periode file
DUP-0000376,kontrak_pemasaran_202212_5191.docx,1521469,2024-10-22,ftp-pusat,kontrak|pemasaran|1521469|data periode total
DUP-0000382,invoice_teknologi_202301_5720.csv,10263905,2022-04-17,nas-lokal-02,invoice|teknologi|10263905|pending rekap dokumen total final
DOC-0001990,dataset_audit_202212_4089.docx,3371451,2022-04-22,nas-lokal-01,dataset|audit|3371451|arsip pending file rekap
DOC-0002868,surat_sdm_202410_1945.pdf,2121590,2022-06-28,ftp-pusat,surat|sdm|2121590|approved draft data rekap
DOC-0002405,log_sdm_202207_5056.docx,1098712,2022-11-08,server-arsip-bandung,log|sdm|1098712|arsip total draft final file
DUP-0000101,surat_sdm_202202_5272.png,3085179,2024-05-22,nas-lokal-01,surat|sdm|3085179|pending file rekap
DOC-0001895,invoice_sdm_202209_9746.png,138139,2024-05-23,backup-eksternal,invoice|sdm|138139|rekap total periode
DUP-0000381,gambar_audit_202310_9058.csv,119935,2023-06-21,server-arsip-jakarta,gambar|audit|119935|data file pending rekap draft
DOC-0000714,memo_logistik_202311_5842.png,429874,2022-05-16,nas-lokal-02,memo|logistik|429874|file total revisi draft periode
DOC-0000906,invoice_pemasaran_202402_0614.xml,40823720,2024-06-15,backup-eksternal,invoice|pemasaran|40823720|pending arsip rekap periode revisi
DOC-0002450,kontrak_operasional_202212_3351.txt,85888,2023-12-17,backup-eksternal,kontrak|operasional|85888|approved draft file periode rekap
DOC-0004229,presentasi_riset_202209_6081.json,1112868,2023-12-19,backup-eksternal,presentasi|riset|1112868|total pending rekap data
DUP-0000240,memo_sdm_202208_8212.csv,3017312,2023-11-11,ftp-pusat,memo|sdm|3017312|pending file rekap periode
DOC-0003916,backup_manajemen_202411_5787.json,2344375,2024-08-08,server-arsip-jakarta,backup|manajemen|2344375|total approved arsip
DOC-0001334,invoice_manajemen_202311_9819.zip,175322,2022-10-20,cloud-storage-gcp,invoice|manajemen|175322|pending approved arsip dokumen revisi
DOC-0000119,kontrak_sdm_202201_6411.zip,166497655,2024-08-25,server-arsip-surabaya,kontrak|sdm|166497655|draft revisi rekap pending
DOC-0004353,memo_pemasaran_202411_9236.docx,497704047,2023-03-05,ftp-pusat,memo|pemasaran|497704047|file arsip data final
DOC-0001559,dataset_keuangan_202209_8945.txt,1032658,2022-04-03,cloud-storage-aws,dataset|keuangan|1032658|final approved dokumen file
DOC-0000584,invoice_teknologi_202409_0663.txt,2370956,2022-03-31,cloud-storage-gcp,invoice|teknologi|2370956|arsip revisi periode total file
DOC-0003425,log_keuangan_202202_5479.png,278381,2023-11-20,backup-eksternal,log|keuangan|278381|data total periode draft
DUP-0000129,invoice_sdm_202209_1472.pdf,870457,2024-10-13,cloud-storage-gcp,invoice|sdm|870457|pending revisi total dokumen arsip
DOC-0002082,presentasi_logistik_202309_2582.pdf,30766456,2022-04-02,cloud-storage-aws,presentasi|logistik|30766456|dokumen rekap approved total
DOC-0000346,memo_operasional_202309_5527.xlsx,380200,2023-07-27,ftp-pusat,memo|operasional|380200|draft dokumen approved file arsip
DOC-0003969,memo_operasional_202305_8896.png,656401,2022-06-11,cloud-storage-aws,memo|operasional|656401|draft pending arsip
DOC-0001859,log_hukum_202408_5143.csv,38130,2023-10-04,portal-upload-web,log|hukum|38130|final total file periode rekap
DOC-0001861,surat_sdm_202410_9964.jpg,316319,2024-08-11,server-arsip-jakarta,surat|sdm|316319|final file rekap
DOC-0003829,memo_riset_202406_4142.json,13150147,2023-07-30,server-arsip-surabaya,memo|riset|13150147|revisi file final dokumen rekap
DOC-0003868,invoice_pemasaran_202207_0886.csv,162836,2023-08-15,cloud-storage-aws,invoice|pemasaran|162836|pending periode final revisi rekap
DOC-0001079,log_pemasaran_202311_7068.json,52072,2022-03-25,portal-upload-web,log|pemasaran|52072|total dokumen revisi draft file
DOC-0000322,backup_riset_202411_9937.json,4621373,2024-06-15,cloud-storage-aws,backup|riset|4621373|revisi arsip file total
DOC-0004240,presentasi_pemasaran_202408_3238.xlsx,39956036,2024-07-31,ftp-pusat,presentasi|pemasaran|39956036|rekap pending file final
DOC-0003738,log_keuangan_202303_2048.xml,3424309,2022-08-04,server-arsip-jakarta,log|keuangan|3424309|dokumen draft revisi total approved
DUP-0000379,presentasi_teknologi_202411_0148.zip,238146,2024-06-29,cloud-storage-gcp,presentasi|teknologi|238146|dokumen file rekap
DOC-0001491,backup_pemasaran_202205_8508.xml,268522,2024-08-30,nas-lokal-02,backup|pemasaran|268522|rekap pending data draft
DOC-0002551,backup_logistik_202310_1938.png,418663,2022-09-28,server-arsip-jakarta,backup|logistik|418663|final draft file rekap periode
DOC-0001345,gambar_keuangan_202408_5132.docx,2361630,2023-09-27,portal-upload-web,gambar|keuangan|2361630|revisi rekap pending
DOC-0001120,surat_sdm_202404_6908.docx,430728,2022-09-04,cloud-storage-aws,surat|sdm|430728|pending dokumen arsip
DOC-0002578,memo_keuangan_202404_1761.pdf,1883359,2023-12-28,server-arsip-jakarta,memo|keuangan|1883359|arsip pending revisi rekap
DOC-0001060,log_manajemen_202406_6496.txt,1666647,2023-12-20,server-arsip-bandung,log|manajemen|1666647|arsip pending total dokumen final
DUP-0000005,dataset_operasional_202409_2833.csv,1138593,2024-11-10,portal-upload-web,dataset|operasional|1138593|final data revisi
DOC-0003409,gambar_keuangan_202402_7607.txt,338985,2024-05-17,server-arsip-surabaya,gambar|keuangan|338985|file periode draft
DUP-0000261,invoice_keuangan_202311_5987.png,395390,2024-10-16,server-arsip-jakarta,invoice|keuangan|395390|periode dokumen draft rekap
DOC-0002031,memo_audit_202306_7259.zip,41685971,2022-07-25,nas-lokal-02,memo|audit|41685971|dokumen approved periode total revisi
DOC-0003509,gambar_audit_202412_4508.png,309804,2024-04-14,server-arsip-jakarta,gambar|audit|309804|revisi final approved draft
DOC-0004444,dataset_riset_202206_9750.jpg,280662615,2023-08-28,server-arsip-bandung,dataset|riset|280662615|revisi rekap pending
DOC-0003717,backup_operasional_202311_6577.docx,146275,2023-01-16,server-arsip-bandung,backup|operasional|146275|file rekap periode
DUP-0000342,memo_teknologi_202201_6438.json,2708257,2022-08-04,nas-lokal-02,memo|teknologi|2708257|rekap data final pending
DUP-0000102,kontrak_audit_202209_5202.json,1270850,2022-12-08,server-arsip-jakarta,kontrak|audit|1270850|revisi rekap final total
DOC-0002807,dataset_riset_202305_6441.csv,136272,2022-12-14,server-arsip-surabaya,dataset|riset|136272|rekap pending final file draft
DOC-0001493,log_hukum_202312_7201.docx,960286,2022-03-05,cloud-storage-aws,log|hukum|960286|dokumen approved revisi rekap data
DOC-0000465,kontrak_audit_202204_1159.txt,41132742,2022-03-14,cloud-storage-gcp,kontrak|audit|41132742|rekap periode draft arsip
DOC-0002018,dataset_pemasaran_202204_6634.json,36228088,2023-08-01,portal-upload-web,dataset|pemasaran|36228088|pending final draft total
DOC-0001113,kontrak_riset_202404_0335.xlsx,75052,2022-06-29,ftp-pusat,kontrak|riset|75052|pending dokumen approved
DOC-0001278,laporan_audit_202312_8895.jpg,27928037,2023-01-22,cloud-storage-aws,laporan|audit|27928037|dokumen draft arsip
DOC-0000275,dataset_audit_202201_9818.pdf,4420104,2022-04-11,server-arsip-jakarta,dataset|audit|4420104|final revisi approved draft arsip
DOC-0000124,presentasi_teknologi_202309_5583.json,4494552,2023-11-10,cloud-storage-aws,presentasi|teknologi|4494552|draft data dokumen
DOC-0001768,memo_teknologi_202201_6740.txt,78005,2024-01-10,server-arsip-bandung,memo|teknologi|78005|rekap final approved
DOC-0004384,log_logistik_202305_3677.png,223787,2022-09-03,cloud-storage-aws,log|logistik|223787|arsip total draft
DOC-0002528,dataset_sdm_202406_6598.csv,3080090,2023-01-16,cloud-storage-aws,dataset|sdm|3080090|arsip data file approved
DOC-0000859,memo_operasional_202311_1157.xlsx,165672,2024-12-11,server-arsip-surabaya,memo|operasional|165672|rekap data pending draft arsip
DOC-0003082,surat_hukum_202205_1026.txt,342135,2023-08-22,backup-eksternal,surat|hukum|342135|arsip dokumen pending
DUP-0000095,kontrak_logistik_202202_8595.pdf,277489,2023-06-29,portal-upload-web,kontrak|logistik|277489|rekap final periode draft revisi
DOC-0004068,memo_sdm_202209_6874.pdf,1235721,2024-03-14,ftp-pusat,memo|sdm|1235721|pending periode approved
DOC-0002940,dataset_manajemen_202209_2918.csv,4148725,2024-10-15,nas-lokal-02,dataset|manajemen|4148725|rekap file periode
DOC-0000829,dataset_logistik_202209_6091.xlsx,7678019,2024-03-28,cloud-storage-gcp,dataset|logistik|7678019|file rekap pending arsip data
DUP-0000222,log_hukum_202406_3870.jpg,357415,2023-12-04,server-arsip-jakarta,log|hukum|357415|periode dokumen file draft
DOC-0001023,presentasi_riset_202401_1690.pdf,337399,2024-04-05,ftp-pusat,presentasi|riset|337399|approved final pending total
DUP-0000462,log_teknologi_202204_2749.csv,1456571,2022-08-20,nas-lokal-02,log|teknologi|1456571|data rekap file draft revisi
DOC-0004418,presentasi_teknologi_202405_1955.json,80635,2022-12-04,nas-lokal-02,presentasi|teknologi|80635|approved periode rekap file
DUP-0000295,invoice_manajemen_202301_0852.png,441541,2024-05-29,cloud-storage-aws,invoice|manajemen|441541|revisi dokumen data
DOC-0003687,gambar_audit_202408_4125.docx,80342751,2022-10-04,server-arsip-surabaya,gambar|audit|80342751|data revisi dokumen approved arsip
DOC-0003971,memo_teknologi_202211_6380.zip,429128,2022-02-24,nas-lokal-02,memo|teknologi|429128|periode approved revisi arsip file
DOC-0003507,gambar_pemasaran_202208_2412.xlsx,190272,2023-05-10,server-arsip-bandung,gambar|pemasaran|190272|file final revisi
DUP-0000054,surat_pemasaran_202208_2728.jpg,72589,2024-12-18,backup-eksternal,surat|pemasaran|72589|file rekap pending periode dokumen
DOC-0004499,presentasi_pemasaran_202410_4092.json,191784143,2022-01-03,ftp-pusat,presentasi|pemasaran|191784143|total revisi rekap file
DUP-0000403,log_hukum_202305_8362.xml,209857,2023-09-27,portal-upload-web,log|hukum|209857|total arsip approved file final
DOC-0002189,kontrak_pemasaran_202407_1794.docx,370408,2024-06-15,server-arsip-jakarta,kontrak|pemasaran|370408|dokumen arsip pending revisi total
DOC-0002394,presentasi_teknologi_202405_1304.csv,4613310,2022-06-17,nas-lokal-02,presentasi|teknologi|4613310|periode arsip draft
DOC-0002406,gambar_riset_202408_0850.jpg,4395666,2024-09-25,server-arsip-jakarta,gambar|riset|4395666|rekap pending file draft
DOC-0004408,gambar_operasional_202310_5214.docx,211826,2022-09-26,cloud-storage-gcp,gambar|operasional|211826|rekap data arsip pending final
DOC-0001597,kontrak_keuangan_202404_6391.png,47882,2024-01-08,portal-upload-web,kontrak|keuangan|47882|total draft periode
DOC-0001993,surat_logistik_202307_5676.docx,3453200,2022-10-09,ftp-pusat,surat|logistik|3453200|periode approved total
DOC-0002732,invoice_pemasaran_202305_3309.txt,376331,2022-10-07,backup-eksternal,invoice|pemasaran|376331|arsip total periode
DOC-0001321,invoice_pemasaran_202202_2353.csv,1789321,2023-06-22,server-arsip-jakarta,invoice|pemasaran|1789321|draft final file
DOC-0001453,presentasi_logistik_202403_3933.jpg,14133728,2022-05-08,backup-eksternal,presentasi|logistik|14133728|data approved draft
DOC-0001276,dataset_operasional_202412_1117.jpg,1653342,2022-04-24,cloud-storage-gcp,dataset|operasional|1653342|approved periode pending draft
DOC-0000554,presentasi_operasional_202412_6764.jpg,160504,2024-01-29,nas-lokal-01,presentasi|operasional|160504|dokumen periode data rekap
DOC-0003313,laporan_logistik_202212_5726.txt,252754,2022-11-13,cloud-storage-gcp,laporan|logistik|252754|data approved dokumen
DOC-0003228,backup_operasional_202309_3447.docx,1579011,2024-12-14,nas-lokal-01,backup|operasional|1579011|approved revisi draft
DOC-0000751,surat_hukum_202303_1075.png,3618006,2022-01-31,nas-lokal-02,surat|hukum|3618006|dokumen final total
DOC-0002571,presentasi_pemasaran_202211_1009.csv,1033077,2023-03-28,ftp-pusat,presentasi|pemasaran|1033077|file approved pending periode
DOC-0001906,invoice_keuangan_202301_8645.json,179005,2023-06-16,ftp-pusat,invoice|keuangan|179005|periode arsip final approved
DOC-0001092,gambar_logistik_202303_9255.png,24105,2024-11-18,backup-eksternal,gambar|logistik|24105|rekap pending final draft
DUP-0000454,kontrak_riset_202305_9516.zip,505669,2023-05-11,nas-lokal-01,kontrak|riset|505669|arsip total periode draft file
DOC-0002418,memo_teknologi_202306_7309.jpg,720516,2023-01-30,server-arsip-bandung,memo|teknologi|720516|data final file dokumen
DOC-0003845,surat_keuangan_202307_5595.xlsx,25296,2024-07-05,server-arsip-surabaya,surat|keuangan|25296|revisi arsip approved total dokumen
DUP-0000056,backup_pemasaran_202206_9952.pdf,36590572,2022-12-27,nas-lokal-01,backup|pemasaran|36590572|total approved dokumen
DOC-0003499,surat_manajemen_202209_0161.txt,450487,2023-01-25,nas-lokal-01,surat|manajemen|450487|revisi total file pending
DOC-0000605,laporan_riset_202311_8160.pdf,4335979,2023-06-07,ftp-pusat,laporan|riset|4335979|data dokumen file final
DOC-0001775,presentasi_audit_202402_8837.json,2116534,2023-10-29,cloud-storage-aws,presentasi|audit|2116534|approved periode rekap draft final
DOC-0000051,backup_audit_202212_7994.txt,2729308,2024-02-09,portal-upload-web,backup|audit|2729308|data approved rekap total arsip
DOC-0001778,laporan_pemasaran_202406_3589.json,3421270,2023-10-17,cloud-storage-gcp,laporan|pemasaran|3421270|rekap pending arsip approved
DOC-0002809,log_teknologi_202303_1406.xml,243629,2022-02-23,ftp-pusat,log|teknologi|243629|periode pending final total
DOC-0000890,log_logistik_202307_7874.zip,16123050,2023-08-23,ftp-pusat,log|logistik|16123050|total pending revisi
DOC-0003460,invoice_keuangan_202403_8688.xml,3356456,2023-12-07,cloud-storage-gcp,invoice|keuangan|3356456|file revisi rekap draft
DOC-0003475,log_pemasaran_202312_4721.png,111227,2022-12-02,nas-lokal-01,log|pemasaran|111227|periode data final pending
DOC-0001730,memo_manajemen_202209_1164.xlsx,10732,2024-10-31,ftp-pusat,memo|manajemen|10732|dokumen approved file total revisi
DOC-0002685,gambar_teknologi_202308_2685.docx,3304806,2024-05-13,server-arsip-bandung,gambar|teknologi|3304806|file revisi approved periode
DOC-0002043,kontrak_manajemen_202211_0419.jpg,98568,2023-12-10,server-arsip-jakarta,kontrak|manajemen|98568|approved pending total final
DOC-0004084,log_keuangan_202303_4466.docx,387746,2022-11-18,ftp-pusat,log|keuangan|387746|final rekap dokumen approved arsip
DOC-0000769,kontrak_logistik_202406_0170.csv,285629,2022-01-31,portal-upload-web,kontrak|logistik|285629|revisi pending periode file
DOC-0001714,laporan_audit_202406_6396.png,176689,2022-08-18,portal-upload-web,laporan|audit|176689|periode rekap draft
DOC-0001141,backup_pemasaran_202409_6115.xlsx,350348341,2023-07-12,backup-eksternal,backup|pemasaran|350348341|rekap revisi dokumen approved arsip
DOC-0003055,backup_sdm_202209_1213.docx,522881,2024-08-11,nas-lokal-01,backup|sdm|522881|approved rekap total arsip
DOC-0001327,kontrak_sdm_202301_6100.txt,127678,2024-02-22,backup-eksternal,kontrak|sdm|127678|total periode draft file
DOC-0000381,laporan_hukum_202402_0635.pdf,1494131,2023-03-01,server-arsip-jakarta,laporan|hukum|1494131|approved arsip revisi total pending
DOC-0000778,dataset_operasional_202401_0533.txt,319312,2023-03-28,backup-eksternal,dataset|operasional|319312|total final approved rekap data
DOC-0000299,memo_teknologi_202409_2237.png,41929217,2024-04-14,server-arsip-jakarta,memo|teknologi|41929217|revisi data draft
DOC-0004064,backup_audit_202202_3269.pdf,186810,2023-02-28,cloud-storage-aws,backup|audit|186810|revisi total pending periode
DOC-0001461,invoice_sdm_202207_6253.txt,640682,2024-12-07,nas-lokal-02,invoice|sdm|640682|periode pending data arsip
DOC-0001813,presentasi_sdm_202209_7425.pdf,2131966,2023-03-31,server-arsip-jakarta,presentasi|sdm|2131966|dokumen draft rekap pending revisi
DOC-0002337,memo_hukum_202201_8099.png,26638988,2024-06-04,server-arsip-jakarta,memo|hukum|26638988|file pending draft
DOC-0002714,presentasi_teknologi_202401_9541.txt,1331601,2023-05-02,server-arsip-bandung,presentasi|teknologi|1331601|total final rekap dokumen file
DOC-0001921,kontrak_audit_202312_6438.txt,2450508,2023-12-12,server-arsip-surabaya,kontrak|audit|2450508|revisi dokumen total arsip approved
DOC-0001351,presentasi_riset_202210_2514.xml,49376006,2024-09-08,nas-lokal-02,presentasi|riset|49376006|pending data total final dokumen
DOC-0000558,surat_operasional_202202_3651.json,126018,2024-01-30,server-arsip-jakarta,surat|operasional|126018|final periode revisi
DOC-0004066,kontrak_logistik_202206_8532.docx,8260595,2023-10-18,server-arsip-surabaya,kontrak|logistik|8260595|revisi periode file total
DOC-0000132,dataset_sdm_202405_5309.json,789693,2022-03-22,ftp-pusat,dataset|sdm|789693|file periode pending
DOC-0003629,dataset_keuangan_202211_6081.txt,31647407,2024-06-16,cloud-storage-gcp,dataset|keuangan|31647407|file revisi approved
DOC-0001666,surat_teknologi_202312_6794.json,49159454,2024-04-29,ftp-pusat,surat|teknologi|49159454|arsip dokumen draft
DOC-0004481,dataset_hukum_202412_1621.pdf,35584746,2022-12-18,backup-eksternal,dataset|hukum|35584746|dokumen final file total
DOC-0003272,dataset_logistik_202205_1913.jpg,445556,2023-08-25,ftp-pusat,dataset|logistik|445556|periode approved arsip dokumen
DOC-0002649,presentasi_audit_202309_3068.txt,417453,2024-10-23,backup-eksternal,presentasi|audit|417453|draft pending file dokumen
DOC-0001270,presentasi_keuangan_202409_7318.png,4059091,2024-03-23,server-arsip-jakarta,presentasi|keuangan|4059091|periode rekap revisi file arsip
DOC-0000745,presentasi_operasional_202309_9379.txt,2844556,2022-03-12,portal-upload-web,presentasi|operasional|2844556|periode file draft
DOC-0002574,surat_riset_202302_4012.csv,294072362,2023-06-11,server-arsip-jakarta,surat|riset|294072362|data final dokumen total
DOC-0002474,invoice_teknologi_202210_9176.png,144825897,2022-07-06,portal-upload-web,invoice|teknologi|144825897|rekap total final approved
DOC-0004191,gambar_keuangan_202401_6066.docx,261404243,2024-04-13,server-arsip-surabaya,gambar|keuangan|261404243|periode approved data file revisi
DOC-0000557,presentasi_manajemen_202209_7050.json,4453999,2022-06-11,portal-upload-web,presentasi|manajemen|4453999|revisi total final draft dokumen
DOC-0003480,backup_operasional_202310_0905.docx,2960560,2023-06-25,cloud-storage-gcp,backup|operasional|2960560|draft total file revisi
DOC-0004023,invoice_manajemen_202212_0518.docx,2424733,2023-07-24,cloud-storage-gcp,invoice|manajemen|2424733|total pending dokumen
DOC-0002512,memo_hukum_202307_5003.csv,26717969,2024-07-14,cloud-storage-aws,memo|hukum|26717969|data total approved
DOC-0003196,laporan_manajemen_202407_4045.png,628404,2024-01-04,server-arsip-bandung,laporan|manajemen|628404|draft dokumen total data pending
DOC-0002302,dataset_manajemen_202212_9099.json,4677356,2023-07-13,server-arsip-surabaya,dataset|manajemen|4677356|data approved file rekap revisi
DOC-0004390,gambar_teknologi_202412_6635.xml,428419,2024-07-26,server-arsip-bandung,gambar|teknologi|428419|pending dokumen approved file total
DOC-0001412,log_pemasaran_202306_5306.txt,2653104,2023-11-28,portal-upload-web,log|pemasaran|2653104|rekap periode approved revisi
DOC-0004214,dataset_sdm_202303_8213.pdf,4091831,2023-05-08,nas-lokal-02,dataset|sdm|4091831|dokumen data final
DOC-0001799,surat_audit_202405_6224.png,3449739,2022-02-12,portal-upload-web,surat|audit|3449739|periode total rekap
DOC-0003054,backup_sdm_202410_9433.png,59854,2023-03-28,ftp-pusat,backup|sdm|59854|dokumen arsip pending
DUP-0000493,memo_keuangan_202404_2566.json,424417843,2023-10-07,server-arsip-bandung,memo|keuangan|424417843|dokumen data rekap final
DOC-0001036,backup_manajemen_202410_7119.png,201241,2023-12-18,nas-lokal-02,backup|manajemen|201241|pending approved final rekap
DOC-0004028,laporan_riset_202205_2464.jpg,4182078,2022-05-08,backup-eksternal,laporan|riset|4182078|revisi rekap arsip pending
DOC-0004298,invoice_hukum_202402_1211.jpg,172060,2023-11-26,server-arsip-bandung,invoice|hukum|172060|approved final data file draft
DOC-0000458,laporan_hukum_202307_4508.xml,379165,2022-04-19,backup-eksternal,laporan|hukum|379165|revisi periode final
DOC-0004172,backup_audit_202205_7238.docx,1091469,2024-06-23,backup-eksternal,backup|audit|1091469|approved revisi total
DOC-0003625,log_audit_202207_2650.pdf,4436699,2024-11-04,cloud-storage-gcp,log|audit|4436699|file draft final arsip
DOC-0000363,surat_sdm_202203_5969.xlsx,364010,2024-03-24,server-arsip-jakarta,surat|sdm|364010|revisi periode rekap dokumen final
DOC-0002184,laporan_keuangan_202309_4930.pdf,25930539,2022-03-11,ftp-pusat,laporan|keuangan|25930539|periode file pending rekap approved
DUP-0000265,backup_operasional_202306_6858.zip,3895383,2023-07-29,nas-lokal-02,backup|operasional|3895383|approved pending file dokumen data
DOC-0000849,invoice_audit_202308_1539.txt,1256369,2023-10-10,nas-lokal-02,invoice|audit|1256369|draft arsip pending
DOC-0003193,presentasi_teknologi_202205_2073.zip,263586979,2023-06-04,server-arsip-jakarta,presentasi|teknologi|263586979|total pending final dokumen periode
DOC-0000767,presentasi_teknologi_202205_7597.jpg,1628006,2022-07-11,server-arsip-bandung,presentasi|teknologi|1628006|revisi approved rekap dokumen data
DOC-0002262,presentasi_teknologi_202203_4263.json,413137762,2024-04-09,portal-upload-web,presentasi|teknologi|413137762|arsip final total periode
DOC-0003226,laporan_riset_202411_7010.jpg,12694672,2023-04-22,server-arsip-surabaya,laporan|riset|12694672|arsip total revisi
DOC-0001504,dataset_hukum_202204_6145.docx,490999,2022-06-05,server-arsip-bandung,dataset|hukum|490999|dokumen periode approved rekap draft
DOC-0001048,log_hukum_202401_2843.pdf,25785131,2024-12-14,cloud-storage-aws,log|hukum|25785131|file final total draft
DOC-0000916,laporan_manajemen_202202_9140.zip,439481,2023-01-22,nas-lokal-02,laporan|manajemen|439481|pending file total approved
DOC-0003853,memo_teknologi_202306_8291.csv,30870289,2022-11-15,portal-upload-web,memo|teknologi|30870289|final approved revisi pending
DUP-0000086,presentasi_teknologi_202202_3125.xlsx,713377,2022-05-07,ftp-pusat,presentasi|teknologi|713377|periode revisi total draft
DOC-0002370,invoice_logistik_202201_6200.jpg,257880289,2024-03-28,ftp-pusat,invoice|logistik|257880289|arsip total periode pending rekap
DOC-0002380,laporan_audit_202305_0223.jpg,489983,2022-08-24,nas-lokal-01,laporan|audit|489983|pending final approved dokumen
DOC-0003445,backup_hukum_202406_0216.jpg,19144349,2024-06-25,cloud-storage-aws,backup|hukum|19144349|arsip final file draft dokumen
DOC-0002046,invoice_pemasaran_202406_2273.xlsx,317500,2022-08-15,backup-eksternal,invoice|pemasaran|317500|arsip rekap total periode
DOC-0000845,log_keuangan_202407_5700.jpg,297322,2023-12-19,ftp-pusat,log|keuangan|297322|final file draft
DOC-0000897,dataset_riset_202307_3365.txt,4792673,2024-12-11,server-arsip-jakarta,dataset|riset|4792673|rekap data pending
DOC-0003086,dataset_sdm_202301_6949.png,193972,2023-10-11,ftp-pusat,dataset|sdm|193972|approved arsip file periode revisi
DOC-0003456,dataset_audit_202301_3450.json,25028128,2022-06-26,cloud-storage-gcp,dataset|audit|25028128|periode file total dokumen final
DOC-0003416,surat_hukum_202207_5688.json,4642552,2022-05-15,server-arsip-bandung,surat|hukum|4642552|final draft rekap
DOC-0001499,memo_riset_202308_8891.xlsx,20784527,2023-02-27,ftp-pusat,memo|riset|20784527|pending revisi approved data periode
DOC-0002259,kontrak_pemasaran_202210_5967.txt,394132368,2024-01-06,ftp-pusat,kontrak|pemasaran|394132368|pending dokumen data revisi
DOC-0002864,presentasi_sdm_202207_8005.xlsx,2672580,2023-04-22,server-arsip-surabaya,presentasi|sdm|2672580|file pending periode dokumen arsip
DOC-0001230,log_riset_202204_5660.txt,54760,2022-08-07,cloud-storage-aws,log|riset|54760|rekap total final revisi file
DOC-0003578,gambar_logistik_202407_9614.json,435000,2022-05-19,nas-lokal-01,gambar|logistik|435000|data arsip dokumen pending revisi
DOC-0001318,gambar_hukum_202301_5753.docx,3472281,2024-01-19,nas-lokal-02,gambar|hukum|3472281|final revisi total
DOC-0002462,log_pemasaran_202204_6907.png,12100794,2023-01-26,server-arsip-jakarta,log|pemasaran|12100794|approved dokumen draft file
DOC-0003262,memo_audit_202308_3031.jpg,2144331,2023-03-18,nas-lokal-02,memo|audit|2144331|periode pending revisi dokumen rekap
DOC-0001293,dataset_manajemen_202209_4357.pdf,47556041,2022-09-15,portal-upload-web,dataset|manajemen|47556041|revisi draft dokumen
DOC-0000635,gambar_riset_202205_8665.zip,1120579,2023-01-20,portal-upload-web,gambar|riset|1120579|total pending rekap draft
DOC-0003258,laporan_pemasaran_202306_0671.pdf,36707237,2023-10-22,nas-lokal-02,laporan|pemasaran|36707237|final file arsip
DOC-0001010,dataset_riset_202401_6910.json,14596201,2022-09-16,backup-eksternal,dataset|riset|14596201|file pending periode revisi
DOC-0003060,surat_manajemen_202206_4127.docx,4432593,2024-12-31,cloud-storage-aws,surat|manajemen|4432593|periode arsip total revisi
DOC-0002150,log_pemasaran_202408_5179.pdf,912030,2024-04-05,cloud-storage-gcp,log|pemasaran|912030|rekap data draft arsip
DOC-0001106,laporan_pemasaran_202204_8921.json,4348412,2024-12-10,backup-eksternal,laporan|pemasaran|4348412|final rekap periode dokumen revisi
DOC-0002748,laporan_audit_202401_4776.zip,12006477,2024-12-15,backup-eksternal,laporan|audit|12006477|approved rekap total draft data
DOC-0000665,backup_pemasaran_202203_5465.pdf,269487,2022-01-26,server-arsip-jakarta,backup|pemasaran|269487|revisi dokumen pending total
DUP-0000278,invoice_manajemen_202304_6811.xml,445739344,2023-06-21,backup-eksternal,invoice|manajemen|445739344|final approved draft
DOC-0002447,memo_operasional_202209_0069.jpg,11133976,2022-08-29,server-arsip-bandung,memo|operasional|11133976|data draft pending approved
DOC-0003322,kontrak_teknologi_202405_4500.png,399019,2023-06-09,nas-lokal-02,kontrak|teknologi|399019|data draft rekap total revisi
DOC-0001163,gambar_keuangan_202212_4023.zip,1088374,2023-09-23,portal-upload-web,gambar|keuangan|1088374|draft approved total dokumen data
DOC-0004358,log_manajemen_202401_5477.pdf,3437749,2024-05-21,nas-lokal-01,log|manajemen|3437749|revisi final rekap dokumen
DOC-0003308,laporan_sdm_202408_0088.docx,13101932,2022-04-01,server-arsip-jakarta,laporan|sdm|13101932|arsip periode data
DOC-0001772,surat_riset_202204_9937.png,1141365,2022-06-22,ftp-pusat,surat|riset|1141365|revisi dokumen pending periode rekap
DOC-0001732,laporan_teknologi_202211_1516.csv,3818715,2024-04-23,cloud-storage-gcp,laporan|teknologi|3818715|periode approved file final draft
DOC-0003663,laporan_riset_202405_8126.pdf,295204,2022-11-10,backup-eksternal,laporan|riset|295204|draft total revisi periode final
DOC-0000309,backup_pemasaran_202307_8872.docx,110684,2022-11-02,cloud-storage-aws,backup|pemasaran|110684|final arsip file rekap data
DOC-0002230,dataset_teknologi_202307_3910.json,1230047,2024-01-11,server-arsip-surabaya,dataset|teknologi|1230047|total revisi rekap periode
DOC-0002544,presentasi_teknologi_202211_5084.txt,41678378,2024-06-10,portal-upload-web,presentasi|teknologi|41678378|approved rekap arsip total
DUP-0000111,surat_teknologi_202209_9718.xlsx,7299187,2024-04-02,nas-lokal-02,surat|teknologi|7299187|arsip approved file draft
DOC-0000655,surat_manajemen_202408_3368.jpg,9362464,2024-08-20,backup-eksternal,surat|manajemen|9362464|file draft arsip revisi dokumen
DOC-0003659,memo_logistik_202201_4461.csv,2142952,2022-02-02,cloud-storage-aws,memo|logistik|2142952|data file draft
DOC-0001072,presentasi_keuangan_202403_8717.json,67116032,2023-07-06,nas-lokal-02,presentasi|keuangan|67116032|periode rekap data pending
DOC-0002548,gambar_sdm_202204_0941.json,4569428,2024-02-21,cloud-storage-aws,gambar|sdm|4569428|draft pending arsip revisi
DOC-0003532,invoice_manajemen_202406_8563.json,20134,2023-07-30,ftp-pusat,invoice|manajemen|20134|total data final periode
DOC-0004180,backup_sdm_202407_4214.docx,360241,2023-07-20,ftp-pusat,backup|sdm|360241|dokumen approved total
DOC-0001976,dataset_teknologi_202302_8369.xlsx,485161,2022-11-01,nas-lokal-01,dataset|teknologi|485161|dokumen approved total periode
DOC-0000702,laporan_logistik_202410_4711.txt,186875,2024-10-21,ftp-pusat,laporan|logistik|186875|file total arsip
DOC-0003795,surat_hukum_202205_3170.zip,4833614,2024-05-11,portal-upload-web,surat|hukum|4833614|total periode rekap dokumen approved
DOC-0004122,backup_logistik_202207_9841.xlsx,158574,2022-12-19,ftp-pusat,backup|logistik|158574|total draft approved periode
DOC-0003287,dataset_logistik_202409_4080.zip,22625137,2024-01-04,portal-upload-web,dataset|logistik|22625137|data rekap arsip final approved
DOC-0002963,invoice_manajemen_202301_0852.png,441541,2024-05-29,cloud-storage-aws,invoice|manajemen|441541|revisi dokumen data
DOC-0000423,kontrak_audit_202411_7766.xml,306820199,2023-09-29,nas-lokal-02,kontrak|audit|306820199|draft dokumen total
DOC-0001422,memo_logistik_202303_4436.xml,313872,2024-10-02,nas-lokal-02,memo|logistik|313872|dokumen approved rekap
DOC-0001206,memo_logistik_202409_0551.pdf,481893525,2023-07-17,server-arsip-jakarta,memo|logistik|481893525|revisi final arsip
DOC-0003436,gambar_logistik_202310_2691.json,309776,2022-07-24,cloud-storage-gcp,gambar|logistik|309776|revisi total periode final
DOC-0002925,dataset_riset_202207_4299.png,467484,2024-02-13,portal-upload-web,dataset|riset|467484|dokumen draft rekap arsip
DOC-0003664,dataset_pemasaran_202402_4179.docx,3601368,2024-06-09,server-arsip-bandung,dataset|pemasaran|3601368|periode rekap total final data
DOC-0003132,log_hukum_202201_8803.txt,473520478,2023-05-14,server-arsip-bandung,log|hukum|473520478|draft periode revisi pending
DOC-0002258,gambar_operasional_202302_4711.docx,276435,2022-10-21,nas-lokal-01,gambar|operasional|276435|data draft dokumen
DUP-0000137,surat_manajemen_202201_9880.xlsx,2092243,2022-05-15,nas-lokal-01,surat|manajemen|2092243|total dokumen file rekap
DOC-0000211,memo_hukum_202208_2511.xlsx,2336708,2022-07-21,ftp-pusat,memo|hukum|2336708|draft approved data dokumen file
DOC-0000137,invoice_keuangan_202210_8053.txt,2251849,2022-01-15,nas-lokal-01,invoice|keuangan|2251849|total dokumen draft arsip periode
DOC-0001180,presentasi_pemasaran_202212_5005.png,4125212,2023-10-29,cloud-storage-gcp,presentasi|pemasaran|4125212|arsip periode dokumen
DOC-0001741,memo_hukum_202209_5929.csv,54087,2024-03-23,portal-upload-web,memo|hukum|54087|revisi dokumen total final periode
DOC-0003437,presentasi_teknologi_202207_0559.csv,1052022,2024-11-09,cloud-storage-gcp,presentasi|teknologi|1052022|pending arsip total data periode
DOC-0002625,kontrak_manajemen_202309_4103.jpg,20790572,2023-07-31,ftp-pusat,kontrak|manajemen|20790572|rekap data total periode pending
DOC-0000233,presentasi_hukum_202209_4101.json,432891,2022-02-07,portal-upload-web,presentasi|hukum|432891|total periode data
DOC-0003047,laporan_audit_202408_7683.csv,35247903,2023-08-19,server-arsip-bandung,laporan|audit|35247903|final approved draft total revisi
DOC-0001193,surat_riset_202412_4201.pdf,73571,2024-12-03,portal-upload-web,surat|riset|73571|file revisi arsip periode
DOC-0001725,gambar_audit_202202_2057.zip,167630,2023-09-09,cloud-storage-aws,gambar|audit|167630|data draft revisi file
DOC-0003564,memo_riset_202309_3079.png,136006,2023-11-15,server-arsip-bandung,memo|riset|136006|draft data periode rekap
DOC-0001441,gambar_operasional_202410_9140.csv,306189,2024-06-13,cloud-storage-aws,gambar|operasional|306189|final draft revisi
DOC-0002795,gambar_audit_202202_8313.pdf,3522170,2023-11-12,ftp-pusat,gambar|audit|3522170|arsip rekap final revisi
DOC-0002100,log_hukum_202409_3116.xlsx,3408468,2024-03-23,server-arsip-surabaya,log|hukum|3408468|pending final dokumen
DOC-0001560,dataset_logistik_202204_7815.pdf,44420115,2024-04-04,cloud-storage-gcp,dataset|logistik|44420115|final pending approved total
DOC-0001911,invoice_manajemen_202205_0680.zip,25450,2024-04-01,nas-lokal-01,invoice|manajemen|25450|total data pending
DOC-0000254,invoice_operasional_202202_9293.jpg,32092838,2022-08-08,cloud-storage-aws,invoice|operasional|32092838|final revisi arsip dokumen
DOC-0001769,laporan_hukum_202202_3841.pdf,1427152,2023-11-20,nas-lokal-01,laporan|hukum|1427152|file pending dokumen final
DOC-0000524,kontrak_pemasaran_202411_3494.zip,478320,2023-04-26,server-arsip-surabaya,kontrak|pemasaran|478320|periode data pending
DOC-0001994,backup_pemasaran_202210_4996.csv,698793,2023-06-24,portal-upload-web,backup|pemasaran|698793|revisi data final draft
DOC-0000240,invoice_sdm_202302_1560.jpg,1339890,2023-06-26,nas-lokal-01,invoice|sdm|1339890|total periode dokumen revisi
DOC-0000046,dataset_manajemen_202204_4526.txt,193714,2022-10-15,nas-lokal-02,dataset|manajemen|193714|file dokumen periode
DOC-0000445,memo_logistik_202305_6696.jpg,2135673,2023-10-10,server-arsip-bandung,memo|logistik|2135673|rekap revisi file
DOC-0003421,dataset_audit_202209_6099.csv,247588,2023-03-27,cloud-storage-aws,dataset|audit|247588|total draft approved
DOC-0001611,log_operasional_202202_8534.zip,42743477,2023-09-26,nas-lokal-02,log|operasional|42743477|total periode final data
DOC-0001473,log_teknologi_202401_5251.txt,298213,2022-06-05,server-arsip-jakarta,log|teknologi|298213|data rekap total draft revisi
DOC-0000426,backup_manajemen_202308_2211.json,614253,2024-04-16,cloud-storage-gcp,backup|manajemen|614253|data approved total
DOC-0004020,surat_audit_202308_1914.xlsx,24918,2022-11-16,server-arsip-bandung,surat|audit|24918|file approved periode data
DOC-0003754,laporan_hukum_202202_2613.xlsx,2607738,2024-12-19,nas-lokal-02,laporan|hukum|2607738|approved file pending dokumen draft
DOC-0001236,memo_logistik_202311_5195.json,2017193,2023-07-28,cloud-storage-gcp,memo|logistik|2017193|total arsip file
DOC-0003606,kontrak_operasional_202206_4246.zip,35622148,2022-08-22,server-arsip-bandung,kontrak|operasional|35622148|data final rekap approved draft
DOC-0003918,surat_riset_202301_4505.docx,36233197,2022-01-06,portal-upload-web,surat|riset|36233197|file periode approved data
DUP-0000487,memo_manajemen_202210_8893.xml,232104,2022-07-17,server-arsip-jakarta,memo|manajemen|232104|data rekap final draft
DOC-0003289,gambar_keuangan_202310_8606.xlsx,166687,2023-07-21,nas-lokal-01,gambar|keuangan|166687|arsip dokumen rekap data approved
DUP-0000380,kontrak_teknologi_202301_7693.xml,4755339,2024-03-24,server-arsip-bandung,kontrak|teknologi|4755339|arsip pending rekap
DOC-0002866,dataset_pemasaran_202205_9714.docx,3846890,2023-10-28,server-arsip-bandung,dataset|pemasaran|3846890|revisi dokumen approved
DOC-0000450,dataset_manajemen_202209_7102.png,40430426,2024-12-01,portal-upload-web,dataset|manajemen|40430426|pending arsip file
DOC-0002158,log_pemasaran_202412_9759.jpg,3011876,2023-12-11,nas-lokal-01,log|pemasaran|3011876|total revisi file arsip
DOC-0002806,gambar_manajemen_202407_7614.xml,203293,2023-05-19,server-arsip-surabaya,gambar|manajemen|203293|arsip data revisi
DOC-0003713,memo_audit_202207_4389.xlsx,335223,2024-03-06,nas-lokal-01,memo|audit|335223|dokumen approved pending
DOC-0000388,laporan_keuangan_202307_1642.pdf,266350569,2023-09-29,nas-lokal-01,laporan|keuangan|266350569|dokumen rekap total file data
DUP-0000311,dataset_audit_202408_3236.docx,286583,2022-05-10,cloud-storage-gcp,dataset|audit|286583|file data revisi
DOC-0000939,dataset_logistik_202212_9558.txt,400816,2024-01-01,cloud-storage-aws,dataset|logistik|400816|pending data file revisi
DOC-0003394,presentasi_manajemen_202303_3310.xlsx,499392,2023-06-29,server-arsip-jakarta,presentasi|manajemen|499392|data total draft dokumen
DOC-0000304,memo_sdm_202310_0377.xml,959466,2024-08-26,server-arsip-surabaya,memo|sdm|959466|data total pending approved
DUP-0000228,dataset_pemasaran_202205_0818.zip,43771,2024-02-12,server-arsip-surabaya,dataset|pemasaran|43771|total file arsip pending periode
DOC-0003081,laporan_sdm_202301_3522.csv,365156,2024-04-08,cloud-storage-gcp,laporan|sdm|365156|revisi pending file
DOC-0002219,log_riset_202208_3743.zip,131129,2024-12-27,server-arsip-bandung,log|riset|131129|periode file dokumen revisi
DOC-0002629,presentasi_sdm_202209_0234.xml,4297234,2022-12-12,cloud-storage-aws,presentasi|sdm|4297234|approved draft file periode dokumen
DOC-0002724,laporan_logistik_202301_5577.xml,4637484,2023-12-27,server-arsip-jakarta,laporan|logistik|4637484|data rekap file draft dokumen
DOC-0002816,gambar_audit_202306_2263.jpg,733092,2022-09-30,backup-eksternal,gambar|audit|733092|rekap data periode approved
DOC-0000295,surat_audit_202412_1573.xml,888883,2022-08-27,server-arsip-surabaya,surat|audit|888883|rekap file revisi data
DOC-0001372,invoice_hukum_202301_3579.png,3784254,2024-12-16,nas-lokal-02,invoice|hukum|3784254|draft approved pending
DOC-0001056,kontrak_logistik_202409_0184.xml,4817812,2023-02-03,backup-eksternal,kontrak|logistik|4817812|approved total file draft periode
DOC-0000499,invoice_keuangan_202311_1213.xlsx,98135226,2024-08-19,cloud-storage-gcp,invoice|keuangan|98135226|dokumen rekap periode arsip
DUP-0000040,memo_sdm_202208_8212.csv,3017312,2023-11-11,ftp-pusat,memo|sdm|3017312|pending file rekap periode
DOC-0003615,surat_manajemen_202206_4455.jpg,2749259,2022-06-08,portal-upload-web,surat|manajemen|2749259|dokumen file data
DOC-0001489,gambar_keuangan_202402_7935.csv,431996979,2022-06-24,server-arsip-jakarta,gambar|keuangan|431996979|revisi arsip dokumen total data
DOC-0000292,invoice_operasional_202411_9422.zip,74578,2023-08-11,server-arsip-bandung,invoice|operasional|74578|final revisi data approved pending
DUP-0000444,laporan_hukum_202311_9643.jpg,4125261,2024-12-06,cloud-storage-gcp,laporan|hukum|4125261|data rekap pending final
DOC-0003778,backup_riset_202409_4034.docx,286055,2022-11-30,server-arsip-surabaya,backup|riset|286055|pending rekap periode total
DOC-0003677,memo_teknologi_202311_7845.pdf,167888,2023-11-21,nas-lokal-01,memo|teknologi|167888|arsip periode revisi
DUP-0000294,laporan_hukum_202207_3575.jpg,266699,2022-05-17,portal-upload-web,laporan|hukum|266699|draft data approved file arsip
DOC-0002637,backup_hukum_202206_5263.xml,324504,2024-09-26,nas-lokal-01,backup|hukum|324504|rekap data periode
DOC-0001049,log_manajemen_202412_3771.xlsx,924232,2022-04-12,cloud-storage-gcp,log|manajemen|924232|revisi data pending approved arsip
DOC-0002524,backup_teknologi_202208_8469.pdf,15419501,2022-07-17,cloud-storage-gcp,backup|teknologi|15419501|dokumen draft revisi data
DOC-0001207,laporan_hukum_202404_6140.json,34436201,2024-12-15,nas-lokal-02,laporan|hukum|34436201|file pending total draft
DOC-0003624,laporan_logistik_202303_6412.xlsx,2394174,2023-07-08,cloud-storage-aws,laporan|logistik|2394174|total file revisi arsip
DUP-0000039,log_hukum_202401_2843.pdf,25785131,2024-12-14,cloud-storage-aws,log|hukum|25785131|file final total draft
DUP-0000117,laporan_logistik_202402_5070.xlsx,30643915,2023-09-04,portal-upload-web,laporan|logistik|30643915|data total dokumen arsip pending
DOC-0000342,backup_teknologi_202204_6984.xml,4900033,2024-07-05,nas-lokal-01,backup|teknologi|4900033|rekap dokumen final
DOC-0003373,memo_logistik_202207_3189.jpg,490985,2024-02-08,server-arsip-surabaya,memo|logistik|490985|pending rekap revisi arsip approved
DOC-0002788,backup_hukum_202311_6821.txt,44479,2023-10-12,portal-upload-web,backup|hukum|44479|rekap draft dokumen
DOC-0003562,presentasi_logistik_202203_0904.jpg,84549,2023-10-22,cloud-storage-gcp,presentasi|logistik|84549|total pending file rekap
DUP-0000012,kontrak_logistik_202411_4677.zip,226154,2023-03-23,nas-lokal-02,kontrak|logistik|226154|draft revisi arsip rekap
DOC-0004462,laporan_keuangan_202306_8505.jpg,269631821,2022-06-08,nas-lokal-01,laporan|keuangan|269631821|dokumen revisi approved
DOC-0003051,backup_logistik_202404_2228.json,454273,2024-02-29,cloud-storage-gcp,backup|logistik|454273|final total file data
DOC-0001508,backup_audit_202412_7292.csv,1330344,2023-03-02,nas-lokal-02,backup|audit|1330344|revisi arsip draft rekap dokumen
DOC-0002978,invoice_sdm_202204_6670.zip,40967296,2023-02-01,backup-eksternal,invoice|sdm|40967296|draft total data
DOC-0002433,laporan_keuangan_202305_7998.zip,1043604,2023-11-13,portal-upload-web,laporan|keuangan|1043604|rekap total revisi dokumen
DOC-0004425,backup_manajemen_202207_5680.png,434010,2024-09-28,server-arsip-jakarta,backup|manajemen|434010|draft approved periode
DOC-0001299,backup_logistik_202212_9666.zip,177491,2023-01-11,nas-lokal-01,backup|logistik|177491|arsip pending file
DOC-0003106,kontrak_operasional_202207_5738.jpg,4678347,2022-08-11,ftp-pusat,kontrak|operasional|4678347|final dokumen total arsip approved
DOC-0002990,kontrak_pemasaran_202411_0948.csv,389327641,2023-09-14,cloud-storage-aws,kontrak|pemasaran|389327641|arsip periode pending draft
DOC-0002327,laporan_operasional_202312_3972.json,478810,2022-05-24,server-arsip-bandung,laporan|operasional|478810|draft dokumen approved rekap periode
DOC-0001887,kontrak_pemasaran_202304_4984.png,1832444,2024-04-25,ftp-pusat,kontrak|pemasaran|1832444|dokumen periode pending rekap final
DOC-0000374,surat_manajemen_202410_8136.zip,418535,2022-02-04,server-arsip-bandung,surat|manajemen|418535|pending total periode
DOC-0000281,kontrak_logistik_202410_5039.zip,1933371,2024-04-14,cloud-storage-gcp,kontrak|logistik|1933371|rekap revisi approved
DOC-0001638,invoice_operasional_202311_6082.csv,178522,2023-07-07,backup-eksternal,invoice|operasional|178522|dokumen revisi draft rekap file
DOC-0001277,laporan_hukum_202410_7329.json,367011,2023-06-02,cloud-storage-gcp,laporan|hukum|367011|rekap revisi approved
DOC-0004098,invoice_keuangan_202201_6659.csv,4877327,2023-06-22,nas-lokal-01,invoice|keuangan|4877327|periode data rekap dokumen
DOC-0001177,backup_hukum_202208_3166.xlsx,174833,2023-08-28,server-arsip-bandung,backup|hukum|174833|final approved total
DOC-0003318,memo_hukum_202309_6907.png,3596051,2024-06-14,server-arsip-bandung,memo|hukum|3596051|file data rekap
DOC-0002172,laporan_audit_202409_0037.json,2181762,2024-01-17,cloud-storage-aws,laporan|audit|2181762|approved draft dokumen pending periode
DOC-0000933,memo_sdm_202202_5162.pdf,4529885,2022-06-04,cloud-storage-gcp,memo|sdm|4529885|file dokumen data periode
DOC-0003506,laporan_riset_202303_3675.png,273801,2022-02-03,server-arsip-surabaya,laporan|riset|273801|data pending periode
DOC-0003712,gambar_audit_202310_9058.csv,119935,2023-06-21,server-arsip-jakarta,gambar|audit|119935|data file pending rekap draft
DOC-0000657,log_logistik_202303_5713.pdf,76960,2023-06-26,server-arsip-surabaya,log|logistik|76960|final total periode
DOC-0000574,laporan_audit_202403_5776.csv,2391928,2022-08-01,portal-upload-web,laporan|audit|2391928|dokumen final draft periode file
DOC-0003098,backup_audit_202404_3328.zip,467899,2023-05-19,ftp-pusat,backup|audit|467899|file revisi arsip
DUP-0000004,dataset_sdm_202310_9788.xlsx,487186,2024-06-12,backup-eksternal,dataset|sdm|487186|draft approved periode
DOC-0001952,gambar_pemasaran_202302_3305.txt,41464124,2024-09-14,nas-lokal-02,gambar|pemasaran|41464124|revisi draft periode final approved
DUP-0000057,invoice_operasional_202410_1065.png,335581,2023-01-30,backup-eksternal,invoice|operasional|335581|draft final periode
DOC-0002505,presentasi_logistik_202408_2679.png,3137914,2024-02-12,server-arsip-surabaya,presentasi|logistik|3137914|approved revisi periode pending data
DOC-0001649,presentasi_operasional_202310_9719.pdf,65758027,2022-08-29,nas-lokal-01,presentasi|operasional|65758027|rekap periode pending revisi
DOC-0001731,kontrak_manajemen_202209_5025.txt,178275,2024-10-26,server-arsip-bandung,kontrak|manajemen|178275|total draft pending
DOC-0004285,backup_teknologi_202409_0592.zip,2695633,2022-02-24,portal-upload-web,backup|teknologi|2695633|dokumen revisi approved
DUP-0000326,presentasi_keuangan_202401_8312.pdf,208799652,2022-03-16,portal-upload-web,presentasi|keuangan|208799652|arsip revisi dokumen pending approved
DOC-0002645,kontrak_pemasaran_202311_7348.docx,833752,2022-10-12,cloud-storage-gcp,kontrak|pemasaran|833752|final approved rekap draft pending
DOC-0001780,laporan_manajemen_202203_4835.csv,1070853,2024-04-04,server-arsip-bandung,laporan|manajemen|1070853|pending draft file arsip rekap
DOC-0000354,dataset_riset_202206_7866.docx,1984291,2024-08-08,nas-lokal-01,dataset|riset|1984291|file draft arsip final
DOC-0003758,invoice_operasional_202209_8475.xml,185033,2022-12-26,cloud-storage-aws,invoice|operasional|185033|final data revisi
DUP-0000416,gambar_audit_202304_5009.xlsx,22306234,2023-02-09,nas-lokal-01,gambar|audit|22306234|dokumen pending arsip data
DOC-0002759,laporan_sdm_202306_7071.jpg,1870512,2023-12-02,server-arsip-surabaya,laporan|sdm|1870512|revisi data approved pending draft
DOC-0002132,gambar_audit_202401_6766.docx,2029478,2022-06-24,portal-upload-web,gambar|audit|2029478|rekap pending final approved arsip
DOC-0002942,memo_manajemen_202311_6933.csv,42746668,2023-02-15,cloud-storage-aws,memo|manajemen|42746668|draft dokumen arsip final
DOC-0003681,surat_sdm_202405_3917.xlsx,3118811,2022-10-15,backup-eksternal,surat|sdm|3118811|final rekap periode approved draft
DOC-0003367,kontrak_riset_202202_9954.xml,401532,2022-12-12,cloud-storage-gcp,kontrak|riset|401532|file total periode arsip revisi
DOC-0002960,surat_manajemen_202410_8180.docx,239043,2023-11-28,cloud-storage-gcp,surat|manajemen|239043|revisi dokumen file pending arsip
DOC-0003614,memo_operasional_202310_8161.docx,1700256,2022-06-18,ftp-pusat,memo|operasional|1700256|pending data rekap total draft
DUP-0000200,gambar_teknologi_202203_2281.png,12790638,2022-09-28,portal-upload-web,gambar|teknologi|12790638|rekap pending data draft approved
DOC-0003933,memo_hukum_202301_7477.jpg,372104,2024-03-24,server-arsip-surabaya,memo|hukum|372104|total rekap dokumen approved periode
DUP-0000248,gambar_keuangan_202304_1098.png,71795,2023-05-25,nas-lokal-02,gambar|keuangan|71795|periode draft file approved rekap
DOC-0000497,presentasi_teknologi_202402_6848.pdf,13767289,2023-11-19,server-arsip-jakarta,presentasi|teknologi|13767289|final approved revisi rekap
DOC-0000620,laporan_teknologi_202202_7739.xml,106906,2023-05-01,server-arsip-surabaya,laporan|teknologi|106906|pending file periode approved final
DOC-0002665,backup_sdm_202208_0897.jpg,18499737,2022-11-12,cloud-storage-aws,backup|sdm|18499737|pending final rekap
DOC-0000483,invoice_audit_202211_3061.jpg,315194,2022-11-03,cloud-storage-aws,invoice|audit|315194|final draft total
DOC-0001021,backup_keuangan_202205_1007.csv,45723,2023-07-11,cloud-storage-aws,backup|keuangan|45723|draft approved data
DOC-0000276,invoice_pemasaran_202307_9225.jpg,88621,2022-09-09,cloud-storage-aws,invoice|pemasaran|88621|periode final arsip revisi
DOC-0004290,invoice_audit_202211_8846.docx,348496,2023-04-02,cloud-storage-aws,invoice|audit|348496|revisi draft approved
DOC-0004322,presentasi_audit_202310_9022.xlsx,269504,2023-01-31,server-arsip-jakarta,presentasi|audit|269504|periode rekap revisi
DOC-0001784,gambar_teknologi_202407_8686.xlsx,207241,2024-09-15,cloud-storage-gcp,gambar|teknologi|207241|data rekap revisi file final
DOC-0003090,backup_riset_202305_6941.png,835441,2023-11-29,portal-upload-web,backup|riset|835441|file dokumen total arsip
DOC-0000152,backup_sdm_202207_1834.txt,31598611,2024-10-23,ftp-pusat,backup|sdm|31598611|arsip total dokumen
DOC-0002664,kontrak_operasional_202202_6279.json,272113,2023-01-02,backup-eksternal,kontrak|operasional|272113|revisi draft total final
DOC-0001349,laporan_keuangan_202311_6623.csv,2010892,2023-12-14,cloud-storage-aws,laporan|keuangan|2010892|approved total dokumen pending arsip
DOC-0003067,presentasi_logistik_202207_8173.xlsx,465176605,2022-04-11,cloud-storage-aws,presentasi|logistik|465176605|revisi file approved pending arsip
DOC-0002066,backup_manajemen_202303_3795.docx,275447,2024-04-20,cloud-storage-aws,backup|manajemen|275447|total file rekap final
DOC-0002708,log_pemasaran_202308_5861.pdf,18084,2022-08-26,cloud-storage-gcp,log|pemasaran|18084|final arsip revisi
DUP-0000072,dataset_hukum_202209_4741.csv,389849,2023-10-16,cloud-storage-aws,dataset|hukum|389849|total dokumen arsip rekap pending
DOC-0002399,memo_manajemen_202409_3459.png,465004,2023-08-29,server-arsip-bandung,memo|manajemen|465004|rekap approved pending total file
DOC-0004498,kontrak_pemasaran_202212_5191.docx,1521469,2024-10-22,ftp-pusat,kontrak|pemasaran|1521469|data periode total
DOC-0000002,surat_teknologi_202402_5399.json,3842787,2024-11-05,server-arsip-bandung,surat|teknologi|3842787|arsip file data total
DOC-0002691,dataset_sdm_202408_4561.zip,2149334,2022-08-20,nas-lokal-01,dataset|sdm|2149334|draft arsip revisi
DOC-0002029,invoice_riset_202404_1402.zip,292471,2023-06-20,server-arsip-jakarta,invoice|riset|292471|revisi draft approved
DOC-0001545,backup_hukum_202205_2403.pdf,185609,2024-08-19,nas-lokal-02,backup|hukum|185609|periode total draft
DOC-0001071,backup_riset_202304_7056.txt,2612439,2023-11-22,ftp-pusat,backup|riset|2612439|draft rekap final
DOC-0000969,presentasi_keuangan_202301_0702.csv,14191,2022-06-19,cloud-storage-gcp,presentasi|keuangan|14191|final total revisi rekap approved
DOC-0001295,invoice_pemasaran_202203_7067.txt,6334063,2022-12-01,cloud-storage-gcp,invoice|pemasaran|6334063|file revisi approved draft
DOC-0000710,backup_keuangan_202207_0451.txt,3985482,2024-11-14,server-arsip-bandung,backup|keuangan|3985482|pending periode data revisi approved
DOC-0002226,surat_pemasaran_202203_6279.xlsx,237949,2022-04-22,portal-upload-web,surat|pemasaran|237949|total approved final
DOC-0001960,laporan_sdm_202304_3851.xml,3143537,2022-04-11,ftp-pusat,laporan|sdm|3143537|file periode revisi dokumen arsip
DOC-0002222,gambar_manajemen_202304_6551.xlsx,2761539,2024-04-21,portal-upload-web,gambar|manajemen|2761539|revisi pending draft dokumen arsip
DOC-0004130,memo_keuangan_202411_2084.xlsx,67683,2023-02-05,cloud-storage-gcp,memo|keuangan|67683|file final draft pending periode
DOC-0002242,kontrak_operasional_202211_6971.jpg,129969,2023-08-25,server-arsip-surabaya,kontrak|operasional|129969|total file approved arsip final
DOC-0002847,log_operasional_202212_2775.xml,452623,2024-05-06,server-arsip-bandung,log|operasional|452623|file draft data final
DOC-0002351,gambar_manajemen_202409_3975.pdf,3141414,2022-04-29,cloud-storage-gcp,gambar|manajemen|3141414|rekap periode pending arsip
DOC-0001698,surat_pemasaran_202404_0274.txt,2426329,2024-01-29,cloud-storage-gcp,surat|pemasaran|2426329|final dokumen draft total approved
DOC-0002746,surat_riset_202310_0372.txt,3662596,2024-12-07,server-arsip-bandung,surat|riset|3662596|final dokumen arsip approved
DOC-0000663,gambar_keuangan_202411_2783.xlsx,4263556,2022-04-25,server-arsip-surabaya,gambar|keuangan|4263556|rekap dokumen draft
DOC-0001188,memo_riset_202205_0210.pdf,446078,2024-05-07,nas-lokal-01,memo|riset|446078|pending final file approved
DOC-0000125,surat_manajemen_202208_9230.zip,439736,2024-08-20,server-arsip-jakarta,surat|manajemen|439736|arsip total approved periode
DOC-0002556,presentasi_sdm_202210_5474.png,1034722,2023-06-02,backup-eksternal,presentasi|sdm|1034722|periode arsip pending final rekap
DOC-0004436,log_teknologi_202310_4602.txt,397738578,2023-05-16,backup-eksternal,log|teknologi|397738578|pending draft rekap approved
DOC-0003474,memo_pemasaran_202312_0144.jpg,458707,2024-11-08,server-arsip-jakarta,memo|pemasaran|458707|pending rekap dokumen periode file
DOC-0002832,invoice_operasional_202310_2874.docx,100223,2022-08-11,server-arsip-surabaya,invoice|operasional|100223|data arsip draft approved pending
DOC-0004272,invoice_hukum_202405_6576.jpg,2448884,2024-07-14,server-arsip-jakarta,invoice|hukum|2448884|rekap approved total data revisi
DOC-0002356,log_audit_202204_1973.json,199500,2024-12-22,cloud-storage-gcp,log|audit|199500|arsip rekap draft
DOC-0003177,log_operasional_202411_6443.xlsx,101694,2023-01-25,nas-lokal-01,log|operasional|101694|final approved dokumen rekap
DOC-0000520,laporan_pemasaran_202201_6021.xlsx,41038125,2023-10-29,ftp-pusat,laporan|pemasaran|41038125|rekap file data periode pending
DOC-0002676,presentasi_riset_202401_6517.zip,47535827,2023-10-24,ftp-pusat,presentasi|riset|47535827|dokumen pending periode file
DOC-0000048,gambar_operasional_202202_5594.docx,4311511,2023-07-12,server-arsip-jakarta,gambar|operasional|4311511|final total pending approved
DOC-0000163,surat_keuangan_202207_0719.xml,48880576,2023-09-12,server-arsip-surabaya,surat|keuangan|48880576|draft data dokumen
DOC-0004412,dataset_audit_202303_4954.zip,4022720,2023-04-15,cloud-storage-gcp,dataset|audit|4022720|file total pending arsip data
DOC-0001431,gambar_hukum_202311_1696.json,261416,2022-04-23,backup-eksternal,gambar|hukum|261416|rekap final revisi dokumen
DOC-0000623,invoice_keuangan_202401_5952.json,40506831,2023-09-24,portal-upload-web,invoice|keuangan|40506831|final pending data
DOC-0002716,backup_sdm_202312_5420.json,110515,2022-04-01,server-arsip-surabaya,backup|sdm|110515|approved final periode pending
DOC-0000157,presentasi_logistik_202410_7839.json,234669,2022-03-27,backup-eksternal,presentasi|logistik|234669|pending draft data
DOC-0002930,memo_pemasaran_202211_3720.jpg,3126873,2023-11-10,ftp-pusat,memo|pemasaran|3126873|final dokumen data total approved
DOC-0003574,kontrak_hukum_202303_3128.xml,331447,2024-11-08,server-arsip-bandung,kontrak|hukum|331447|dokumen arsip pending total
DOC-0004315,memo_teknologi_202404_9292.zip,4794627,2022-02-24,cloud-storage-aws,memo|teknologi|4794627|total approved dokumen data final
DOC-0000789,backup_keuangan_202410_2906.png,434455,2024-11-08,portal-upload-web,backup|keuangan|434455|data dokumen arsip
DUP-0000247,log_riset_202309_9869.json,1497636,2023-11-03,nas-lokal-01,log|riset|1497636|dokumen rekap file arsip final
DOC-0003748,kontrak_pemasaran_202311_0285.jpg,39176371,2023-09-15,server-arsip-bandung,kontrak|pemasaran|39176371|periode pending final file
DOC-0000880,surat_teknologi_202301_8398.jpg,4982962,2023-04-23,nas-lokal-01,surat|teknologi|4982962|rekap total pending file
DOC-0003525,presentasi_logistik_202311_9535.jpg,368294,2023-03-15,cloud-storage-gcp,presentasi|logistik|368294|total rekap pending
DOC-0000659,gambar_manajemen_202205_6083.csv,122769,2023-05-07,ftp-pusat,gambar|manajemen|122769|total rekap dokumen pending final
DOC-0002169,backup_keuangan_202404_2982.docx,241443,2022-10-30,nas-lokal-02,backup|keuangan|241443|periode pending arsip file
DOC-0004049,surat_riset_202409_6927.zip,348078,2022-02-13,server-arsip-surabaya,surat|riset|348078|arsip periode file
DUP-0000079,laporan_audit_202401_3400.jpg,443302,2024-10-05,ftp-pusat,laporan|audit|443302|rekap total file
DOC-0004465,backup_hukum_202411_0933.xml,347363,2024-09-11,backup-eksternal,backup|hukum|347363|approved dokumen periode
DOC-0002057,memo_keuangan_202302_6589.csv,139534,2022-02-07,server-arsip-surabaya,memo|keuangan|139534|dokumen draft pending file
DOC-0003857,dataset_pemasaran_202208_0728.xml,48710307,2024-10-07,server-arsip-jakarta,dataset|pemasaran|48710307|final revisi pending data dokumen
DOC-0000564,surat_keuangan_202310_1767.xlsx,183114,2023-03-18,cloud-storage-aws,surat|keuangan|183114|revisi rekap file
DOC-0002257,surat_audit_202211_5072.csv,421230,2022-11-06,server-arsip-jakarta,surat|audit|421230|final periode rekap pending revisi
DOC-0002127,backup_keuangan_202211_0230.zip,4235488,2024-11-13,server-arsip-jakarta,backup|keuangan|4235488|file final draft
DUP-0000296,kontrak_operasional_202408_7172.jpg,3454882,2022-03-01,server-arsip-jakarta,kontrak|operasional|3454882|approved periode revisi final draft
DOC-0001460,log_operasional_202201_3974.png,27034429,2022-06-12,cloud-storage-aws,log|operasional|27034429|periode dokumen arsip data pending
DOC-0002890,gambar_logistik_202312_9431.txt,4793409,2022-10-31,server-arsip-surabaya,gambar|logistik|4793409|file data final revisi
DOC-0002834,dataset_pemasaran_202303_4419.xlsx,266656623,2023-03-19,backup-eksternal,dataset|pemasaran|266656623|periode arsip file dokumen
DOC-0000928,surat_hukum_202302_1064.csv,54201,2023-05-28,cloud-storage-aws,surat|hukum|54201|pending arsip approved periode
DOC-0003134,presentasi_logistik_202401_5467.jpg,408675,2022-03-25,server-arsip-jakarta,presentasi|logistik|408675|file draft arsip
DOC-0001764,laporan_keuangan_202209_0307.txt,40738633,2023-05-14,nas-lokal-02,laporan|keuangan|40738633|arsip draft total rekap
DOC-0000518,invoice_audit_202411_0415.txt,1872382,2024-12-19,nas-lokal-02,invoice|audit|1872382|file periode revisi pending
DOC-0002023,dataset_teknologi_202403_4002.txt,41271008,2023-09-08,portal-upload-web,dataset|teknologi|41271008|periode final draft pending
DOC-0004106,gambar_riset_202206_7120.docx,258388,2023-09-09,portal-upload-web,gambar|riset|258388|data total pending periode
DOC-0004447,memo_sdm_202306_4520.txt,1161296,2022-04-27,cloud-storage-aws,memo|sdm|1161296|pending final total
DOC-0000431,gambar_audit_202405_2726.xml,21300489,2024-09-29,server-arsip-surabaya,gambar|audit|21300489|revisi arsip data
DOC-0001241,backup_keuangan_202302_8905.xml,4553111,2023-05-01,backup-eksternal,backup|keuangan|4553111|periode dokumen draft rekap
DOC-0002506,kontrak_operasional_202211_1292.txt,859791,2022-03-24,nas-lokal-01,kontrak|operasional|859791|approved draft total final
DOC-0003393,gambar_keuangan_202402_0772.pdf,1240736,2023-04-21,nas-lokal-01,gambar|keuangan|1240736|revisi approved file
DOC-0002286,log_hukum_202304_1784.json,688708,2023-11-24,server-arsip-jakarta,log|hukum|688708|total pending final file
DOC-0001981,gambar_keuangan_202207_0073.jpg,191350,2024-05-10,server-arsip-surabaya,gambar|keuangan|191350|revisi rekap approved
DOC-0004301,memo_manajemen_202206_3485.png,471910,2024-11-26,ftp-pusat,memo|manajemen|471910|data dokumen revisi total periode
DOC-0004234,dataset_sdm_202302_9587.xml,45055183,2024-12-05,server-arsip-bandung,dataset|sdm|45055183|revisi arsip file dokumen final
DOC-0004111,laporan_operasional_202411_4929.csv,49861022,2022-10-14,server-arsip-jakarta,laporan|operasional|49861022|draft final file dokumen data
DOC-0001058,backup_audit_202310_8127.png,4139265,2024-02-18,cloud-storage-gcp,backup|audit|4139265|arsip revisi file
DOC-0002414,gambar_logistik_202201_0335.json,1695360,2022-03-30,server-arsip-surabaya,gambar|logistik|1695360|arsip approved final draft
DOC-0002095,backup_riset_202410_4114.jpg,416005,2023-05-20,backup-eksternal,backup|riset|416005|arsip data total periode
DOC-0002269,surat_operasional_202401_9100.jpg,1542863,2023-01-02,portal-upload-web,surat|operasional|1542863|file revisi arsip draft rekap
DOC-0002711,memo_teknologi_202201_6438.json,2708257,2022-08-04,nas-lokal-02,memo|teknologi|2708257|rekap data final pending
DOC-0002297,dataset_teknologi_202301_4965.zip,3986891,2023-07-23,backup-eksternal,dataset|teknologi|3986891|pending total final rekap
DOC-0002634,kontrak_manajemen_202303_9153.xlsx,44886315,2024-04-17,cloud-storage-aws,kontrak|manajemen|44886315|arsip revisi final periode
DOC-0000757,backup_sdm_202203_1531.json,2608261,2024-10-24,ftp-pusat,backup|sdm|2608261|file final draft
DOC-0004083,laporan_keuangan_202205_3619.xlsx,1751684,2024-07-16,server-arsip-bandung,laporan|keuangan|1751684|periode final revisi arsip
DOC-0003250,log_logistik_202404_0165.docx,4832977,2023-06-02,cloud-storage-aws,log|logistik|4832977|periode file dokumen pending
DOC-0000122,dataset_audit_202206_5090.pdf,389038602,2024-05-28,portal-upload-web,dataset|audit|389038602|dokumen periode arsip
DOC-0001622,dataset_operasional_202309_6340.txt,979282,2024-06-17,server-arsip-surabaya,dataset|operasional|979282|draft dokumen pending total
DOC-0003222,kontrak_keuangan_202202_3416.xlsx,39489456,2022-01-21,server-arsip-jakarta,kontrak|keuangan|39489456|final revisi data total file
DOC-0000452,laporan_manajemen_202207_5874.txt,55600,2024-07-19,ftp-pusat,laporan|manajemen|55600|arsip periode approved rekap final
DOC-0003048,invoice_logistik_202304_3969.txt,101761,2024-06-06,cloud-storage-aws,invoice|logistik|101761|draft pending file
DOC-0000866,dataset_teknologi_202407_4299.jpg,3493309,2024-04-23,server-arsip-bandung,dataset|teknologi|3493309|dokumen pending final draft
DOC-0001552,log_pemasaran_202208_7058.zip,156482,2022-04-30,portal-upload-web,log|pemasaran|156482|rekap dokumen revisi pending total
DUP-0000194,invoice_sdm_202407_6489.pdf,43778202,2024-09-03,nas-lokal-02,invoice|sdm|43778202|pending periode rekap
DOC-0003375,log_teknologi_202206_4119.xml,1159323,2022-08-02,cloud-storage-gcp,log|teknologi|1159323|periode arsip pending data
DOC-0004005,backup_hukum_202412_4144.xlsx,181060739,2023-06-10,portal-upload-web,backup|hukum|181060739|dokumen revisi rekap pending
DOC-0001735,memo_audit_202301_4094.pdf,924769,2024-12-12,server-arsip-bandung,memo|audit|924769|pending dokumen draft
DOC-0001215,backup_audit_202307_5231.csv,4143786,2022-03-17,backup-eksternal,backup|audit|4143786|draft file final
DOC-0004434,backup_manajemen_202309_5550.xml,1976116,2023-12-21,server-arsip-bandung,backup|manajemen|1976116|data pending rekap revisi
DOC-0002353,gambar_pemasaran_202209_4633.csv,4760933,2023-01-04,backup-eksternal,gambar|pemasaran|4760933|rekap approved periode arsip
DOC-0000368,invoice_teknologi_202207_0794.zip,1466118,2022-11-06,server-arsip-surabaya,invoice|teknologi|1466118|revisi periode total
DOC-0001336,memo_keuangan_202404_2566.json,424417843,2023-10-07,server-arsip-bandung,memo|keuangan|424417843|dokumen data rekap final
DOC-0001756,dataset_riset_202202_3895.xml,3977946,2022-01-24,nas-lokal-01,dataset|riset|3977946|draft total dokumen final arsip
DOC-0001268,dataset_operasional_202309_7846.csv,3321356,2023-11-29,cloud-storage-aws,dataset|operasional|3321356|total dokumen arsip
DOC-0003089,backup_logistik_202303_7250.xlsx,3067620,2024-11-01,cloud-storage-gcp,backup|logistik|3067620|rekap file revisi
DOC-0002015,log_logistik_202307_7411.pdf,444743,2024-10-07,server-arsip-bandung,log|logistik|444743|periode data arsip dokumen file
DOC-0003613,log_logistik_202201_7496.jpg,18382050,2022-05-10,ftp-pusat,log|logistik|18382050|total approved dokumen
DOC-0003648,backup_logistik_202303_6944.txt,490761,2023-08-24,cloud-storage-gcp,backup|logistik|490761|arsip pending data
DOC-0002518,laporan_riset_202402_6584.txt,68691,2023-08-10,backup-eksternal,laporan|riset|68691|final dokumen periode pending
DOC-0001294,log_operasional_202210_8827.png,15977931,2023-05-12,nas-lokal-01,log|operasional|15977931|approved data file pending arsip
DOC-0002900,backup_pemasaran_202205_7229.pdf,395920,2023-06-10,backup-eksternal,backup|pemasaran|395920|dokumen file rekap
DOC-0004107,backup_hukum_202206_3995.xlsx,4805269,2023-04-02,cloud-storage-gcp,backup|hukum|4805269|revisi file arsip final
DOC-0004445,presentasi_logistik_202312_8020.png,140673,2022-03-15,portal-upload-web,presentasi|logistik|140673|final periode data draft
DOC-0003740,kontrak_manajemen_202201_4425.xlsx,4859276,2022-12-12,cloud-storage-aws,kontrak|manajemen|4859276|data file draft periode final
DOC-0000393,memo_keuangan_202204_2855.png,2732831,2023-10-23,nas-lokal-02,memo|keuangan|2732831|revisi arsip dokumen
DOC-0002410,backup_hukum_202302_9605.jpg,155285,2023-04-05,ftp-pusat,backup|hukum|155285|pending dokumen periode arsip
DOC-0002216,log_hukum_202205_0688.xml,1875388,2024-06-25,cloud-storage-aws,log|hukum|1875388|revisi rekap arsip pending
DUP-0000478,memo_logistik_202412_4001.pdf,103293,2024-03-30,portal-upload-web,memo|logistik|103293|file data periode approved
DOC-0003769,gambar_audit_202409_1201.zip,2903915,2023-10-01,server-arsip-jakarta,gambar|audit|2903915|file arsip total periode
DOC-0003860,invoice_manajemen_202302_4875.txt,61461,2022-07-17,ftp-pusat,invoice|manajemen|61461|dokumen final rekap file
DOC-0001160,presentasi_teknologi_202304_3408.csv,176246,2022-05-02,portal-upload-web,presentasi|teknologi|176246|rekap file data final dokumen
DOC-0001898,invoice_pemasaran_202305_7133.docx,386849,2022-08-25,server-arsip-bandung,invoice|pemasaran|386849|data rekap arsip pending
DOC-0003257,log_manajemen_202402_4339.png,342161350,2022-07-17,server-arsip-surabaya,log|manajemen|342161350|draft periode pending dokumen
DUP-0000157,kontrak_keuangan_202412_8538.pdf,278636,2024-08-23,nas-lokal-02,kontrak|keuangan|278636|file total final revisi
DOC-0004070,gambar_hukum_202402_3172.json,474834182,2022-08-14,portal-upload-web,gambar|hukum|474834182|arsip periode file dokumen
DOC-0001065,surat_keuangan_202311_6939.xlsx,16593800,2022-10-12,cloud-storage-gcp,surat|keuangan|16593800|dokumen pending draft revisi data
DOC-0002032,kontrak_pemasaran_202407_8786.pdf,1948034,2023-10-05,nas-lokal-02,kontrak|pemasaran|1948034|data revisi final pending
DOC-0004357,laporan_audit_202210_7598.txt,328398962,2024-01-22,server-arsip-jakarta,laporan|audit|328398962|pending periode total arsip
DOC-0000963,surat_riset_202305_1822.docx,344051,2024-02-16,server-arsip-bandung,surat|riset|344051|final periode revisi data total
DUP-0000160,invoice_sdm_202304_9545.pdf,28681,2023-12-02,cloud-storage-gcp,invoice|sdm|28681|file periode arsip
DUP-0000081,dataset_logistik_202211_0118.png,368444,2024-09-11,backup-eksternal,dataset|logistik|368444|draft final dokumen
DOC-0002038,presentasi_audit_202203_9420.zip,30391476,2023-12-22,server-arsip-bandung,presentasi|audit|30391476|data rekap arsip
DOC-0003452,kontrak_operasional_202310_7188.docx,33636940,2022-04-04,nas-lokal-02,kontrak|operasional|33636940|revisi arsip periode data dokumen
DOC-0001513,log_keuangan_202412_1096.pdf,497702,2024-07-04,cloud-storage-aws,log|keuangan|497702|final pending dokumen file
DOC-0000321,kontrak_hukum_202208_9651.pdf,47886757,2023-01-09,server-arsip-bandung,kontrak|hukum|47886757|revisi final arsip approved periode
DOC-0001077,surat_hukum_202406_9439.docx,135305,2022-03-01,cloud-storage-gcp,surat|hukum|135305|approved draft periode
DUP-0000372,invoice_keuangan_202211_2779.pdf,4659643,2022-05-31,backup-eksternal,invoice|keuangan|4659643|rekap revisi approved total
DOC-0004452,log_operasional_202301_1018.png,201949361,2022-05-04,nas-lokal-01,log|operasional|201949361|data revisi total periode
DOC-0003581,gambar_operasional_202409_6577.zip,1528637,2024-02-20,server-arsip-bandung,gambar|operasional|1528637|draft arsip data
DOC-0003433,dataset_keuangan_202401_5101.pdf,17478195,2023-11-29,nas-lokal-02,dataset|keuangan|17478195|arsip approved draft total
DOC-0002993,backup_teknologi_202302_9220.xlsx,32697719,2022-11-13,backup-eksternal,backup|teknologi|32697719|periode revisi pending total
DOC-0003125,gambar_keuangan_202309_7733.json,249787,2022-03-17,nas-lokal-01,gambar|keuangan|249787|approved periode revisi rekap
DOC-0001003,invoice_hukum_202304_0354.csv,45686362,2022-03-24,server-arsip-jakarta,invoice|hukum|45686362|revisi pending draft file periode
DOC-0002350,laporan_riset_202207_4521.zip,4664936,2023-05-17,backup-eksternal,laporan|riset|4664936|dokumen rekap final file
DOC-0001480,memo_keuangan_202404_2824.txt,29318648,2022-07-07,server-arsip-surabaya,memo|keuangan|29318648|final file rekap periode revisi
DOC-0004071,kontrak_audit_202210_4312.xml,2765726,2024-06-04,cloud-storage-aws,kontrak|audit|2765726|pending total arsip dokumen
DOC-0003473,gambar_manajemen_202303_3094.xml,318303,2024-10-22,server-arsip-jakarta,gambar|manajemen|318303|file total periode
DOC-0000533,surat_riset_202406_2433.csv,48835588,2022-01-28,server-arsip-bandung,surat|riset|48835588|approved periode file
DOC-0004305,kontrak_keuangan_202407_6992.zip,4340864,2023-05-09,server-arsip-bandung,kontrak|keuangan|4340864|rekap dokumen final
DOC-0001438,backup_teknologi_202410_9961.png,31539521,2024-07-05,nas-lokal-02,backup|teknologi|31539521|total data approved rekap draft
DOC-0001867,backup_riset_202403_4719.zip,3272959,2024-07-03,backup-eksternal,backup|riset|3272959|revisi dokumen total
DUP-0000377,kontrak_teknologi_202309_9846.pdf,400382,2022-11-07,portal-upload-web,kontrak|teknologi|400382|arsip rekap file draft revisi
DOC-0003851,invoice_keuangan_202311_8536.xlsx,647992,2022-06-29,cloud-storage-gcp,invoice|keuangan|647992|data dokumen approved rekap
DOC-0000417,invoice_riset_202401_6210.zip,205238,2024-09-21,server-arsip-jakarta,invoice|riset|205238|rekap dokumen data
DOC-0001842,backup_hukum_202308_6565.docx,3101448,2024-10-03,backup-eksternal,backup|hukum|3101448|draft pending approved dokumen
DOC-0000588,presentasi_riset_202407_4617.json,31019234,2024-03-28,cloud-storage-gcp,presentasi|riset|31019234|total dokumen approved periode revisi
DOC-0001715,invoice_teknologi_202312_8695.json,4355100,2022-12-24,nas-lokal-01,invoice|teknologi|4355100|rekap pending draft
DOC-0003572,gambar_audit_202306_7123.xml,4422185,2023-08-24,cloud-storage-gcp,gambar|audit|4422185|dokumen periode pending
DOC-0001112,dataset_pemasaran_202205_0818.zip,43771,2024-02-12,server-arsip-surabaya,dataset|pemasaran|43771|total file arsip pending periode
DOC-0001620,backup_manajemen_202304_8689.docx,484866,2022-02-24,nas-lokal-02,backup|manajemen|484866|dokumen file approved pending
DOC-0000695,presentasi_audit_202303_4252.txt,215961643,2023-04-27,nas-lokal-01,presentasi|audit|215961643|approved total pending file periode
DUP-0000163,log_manajemen_202305_6501.pdf,176989,2024-10-21,cloud-storage-gcp,log|manajemen|176989|periode total rekap
DOC-0003056,laporan_riset_202403_2067.xml,3179379,2024-04-22,server-arsip-surabaya,laporan|riset|3179379|dokumen total draft periode
DOC-0002285,laporan_audit_202209_1837.zip,51481,2022-12-16,server-arsip-bandung,laporan|audit|51481|draft periode file rekap
DOC-0003263,log_manajemen_202305_6501.pdf,176989,2024-10-21,cloud-storage-gcp,log|manajemen|176989|periode total rekap
DOC-0003293,laporan_sdm_202211_8320.docx,60513,2023-12-26,server-arsip-bandung,laporan|sdm|60513|approved arsip final
DOC-0004306,presentasi_teknologi_202203_3518.docx,2835836,2024-02-25,nas-lokal-01,presentasi|teknologi|2835836|revisi periode pending total final
DUP-0000018,gambar_hukum_202309_1608.json,1553068,2022-10-25,nas-lokal-01,gambar|hukum|1553068|arsip revisi data total pending
DOC-0000014,memo_pemasaran_202306_9144.pdf,424669,2023-02-13,cloud-storage-aws,memo|pemasaran|424669|arsip pending final total file
DOC-0001400,memo_hukum_202407_2220.pdf,1929053,2024-02-29,nas-lokal-01,memo|hukum|1929053|data revisi final pending
DUP-0000364,presentasi_riset_202309_2308.txt,2197033,2024-02-13,ftp-pusat,presentasi|riset|2197033|dokumen file data approved periode
DOC-0002944,surat_audit_202204_3311.zip,360487,2022-07-12,cloud-storage-gcp,surat|audit|360487|periode final total
DUP-0000065,log_operasional_202201_0096.txt,42820227,2023-07-21,nas-lokal-02,log|operasional|42820227|revisi draft approved
DOC-0003682,presentasi_riset_202309_0825.json,2700390,2022-12-05,cloud-storage-aws,presentasi|riset|2700390|file revisi total rekap dokumen
DOC-0000399,laporan_keuangan_202306_7755.csv,4013045,2022-07-11,server-arsip-surabaya,laporan|keuangan|4013045|approved dokumen total
DOC-0003794,backup_logistik_202309_3915.png,416658,2023-03-16,server-arsip-surabaya,backup|logistik|416658|approved revisi pending
DOC-0000009,gambar_sdm_202405_1550.xlsx,236500,2024-06-26,nas-lokal-01,gambar|sdm|236500|data arsip periode revisi total
DOC-0000447,dataset_logistik_202201_6439.xml,1271983,2024-01-30,cloud-storage-gcp,dataset|logistik|1271983|file total revisi
DOC-0001362,log_logistik_202211_3660.csv,211539,2022-03-01,server-arsip-surabaya,log|logistik|211539|approved final total
DOC-0003004,backup_teknologi_202207_7590.csv,1438701,2024-06-12,portal-upload-web,backup|teknologi|1438701|pending total rekap data final
DOC-0003383,kontrak_keuangan_202211_1885.zip,28918784,2022-01-09,portal-upload-web,kontrak|keuangan|28918784|periode revisi draft final
DOC-0000083,dataset_manajemen_202412_4467.csv,470681,2024-04-18,server-arsip-jakarta,dataset|manajemen|470681|approved file final revisi
DOC-0002592,gambar_operasional_202312_4388.docx,30715097,2023-03-08,server-arsip-jakarta,gambar|operasional|30715097|approved rekap final periode revisi
DOC-0001782,kontrak_operasional_202212_4240.csv,38391030,2024-04-28,backup-eksternal,kontrak|operasional|38391030|total rekap file
DOC-0004410,invoice_operasional_202305_2723.jpg,43259011,2023-07-19,server-arsip-jakarta,invoice|operasional|43259011|revisi approved draft final
DOC-0001101,laporan_pemasaran_202402_0826.xlsx,376345,2024-08-28,server-arsip-jakarta,laporan|pemasaran|376345|total approved revisi final
DOC-0003655,kontrak_riset_202211_3147.csv,132123,2023-10-21,ftp-pusat,kontrak|riset|132123|rekap periode total file revisi
DUP-0000249,surat_riset_202207_4184.pdf,374305,2024-06-18,nas-lokal-01,surat|riset|374305|final approved data file dokumen
DOC-0003332,log_keuangan_202311_4025.jpg,29712110,2023-06-05,cloud-storage-gcp,log|keuangan|29712110|total rekap arsip dokumen draft
DOC-0004161,gambar_hukum_202308_9079.xml,841632,2022-05-07,nas-lokal-01,gambar|hukum|841632|data final file draft periode
DOC-0000486,presentasi_audit_202409_7392.json,42753623,2023-10-25,portal-upload-web,presentasi|audit|42753623|total periode dokumen
DOC-0003824,surat_hukum_202302_5399.zip,433445,2023-05-23,server-arsip-bandung,surat|hukum|433445|total arsip dokumen periode revisi
DOC-0000797,laporan_audit_202409_0516.pdf,279052,2024-11-26,server-arsip-bandung,laporan|audit|279052|periode approved file arsip
DOC-0003273,log_keuangan_202405_7164.png,4495120,2023-12-07,ftp-pusat,log|keuangan|4495120|data pending arsip draft
DOC-0000158,laporan_operasional_202402_6926.png,30753381,2023-12-20,backup-eksternal,laporan|operasional|30753381|approved rekap pending
DOC-0002663,presentasi_manajemen_202212_4288.csv,396178,2023-11-03,portal-upload-web,presentasi|manajemen|396178|periode revisi file draft rekap
DOC-0000995,invoice_logistik_202312_4601.xlsx,188526,2024-10-05,server-arsip-bandung,invoice|logistik|188526|file draft data final rekap
DOC-0001533,log_teknologi_202401_1014.png,43571215,2024-01-04,cloud-storage-aws,log|teknologi|43571215|file approved dokumen revisi
DOC-0000031,presentasi_manajemen_202203_8497.xml,33134664,2022-11-07,server-arsip-surabaya,presentasi|manajemen|33134664|total periode rekap pending
DOC-0002209,invoice_pemasaran_202307_4581.docx,1384161,2022-01-24,server-arsip-surabaya,invoice|pemasaran|1384161|approved periode arsip
DUP-0000011,dataset_teknologi_202302_8369.xlsx,485161,2022-11-01,nas-lokal-01,dataset|teknologi|485161|dokumen approved total periode
DOC-0002777,kontrak_hukum_202312_6611.pdf,186841,2024-07-12,nas-lokal-01,kontrak|hukum|186841|total final dokumen draft pending
DOC-0003101,log_audit_202202_9499.txt,3519137,2024-12-06,server-arsip-jakarta,log|audit|3519137|arsip final dokumen approved
DOC-0003869,log_riset_202401_6983.csv,3892215,2023-06-23,server-arsip-bandung,log|riset|3892215|final periode draft rekap
DOC-0003692,kontrak_logistik_202308_4329.json,4670539,2023-08-20,portal-upload-web,kontrak|logistik|4670539|approved file pending
DOC-0002545,log_audit_202302_4738.json,803646,2022-02-10,cloud-storage-aws,log|audit|803646|revisi final arsip pending
DOC-0000723,kontrak_keuangan_202208_3336.json,63344,2022-05-06,ftp-pusat,kontrak|keuangan|63344|total draft approved final
DOC-0003610,gambar_logistik_202203_4476.json,4130131,2023-03-24,cloud-storage-aws,gambar|logistik|4130131|final total file approved
DOC-0001445,memo_sdm_202403_0142.json,4655214,2023-11-17,nas-lokal-01,memo|sdm|4655214|arsip periode dokumen file
DOC-0001592,log_manajemen_202309_7758.xml,27313434,2024-07-13,cloud-storage-gcp,log|manajemen|27313434|periode approved revisi final
DOC-0001300,surat_pemasaran_202402_3627.png,443709,2023-05-20,server-arsip-jakarta,surat|pemasaran|443709|revisi final draft file
DUP-0000119,laporan_hukum_202209_0470.jpg,33559795,2024-08-17,nas-lokal-01,laporan|hukum|33559795|revisi dokumen file arsip draft
DOC-0001623,presentasi_pemasaran_202308_0117.png,1816641,2022-08-31,server-arsip-bandung,presentasi|pemasaran|1816641|draft final dokumen total pending
DUP-0000115,kontrak_manajemen_202309_1256.zip,2909073,2022-11-05,server-arsip-surabaya,kontrak|manajemen|2909073|arsip dokumen rekap draft
DOC-0003387,laporan_keuangan_202208_1734.txt,4980805,2023-12-12,server-arsip-jakarta,laporan|keuangan|4980805|arsip draft periode final
DUP-0000346,gambar_operasional_202312_8749.pdf,2448398,2024-06-13,portal-upload-web,gambar|operasional|2448398|pending total approved final dokumen
DOC-0001469,dataset_manajemen_202411_4335.pdf,156033,2024-06-02,backup-eksternal,dataset|manajemen|156033|revisi file periode dokumen total
DOC-0003739,invoice_pemasaran_202409_5529.xml,36671340,2024-06-27,server-arsip-bandung,invoice|pemasaran|36671340|final total data
DOC-0000919,backup_keuangan_202402_5365.docx,4294499,2022-11-03,cloud-storage-gcp,backup|keuangan|4294499|approved total final dokumen
DOC-0001870,backup_hukum_202304_6454.pdf,154759,2023-05-30,cloud-storage-aws,backup|hukum|154759|final file data revisi
DOC-0000095,surat_logistik_202408_7273.xml,35909104,2024-03-06,backup-eksternal,surat|logistik|35909104|draft file approved periode
DUP-0000264,memo_logistik_202201_1510.xml,244348,2023-08-09,backup-eksternal,memo|logistik|244348|periode final pending draft total
DOC-0001664,presentasi_teknologi_202302_3309.docx,488642784,2023-07-20,server-arsip-bandung,presentasi|teknologi|488642784|data rekap file draft
DOC-0001683,presentasi_pemasaran_202311_7848.docx,13842579,2024-05-19,cloud-storage-gcp,presentasi|pemasaran|13842579|final dokumen file revisi approved
DUP-0000445,dataset_manajemen_202305_6443.png,184273,2022-02-04,nas-lokal-02,dataset|manajemen|184273|revisi final periode approved rekap
DOC-0000120,dataset_sdm_202304_3113.csv,41864821,2024-09-23,portal-upload-web,dataset|sdm|41864821|pending approved data periode file
DOC-0003776,backup_logistik_202406_2261.txt,3469730,2023-08-18,server-arsip-jakarta,backup|logistik|3469730|rekap file final draft
DOC-0002601,memo_hukum_202302_1706.xml,83139,2024-08-22,server-arsip-surabaya,memo|hukum|83139|revisi rekap file draft periode
DOC-0002785,laporan_logistik_202205_0505.jpg,134510,2022-01-13,nas-lokal-01,laporan|logistik|134510|file final approved arsip rekap
DOC-0004432,surat_keuangan_202204_0013.jpg,780769,2022-11-29,cloud-storage-gcp,surat|keuangan|780769|pending file approved dokumen
DOC-0001235,presentasi_sdm_202408_8955.xml,66730,2022-10-28,nas-lokal-01,presentasi|sdm|66730|final approved draft pending file
DOC-0002928,invoice_sdm_202411_4616.txt,1964301,2023-06-28,nas-lokal-02,invoice|sdm|1964301|pending approved revisi
DOC-0001002,gambar_hukum_202203_6203.jpg,91428,2024-11-24,cloud-storage-gcp,gambar|hukum|91428|arsip draft approved revisi pending
DUP-0000064,memo_sdm_202310_0377.xml,959466,2024-08-26,server-arsip-surabaya,memo|sdm|959466|data total pending approved
DOC-0003043,backup_teknologi_202202_5241.txt,484608,2024-02-21,ftp-pusat,backup|teknologi|484608|final rekap periode approved
DOC-0002427,presentasi_teknologi_202208_8654.csv,322691,2022-05-24,nas-lokal-02,presentasi|teknologi|322691|dokumen revisi rekap
DUP-0000055,memo_logistik_202201_4461.csv,2142952,2022-02-02,cloud-storage-aws,memo|logistik|2142952|data file draft
DOC-0002362,invoice_operasional_202307_9043.json,2848379,2022-08-29,nas-lokal-01,invoice|operasional|2848379|arsip dokumen draft
DOC-0002042,surat_riset_202405_0230.zip,149500,2024-08-01,server-arsip-bandung,surat|riset|149500|data rekap pending
DOC-0002952,log_pemasaran_202207_7401.csv,1182273,2022-01-18,server-arsip-jakarta,log|pemasaran|1182273|periode rekap arsip file
DUP-0000304,memo_teknologi_202201_6438.json,2708257,2022-08-04,nas-lokal-02,memo|teknologi|2708257|rekap data final pending
DUP-0000319,gambar_riset_202308_9872.docx,43974,2022-04-29,ftp-pusat,gambar|riset|43974|final draft arsip approved periode
DOC-0003503,log_logistik_202402_6349.txt,19937059,2022-05-19,portal-upload-web,log|logistik|19937059|arsip approved pending rekap
DOC-0004073,gambar_operasional_202212_9832.png,2195286,2022-02-22,backup-eksternal,gambar|operasional|2195286|periode revisi data
DUP-0000123,log_riset_202208_3743.zip,131129,2024-12-27,server-arsip-bandung,log|riset|131129|periode file dokumen revisi
DUP-0000331,presentasi_operasional_202306_5355.csv,44934224,2022-03-15,server-arsip-surabaya,presentasi|operasional|44934224|final periode total arsip data
DOC-0004456,presentasi_operasional_202306_3749.xml,30953,2024-10-27,nas-lokal-01,presentasi|operasional|30953|draft arsip data file
DOC-0002479,memo_keuangan_202206_9291.png,344351,2024-05-09,nas-lokal-02,memo|keuangan|344351|revisi file dokumen rekap
DOC-0003771,dataset_riset_202303_4521.csv,753336,2024-07-31,server-arsip-bandung,dataset|riset|753336|draft approved dokumen revisi
DUP-0000350,dataset_riset_202307_3365.txt,4792673,2024-12-11,server-arsip-jakarta,dataset|riset|4792673|rekap data pending
DOC-0001628,gambar_hukum_202404_4507.json,339440,2024-06-26,cloud-storage-gcp,gambar|hukum|339440|data rekap periode final
DOC-0000446,gambar_logistik_202306_9640.xlsx,438537,2024-02-16,backup-eksternal,gambar|logistik|438537|draft rekap data
DOC-0000837,backup_operasional_202307_2168.xml,37609377,2024-04-14,server-arsip-surabaya,backup|operasional|37609377|draft dokumen approved
DOC-0003616,memo_manajemen_202208_4730.jpg,1518241,2022-12-12,nas-lokal-02,memo|manajemen|1518241|final periode data
DOC-0002784,backup_manajemen_202211_6022.pdf,475971,2023-12-17,cloud-storage-gcp,backup|manajemen|475971|approved total file arsip
DOC-0003977,gambar_sdm_202411_8457.json,1620234,2023-06-14,cloud-storage-gcp,gambar|sdm|1620234|periode pending total arsip rekap
DOC-0002091,invoice_pemasaran_202406_1238.docx,4247493,2023-02-16,backup-eksternal,invoice|pemasaran|4247493|final dokumen draft revisi total
DOC-0004202,invoice_operasional_202201_9500.txt,1860580,2022-07-17,server-arsip-surabaya,invoice|operasional|1860580|file arsip draft revisi
DOC-0002979,kontrak_manajemen_202212_1417.jpg,449397825,2022-04-18,server-arsip-surabaya,kontrak|manajemen|449397825|periode revisi pending rekap
DOC-0003974,memo_pemasaran_202308_2047.csv,1590163,2023-12-13,portal-upload-web,memo|pemasaran|1590163|data total dokumen
DOC-0003696,laporan_hukum_202307_7198.txt,1273866,2023-03-25,server-arsip-surabaya,laporan|hukum|1273866|total data pending
DOC-0002202,presentasi_logistik_202405_8612.jpg,1018072,2022-12-19,server-arsip-jakarta,presentasi|logistik|1018072|periode pending total file
DOC-0000419,gambar_logistik_202303_0236.pdf,238486,2023-09-29,nas-lokal-01,gambar|logistik|238486|draft pending data file
DOC-0000513,gambar_sdm_202208_4525.docx,21074528,2022-10-07,cloud-storage-aws,gambar|sdm|21074528|file dokumen total final
DOC-0002650,presentasi_sdm_202309_5900.json,3216009,2022-02-20,nas-lokal-02,presentasi|sdm|3216009|final arsip pending data
DOC-0001227,backup_operasional_202312_9788.zip,294686,2022-12-31,ftp-pusat,backup|operasional|294686|draft data total approved
DOC-0004313,invoice_keuangan_202204_0089.docx,154010,2024-01-14,nas-lokal-02,invoice|keuangan|154010|draft pending data approved
DOC-0003380,presentasi_keuangan_202201_4928.docx,1953653,2023-02-04,backup-eksternal,presentasi|keuangan|1953653|total final dokumen data
DOC-0000853,invoice_riset_202410_8109.txt,178961,2023-06-25,ftp-pusat,invoice|riset|178961|approved arsip rekap draft
DOC-0001822,backup_operasional_202407_5557.xml,103313,2022-08-02,ftp-pusat,backup|operasional|103313|final periode rekap
DOC-0000227,backup_teknologi_202401_3760.png,477409,2023-06-05,nas-lokal-02,backup|teknologi|477409|rekap arsip revisi file
DOC-0002898,gambar_sdm_202302_5941.txt,431918,2022-03-27,cloud-storage-gcp,gambar|sdm|431918|file total pending
DOC-0001992,log_riset_202302_4531.xlsx,9955119,2024-08-14,backup-eksternal,log|riset|9955119|approved final dokumen total
DOC-0002825,invoice_operasional_202301_8506.png,4668007,2022-02-17,nas-lokal-01,invoice|operasional|4668007|file pending total dokumen data
DOC-0002438,backup_keuangan_202310_4289.csv,3060840,2022-05-03,nas-lokal-01,backup|keuangan|3060840|arsip total draft data revisi
DOC-0002251,invoice_riset_202307_8280.csv,1786134,2022-04-12,nas-lokal-02,invoice|riset|1786134|file dokumen data
DOC-0004038,log_pemasaran_202305_3323.pdf,487279769,2024-02-28,server-arsip-bandung,log|pemasaran|487279769|draft total final
DOC-0001711,invoice_manajemen_202402_7658.csv,5234087,2022-04-11,server-arsip-jakarta,invoice|manajemen|5234087|periode pending approved
DOC-0004029,gambar_sdm_202307_7291.xlsx,323827,2023-04-08,cloud-storage-gcp,gambar|sdm|323827|draft arsip approved rekap total
DOC-0004227,surat_logistik_202310_0917.xlsx,464721,2023-12-26,server-arsip-surabaya,surat|logistik|464721|data revisi final
DOC-0004108,surat_keuangan_202408_8276.zip,4002214,2024-11-10,cloud-storage-aws,surat|keuangan|4002214|total rekap periode
DOC-0003775,kontrak_teknologi_202311_1112.json,128415,2022-11-30,portal-upload-web,kontrak|teknologi|128415|final draft arsip
DUP-0000203,backup_logistik_202303_7250.xlsx,3067620,2024-11-01,cloud-storage-gcp,backup|logistik|3067620|rekap file revisi
DOC-0003590,surat_operasional_202206_4560.docx,351462,2022-01-13,backup-eksternal,surat|operasional|351462|final pending total arsip
DOC-0003174,dataset_manajemen_202209_5818.jpg,110154,2023-06-16,server-arsip-bandung,dataset|manajemen|110154|periode file approved revisi
DOC-0001972,presentasi_audit_202305_2936.json,37735418,2024-10-26,cloud-storage-aws,presentasi|audit|37735418|arsip approved pending
DOC-0000611,invoice_riset_202203_7325.json,2484430,2024-01-29,server-arsip-jakarta,invoice|riset|2484430|rekap revisi file
DOC-0002033,dataset_keuangan_202204_0333.jpg,41122398,2022-12-15,nas-lokal-01,dataset|keuangan|41122398|pending periode arsip final approved
DOC-0001802,gambar_operasional_202204_2158.txt,216696,2024-02-01,server-arsip-jakarta,gambar|operasional|216696|revisi data dokumen final file
DOC-0002937,presentasi_hukum_202306_7336.zip,117511,2024-08-12,server-arsip-jakarta,presentasi|hukum|117511|dokumen approved rekap data
DUP-0000020,presentasi_manajemen_202403_7889.pdf,31082293,2024-12-22,backup-eksternal,presentasi|manajemen|31082293|rekap periode draft total data
DOC-0002239,kontrak_keuangan_202407_5860.txt,302398379,2024-05-14,cloud-storage-gcp,kontrak|keuangan|302398379|rekap total dokumen
DOC-0002210,laporan_hukum_202412_5987.zip,287089,2023-02-02,server-arsip-bandung,laporan|hukum|287089|draft final revisi
DOC-0001779,gambar_audit_202403_2219.jpg,41107698,2022-08-05,server-arsip-jakarta,gambar|audit|41107698|rekap pending periode file final
DOC-0004293,kontrak_sdm_202309_6454.xml,7638063,2024-04-27,nas-lokal-02,kontrak|sdm|7638063|rekap pending file
DOC-0003478,surat_operasional_202306_0767.csv,315224,2022-12-20,portal-upload-web,surat|operasional|315224|rekap revisi arsip draft approved
DOC-0001245,backup_keuangan_202401_9250.xml,21788802,2024-09-23,server-arsip-jakarta,backup|keuangan|21788802|final periode draft
DOC-0004258,presentasi_teknologi_202302_8930.docx,26074297,2022-10-13,nas-lokal-02,presentasi|teknologi|26074297|periode file pending total
DOC-0000737,laporan_hukum_202202_6555.png,662125,2023-02-02,backup-eksternal,laporan|hukum|662125|draft data rekap
DUP-0000084,laporan_hukum_202410_1329.json,399125,2022-06-19,cloud-storage-aws,laporan|hukum|399125|total pending arsip draft
DOC-0001691,invoice_operasional_202201_5114.txt,274136,2022-01-13,backup-eksternal,invoice|operasional|274136|file draft total revisi
DOC-0000569,dataset_operasional_202311_8114.jpg,1352202,2023-10-20,cloud-storage-gcp,dataset|operasional|1352202|total dokumen data periode
DOC-0001934,kontrak_hukum_202411_0606.jpg,45112397,2024-03-01,nas-lokal-01,kontrak|hukum|45112397|approved total final
DOC-0001275,presentasi_hukum_202403_0060.xlsx,128994958,2022-06-18,backup-eksternal,presentasi|hukum|128994958|final draft file total
DOC-0003448,memo_pemasaran_202212_4400.xml,28548979,2024-07-15,nas-lokal-01,memo|pemasaran|28548979|data rekap total
DOC-0004333,backup_teknologi_202404_4485.docx,2836748,2023-07-04,portal-upload-web,backup|teknologi|2836748|dokumen total approved data draft
DOC-0003730,invoice_audit_202304_2452.txt,16913572,2022-08-26,portal-upload-web,invoice|audit|16913572|dokumen periode final pending
DOC-0002756,dataset_keuangan_202210_6191.docx,2638393,2023-09-20,server-arsip-jakarta,dataset|keuangan|2638393|rekap file dokumen periode draft
DOC-0000460,kontrak_sdm_202203_6877.csv,2516374,2022-05-29,nas-lokal-02,kontrak|sdm|2516374|draft rekap pending total data
DOC-0000593,log_pemasaran_202201_5272.txt,2081690,2022-04-06,nas-lokal-01,log|pemasaran|2081690|final revisi arsip
DOC-0000265,invoice_hukum_202302_7121.xlsx,90603,2023-04-15,server-arsip-surabaya,invoice|hukum|90603|file arsip data dokumen
DOC-0004245,memo_riset_202207_8814.jpg,277724,2022-10-24,server-arsip-jakarta,memo|riset|277724|periode rekap file
DOC-0001421,laporan_logistik_202409_0423.txt,373315,2022-06-12,server-arsip-surabaya,laporan|logistik|373315|dokumen arsip rekap final
DUP-0000401,laporan_sdm_202211_2072.png,995729,2023-04-01,server-arsip-bandung,laporan|sdm|995729|periode draft pending data
DOC-0000113,kontrak_riset_202303_8881.pdf,113662,2023-01-23,server-arsip-bandung,kontrak|riset|113662|total revisi periode draft data
DOC-0003274,dataset_operasional_202403_4539.json,374658,2022-10-09,backup-eksternal,dataset|operasional|374658|revisi final approved arsip periode
DOC-0004079,dataset_keuangan_202410_7978.png,848438,2024-12-28,portal-upload-web,dataset|keuangan|848438|periode rekap pending arsip revisi
DOC-0004382,backup_keuangan_202405_6448.pdf,4803173,2023-08-19,server-arsip-surabaya,backup|keuangan|4803173|pending revisi final draft file
DOC-0000162,kontrak_audit_202310_5430.csv,7672040,2024-05-23,server-arsip-bandung,kontrak|audit|7672040|periode total revisi pending arsip
DOC-0003021,invoice_operasional_202312_8657.docx,51411,2022-08-10,nas-lokal-02,invoice|operasional|51411|revisi total draft
DOC-0002290,invoice_teknologi_202411_4572.png,2780496,2024-10-06,portal-upload-web,invoice|teknologi|2780496|periode dokumen pending draft total
DOC-0001673,gambar_riset_202307_6623.docx,32663222,2023-05-24,cloud-storage-gcp,gambar|riset|32663222|file rekap arsip
DUP-0000074,memo_audit_202411_6090.txt,4893658,2022-08-21,backup-eksternal,memo|audit|4893658|dokumen data approved arsip
DOC-0000832,log_manajemen_202403_0673.jpg,857021,2022-08-29,portal-upload-web,log|manajemen|857021|dokumen total arsip final revisi
DOC-0003602,surat_riset_202405_3093.txt,3985483,2024-04-13,nas-lokal-01,surat|riset|3985483|approved dokumen final total pending
DOC-0004377,surat_manajemen_202301_1754.png,401651,2022-04-08,server-arsip-surabaya,surat|manajemen|401651|revisi dokumen final total data
DOC-0002673,presentasi_manajemen_202209_4271.jpg,413773,2023-03-06,portal-upload-web,presentasi|manajemen|413773|pending final arsip approved rekap
DOC-0004414,invoice_manajemen_202408_5938.txt,30599395,2024-09-07,cloud-storage-gcp,invoice|manajemen|30599395|periode file arsip
DOC-0004480,memo_sdm_202208_4144.zip,2181556,2024-03-11,ftp-pusat,memo|sdm|2181556|approved revisi arsip file final
DOC-0002357,invoice_operasional_202208_4232.docx,383914,2022-03-27,cloud-storage-gcp,invoice|operasional|383914|draft total file approved revisi
DOC-0003201,kontrak_sdm_202206_4959.xml,2156730,2023-03-11,server-arsip-jakarta,kontrak|sdm|2156730|dokumen rekap revisi final total
DUP-0000413,log_sdm_202211_3708.json,366723,2022-11-08,ftp-pusat,log|sdm|366723|approved revisi final rekap file
DOC-0003741,gambar_manajemen_202305_5824.xml,447281,2022-03-30,ftp-pusat,gambar|manajemen|447281|draft final arsip dokumen
DUP-0000215,dataset_teknologi_202403_4002.txt,41271008,2023-09-08,portal-upload-web,dataset|teknologi|41271008|periode final draft pending
DUP-0000151,surat_audit_202403_0480.txt,401863096,2023-10-30,server-arsip-surabaya,surat|audit|401863096|periode dokumen data
DOC-0003923,gambar_sdm_202410_1382.zip,243803,2022-05-24,nas-lokal-02,gambar|sdm|243803|pending dokumen arsip
DOC-0000235,surat_sdm_202412_1097.txt,4555248,2023-04-10,backup-eksternal,surat|sdm|4555248|pending approved draft dokumen revisi
DOC-0003133,log_keuangan_202212_2961.txt,123701,2024-11-20,backup-eksternal,log|keuangan|123701|data periode draft approved
DOC-0000214,presentasi_sdm_202202_1346.zip,207576,2022-06-18,server-arsip-jakarta,presentasi|sdm|207576|arsip approved pending
DOC-0002767,presentasi_audit_202402_5594.jpg,4530100,2024-04-12,server-arsip-bandung,presentasi|audit|4530100|periode total pending revisi
DOC-0003489,memo_sdm_202201_3578.xlsx,4295365,2024-10-03,cloud-storage-gcp,memo|sdm|4295365|draft data rekap arsip revisi
DOC-0003579,laporan_teknologi_202402_4397.png,26521563,2023-10-01,server-arsip-surabaya,laporan|teknologi|26521563|arsip revisi approved file pending
DUP-0000253,log_hukum_202202_9541.xml,3475169,2022-01-04,ftp-pusat,log|hukum|3475169|rekap total final approved
DUP-0000274,gambar_operasional_202201_2221.csv,41479,2024-08-27,nas-lokal-02,gambar|operasional|41479|final pending revisi rekap periode
DOC-0003310,memo_logistik_202201_1510.xml,244348,2023-08-09,backup-eksternal,memo|logistik|244348|periode final pending draft total
DOC-0003559,backup_manajemen_202201_2242.docx,87497,2022-03-18,cloud-storage-aws,backup|manajemen|87497|arsip data pending rekap dokumen
DOC-0002461,log_teknologi_202207_2388.jpg,1681868,2024-11-23,nas-lokal-02,log|teknologi|1681868|final periode pending
DOC-0001367,surat_teknologi_202412_8516.pdf,703912,2022-02-20,nas-lokal-01,surat|teknologi|703912|pending file total draft arsip
DOC-0001228,kontrak_hukum_202409_9591.json,2482654,2024-05-18,backup-eksternal,kontrak|hukum|2482654|data revisi draft file
DOC-0001588,kontrak_teknologi_202402_0109.xlsx,386348,2022-06-24,server-arsip-surabaya,kontrak|teknologi|386348|final file revisi total data
DOC-0002607,dataset_riset_202305_3044.zip,343340,2023-12-04,server-arsip-surabaya,dataset|riset|343340|pending file approved arsip
DOC-0000910,backup_hukum_202403_3716.json,3052652,2023-04-10,server-arsip-surabaya,backup|hukum|3052652|total approved draft file
DOC-0002509,surat_logistik_202304_8751.txt,2303726,2022-04-03,server-arsip-bandung,surat|logistik|2303726|total arsip final
DOC-0002185,backup_manajemen_202310_5043.pdf,256387665,2023-05-11,nas-lokal-01,backup|manajemen|256387665|data draft arsip rekap
DOC-0003221,laporan_logistik_202402_5070.xlsx,30643915,2023-09-04,portal-upload-web,laporan|logistik|30643915|data total dokumen arsip pending
DOC-0002672,laporan_riset_202309_3695.png,206108,2023-03-25,nas-lokal-01,laporan|riset|206108|draft approved revisi arsip
DOC-0001263,laporan_teknologi_202207_3651.zip,3908023,2024-10-14,backup-eksternal,laporan|teknologi|3908023|periode pending total dokumen rekap
DOC-0004458,log_pemasaran_202202_3656.txt,1380101,2022-04-22,ftp-pusat,log|pemasaran|1380101|periode total file
DOC-0000290,backup_hukum_202403_9785.json,12517175,2024-12-08,server-arsip-jakarta,backup|hukum|12517175|file approved draft
DOC-0004074,dataset_audit_202402_5433.jpg,86031,2023-12-28,cloud-storage-gcp,dataset|audit|86031|revisi pending file
DOC-0004076,memo_teknologi_202207_3971.xlsx,305425,2022-09-19,ftp-pusat,memo|teknologi|305425|pending draft data final
DOC-0000484,invoice_keuangan_202401_5836.pdf,4037937,2023-05-16,server-arsip-jakarta,invoice|keuangan|4037937|arsip file approved data final
DOC-0000054,dataset_keuangan_202311_5637.png,22013052,2023-12-23,cloud-storage-aws,dataset|keuangan|22013052|pending rekap draft file
DOC-0002513,log_riset_202304_7757.json,3893402,2022-02-08,server-arsip-jakarta,log|riset|3893402|data arsip dokumen final revisi
DOC-0003374,memo_audit_202204_2279.txt,385725,2022-10-10,cloud-storage-gcp,memo|audit|385725|approved revisi pending
DUP-0000428,kontrak_sdm_202401_7977.pdf,22826228,2024-04-09,cloud-storage-aws,kontrak|sdm|22826228|total draft revisi data
DOC-0001478,gambar_riset_202207_5134.jpg,408095,2022-07-17,server-arsip-bandung,gambar|riset|408095|data periode total final draft
DOC-0001736,invoice_logistik_202311_1400.txt,49090,2022-12-30,server-arsip-jakarta,invoice|logistik|49090|periode final total
DOC-0002721,invoice_audit_202402_2301.xlsx,3229586,2024-02-21,nas-lokal-02,invoice|audit|3229586|data arsip approved
DOC-0003331,memo_sdm_202410_2510.xlsx,434261,2023-11-24,nas-lokal-01,memo|sdm|434261|revisi rekap data file draft
DOC-0004404,dataset_pemasaran_202401_3343.zip,29458272,2024-03-28,cloud-storage-aws,dataset|pemasaran|29458272|periode approved file revisi pending
DOC-0002836,laporan_hukum_202210_6738.csv,4017958,2024-07-13,cloud-storage-aws,laporan|hukum|4017958|periode draft rekap dokumen
DOC-0000775,invoice_audit_202306_3218.xlsx,191063,2024-10-23,nas-lokal-02,invoice|audit|191063|final pending dokumen rekap periode
DOC-0003831,laporan_riset_202202_5564.png,180447,2024-06-06,cloud-storage-gcp,laporan|riset|180447|approved rekap arsip pending periode
DOC-0003438,kontrak_sdm_202405_9388.txt,2736136,2023-08-17,cloud-storage-gcp,kontrak|sdm|2736136|data final arsip file
DOC-0000920,laporan_manajemen_202302_7503.xlsx,417300,2023-09-15,nas-lokal-02,laporan|manajemen|417300|approved final periode file
DOC-0002296,invoice_audit_202209_5817.xml,38300584,2024-05-11,backup-eksternal,invoice|audit|38300584|dokumen total rekap draft
DOC-0001374,presentasi_logistik_202403_9471.txt,276424,2022-12-07,cloud-storage-gcp,presentasi|logistik|276424|arsip periode file pending revisi
DOC-0004469,laporan_pemasaran_202407_7197.txt,4521251,2024-07-22,server-arsip-jakarta,laporan|pemasaran|4521251|revisi pending file data approved
DUP-0000471,gambar_audit_202406_5559.pdf,283110,2024-11-05,cloud-storage-aws,gambar|audit|283110|arsip draft approved final
DOC-0000908,laporan_hukum_202406_7861.xml,80628,2023-03-24,backup-eksternal,laporan|hukum|80628|data revisi total draft pending
DOC-0000930,memo_sdm_202311_8978.json,8548653,2022-01-05,server-arsip-surabaya,memo|sdm|8548653|dokumen data revisi file
DOC-0003484,kontrak_sdm_202205_4245.txt,85307,2022-10-11,cloud-storage-gcp,kontrak|sdm|85307|approved rekap arsip
DOC-0002769,invoice_manajemen_202402_6951.docx,227784,2022-12-14,cloud-storage-gcp,invoice|manajemen|227784|data file approved arsip dokumen
DOC-0001348,memo_manajemen_202303_3749.xml,233847773,2022-08-12,backup-eksternal,memo|manajemen|233847773|rekap revisi data draft dokumen
DOC-0000343,kontrak_hukum_202201_5798.csv,475445645,2022-12-30,backup-eksternal,kontrak|hukum|475445645|dokumen arsip total data
DOC-0002878,log_sdm_202405_5587.zip,367756484,2022-03-27,server-arsip-surabaya,log|sdm|367756484|final draft pending total approved
DOC-0000041,gambar_hukum_202206_5031.docx,2980625,2024-07-15,nas-lokal-02,gambar|hukum|2980625|total arsip periode approved revisi
DOC-0002473,invoice_audit_202302_3695.zip,2017267,2024-03-23,server-arsip-surabaya,invoice|audit|2017267|revisi arsip rekap
DOC-0000932,log_logistik_202312_0310.json,421183136,2023-10-31,server-arsip-surabaya,log|logistik|421183136|final total data
DOC-0003746,backup_teknologi_202308_0994.txt,213099,2023-12-09,server-arsip-surabaya,backup|teknologi|213099|pending dokumen periode draft revisi
DOC-0001195,log_teknologi_202407_7770.zip,58746,2023-03-17,server-arsip-jakarta,log|teknologi|58746|draft revisi periode approved pending
DOC-0001280,backup_sdm_202205_8709.txt,264503,2023-12-02,ftp-pusat,backup|sdm|264503|total dokumen pending rekap file
DOC-0001604,gambar_operasional_202202_2625.zip,19136892,2022-12-09,server-arsip-surabaya,gambar|operasional|19136892|dokumen draft final
DOC-0003805,laporan_riset_202202_3894.xml,6850524,2022-02-12,nas-lokal-01,laporan|riset|6850524|dokumen approved revisi
DOC-0004311,backup_riset_202406_7237.jpg,85285,2024-11-30,server-arsip-surabaya,backup|riset|85285|data revisi file
DOC-0000983,gambar_operasional_202207_5216.json,862651,2022-10-22,backup-eksternal,gambar|operasional|862651|total revisi approved arsip
DOC-0000429,log_teknologi_202305_0773.jpg,142759,2022-03-06,nas-lokal-02,log|teknologi|142759|final data draft file
DOC-0000976,invoice_pemasaran_202408_8589.png,843387,2023-05-08,server-arsip-jakarta,invoice|pemasaran|843387|arsip rekap total
DOC-0003621,gambar_manajemen_202311_0755.pdf,222978219,2024-03-04,cloud-storage-gcp,gambar|manajemen|222978219|file data arsip
DOC-0000067,laporan_manajemen_202402_1164.pdf,3506054,2022-05-11,ftp-pusat,laporan|manajemen|3506054|file periode revisi dokumen
DOC-0002374,surat_operasional_202407_7502.xml,26362049,2022-10-05,nas-lokal-02,surat|operasional|26362049|periode total revisi
DOC-0000066,kontrak_logistik_202412_4992.txt,3099003,2023-11-08,cloud-storage-aws,kontrak|logistik|3099003|arsip approved periode file draft
DOC-0003997,presentasi_hukum_202205_5365.json,14857187,2022-04-23,ftp-pusat,presentasi|hukum|14857187|approved rekap pending total revisi
DUP-0000463,invoice_manajemen_202402_7557.json,88271,2024-09-16,cloud-storage-gcp,invoice|manajemen|88271|arsip dokumen file
DOC-0002884,invoice_riset_202210_1733.xml,112433,2024-02-12,backup-eksternal,invoice|riset|112433|data pending draft arsip approved
DOC-0003797,laporan_hukum_202410_4187.xlsx,2273294,2024-01-01,cloud-storage-gcp,laporan|hukum|2273294|approved final file
DOC-0003349,kontrak_sdm_202308_6527.zip,3406792,2023-03-23,server-arsip-jakarta,kontrak|sdm|3406792|arsip file revisi pending rekap
DOC-0001846,backup_sdm_202404_8622.zip,36367569,2024-06-03,cloud-storage-gcp,backup|sdm|36367569|rekap approved pending
DOC-0000902,dataset_audit_202412_3692.json,3970919,2023-01-27,nas-lokal-01,dataset|audit|3970919|file pending rekap data
DOC-0003112,kontrak_sdm_202307_1386.xlsx,235066,2023-10-26,cloud-storage-aws,kontrak|sdm|235066|rekap file periode
DUP-0000491,log_hukum_202207_6170.txt,46778457,2023-06-27,ftp-pusat,log|hukum|46778457|dokumen data arsip revisi
DOC-0003552,log_teknologi_202310_1919.csv,251464946,2024-09-25,nas-lokal-01,log|teknologi|251464946|pending arsip revisi
DOC-0000545,backup_audit_202207_3299.zip,3096354,2024-02-29,nas-lokal-01,backup|audit|3096354|file rekap final draft
DOC-0004407,gambar_keuangan_202311_1068.xlsx,19541,2022-03-30,nas-lokal-01,gambar|keuangan|19541|final rekap data approved
DOC-0000921,laporan_hukum_202207_3575.jpg,266699,2022-05-17,portal-upload-web,laporan|hukum|266699|draft data approved file arsip
DOC-0000311,log_teknologi_202406_0418.docx,111362,2022-04-09,server-arsip-bandung,log|teknologi|111362|arsip rekap dokumen final
DOC-0002915,log_audit_202203_1683.pdf,414278987,2024-07-14,backup-eksternal,log|audit|414278987|dokumen file rekap periode
DOC-0004416,backup_keuangan_202407_2303.csv,37411,2024-12-02,cloud-storage-aws,backup|keuangan|37411|file draft pending total
DUP-0000367,invoice_pemasaran_202311_8196.xlsx,2881769,2022-10-21,portal-upload-web,invoice|pemasaran|2881769|file dokumen final draft
DOC-0003647,memo_teknologi_202205_1487.zip,1967663,2022-02-27,server-arsip-surabaya,memo|teknologi|1967663|periode draft rekap data
DOC-0003167,backup_pemasaran_202308_6683.xml,108638,2024-05-17,nas-lokal-01,backup|pemasaran|108638|rekap revisi total file
DOC-0003242,memo_operasional_202205_8167.pdf,240651,2024-08-02,server-arsip-surabaya,memo|operasional|240651|revisi dokumen approved
DOC-0003937,laporan_logistik_202201_3454.pdf,214106,2024-06-26,cloud-storage-gcp,laporan|logistik|214106|file draft pending total
DOC-0000087,laporan_logistik_202204_7143.xlsx,373654,2024-01-30,backup-eksternal,laporan|logistik|373654|periode pending dokumen rekap revisi
DOC-0001426,backup_sdm_202311_1167.jpg,14840014,2024-02-13,cloud-storage-gcp,backup|sdm|14840014|pending rekap data
DOC-0000619,surat_pemasaran_202205_5457.pdf,1186488,2023-12-14,cloud-storage-aws,surat|pemasaran|1186488|periode dokumen rekap
DUP-0000430,backup_riset_202411_9937.json,4621373,2024-06-15,cloud-storage-aws,backup|riset|4621373|revisi arsip file total
DOC-0002355,presentasi_hukum_202204_5399.json,8763869,2022-11-18,cloud-storage-gcp,presentasi|hukum|8763869|total file pending arsip
DOC-0002298,presentasi_audit_202206_0300.png,79745397,2022-06-25,nas-lokal-01,presentasi|audit|79745397|final file dokumen data
DOC-0001399,laporan_audit_202410_4870.txt,2887123,2023-07-21,nas-lokal-01,laporan|audit|2887123|data file final dokumen
DOC-0004307,gambar_sdm_202204_3739.json,208191,2022-09-18,backup-eksternal,gambar|sdm|208191|rekap dokumen final data
DOC-0002171,presentasi_teknologi_202205_5173.zip,4210291,2022-07-05,portal-upload-web,presentasi|teknologi|4210291|pending data rekap arsip final
DOC-0004423,presentasi_operasional_202208_2381.xml,59182,2022-08-08,server-arsip-bandung,presentasi|operasional|59182|periode revisi total
DOC-0000988,laporan_sdm_202204_3489.csv,247071,2023-03-30,server-arsip-surabaya,laporan|sdm|247071|draft data dokumen final file
DOC-0000647,gambar_keuangan_202407_6716.xlsx,4038518,2022-01-10,nas-lokal-01,gambar|keuangan|4038518|final periode arsip
DOC-0001379,backup_operasional_202207_2834.jpg,13650196,2023-03-02,server-arsip-jakarta,backup|operasional|13650196|revisi approved rekap
DOC-0003599,invoice_teknologi_202408_8046.png,27783413,2023-11-18,server-arsip-surabaya,invoice|teknologi|27783413|periode total file
DOC-0002792,kontrak_operasional_202310_8118.jpg,646294,2022-03-30,cloud-storage-gcp,kontrak|operasional|646294|final arsip draft dokumen
DOC-0003205,log_teknologi_202410_8130.txt,72539,2022-01-01,nas-lokal-02,log|teknologi|72539|rekap approved final total
DOC-0002820,kontrak_sdm_202301_4620.pdf,85515,2022-10-19,server-arsip-surabaya,kontrak|sdm|85515|draft dokumen revisi data periode
DOC-0000333,dataset_sdm_202301_5905.txt,374643,2024-03-10,nas-lokal-02,dataset|sdm|374643|dokumen draft pending rekap arsip
DOC-0003359,surat_keuangan_202407_5042.txt,131999,2024-11-08,nas-lokal-02,surat|keuangan|131999|rekap file pending final
DUP-0000358,dataset_manajemen_202305_6443.png,184273,2022-02-04,nas-lokal-02,dataset|manajemen|184273|revisi final periode approved rekap
DOC-0001810,backup_teknologi_202211_7485.json,2320521,2023-02-01,server-arsip-surabaya,backup|teknologi|2320521|pending arsip revisi approved periode
DUP-0000467,laporan_riset_202305_9490.xml,389753,2023-07-11,nas-lokal-01,laporan|riset|389753|draft arsip revisi dokumen total
DOC-0002389,memo_pemasaran_202201_1575.csv,183475847,2024-08-29,ftp-pusat,memo|pemasaran|183475847|approved periode pending final
DUP-0000177,backup_logistik_202310_1938.png,418663,2022-09-28,server-arsip-jakarta,backup|logistik|418663|final draft file rekap periode
DUP-0000076,memo_sdm_202306_4520.txt,1161296,2022-04-27,cloud-storage-aws,memo|sdm|1161296|pending final total
DOC-0002736,memo_operasional_202405_6532.zip,127118,2022-06-03,nas-lokal-02,memo|operasional|127118|periode file data pending arsip
DOC-0001146,gambar_hukum_202307_7081.json,444775,2023-10-30,server-arsip-jakarta,gambar|hukum|444775|draft total arsip dokumen approved
DOC-0002588,gambar_hukum_202202_2964.jpg,503493,2022-04-29,cloud-storage-aws,gambar|hukum|503493|pending periode dokumen total
DOC-0001407,presentasi_teknologi_202411_5424.xlsx,3130349,2022-09-01,cloud-storage-gcp,presentasi|teknologi|3130349|pending periode final rekap revisi
DOC-0001053,log_operasional_202212_5054.xlsx,316461,2022-10-14,nas-lokal-02,log|operasional|316461|revisi pending approved draft rekap
DOC-0004093,log_pemasaran_202208_3825.jpg,23999991,2023-10-12,server-arsip-jakarta,log|pemasaran|23999991|periode total final
DOC-0002245,laporan_pemasaran_202208_1708.csv,372298,2023-04-04,cloud-storage-gcp,laporan|pemasaran|372298|approved revisi total rekap pending
DOC-0000373,presentasi_sdm_202201_9690.xlsx,3650568,2023-02-01,nas-lokal-01,presentasi|sdm|3650568|file approved total rekap
DOC-0002243,dataset_keuangan_202211_5537.txt,3416774,2022-11-01,cloud-storage-aws,dataset|keuangan|3416774|file approved data draft
DOC-0000827,dataset_keuangan_202205_0186.png,5180714,2023-05-19,server-arsip-jakarta,dataset|keuangan|5180714|final draft file total dokumen
DOC-0000892,memo_sdm_202405_6789.xml,27809346,2022-02-17,nas-lokal-02,memo|sdm|27809346|revisi periode pending
DOC-0002412,memo_audit_202206_5432.jpg,38160576,2023-04-04,cloud-storage-aws,memo|audit|38160576|total data pending
DOC-0000960,invoice_hukum_202212_1602.png,469750,2023-09-26,server-arsip-jakarta,invoice|hukum|469750|final pending rekap
DOC-0000656,surat_logistik_202205_1545.csv,35165913,2023-04-22,server-arsip-jakarta,surat|logistik|35165913|rekap dokumen total draft revisi
DOC-0004303,laporan_manajemen_202410_3389.png,450851,2024-12-24,server-arsip-surabaya,laporan|manajemen|450851|periode data total
DOC-0001596,gambar_logistik_202403_8853.xml,7970292,2024-10-11,cloud-storage-gcp,gambar|logistik|7970292|file arsip pending total
DOC-0004440,kontrak_pemasaran_202404_0605.xml,21540462,2022-05-08,portal-upload-web,kontrak|pemasaran|21540462|periode data file final total
DUP-0000144,laporan_sdm_202308_9375.xlsx,1642462,2024-11-15,ftp-pusat,laporan|sdm|1642462|draft dokumen final
DOC-0002828,invoice_logistik_202408_3609.docx,4608572,2023-08-29,backup-eksternal,invoice|logistik|4608572|final dokumen approved pending
DOC-0001005,invoice_audit_202307_5612.jpg,368094,2022-05-27,nas-lokal-01,invoice|audit|368094|arsip periode rekap
DUP-0000206,memo_audit_202204_2279.txt,385725,2022-10-10,cloud-storage-gcp,memo|audit|385725|approved revisi pending
DUP-0000276,memo_operasional_202305_9586.json,11397107,2023-07-14,nas-lokal-02,memo|operasional|11397107|draft periode arsip
DOC-0000272,laporan_hukum_202410_1329.json,399125,2022-06-19,cloud-storage-aws,laporan|hukum|399125|total pending arsip draft
DOC-0001171,invoice_riset_202305_1565.xml,4668305,2023-02-22,server-arsip-bandung,invoice|riset|4668305|draft total arsip
DOC-0000293,presentasi_keuangan_202203_2584.zip,223531,2023-03-18,portal-upload-web,presentasi|keuangan|223531|arsip periode total revisi pending
DOC-0000801,laporan_sdm_202305_4413.xml,482569,2023-03-24,nas-lokal-01,laporan|sdm|482569|approved data periode final draft
DOC-0002808,surat_riset_202312_6017.zip,5913437,2022-01-16,portal-upload-web,surat|riset|5913437|final periode arsip total approved
DUP-0000070,gambar_logistik_202303_3695.pdf,4984090,2023-10-08,server-arsip-bandung,gambar|logistik|4984090|file pending approved
DUP-0000347,gambar_manajemen_202401_7521.csv,374135,2023-03-04,backup-eksternal,gambar|manajemen|374135|periode file dokumen total pending
DOC-0004032,laporan_manajemen_202201_1110.xml,4480960,2024-06-14,cloud-storage-gcp,laporan|manajemen|4480960|data draft final pending total
DOC-0004006,log_operasional_202305_9767.json,4712917,2022-05-07,server-arsip-surabaya,log|operasional|4712917|rekap pending data
DOC-0003299,surat_hukum_202206_5992.xlsx,1170497,2024-10-23,ftp-pusat,surat|hukum|1170497|arsip revisi dokumen periode data
DOC-0004078,laporan_hukum_202407_7246.zip,4004246,2023-02-24,portal-upload-web,laporan|hukum|4004246|file periode pending arsip revisi
DOC-0000088,surat_pemasaran_202305_2876.pdf,1781029,2023-12-19,backup-eksternal,surat|pemasaran|1781029|data rekap approved
DUP-0000329,memo_pemasaran_202311_7101.pdf,486783,2022-06-09,portal-upload-web,memo|pemasaran|486783|draft arsip data pending
DOC-0003549,kontrak_pemasaran_202210_1908.pdf,15343483,2024-01-11,cloud-storage-aws,kontrak|pemasaran|15343483|revisi pending draft periode
DOC-0002989,log_teknologi_202409_7346.xml,147840,2024-02-04,portal-upload-web,log|teknologi|147840|dokumen file pending final
DOC-0002780,surat_logistik_202405_5111.jpg,4017819,2023-09-26,portal-upload-web,surat|logistik|4017819|total rekap approved revisi periode
DOC-0004096,memo_hukum_202409_1421.zip,36428664,2024-09-21,nas-lokal-02,memo|hukum|36428664|rekap data total
DOC-0003390,presentasi_manajemen_202412_8002.pdf,165030,2023-05-24,backup-eksternal,presentasi|manajemen|165030|file draft dokumen
DOC-0003175,kontrak_logistik_202304_7780.xlsx,148455,2022-08-06,nas-lokal-01,kontrak|logistik|148455|rekap final draft total approved
DUP-0000460,dataset_pemasaran_202201_0776.zip,1948892,2022-09-25,server-arsip-surabaya,dataset|pemasaran|1948892|periode file revisi pending
DOC-0000226,log_audit_202310_1029.pdf,19392,2024-08-29,nas-lokal-02,log|audit|19392|dokumen file revisi draft
DOC-0001936,memo_keuangan_202209_8866.xlsx,37252372,2024-05-01,ftp-pusat,memo|keuangan|37252372|data periode total
DOC-0002632,invoice_keuangan_202310_2787.jpg,410342,2022-12-07,cloud-storage-aws,invoice|keuangan|410342|dokumen pending approved file periode
DOC-0000912,kontrak_hukum_202405_1349.json,3492524,2024-09-24,cloud-storage-gcp,kontrak|hukum|3492524|dokumen total approved data pending
DOC-0003376,memo_audit_202308_4638.json,2828054,2022-07-04,backup-eksternal,memo|audit|2828054|final revisi file dokumen
DOC-0000759,backup_teknologi_202410_9146.txt,16418945,2024-05-30,nas-lokal-01,backup|teknologi|16418945|draft dokumen rekap
DOC-0000039,gambar_teknologi_202212_4577.png,4189839,2024-11-19,nas-lokal-01,gambar|teknologi|4189839|periode final draft pending
DOC-0000111,presentasi_hukum_202204_1330.zip,379176,2023-01-16,server-arsip-bandung,presentasi|hukum|379176|total rekap approved revisi arsip
DOC-0003594,presentasi_sdm_202305_5749.png,2880059,2022-09-09,portal-upload-web,presentasi|sdm|2880059|approved pending data
DUP-0000321,log_pemasaran_202311_7068.json,52072,2022-03-25,portal-upload-web,log|pemasaran|52072|total dokumen revisi draft file
DUP-0000067,gambar_teknologi_202312_9782.zip,215767,2022-01-12,portal-upload-web,gambar|teknologi|215767|draft final approved arsip pending
DOC-0000715,invoice_pemasaran_202303_6364.pdf,3910576,2022-05-29,server-arsip-jakarta,invoice|pemasaran|3910576|rekap revisi data draft
DOC-0000345,presentasi_logistik_202407_6818.xlsx,27205869,2022-04-30,nas-lokal-01,presentasi|logistik|27205869|arsip approved pending file dokumen
DOC-0002557,gambar_pemasaran_202402_4138.docx,21487850,2024-02-21,server-arsip-jakarta,gambar|pemasaran|21487850|pending arsip periode
DOC-0002572,dataset_operasional_202409_2833.csv,1138593,2024-11-10,portal-upload-web,dataset|operasional|1138593|final data revisi
DOC-0003796,gambar_riset_202302_6070.zip,4040858,2024-05-14,portal-upload-web,gambar|riset|4040858|data final pending
DOC-0002056,invoice_riset_202404_8210.pdf,280930,2022-11-12,nas-lokal-01,invoice|riset|280930|arsip data dokumen
DOC-0000864,kontrak_operasional_202408_4875.docx,815358,2022-04-20,server-arsip-surabaya,kontrak|operasional|815358|final rekap approved pending
DOC-0000835,laporan_pemasaran_202401_7800.txt,4445865,2024-09-04,cloud-storage-gcp,laporan|pemasaran|4445865|file final data pending
DOC-0001734,backup_operasional_202304_4835.pdf,1199275,2023-04-15,cloud-storage-gcp,backup|operasional|1199275|approved rekap dokumen draft
DOC-0001578,surat_manajemen_202411_0666.jpg,28379871,2024-09-24,cloud-storage-gcp,surat|manajemen|28379871|dokumen final total
DOC-0002712,kontrak_pemasaran_202401_8140.json,455308,2023-02-14,backup-eksternal,kontrak|pemasaran|455308|periode file rekap
DOC-0000540,gambar_audit_202203_7174.txt,325591,2024-03-08,server-arsip-jakarta,gambar|audit|325591|draft dokumen arsip data
DOC-0001136,dataset_manajemen_202406_3830.xml,1908288,2023-04-20,ftp-pusat,dataset|manajemen|1908288|total dokumen final file
DOC-0001837,presentasi_riset_202205_8835.xml,4891630,2024-10-19,cloud-storage-gcp,presentasi|riset|4891630|final periode pending
DOC-0003466,invoice_logistik_202312_7827.jpg,615694,2024-04-06,cloud-storage-aws,invoice|logistik|615694|rekap dokumen data
DOC-0003558,surat_keuangan_202305_9327.docx,31013835,2024-09-26,server-arsip-jakarta,surat|keuangan|31013835|dokumen final data draft
DOC-0000071,presentasi_hukum_202201_5356.xlsx,287411,2024-02-27,cloud-storage-gcp,presentasi|hukum|287411|dokumen file draft
DUP-0000211,gambar_hukum_202306_7816.zip,444468557,2024-05-30,cloud-storage-aws,gambar|hukum|444468557|dokumen draft total
DUP-0000045,laporan_hukum_202202_6317.xlsx,429324,2023-03-17,server-arsip-bandung,laporan|hukum|429324|draft periode rekap dokumen data
DOC-0003357,invoice_hukum_202312_4207.png,57132,2022-06-30,cloud-storage-gcp,invoice|hukum|57132|draft file final data
DOC-0004175,presentasi_riset_202311_3479.jpg,4397004,2024-02-07,cloud-storage-gcp,presentasi|riset|4397004|arsip draft file
DOC-0003479,backup_riset_202305_0032.pdf,349104023,2022-11-11,backup-eksternal,backup|riset|349104023|revisi approved periode data final
DOC-0001248,kontrak_sdm_202412_8357.docx,710420,2024-07-21,nas-lokal-01,kontrak|sdm|710420|arsip rekap periode revisi
DOC-0002112,invoice_operasional_202404_3052.txt,757118,2023-05-04,server-arsip-bandung,invoice|operasional|757118|approved data file pending rekap
DOC-0001140,surat_riset_202209_5403.xlsx,335175,2023-12-05,server-arsip-jakarta,surat|riset|335175|final revisi draft rekap
DOC-0003518,kontrak_riset_202207_3560.docx,53231,2023-10-10,ftp-pusat,kontrak|riset|53231|draft approved pending
DOC-0003141,dataset_sdm_202212_5492.jpg,3888128,2022-05-03,nas-lokal-01,dataset|sdm|3888128|revisi total draft
DOC-0001142,memo_pemasaran_202307_5377.txt,60397,2022-04-02,cloud-storage-gcp,memo|pemasaran|60397|total arsip data revisi
DOC-0002045,invoice_sdm_202403_4796.zip,42071155,2022-12-31,server-arsip-surabaya,invoice|sdm|42071155|periode arsip data
DOC-0001518,invoice_teknologi_202307_4488.pdf,32820383,2024-07-23,backup-eksternal,invoice|teknologi|32820383|total draft arsip
DOC-0003577,gambar_teknologi_202407_3567.csv,36402395,2022-05-08,nas-lokal-02,gambar|teknologi|36402395|arsip draft file periode
DOC-0002381,kontrak_hukum_202411_5188.zip,4575010,2024-05-25,nas-lokal-01,kontrak|hukum|4575010|periode draft data final file
DOC-0002624,gambar_logistik_202302_1691.json,65906,2022-08-12,server-arsip-jakarta,gambar|logistik|65906|total final pending revisi file
DOC-0002003,surat_keuangan_202309_2041.json,4716230,2022-04-30,server-arsip-surabaya,surat|keuangan|4716230|revisi total periode dokumen
DOC-0003237,laporan_operasional_202309_9646.csv,307316,2023-08-31,server-arsip-surabaya,laporan|operasional|307316|dokumen approved revisi final
DOC-0002749,log_teknologi_202302_2939.txt,198794715,2024-12-16,server-arsip-surabaya,log|teknologi|198794715|data final draft file total
DOC-0000129,memo_operasional_202211_6905.txt,23255,2022-06-11,nas-lokal-01,memo|operasional|23255|periode pending approved arsip
DOC-0002287,dataset_operasional_202411_6346.png,309949070,2023-01-22,server-arsip-bandung,dataset|operasional|309949070|rekap revisi periode data total
DUP-0000149,invoice_pemasaran_202411_5761.json,14662,2023-07-14,server-arsip-surabaya,invoice|pemasaran|14662|draft periode pending file rekap
DOC-0001988,log_operasional_202408_0807.json,115408,2022-12-21,portal-upload-web,log|operasional|115408|rekap revisi pending draft
DOC-0003689,gambar_operasional_202301_7993.json,1759642,2024-05-29,cloud-storage-aws,gambar|operasional|1759642|pending revisi approved
DOC-0001051,log_hukum_202308_4202.json,43391544,2024-07-26,server-arsip-jakarta,log|hukum|43391544|file revisi total dokumen
DOC-0001825,dataset_manajemen_202406_7316.jpg,3519078,2023-07-09,portal-upload-web,dataset|manajemen|3519078|total rekap approved
DUP-0000290,dataset_riset_202212_5074.txt,787018,2023-12-11,server-arsip-jakarta,dataset|riset|787018|dokumen draft arsip
DOC-0002420,laporan_manajemen_202402_5813.xlsx,34981265,2024-07-11,cloud-storage-aws,laporan|manajemen|34981265|data approved arsip draft rekap
DOC-0004002,memo_riset_202410_2184.docx,393784,2024-02-27,nas-lokal-01,memo|riset|393784|file revisi draft periode pending
DOC-0000551,backup_teknologi_202304_9420.csv,246396,2023-07-07,nas-lokal-02,backup|teknologi|246396|rekap arsip data periode
DOC-0001984,log_sdm_202304_5323.png,374256,2022-09-18,cloud-storage-aws,log|sdm|374256|approved total data arsip
DOC-0003231,log_hukum_202205_6292.docx,8568843,2022-04-04,server-arsip-surabaya,log|hukum|8568843|file draft revisi
DOC-0000931,invoice_pemasaran_202201_6624.csv,399570,2022-03-10,server-arsip-jakarta,invoice|pemasaran|399570|revisi rekap periode
DOC-0001457,log_keuangan_202405_5681.xml,3175547,2024-11-11,nas-lokal-01,log|keuangan|3175547|approved file revisi draft data
DUP-0000033,surat_manajemen_202207_8576.jpg,411331,2023-10-24,server-arsip-jakarta,surat|manajemen|411331|pending periode arsip
DOC-0004391,dataset_sdm_202302_7104.xml,59590,2022-12-22,nas-lokal-02,dataset|sdm|59590|file draft dokumen pending rekap
DOC-0001161,dataset_pemasaran_202204_4760.xml,275415,2023-06-24,nas-lokal-01,dataset|pemasaran|275415|arsip draft approved
DOC-0000186,surat_teknologi_202408_7251.docx,32416294,2022-11-04,nas-lokal-02,surat|teknologi|32416294|approved rekap arsip final revisi
DOC-0001394,log_manajemen_202206_2751.png,7615628,2023-01-07,server-arsip-bandung,log|manajemen|7615628|revisi approved arsip
DOC-0004417,memo_sdm_202210_1364.png,124240,2023-01-10,server-arsip-bandung,memo|sdm|124240|draft data dokumen
DOC-0000572,surat_audit_202402_3053.txt,4286362,2022-07-24,server-arsip-surabaya,surat|audit|4286362|total rekap file
DUP-0000386,dataset_sdm_202306_0950.json,42250829,2022-06-09,cloud-storage-gcp,dataset|sdm|42250829|dokumen file data
DUP-0000417,gambar_logistik_202303_3695.pdf,4984090,2023-10-08,server-arsip-bandung,gambar|logistik|4984090|file pending approved
DOC-0003905,presentasi_manajemen_202311_1524.docx,3462488,2024-06-17,server-arsip-surabaya,presentasi|manajemen|3462488|approved final periode total revisi
DOC-0000672,presentasi_pemasaran_202301_2154.zip,1439078,2022-08-05,server-arsip-bandung,presentasi|pemasaran|1439078|data total draft arsip file
DOC-0000391,log_keuangan_202408_6472.zip,445227,2024-12-19,backup-eksternal,log|keuangan|445227|revisi data total file pending
DOC-0002094,memo_audit_202201_1757.pdf,4778677,2023-07-07,ftp-pusat,memo|audit|4778677|total periode dokumen pending file
DOC-0002787,invoice_hukum_202411_2131.json,184259,2022-06-17,backup-eksternal,invoice|hukum|184259|file total dokumen approved rekap
DOC-0003275,backup_riset_202203_8543.json,191336,2024-10-01,cloud-storage-aws,backup|riset|191336|total file arsip pending
DOC-0001968,kontrak_riset_202305_8089.xml,3565854,2022-01-20,server-arsip-bandung,kontrak|riset|3565854|dokumen pending data draft rekap
DUP-0000034,dataset_sdm_202304_3303.jpg,2766258,2023-09-07,ftp-pusat,dataset|sdm|2766258|dokumen revisi data final file
DOC-0003533,kontrak_riset_202212_2192.txt,31947227,2022-10-04,portal-upload-web,kontrak|riset|31947227|draft total data
DOC-0001590,memo_keuangan_202309_2413.xlsx,70165,2023-04-13,server-arsip-bandung,memo|keuangan|70165|pending dokumen data
DOC-0001135,dataset_pemasaran_202410_2875.zip,402874,2022-03-14,server-arsip-surabaya,dataset|pemasaran|402874|pending approved data
DOC-0002008,kontrak_hukum_202303_8873.txt,237986854,2023-06-03,server-arsip-surabaya,kontrak|hukum|237986854|data total file dokumen
DOC-0001481,dataset_teknologi_202405_1479.csv,684986,2022-12-27,server-arsip-bandung,dataset|teknologi|684986|rekap draft periode data pending
DOC-0001946,memo_pemasaran_202310_3837.zip,273040,2023-10-21,nas-lokal-02,memo|pemasaran|273040|revisi draft periode final
DOC-0003083,dataset_sdm_202411_4823.docx,36477513,2022-10-16,portal-upload-web,dataset|sdm|36477513|total rekap file
DOC-0000493,log_sdm_202201_0885.xlsx,4499454,2022-12-30,ftp-pusat,log|sdm|4499454|dokumen final arsip
DOC-0003582,backup_keuangan_202303_9711.docx,4717762,2024-07-23,server-arsip-jakarta,backup|keuangan|4717762|file periode approved
DOC-0002670,surat_pemasaran_202205_0583.csv,1789876,2023-10-17,nas-lokal-01,surat|pemasaran|1789876|rekap approved total
DUP-0000234,invoice_pemasaran_202402_0614.xml,40823720,2024-06-15,backup-eksternal,invoice|pemasaran|40823720|pending arsip rekap periode revisi
DOC-0000772,gambar_sdm_202406_7809.png,3757813,2024-05-10,server-arsip-jakarta,gambar|sdm|3757813|file revisi final dokumen
DOC-0000807,dataset_logistik_202207_0630.xlsx,118275552,2024-02-20,nas-lokal-02,dataset|logistik|118275552|dokumen file arsip approved
DOC-0003305,backup_sdm_202401_2835.xml,67904,2023-04-27,ftp-pusat,backup|sdm|67904|periode arsip data rekap
DOC-0001375,kontrak_hukum_202404_1364.pdf,40010858,2022-12-18,backup-eksternal,kontrak|hukum|40010858|file approved draft
DOC-0003862,backup_audit_202203_4030.png,234615,2023-08-21,server-arsip-jakarta,backup|audit|234615|total draft periode
DOC-0000660,invoice_sdm_202301_9624.xlsx,41506292,2024-08-30,server-arsip-surabaya,invoice|sdm|41506292|approved final dokumen file revisi
DOC-0000037,gambar_manajemen_202206_6915.jpg,2737459,2024-02-07,server-arsip-surabaya,gambar|manajemen|2737459|file rekap approved data revisi
DOC-0003000,kontrak_audit_202201_0266.csv,896861,2024-03-29,portal-upload-web,kontrak|audit|896861|pending file final rekap arsip
DOC-0001190,invoice_logistik_202303_3614.json,3473084,2024-11-20,ftp-pusat,invoice|logistik|3473084|arsip file data pending
DOC-0003260,backup_teknologi_202312_1323.jpg,4176207,2023-09-04,server-arsip-surabaya,backup|teknologi|4176207|total revisi final
DOC-0000296,log_teknologi_202402_0447.json,473753,2024-03-02,server-arsip-surabaya,log|teknologi|473753|pending total draft revisi data
DOC-0003735,backup_operasional_202408_3076.txt,83147,2023-07-16,nas-lokal-01,backup|operasional|83147|periode dokumen draft
DOC-0003575,memo_sdm_202406_7480.pdf,2365659,2024-10-18,backup-eksternal,memo|sdm|2365659|revisi total periode final rekap
DOC-0000133,invoice_hukum_202212_3851.xlsx,284087,2022-07-08,nas-lokal-01,invoice|hukum|284087|draft total approved file
DOC-0003248,presentasi_riset_202407_8037.zip,202530,2023-01-16,nas-lokal-02,presentasi|riset|202530|draft file periode
DUP-0000207,dataset_pemasaran_202410_2875.zip,402874,2022-03-14,server-arsip-surabaya,dataset|pemasaran|402874|pending approved data
DOC-0001477,memo_riset_202209_3675.json,24208234,2023-12-08,server-arsip-surabaya,memo|riset|24208234|draft periode file data rekap
DOC-0002002,gambar_teknologi_202312_9782.zip,215767,2022-01-12,portal-upload-web,gambar|teknologi|215767|draft final approved arsip pending
DOC-0003667,surat_teknologi_202202_8099.zip,26505544,2023-11-02,server-arsip-surabaya,surat|teknologi|26505544|approved total periode dokumen final
DOC-0001418,log_teknologi_202412_1189.txt,20516304,2022-11-19,portal-upload-web,log|teknologi|20516304|data dokumen periode total
DOC-0003084,gambar_sdm_202202_5582.png,41371794,2022-06-27,backup-eksternal,gambar|sdm|41371794|rekap pending dokumen approved
DOC-0001099,invoice_logistik_202407_3642.jpg,418805,2024-04-30,server-arsip-jakarta,invoice|logistik|418805|arsip dokumen total
DOC-0002838,presentasi_keuangan_202402_5502.xml,31056209,2024-11-30,cloud-storage-gcp,presentasi|keuangan|31056209|data draft periode revisi
DOC-0001830,surat_pemasaran_202308_3025.png,200948,2022-05-29,server-arsip-surabaya,surat|pemasaran|200948|rekap file arsip
DOC-0000176,presentasi_operasional_202407_4564.txt,39740364,2023-06-25,portal-upload-web,presentasi|operasional|39740364|data file revisi periode
DOC-0003904,gambar_teknologi_202312_4297.txt,223110,2024-11-05,backup-eksternal,gambar|teknologi|223110|draft pending arsip total
DUP-0000441,kontrak_hukum_202204_7287.csv,1708113,2022-11-16,server-arsip-jakarta,kontrak|hukum|1708113|file final draft total approved
DOC-0002639,laporan_sdm_202411_1571.png,4761609,2023-07-17,nas-lokal-01,laporan|sdm|4761609|arsip total data file
DOC-0001961,invoice_teknologi_202311_8521.json,1085802,2023-10-07,nas-lokal-01,invoice|teknologi|1085802|rekap pending file periode approved
DOC-0002996,invoice_operasional_202210_7904.csv,23360543,2022-11-19,portal-upload-web,invoice|operasional|23360543|final total rekap revisi approved
DUP-0000475,dataset_teknologi_202201_8747.docx,803716,2024-04-11,nas-lokal-01,dataset|teknologi|803716|approved total periode draft
DUP-0000096,backup_audit_202206_0259.png,346863,2024-04-15,server-arsip-surabaya,backup|audit|346863|dokumen total pending periode approved
DOC-0001286,backup_hukum_202402_2914.jpg,177632796,2023-09-08,portal-upload-web,backup|hukum|177632796|file pending revisi approved
DOC-0000040,log_audit_202405_1035.docx,3372050,2024-01-19,nas-lokal-02,log|audit|3372050|rekap arsip periode total revisi
DOC-0001014,kontrak_hukum_202204_7287.csv,1708113,2022-11-16,server-arsip-jakarta,kontrak|hukum|1708113|file final draft total approved
DOC-0002494,memo_keuangan_202401_5751.docx,245474,2023-07-04,ftp-pusat,memo|keuangan|245474|arsip total pending
DOC-0004236,presentasi_riset_202207_0383.zip,3952683,2022-04-30,server-arsip-bandung,presentasi|riset|3952683|total file revisi
DOC-0001137,invoice_riset_202404_5007.txt,636253,2022-09-17,cloud-storage-gcp,invoice|riset|636253|data periode final rekap approved
DOC-0002331,log_riset_202401_1240.docx,203511,2024-10-19,nas-lokal-01,log|riset|203511|pending rekap arsip periode
DOC-0004143,surat_teknologi_202411_4095.jpg,31574758,2024-03-18,portal-upload-web,surat|teknologi|31574758|draft pending rekap dokumen total
DOC-0000761,log_sdm_202207_2817.json,4508295,2022-02-06,ftp-pusat,log|sdm|4508295|approved pending periode dokumen
DUP-0000268,log_pemasaran_202204_6907.png,12100794,2023-01-26,server-arsip-jakarta,log|pemasaran|12100794|approved dokumen draft file
DOC-0002702,gambar_riset_202411_6248.png,239804,2023-08-18,cloud-storage-gcp,gambar|riset|239804|arsip approved revisi
DOC-0000422,backup_manajemen_202212_6972.json,38153,2022-11-25,server-arsip-surabaya,backup|manajemen|38153|periode file final
DOC-0001024,gambar_audit_202401_2536.jpg,57820,2024-08-05,server-arsip-bandung,gambar|audit|57820|dokumen arsip data revisi
DOC-0000196,kontrak_sdm_202405_7577.txt,29641761,2023-05-19,backup-eksternal,kontrak|sdm|29641761|file total revisi
DOC-0002204,dataset_audit_202207_2055.xlsx,2545502,2024-07-08,backup-eksternal,dataset|audit|2545502|approved pending final file draft
DOC-0003102,laporan_teknologi_202410_5749.txt,144762906,2022-04-28,ftp-pusat,laporan|teknologi|144762906|pending periode data approved
DOC-0003900,dataset_keuangan_202203_3886.jpg,1951815,2024-01-31,server-arsip-bandung,dataset|keuangan|1951815|revisi data dokumen
DOC-0002492,laporan_audit_202301_2743.csv,41063,2022-12-22,nas-lokal-01,laporan|audit|41063|draft file revisi
DOC-0001789,presentasi_teknologi_202411_2537.xml,57924,2023-02-25,server-arsip-bandung,presentasi|teknologi|57924|draft final total
DOC-0003121,kontrak_riset_202410_9510.png,39859266,2024-03-23,server-arsip-surabaya,kontrak|riset|39859266|dokumen revisi rekap periode final
DOC-0000971,log_manajemen_202303_8787.pdf,1341299,2022-10-16,server-arsip-jakarta,log|manajemen|1341299|approved periode revisi arsip
DOC-0001172,surat_keuangan_202205_6856.xlsx,206025,2023-10-14,ftp-pusat,surat|keuangan|206025|draft revisi dokumen
DOC-0002858,laporan_riset_202306_3909.pdf,3597244,2022-04-15,server-arsip-jakarta,laporan|riset|3597244|periode file pending
DOC-0003576,memo_manajemen_202303_3753.txt,2287979,2022-05-20,backup-eksternal,memo|manajemen|2287979|data draft revisi dokumen
DOC-0003343,dataset_manajemen_202410_2586.zip,392549,2024-07-26,backup-eksternal,dataset|manajemen|392549|rekap data arsip approved dokumen
DOC-0002641,laporan_manajemen_202306_8849.xlsx,4834899,2022-02-15,backup-eksternal,laporan|manajemen|4834899|periode rekap data arsip dokumen
DOC-0004291,kontrak_pemasaran_202309_4999.json,117905,2022-08-20,server-arsip-jakarta,kontrak|pemasaran|117905|file revisi final total arsip
DOC-0003138,presentasi_logistik_202309_9066.xlsx,31232091,2024-01-12,cloud-storage-gcp,presentasi|logistik|31232091|data draft revisi approved
DOC-0002970,dataset_teknologi_202201_8451.txt,349708,2024-10-16,server-arsip-surabaya,dataset|teknologi|349708|final pending arsip revisi
DOC-0003811,laporan_manajemen_202402_6467.pdf,338565,2024-08-20,server-arsip-surabaya,laporan|manajemen|338565|total dokumen revisi rekap final
DOC-0001658,presentasi_pemasaran_202306_8329.zip,2264377,2024-11-12,server-arsip-bandung,presentasi|pemasaran|2264377|arsip periode data
DOC-0003722,laporan_logistik_202410_2107.zip,1453425,2023-04-02,backup-eksternal,laporan|logistik|1453425|rekap final data
DOC-0003149,laporan_hukum_202408_0786.xml,10847064,2024-02-19,cloud-storage-gcp,laporan|hukum|10847064|total final data draft revisi
DOC-0003841,backup_audit_202208_1821.docx,2790024,2024-02-09,portal-upload-web,backup|audit|2790024|draft approved final file
DOC-0004199,log_audit_202312_3338.jpg,4658589,2024-02-23,server-arsip-jakarta,log|audit|4658589|final draft file
DOC-0004365,gambar_sdm_202304_5641.json,6907196,2023-03-25,server-arsip-bandung,gambar|sdm|6907196|total draft file
DOC-0002998,invoice_teknologi_202210_7536.pdf,37516825,2022-07-27,ftp-pusat,invoice|teknologi|37516825|approved pending dokumen rekap
DOC-0003114,log_keuangan_202209_6183.json,197876,2022-01-21,server-arsip-bandung,log|keuangan|197876|arsip total periode rekap
DOC-0003793,dataset_teknologi_202301_2497.csv,8922913,2022-08-30,server-arsip-jakarta,dataset|teknologi|8922913|total approved periode data arsip
DUP-0000485,kontrak_manajemen_202205_7503.xml,4623493,2022-10-09,backup-eksternal,kontrak|manajemen|4623493|revisi total arsip dokumen pending
DOC-0004296,laporan_manajemen_202304_2106.txt,242400,2024-03-06,portal-upload-web,laporan|manajemen|242400|arsip approved revisi periode
DOC-0001924,kontrak_logistik_202407_2982.txt,4930688,2023-03-21,cloud-storage-aws,kontrak|logistik|4930688|pending rekap final dokumen
DOC-0003291,backup_manajemen_202305_6371.jpg,2744720,2023-05-12,server-arsip-bandung,backup|manajemen|2744720|file arsip final
DOC-0003817,surat_sdm_202205_5736.docx,37389835,2024-02-13,server-arsip-jakarta,surat|sdm|37389835|total arsip periode rekap
DOC-0000678,kontrak_keuangan_202212_8056.xlsx,97293,2022-10-31,server-arsip-jakarta,kontrak|keuangan|97293|draft rekap revisi dokumen
DOC-0002842,surat_operasional_202205_3556.xlsx,269660,2022-06-11,server-arsip-jakarta,surat|operasional|269660|pending periode data dokumen
DOC-0000923,presentasi_keuangan_202302_3413.xlsx,3306179,2023-07-10,cloud-storage-gcp,presentasi|keuangan|3306179|final arsip approved pending periode
DOC-0002191,memo_logistik_202402_5978.zip,104703,2022-04-22,server-arsip-bandung,memo|logistik|104703|final draft file approved
DOC-0001033,gambar_audit_202209_4793.png,1472690,2022-10-15,nas-lokal-01,gambar|audit|1472690|file pending arsip
DOC-0003074,dataset_riset_202303_0291.xml,4905312,2022-02-12,cloud-storage-aws,dataset|riset|4905312|approved draft rekap
DOC-0002681,laporan_keuangan_202410_2807.docx,244666,2022-11-26,cloud-storage-gcp,laporan|keuangan|244666|revisi draft rekap pending total
DOC-0001554,gambar_teknologi_202412_5335.txt,977810,2022-09-25,ftp-pusat,gambar|teknologi|977810|rekap data draft approved arsip
DUP-0000310,memo_audit_202203_1254.json,1025354,2023-03-06,ftp-pusat,memo|audit|1025354|rekap pending arsip periode data
DOC-0001609,surat_manajemen_202312_5901.txt,15816,2024-06-01,portal-upload-web,surat|manajemen|15816|data rekap approved
DOC-0002821,surat_riset_202202_6657.docx,20589339,2022-06-02,nas-lokal-02,surat|riset|20589339|file dokumen pending final
DOC-0003403,backup_riset_202202_6514.txt,479318,2024-08-21,portal-upload-web,backup|riset|479318|approved file final
DOC-0004324,kontrak_teknologi_202410_5552.jpg,1022856,2024-01-29,nas-lokal-01,kontrak|teknologi|1022856|approved periode pending
DOC-0002643,presentasi_pemasaran_202401_8966.json,33297673,2023-07-04,nas-lokal-02,presentasi|pemasaran|33297673|file rekap data total draft
DOC-0001621,surat_logistik_202411_6462.png,29172,2022-08-31,server-arsip-jakarta,surat|logistik|29172|revisi pending periode
DOC-0000517,log_operasional_202405_2888.json,200184,2024-06-05,ftp-pusat,log|operasional|200184|final file pending rekap
DOC-0001377,log_audit_202311_2625.csv,9654319,2024-09-30,portal-upload-web,log|audit|9654319|approved revisi file draft total
DOC-0002037,dataset_teknologi_202405_5945.xml,1705253,2023-10-14,cloud-storage-gcp,dataset|teknologi|1705253|final rekap arsip
DOC-0001363,dataset_manajemen_202311_9986.txt,2087747,2022-05-16,nas-lokal-02,dataset|manajemen|2087747|approved final rekap revisi
DOC-0004060,presentasi_pemasaran_202406_0376.xlsx,408698,2023-09-09,cloud-storage-gcp,presentasi|pemasaran|408698|approved rekap final
DOC-0002947,memo_riset_202302_9892.csv,2506746,2024-10-02,ftp-pusat,memo|riset|2506746|total approved final draft pending
DOC-0000238,surat_operasional_202202_0900.jpg,24693185,2023-09-07,server-arsip-surabaya,surat|operasional|24693185|final approved periode file draft
DOC-0003188,log_logistik_202309_4906.zip,2085885,2023-02-22,cloud-storage-gcp,log|logistik|2085885|revisi total final
DOC-0002307,invoice_pemasaran_202208_8350.xml,4947325,2022-10-18,cloud-storage-aws,invoice|pemasaran|4947325|pending data rekap
DOC-0003593,kontrak_sdm_202311_0095.xlsx,4555614,2022-09-23,server-arsip-bandung,kontrak|sdm|4555614|rekap approved data pending periode
DOC-0002154,presentasi_keuangan_202209_8172.xlsx,162132,2023-05-17,cloud-storage-gcp,presentasi|keuangan|162132|rekap draft periode total
DOC-0002143,backup_teknologi_202203_6408.txt,12037655,2024-11-09,portal-upload-web,backup|teknologi|12037655|pending final approved
DOC-0000868,backup_riset_202406_5138.xml,398021,2022-01-30,cloud-storage-gcp,backup|riset|398021|file data revisi periode approved
DOC-0002555,backup_keuangan_202305_3052.csv,22475957,2024-07-27,server-arsip-jakarta,backup|keuangan|22475957|periode draft final dokumen
DOC-0001150,presentasi_keuangan_202312_2826.txt,4614632,2024-02-10,cloud-storage-gcp,presentasi|keuangan|4614632|total data approved revisi final
DOC-0003151,invoice_pemasaran_202309_4426.png,259126,2022-01-15,portal-upload-web,invoice|pemasaran|259126|revisi final total
DOC-0000701,dataset_operasional_202202_8079.csv,1237707,2023-02-05,ftp-pusat,dataset|operasional|1237707|total arsip periode pending revisi
DOC-0002364,kontrak_teknologi_202204_3638.pdf,434909,2024-11-27,ftp-pusat,kontrak|teknologi|434909|revisi total dokumen approved rekap
DOC-0001579,memo_sdm_202406_7444.zip,2935682,2024-06-26,nas-lokal-02,memo|sdm|2935682|draft revisi arsip
DOC-0004471,presentasi_audit_202211_4454.jpg,101413,2024-08-02,server-arsip-jakarta,presentasi|audit|101413|revisi final rekap approved periode
DOC-0004169,gambar_logistik_202411_0955.xlsx,40780261,2024-11-12,server-arsip-surabaya,gambar|logistik|40780261|pending total rekap
DUP-0000312,memo_manajemen_202305_9551.xlsx,433676283,2022-12-06,nas-lokal-02,memo|manajemen|433676283|file dokumen data approved arsip
DOC-0003347,gambar_keuangan_202406_4285.png,439430,2024-04-04,server-arsip-jakarta,gambar|keuangan|439430|file draft periode total pending
DOC-0002678,backup_audit_202304_5569.docx,2565688,2022-06-10,server-arsip-bandung,backup|audit|2565688|file periode rekap data
DOC-0000372,invoice_sdm_202301_9149.csv,57238,2024-03-19,ftp-pusat,invoice|sdm|57238|draft rekap dokumen
DOC-0000180,log_manajemen_202205_0836.csv,4027353,2024-05-25,backup-eksternal,log|manajemen|4027353|total pending approved dokumen draft
DOC-0003678,log_sdm_202302_3818.jpg,1317647,2024-07-25,server-arsip-bandung,log|sdm|1317647|draft data arsip dokumen rekap
DUP-0000246,presentasi_manajemen_202305_3374.xml,364945,2024-04-29,cloud-storage-aws,presentasi|manajemen|364945|dokumen final file draft data
DOC-0002811,memo_manajemen_202210_6950.json,3587433,2023-06-09,cloud-storage-aws,memo|manajemen|3587433|draft periode data total pending
DOC-0001589,invoice_operasional_202309_3645.pdf,41121243,2023-06-28,cloud-storage-aws,invoice|operasional|41121243|data pending file arsip periode
DOC-0003044,kontrak_hukum_202411_0161.jpg,385689,2023-05-18,nas-lokal-02,kontrak|hukum|385689|periode revisi draft
DOC-0000847,laporan_teknologi_202205_8877.xml,230200,2024-05-16,server-arsip-jakarta,laporan|teknologi|230200|rekap final pending periode
DOC-0000440,backup_audit_202402_2474.xlsx,2498730,2022-08-19,ftp-pusat,backup|audit|2498730|rekap approved periode revisi
DOC-0001639,kontrak_logistik_202212_6611.pdf,255021,2024-12-17,backup-eksternal,kontrak|logistik|255021|approved pending rekap data
DUP-0000387,laporan_keuangan_202310_1346.jpg,57016,2022-09-21,cloud-storage-gcp,laporan|keuangan|57016|approved dokumen draft
DOC-0000746,surat_teknologi_202206_1102.txt,97961,2022-03-25,server-arsip-surabaya,surat|teknologi|97961|data draft file rekap
DOC-0000289,presentasi_logistik_202309_8593.docx,4700038,2022-01-18,server-arsip-jakarta,presentasi|logistik|4700038|revisi rekap data
DOC-0000606,dataset_operasional_202409_4953.docx,153906666,2022-08-19,nas-lokal-02,dataset|operasional|153906666|revisi final pending arsip
DOC-0003431,invoice_hukum_202208_0143.json,331707,2023-03-11,server-arsip-jakarta,invoice|hukum|331707|pending approved final periode
DOC-0001607,laporan_keuangan_202203_9006.png,385939,2022-11-13,server-arsip-bandung,laporan|keuangan|385939|data file arsip
DOC-0003211,log_sdm_202211_6833.docx,5078307,2024-09-18,server-arsip-bandung,log|sdm|5078307|dokumen approved total final arsip
DOC-0000987,dataset_manajemen_202308_4617.docx,187228,2022-02-28,nas-lokal-02,dataset|manajemen|187228|pending dokumen approved
DOC-0000818,presentasi_teknologi_202302_8622.pdf,3926673,2024-05-31,portal-upload-web,presentasi|teknologi|3926673|pending periode final rekap
DOC-0002247,surat_keuangan_202311_4560.csv,363202,2023-08-04,backup-eksternal,surat|keuangan|363202|pending revisi data final
DOC-0001570,kontrak_audit_202302_1119.csv,3760316,2023-01-07,nas-lokal-02,kontrak|audit|3760316|periode rekap revisi data approved
DOC-0000267,presentasi_operasional_202204_6649.zip,394520,2023-08-29,nas-lokal-02,presentasi|operasional|394520|pending total dokumen data periode
DOC-0003759,backup_logistik_202411_7337.zip,3059845,2024-10-01,cloud-storage-aws,backup|logistik|3059845|revisi pending periode
DUP-0000201,dataset_logistik_202304_1549.pdf,41445522,2023-01-08,cloud-storage-aws,dataset|logistik|41445522|data final revisi draft
DOC-0004251,invoice_sdm_202306_8862.json,39005,2023-06-28,portal-upload-web,invoice|sdm|39005|dokumen total pending
DOC-0001088,memo_teknologi_202405_4076.docx,2203922,2024-06-11,portal-upload-web,memo|teknologi|2203922|revisi total rekap periode
DOC-0000813,laporan_keuangan_202411_7642.docx,36041,2024-03-27,server-arsip-surabaya,laporan|keuangan|36041|file total final revisi rekap
DOC-0000355,gambar_sdm_202206_2334.xml,309483,2022-07-04,ftp-pusat,gambar|sdm|309483|file pending approved arsip revisi
DOC-0003765,laporan_operasional_202401_7188.xml,23966,2022-11-25,cloud-storage-gcp,laporan|operasional|23966|approved file rekap draft
DUP-0000280,presentasi_manajemen_202409_9577.txt,375067,2022-06-21,server-arsip-jakarta,presentasi|manajemen|375067|final arsip periode draft
DOC-0003889,invoice_audit_202206_3783.png,9709585,2024-06-23,server-arsip-surabaya,invoice|audit|9709585|approved draft file revisi
DOC-0002345,presentasi_hukum_202207_6773.xml,3677478,2022-11-07,portal-upload-web,presentasi|hukum|3677478|draft arsip approved revisi
DOC-0000086,invoice_logistik_202304_2083.txt,347829129,2024-11-27,server-arsip-jakarta,invoice|logistik|347829129|pending total data revisi
DOC-0000462,laporan_pemasaran_202301_9331.txt,476246026,2022-10-06,cloud-storage-aws,laporan|pemasaran|476246026|rekap pending total
DOC-0004085,presentasi_audit_202211_7626.txt,3323814,2023-10-07,server-arsip-bandung,presentasi|audit|3323814|periode rekap pending
DOC-0003279,log_operasional_202207_3429.xml,441450,2023-06-21,nas-lokal-02,log|operasional|441450|total arsip approved draft
DOC-0002558,log_keuangan_202410_1887.txt,284304,2022-02-08,ftp-pusat,log|keuangan|284304|data draft arsip pending dokumen
DOC-0002791,laporan_keuangan_202304_5485.zip,1477598,2023-02-17,server-arsip-jakarta,laporan|keuangan|1477598|revisi periode draft approved
DOC-0004491,invoice_sdm_202204_4517.jpg,2558455,2024-02-04,cloud-storage-gcp,invoice|sdm|2558455|data periode revisi
DOC-0003718,presentasi_operasional_202204_9326.pdf,1388448,2024-04-04,nas-lokal-01,presentasi|operasional|1388448|draft periode file dokumen
DOC-0000008,surat_pemasaran_202311_7210.csv,4719993,2022-08-17,server-arsip-surabaya,surat|pemasaran|4719993|rekap draft arsip pending
DOC-0001266,dataset_keuangan_202404_0038.xml,2669211,2024-03-27,portal-upload-web,dataset|keuangan|2669211|data periode revisi draft
DOC-0000589,memo_sdm_202203_1231.docx,4158429,2023-01-31,server-arsip-surabaya,memo|sdm|4158429|final total rekap
DOC-0002985,kontrak_pemasaran_202207_4454.csv,4966104,2023-04-15,backup-eksternal,kontrak|pemasaran|4966104|dokumen data approved
DOC-0001344,backup_riset_202402_7657.zip,142291,2022-01-25,cloud-storage-aws,backup|riset|142291|total rekap data pending
DOC-0002713,gambar_sdm_202312_2897.json,3068444,2023-09-08,server-arsip-jakarta,gambar|sdm|3068444|arsip approved rekap data periode
DUP-0000334,backup_sdm_202201_6981.png,152129,2024-10-06,backup-eksternal,backup|sdm|152129|dokumen arsip revisi approved
DOC-0004457,backup_manajemen_202401_3601.docx,4941014,2023-07-03,backup-eksternal,backup|manajemen|4941014|data final file draft
DOC-0001145,laporan_logistik_202310_7215.zip,453694,2022-06-18,server-arsip-bandung,laporan|logistik|453694|revisi arsip final
DOC-0003749,kontrak_hukum_202212_5343.xlsx,1440194,2023-09-09,cloud-storage-gcp,kontrak|hukum|1440194|data arsip draft rekap
DOC-0001437,invoice_logistik_202404_7223.csv,418189,2023-08-21,server-arsip-jakarta,invoice|logistik|418189|draft total revisi dokumen pending
DOC-0000114,kontrak_logistik_202411_4677.zip,226154,2023-03-23,nas-lokal-02,kontrak|logistik|226154|draft revisi arsip rekap
DOC-0003932,laporan_logistik_202306_0418.xml,15075063,2022-06-20,server-arsip-bandung,laporan|logistik|15075063|data rekap total periode
DOC-0003026,dataset_teknologi_202312_3709.xlsx,34880968,2022-07-25,server-arsip-bandung,dataset|teknologi|34880968|revisi total rekap pending
DOC-0003940,laporan_teknologi_202303_7575.jpg,42830579,2022-08-23,cloud-storage-aws,laporan|teknologi|42830579|final periode file pending rekap
DOC-0001350,surat_hukum_202307_2536.png,307756,2023-07-14,ftp-pusat,surat|hukum|307756|file periode revisi arsip
DOC-0000742,memo_manajemen_202312_6878.xml,445392,2024-07-15,nas-lokal-02,memo|manajemen|445392|draft periode pending data final
DOC-0002530,invoice_teknologi_202306_7775.xml,913030,2023-08-21,server-arsip-bandung,invoice|teknologi|913030|approved dokumen arsip final revisi
DOC-0002213,kontrak_operasional_202206_1717.png,1605850,2022-10-27,nas-lokal-02,kontrak|operasional|1605850|total revisi draft rekap approved
DOC-0000649,surat_pemasaran_202307_4352.jpg,47601612,2022-03-29,nas-lokal-01,surat|pemasaran|47601612|rekap revisi arsip
DOC-0002161,dataset_hukum_202409_7686.zip,297459,2023-11-12,nas-lokal-01,dataset|hukum|297459|dokumen data arsip revisi
DOC-0003355,gambar_hukum_202410_9377.pdf,184908,2022-11-22,server-arsip-jakarta,gambar|hukum|184908|total arsip dokumen data
DOC-0001932,kontrak_operasional_202408_8767.xml,178103818,2024-02-26,server-arsip-surabaya,kontrak|operasional|178103818|revisi rekap total final
DOC-0002020,invoice_riset_202202_5156.json,459040639,2024-06-05,backup-eksternal,invoice|riset|459040639|revisi arsip draft
DOC-0003011,dataset_audit_202203_8361.csv,473688,2024-09-28,ftp-pusat,dataset|audit|473688|pending revisi dokumen
DOC-0001562,backup_keuangan_202206_8539.pdf,25313714,2023-03-30,cloud-storage-aws,backup|keuangan|25313714|draft periode arsip
DOC-0003751,surat_audit_202201_5487.png,4608111,2022-07-15,cloud-storage-gcp,surat|audit|4608111|approved rekap pending revisi dokumen
DOC-0003634,log_audit_202208_0753.zip,445766899,2022-07-09,server-arsip-surabaya,log|audit|445766899|revisi draft pending
DOC-0003848,presentasi_keuangan_202405_9621.txt,39399515,2024-07-31,cloud-storage-gcp,presentasi|keuangan|39399515|approved revisi periode
DOC-0000328,log_keuangan_202206_0556.xlsx,491603,2023-04-16,ftp-pusat,log|keuangan|491603|file dokumen final arsip
DOC-0000707,surat_hukum_202409_6799.png,4414417,2022-04-04,server-arsip-bandung,surat|hukum|4414417|approved periode draft rekap final
DOC-0001582,dataset_hukum_202212_8850.docx,30967523,2024-03-28,nas-lokal-02,dataset|hukum|30967523|revisi final dokumen
DOC-0000206,dataset_pemasaran_202203_3217.png,2740647,2022-07-10,portal-upload-web,dataset|pemasaran|2740647|final approved revisi rekap
DOC-0003277,backup_audit_202202_8584.docx,59782182,2024-06-17,server-arsip-surabaya,backup|audit|59782182|pending dokumen approved rekap
DOC-0003588,invoice_hukum_202211_1092.jpg,4315906,2024-10-10,ftp-pusat,invoice|hukum|4315906|draft rekap file
DOC-0002471,kontrak_audit_202209_5202.json,1270850,2022-12-08,server-arsip-jakarta,kontrak|audit|1270850|revisi rekap final total
DOC-0003596,laporan_riset_202406_4417.csv,242973,2023-01-15,cloud-storage-aws,laporan|riset|242973|revisi draft file final
DOC-0000375,memo_teknologi_202309_6008.xml,345115244,2024-03-04,cloud-storage-gcp,memo|teknologi|345115244|revisi rekap final
DOC-0001007,presentasi_hukum_202306_3615.xlsx,2845874,2023-05-25,backup-eksternal,presentasi|hukum|2845874|data approved draft file
DOC-0001672,laporan_teknologi_202403_1029.jpg,4254290,2024-12-26,portal-upload-web,laporan|teknologi|4254290|arsip final data
DOC-0001860,kontrak_operasional_202301_7994.jpg,404801,2023-07-28,nas-lokal-01,kontrak|operasional|404801|file dokumen revisi
DOC-0003734,invoice_teknologi_202311_5275.txt,7048988,2022-03-27,cloud-storage-aws,invoice|teknologi|7048988|arsip approved rekap pending periode
DOC-0001634,dataset_teknologi_202305_6997.txt,31479023,2023-06-30,nas-lokal-02,dataset|teknologi|31479023|file rekap revisi dokumen
DOC-0004235,backup_operasional_202210_2609.docx,186777,2024-08-04,backup-eksternal,backup|operasional|186777|data pending total revisi
DOC-0001995,gambar_audit_202404_8886.xml,10155587,2024-06-13,nas-lokal-01,gambar|audit|10155587|draft rekap data total file
DOC-0001652,laporan_pemasaran_202209_5881.csv,4260508,2024-06-27,backup-eksternal,laporan|pemasaran|4260508|pending revisi dokumen arsip periode
DOC-0002895,memo_keuangan_202205_2337.zip,3766324,2024-01-09,backup-eksternal,memo|keuangan|3766324|rekap final file draft
DOC-0002373,surat_operasional_202405_4218.jpg,3400328,2024-12-22,backup-eksternal,surat|operasional|3400328|dokumen rekap final arsip revisi
DOC-0003124,invoice_riset_202404_8907.csv,18101,2024-05-26,nas-lokal-01,invoice|riset|18101|pending total dokumen periode
DOC-0003186,gambar_teknologi_202311_4755.zip,444095117,2023-02-16,server-arsip-bandung,gambar|teknologi|444095117|draft file pending
DOC-0004356,kontrak_manajemen_202202_6184.xlsx,8751848,2022-12-20,ftp-pusat,kontrak|manajemen|8751848|total approved arsip
DOC-0000831,dataset_sdm_202408_4915.txt,109548,2023-06-24,server-arsip-jakarta,dataset|sdm|109548|arsip rekap approved pending data
DUP-0000162,memo_keuangan_202404_1876.json,353264,2024-03-03,cloud-storage-gcp,memo|keuangan|353264|total dokumen data
DOC-0004284,kontrak_manajemen_202408_6071.xml,241234551,2022-11-26,server-arsip-surabaya,kontrak|manajemen|241234551|file arsip revisi periode rekap
DOC-0004459,invoice_logistik_202307_2284.docx,48488730,2024-01-01,server-arsip-bandung,invoice|logistik|48488730|pending revisi total rekap periode
DOC-0003379,laporan_riset_202308_2233.zip,3168705,2022-09-05,nas-lokal-01,laporan|riset|3168705|pending rekap approved dokumen periode
DOC-0003467,memo_audit_202311_9445.zip,63726,2023-01-16,ftp-pusat,memo|audit|63726|periode pending approved data
DOC-0003921,presentasi_manajemen_202208_5303.png,18674,2023-05-11,backup-eksternal,presentasi|manajemen|18674|draft rekap arsip dokumen
DOC-0000171,dataset_keuangan_202301_3156.xml,178027,2024-02-05,nas-lokal-02,dataset|keuangan|178027|dokumen revisi periode pending
DOC-0002167,gambar_logistik_202308_3597.txt,498619,2024-11-21,cloud-storage-aws,gambar|logistik|498619|approved file rekap pending
DUP-0000305,laporan_audit_202307_5189.csv,2756716,2024-06-23,server-arsip-surabaya,laporan|audit|2756716|pending approved draft final
DOC-0000747,invoice_manajemen_202312_0548.txt,202299492,2023-04-08,nas-lokal-02,invoice|manajemen|202299492|arsip file data final revisi
DOC-0001157,presentasi_keuangan_202305_8124.jpg,4596870,2024-02-06,portal-upload-web,presentasi|keuangan|4596870|data final revisi file
DOC-0002921,invoice_manajemen_202401_9560.xlsx,3236101,2023-09-15,cloud-storage-gcp,invoice|manajemen|3236101|final pending draft
DOC-0000509,laporan_pemasaran_202407_9236.csv,254792,2023-07-05,backup-eksternal,laporan|pemasaran|254792|pending approved dokumen final
DOC-0000615,memo_operasional_202308_4494.xlsx,862941,2023-12-04,nas-lokal-02,memo|operasional|862941|approved draft periode final rekap
DOC-0000911,log_pemasaran_202301_7645.csv,4131097,2023-03-01,cloud-storage-gcp,log|pemasaran|4131097|approved pending final file
DUP-0000138,surat_logistik_202207_0125.xlsx,315610,2023-07-13,portal-upload-web,surat|logistik|315610|final total pending periode revisi
DOC-0000027,invoice_sdm_202410_5872.txt,266433,2023-10-11,nas-lokal-02,invoice|sdm|266433|revisi total arsip
DUP-0000173,presentasi_hukum_202404_7338.docx,3169940,2023-07-21,nas-lokal-02,presentasi|hukum|3169940|total final data pending
DUP-0000006,kontrak_logistik_202411_4190.docx,3773001,2023-10-17,server-arsip-jakarta,kontrak|logistik|3773001|draft approved periode
DOC-0004156,presentasi_audit_202406_5708.pdf,481700,2023-06-04,server-arsip-surabaya,presentasi|audit|481700|revisi draft arsip dokumen pending
DOC-0001564,surat_riset_202202_3021.pdf,469261,2023-08-26,nas-lokal-01,surat|riset|469261|total arsip file draft
DOC-0003914,log_pemasaran_202308_6136.docx,3887128,2024-07-27,server-arsip-bandung,log|pemasaran|3887128|approved dokumen draft final rekap
DOC-0002319,invoice_riset_202205_1270.pdf,159768,2022-01-17,backup-eksternal,invoice|riset|159768|dokumen total periode
DOC-0004354,surat_hukum_202309_7392.pdf,1172539,2024-04-29,cloud-storage-gcp,surat|hukum|1172539|pending revisi rekap
DOC-0002804,kontrak_operasional_202211_6740.pdf,3375505,2022-06-06,server-arsip-surabaya,kontrak|operasional|3375505|approved file dokumen
DOC-0002739,backup_audit_202402_8721.csv,469708,2022-03-29,server-arsip-surabaya,backup|audit|469708|arsip final file
DOC-0000947,invoice_hukum_202404_7568.xml,39579121,2022-07-01,server-arsip-jakarta,invoice|hukum|39579121|rekap pending revisi
DUP-0000351,surat_riset_202405_0230.zip,149500,2024-08-01,server-arsip-bandung,surat|riset|149500|data rekap pending
DOC-0003406,laporan_riset_202305_9490.xml,389753,2023-07-11,nas-lokal-01,laporan|riset|389753|draft arsip revisi dokumen total
DUP-0000017,presentasi_audit_202412_3894.xml,24825,2023-01-20,nas-lokal-01,presentasi|audit|24825|data arsip final file rekap
DOC-0002541,laporan_keuangan_202207_1096.xml,494554884,2023-12-04,cloud-storage-aws,laporan|keuangan|494554884|pending approved data
DOC-0003726,gambar_teknologi_202205_1482.txt,51722939,2023-06-09,cloud-storage-aws,gambar|teknologi|51722939|data approved dokumen
DOC-0001930,laporan_audit_202311_1234.json,22521492,2024-12-19,cloud-storage-aws,laporan|audit|22521492|pending dokumen periode revisi
DOC-0001433,invoice_hukum_202201_7684.pdf,356365337,2022-04-15,server-arsip-bandung,invoice|hukum|356365337|arsip draft rekap periode
DOC-0002616,backup_pemasaran_202412_9654.docx,1915921,2022-03-24,ftp-pusat,backup|pemasaran|1915921|draft final arsip periode
DOC-0003423,memo_riset_202403_1815.txt,160831,2023-12-07,server-arsip-surabaya,memo|riset|160831|dokumen approved final draft pending
DOC-0001886,log_pemasaran_202407_2707.json,3303455,2024-09-03,server-arsip-surabaya,log|pemasaran|3303455|approved dokumen periode revisi
DOC-0003986,surat_teknologi_202301_7020.json,2477215,2023-03-18,server-arsip-surabaya,surat|teknologi|2477215|rekap file total
DOC-0004045,kontrak_pemasaran_202204_3459.json,4116966,2023-01-24,cloud-storage-aws,kontrak|pemasaran|4116966|draft approved total
DOC-0004472,dataset_sdm_202305_5062.zip,131410,2022-05-30,cloud-storage-gcp,dataset|sdm|131410|pending file data final draft
DOC-0000200,gambar_teknologi_202403_7372.pdf,416360,2022-10-14,cloud-storage-gcp,gambar|teknologi|416360|revisi periode rekap file
DOC-0000607,presentasi_teknologi_202402_6240.xml,4999942,2023-08-23,portal-upload-web,presentasi|teknologi|4999942|rekap final data draft file
DOC-0000548,presentasi_manajemen_202306_1805.png,2003627,2022-11-27,ftp-pusat,presentasi|manajemen|2003627|pending approved revisi
DOC-0000130,kontrak_manajemen_202308_4522.png,12230636,2023-02-10,portal-upload-web,kontrak|manajemen|12230636|final periode dokumen data
DOC-0001447,laporan_operasional_202208_8973.xlsx,4322414,2023-06-01,backup-eksternal,laporan|operasional|4322414|total final approved
DOC-0000581,invoice_sdm_202310_2584.zip,352947,2022-11-06,portal-upload-web,invoice|sdm|352947|total file draft approved
DOC-0002456,surat_audit_202410_8801.docx,240466,2024-08-25,server-arsip-jakarta,surat|audit|240466|rekap draft revisi arsip periode
DOC-0000667,invoice_logistik_202205_5181.png,72888,2023-07-27,nas-lokal-02,invoice|logistik|72888|pending total dokumen
DOC-0002568,invoice_sdm_202204_3917.png,2155474,2023-11-05,nas-lokal-02,invoice|sdm|2155474|final periode rekap total file
DOC-0004292,surat_audit_202211_2099.txt,14319463,2022-09-28,server-arsip-jakarta,surat|audit|14319463|pending revisi arsip
DOC-0003693,surat_pemasaran_202404_4881.xlsx,18443,2022-04-05,server-arsip-surabaya,surat|pemasaran|18443|dokumen pending final rekap revisi
DOC-0001581,kontrak_riset_202412_6150.xml,163874,2024-11-28,nas-lokal-01,kontrak|riset|163874|rekap periode approved data pending
DOC-0000279,laporan_hukum_202209_8672.xml,287125,2022-01-11,cloud-storage-gcp,laporan|hukum|287125|file final periode arsip pending
DUP-0000029,log_riset_202302_4531.xlsx,9955119,2024-08-14,backup-eksternal,log|riset|9955119|approved final dokumen total
DOC-0001872,presentasi_sdm_202309_5237.png,4755297,2024-09-14,server-arsip-bandung,presentasi|sdm|4755297|dokumen revisi data
DUP-0000330,dataset_operasional_202412_7993.docx,151748,2023-09-25,server-arsip-bandung,dataset|operasional|151748|arsip draft data pending
DOC-0002165,surat_pemasaran_202408_5141.txt,29724746,2022-02-11,portal-upload-web,surat|pemasaran|29724746|periode arsip file total
DOC-0000887,memo_sdm_202408_7534.pdf,305447,2024-08-22,cloud-storage-gcp,memo|sdm|305447|approved pending draft dokumen total
DUP-0000002,surat_riset_202406_2433.csv,48835588,2022-01-28,server-arsip-bandung,surat|riset|48835588|approved periode file
DOC-0003157,log_hukum_202201_2906.jpg,2270022,2024-10-06,nas-lokal-02,log|hukum|2270022|file periode pending
DUP-0000314,memo_hukum_202212_7585.zip,12684205,2022-04-02,cloud-storage-gcp,memo|hukum|12684205|arsip pending approved periode rekap
DOC-0003166,gambar_pemasaran_202306_6524.xlsx,4234609,2024-01-21,nas-lokal-01,gambar|pemasaran|4234609|periode arsip data
DOC-0003800,dataset_pemasaran_202305_1890.zip,48399902,2023-09-01,cloud-storage-gcp,dataset|pemasaran|48399902|data rekap total
DUP-0000090,log_riset_202410_1392.json,3123857,2022-04-26,ftp-pusat,log|riset|3123857|pending total file draft
DOC-0000441,kontrak_riset_202409_3475.jpg,432086027,2022-12-10,server-arsip-surabaya,kontrak|riset|432086027|rekap total file
DOC-0002783,backup_manajemen_202202_2268.txt,1627347,2022-02-07,cloud-storage-aws,backup|manajemen|1627347|periode dokumen data arsip revisi
DOC-0001940,kontrak_riset_202306_7710.json,2792276,2024-06-13,cloud-storage-aws,kontrak|riset|2792276|file dokumen arsip periode
DOC-0001631,surat_teknologi_202404_3057.jpg,221242,2022-09-05,cloud-storage-aws,surat|teknologi|221242|dokumen approved final arsip
DOC-0001793,kontrak_logistik_202304_7186.docx,3263631,2023-10-11,ftp-pusat,kontrak|logistik|3263631|approved arsip periode
DOC-0003847,presentasi_riset_202402_8390.pdf,29243230,2023-09-28,server-arsip-jakarta,presentasi|riset|29243230|data pending file revisi
DOC-0003944,backup_operasional_202306_6858.zip,3895383,2023-07-29,nas-lokal-02,backup|operasional|3895383|approved pending file dokumen data
DOC-0003551,log_keuangan_202311_0729.docx,8251521,2022-08-25,backup-eksternal,log|keuangan|8251521|final file approved rekap
DOC-0002182,presentasi_keuangan_202404_1916.png,3041540,2024-04-11,nas-lokal-02,presentasi|keuangan|3041540|arsip data total
DUP-0000335,presentasi_hukum_202212_4634.xml,2264280,2022-03-06,nas-lokal-01,presentasi|hukum|2264280|pending data final total arsip
DOC-0002117,presentasi_keuangan_202409_5641.xlsx,403459336,2023-01-18,server-arsip-bandung,presentasi|keuangan|403459336|final arsip file
DOC-0001178,surat_teknologi_202306_3208.docx,346128,2022-04-21,server-arsip-bandung,surat|teknologi|346128|revisi rekap file data
DOC-0003320,log_manajemen_202310_6372.docx,77315,2023-04-07,server-arsip-bandung,log|manajemen|77315|file draft data arsip
DOC-0001553,dataset_operasional_202205_5736.json,1401292,2024-10-02,cloud-storage-aws,dataset|operasional|1401292|final approved data file arsip
DOC-0001020,invoice_hukum_202306_8694.json,67527,2022-05-03,ftp-pusat,invoice|hukum|67527|revisi arsip data
DOC-0004487,surat_keuangan_202211_8143.txt,274678,2022-05-16,nas-lokal-02,surat|keuangan|274678|periode dokumen final approved
DUP-0000448,dataset_sdm_202405_5309.json,789693,2022-03-22,ftp-pusat,dataset|sdm|789693|file periode pending
DOC-0001454,backup_operasional_202202_6206.jpg,175713,2022-03-13,server-arsip-surabaya,backup|operasional|175713|periode pending final revisi arsip
DOC-0002813,kontrak_logistik_202404_4305.json,48873851,2022-10-26,server-arsip-jakarta,kontrak|logistik|48873851|data draft pending arsip
DOC-0003513,invoice_manajemen_202203_3047.jpg,899849,2023-10-13,server-arsip-jakarta,invoice|manajemen|899849|arsip total dokumen revisi file
DOC-0003057,log_manajemen_202307_5522.txt,66284,2022-06-14,backup-eksternal,log|manajemen|66284|revisi total file data
DUP-0000479,presentasi_riset_202209_6081.json,1112868,2023-12-19,backup-eksternal,presentasi|riset|1112868|total pending rekap data
DOC-0000712,kontrak_operasional_202409_6003.jpg,388952,2023-12-22,backup-eksternal,kontrak|operasional|388952|rekap file periode final arsip
DUP-0000019,laporan_manajemen_202305_8145.docx,248849,2022-05-26,cloud-storage-gcp,laporan|manajemen|248849|final data revisi
DOC-0000697,dataset_pemasaran_202302_7241.xml,119805040,2024-04-17,ftp-pusat,dataset|pemasaran|119805040|arsip final dokumen data
DOC-0002859,presentasi_keuangan_202401_4603.zip,224520,2024-08-21,server-arsip-jakarta,presentasi|keuangan|224520|periode arsip rekap revisi data
DOC-0001366,dataset_operasional_202304_7033.csv,282753,2024-06-09,ftp-pusat,dataset|operasional|282753|total file final
DOC-0003244,invoice_manajemen_202407_6939.pdf,39304,2024-12-15,nas-lokal-02,invoice|manajemen|39304|pending periode total
DUP-0000231,kontrak_riset_202405_8829.png,325142228,2024-03-01,portal-upload-web,kontrak|riset|325142228|dokumen approved file arsip periode
DOC-0002856,log_riset_202310_9169.txt,617951,2023-03-19,cloud-storage-aws,log|riset|617951|final rekap arsip revisi dokumen
DUP-0000271,log_logistik_202407_8937.docx,3182380,2024-06-03,cloud-storage-aws,log|logistik|3182380|draft data final approved
DOC-0000468,memo_operasional_202206_3734.jpg,3047115,2024-02-23,cloud-storage-gcp,memo|operasional|3047115|periode arsip rekap draft
DOC-0002070,memo_teknologi_202209_5258.png,18636644,2024-01-25,portal-upload-web,memo|teknologi|18636644|pending rekap file total
DOC-0003948,surat_logistik_202310_0940.json,163525,2023-10-23,portal-upload-web,surat|logistik|163525|total arsip revisi pending approved
DOC-0003360,memo_teknologi_202311_0024.json,431268,2022-05-12,portal-upload-web,memo|teknologi|431268|approved draft revisi
DUP-0000114,surat_sdm_202201_1004.csv,142150,2024-03-28,cloud-storage-aws,surat|sdm|142150|total dokumen file rekap approved
DOC-0004044,presentasi_operasional_202209_5589.zip,1550830,2022-05-26,cloud-storage-gcp,presentasi|operasional|1550830|revisi approved file
DOC-0002896,kontrak_audit_202204_6033.png,474273767,2023-05-31,backup-eksternal,kontrak|audit|474273767|approved revisi rekap pending
DOC-0002138,invoice_manajemen_202201_1011.json,220186,2024-03-17,cloud-storage-aws,invoice|manajemen|220186|periode total rekap draft
DOC-0000043,log_sdm_202211_3708.json,366723,2022-11-08,ftp-pusat,log|sdm|366723|approved revisi final rekap file
DOC-0001490,log_audit_202202_3919.csv,436319,2023-02-26,server-arsip-surabaya,log|audit|436319|revisi final data
DOC-0000981,presentasi_manajemen_202209_4559.zip,412734,2023-01-18,portal-upload-web,presentasi|manajemen|412734|rekap approved dokumen data file
DUP-0000443,presentasi_teknologi_202301_5484.png,280504,2024-03-03,nas-lokal-02,presentasi|teknologi|280504|arsip rekap revisi total approved
DOC-0003658,invoice_operasional_202212_4988.txt,156614,2022-08-18,ftp-pusat,invoice|operasional|156614|periode final draft dokumen pending
DOC-0002030,surat_keuangan_202403_7064.txt,15637653,2024-08-30,cloud-storage-aws,surat|keuangan|15637653|data final dokumen rekap
DOC-0003342,log_sdm_202408_8761.xml,73590,2024-02-15,ftp-pusat,log|sdm|73590|periode approved data
DOC-0003153,memo_manajemen_202411_5885.json,315355,2023-11-01,ftp-pusat,memo|manajemen|315355|arsip pending revisi
DOC-0003251,log_pemasaran_202212_0055.txt,465018,2022-05-13,cloud-storage-aws,log|pemasaran|465018|dokumen arsip file
DOC-0001900,log_teknologi_202204_2749.csv,1456571,2022-08-20,nas-lokal-02,log|teknologi|1456571|data rekap file draft revisi
DOC-0001380,gambar_sdm_202212_8667.xlsx,30073,2023-04-18,server-arsip-jakarta,gambar|sdm|30073|revisi data final periode dokumen
DOC-0003115,gambar_pemasaran_202410_1326.pdf,221048,2023-12-14,nas-lokal-01,gambar|pemasaran|221048|draft dokumen revisi periode arsip
DOC-0003620,dataset_teknologi_202402_0130.docx,941130,2024-06-09,nas-lokal-02,dataset|teknologi|941130|rekap final periode draft
DOC-0003798,laporan_audit_202311_6445.docx,10606,2023-12-13,server-arsip-surabaya,laporan|audit|10606|draft revisi rekap dokumen final
DOC-0002221,gambar_pemasaran_202409_6584.csv,54730,2023-09-30,nas-lokal-01,gambar|pemasaran|54730|final pending arsip rekap dokumen
DOC-0002428,backup_logistik_202302_0828.docx,39447,2024-06-03,nas-lokal-02,backup|logistik|39447|approved dokumen rekap
DOC-0001869,presentasi_audit_202202_1468.docx,480592587,2024-05-13,server-arsip-surabaya,presentasi|audit|480592587|rekap approved draft
DUP-0000181,presentasi_riset_202211_6627.pdf,1054808,2024-01-15,server-arsip-bandung,presentasi|riset|1054808|approved final rekap
DOC-0001693,invoice_operasional_202201_4644.png,447451,2023-05-19,server-arsip-bandung,invoice|operasional|447451|periode pending final revisi total
DOC-0000661,kontrak_sdm_202303_3040.json,270051,2023-08-17,server-arsip-jakarta,kontrak|sdm|270051|file data revisi periode
DOC-0004278,invoice_sdm_202402_9066.txt,1538336,2024-10-01,cloud-storage-gcp,invoice|sdm|1538336|rekap file pending final revisi
DOC-0002860,gambar_hukum_202208_4730.csv,68437,2024-07-09,server-arsip-surabaya,gambar|hukum|68437|dokumen revisi file periode
DOC-0003729,memo_logistik_202304_2769.png,480649,2023-10-11,server-arsip-bandung,memo|logistik|480649|data final total draft approved
DOC-0003234,log_riset_202411_7535.jpg,255646,2022-07-03,ftp-pusat,log|riset|255646|dokumen revisi arsip
DOC-0003528,laporan_audit_202305_7012.zip,79474,2024-08-19,backup-eksternal,laporan|audit|79474|revisi dokumen approved
DOC-0003993,invoice_manajemen_202410_7290.zip,402824,2023-06-13,nas-lokal-01,invoice|manajemen|402824|rekap dokumen pending
DOC-0002936,log_logistik_202309_7258.json,28895,2022-12-23,nas-lokal-01,log|logistik|28895|rekap draft final total
DOC-0003233,surat_hukum_202301_2341.xml,3709036,2024-07-16,server-arsip-bandung,surat|hukum|3709036|arsip dokumen periode pending
DOC-0003654,laporan_operasional_202408_9158.png,21459,2024-06-22,nas-lokal-01,laporan|operasional|21459|approved revisi periode
DOC-0000105,presentasi_operasional_202301_9672.docx,429072,2024-05-05,server-arsip-surabaya,presentasi|operasional|429072|final revisi arsip file
DOC-0001243,log_riset_202209_6389.xml,3014942,2023-04-01,server-arsip-jakarta,log|riset|3014942|data periode approved
DOC-0000378,memo_riset_202211_0125.docx,146871,2023-03-31,cloud-storage-gcp,memo|riset|146871|revisi rekap total
DOC-0001264,gambar_teknologi_202407_2825.json,300402,2023-01-19,server-arsip-jakarta,gambar|teknologi|300402|arsip data periode final
DOC-0002403,dataset_pemasaran_202304_4346.docx,2370277,2023-07-18,server-arsip-jakarta,dataset|pemasaran|2370277|pending rekap arsip data approved
DOC-0003377,invoice_keuangan_202412_0551.json,3012785,2024-03-02,nas-lokal-01,invoice|keuangan|3012785|draft revisi periode
DOC-0002142,dataset_manajemen_202312_8997.zip,224836329,2023-01-10,backup-eksternal,dataset|manajemen|224836329|rekap data periode
DOC-0000630,gambar_logistik_202402_5086.xlsx,3834392,2023-04-05,cloud-storage-aws,gambar|logistik|3834392|periode dokumen data final
DOC-0001653,memo_pemasaran_202206_1387.json,445089,2022-11-18,backup-eksternal,memo|pemasaran|445089|data revisi arsip
DOC-0001094,dataset_riset_202212_5074.txt,787018,2023-12-11,server-arsip-jakarta,dataset|riset|787018|dokumen draft arsip
DOC-0001100,gambar_teknologi_202409_9708.xml,4407889,2023-09-20,backup-eksternal,gambar|teknologi|4407889|pending periode rekap dokumen
DOC-0003903,log_hukum_202208_5868.csv,104632,2024-06-16,cloud-storage-gcp,log|hukum|104632|draft data final file total
DOC-0002486,log_operasional_202307_8814.txt,4117862,2024-10-19,server-arsip-surabaya,log|operasional|4117862|periode rekap final
DUP-0000148,backup_logistik_202302_0828.docx,39447,2024-06-03,nas-lokal-02,backup|logistik|39447|approved dokumen rekap
DUP-0000406,kontrak_logistik_202203_8616.docx,23440423,2023-08-22,backup-eksternal,kontrak|logistik|23440423|approved dokumen pending arsip
DOC-0000307,presentasi_keuangan_202310_5878.jpg,14881269,2022-10-28,nas-lokal-02,presentasi|keuangan|14881269|final total arsip approved dokumen
DOC-0002652,memo_logistik_202205_7287.csv,140718,2024-11-09,nas-lokal-01,memo|logistik|140718|dokumen final arsip
DOC-0002881,dataset_hukum_202304_3712.xml,26388762,2024-07-16,server-arsip-jakarta,dataset|hukum|26388762|data revisi approved pending
DOC-0003345,gambar_teknologi_202306_0557.jpg,483143,2024-04-22,ftp-pusat,gambar|teknologi|483143|revisi data file
DUP-0000472,memo_logistik_202201_0223.json,144942,2022-03-24,cloud-storage-gcp,memo|logistik|144942|rekap final approved
DOC-0004201,presentasi_teknologi_202310_7804.png,173745,2022-09-04,server-arsip-surabaya,presentasi|teknologi|173745|approved dokumen draft
DOC-0003753,gambar_riset_202404_5086.json,429947366,2023-02-14,nas-lokal-02,gambar|riset|429947366|final draft data
DOC-0000857,memo_sdm_202412_2613.png,2486063,2023-04-04,ftp-pusat,memo|sdm|2486063|data periode rekap file
DOC-0003803,gambar_hukum_202312_5620.xlsx,149055,2024-11-05,cloud-storage-aws,gambar|hukum|149055|draft dokumen data arsip
DOC-0000191,kontrak_teknologi_202201_6250.zip,4953819,2024-01-17,server-arsip-jakarta,kontrak|teknologi|4953819|total periode file
DOC-0001019,memo_manajemen_202205_6056.pdf,108459,2022-07-11,portal-upload-web,memo|manajemen|108459|draft rekap data
DOC-0003763,kontrak_pemasaran_202307_2773.jpg,149538250,2022-06-20,portal-upload-web,kontrak|pemasaran|149538250|final pending approved rekap
DOC-0002773,laporan_manajemen_202208_3919.txt,46795,2023-05-30,nas-lokal-01,laporan|manajemen|46795|periode final pending total
DOC-0002537,invoice_keuangan_202410_7578.jpg,1352898,2022-01-07,backup-eksternal,invoice|keuangan|1352898|file arsip revisi dokumen total
DOC-0001595,memo_pemasaran_202403_8369.json,395989,2024-08-24,server-arsip-surabaya,memo|pemasaran|395989|final pending approved
DOC-0004026,laporan_teknologi_202308_4355.txt,633123,2022-09-14,server-arsip-bandung,laporan|teknologi|633123|file rekap approved
DOC-0000194,surat_manajemen_202303_8749.docx,63220,2022-09-12,backup-eksternal,surat|manajemen|63220|draft periode data arsip dokumen
DUP-0000481,presentasi_operasional_202310_9719.pdf,65758027,2022-08-29,nas-lokal-01,presentasi|operasional|65758027|rekap periode pending revisi
DOC-0003311,invoice_audit_202306_0955.txt,3789734,2024-04-05,ftp-pusat,invoice|audit|3789734|data arsip draft pending approved
DOC-0003556,log_operasional_202304_5896.zip,467772937,2024-01-21,nas-lokal-01,log|operasional|467772937|data rekap total periode dokumen
DOC-0002597,surat_logistik_202410_4580.png,26488260,2024-09-28,portal-upload-web,surat|logistik|26488260|rekap dokumen data
DOC-0004090,dataset_hukum_202408_0897.pdf,3165478,2023-07-27,server-arsip-bandung,dataset|hukum|3165478|revisi approved final rekap data
DOC-0003191,laporan_pemasaran_202402_3968.pdf,619648,2023-06-30,backup-eksternal,laporan|pemasaran|619648|final periode dokumen approved revisi
DUP-0000016,laporan_riset_202406_4417.csv,242973,2023-01-15,cloud-storage-aws,laporan|riset|242973|revisi draft file final
DOC-0001386,backup_manajemen_202202_5406.xml,386877,2022-11-29,nas-lokal-01,backup|manajemen|386877|periode revisi file dokumen
DOC-0004017,backup_riset_202409_2367.jpg,105888721,2022-07-17,server-arsip-jakarta,backup|riset|105888721|approved data rekap draft
DOC-0003715,laporan_keuangan_202308_6582.docx,43190010,2024-02-24,server-arsip-jakarta,laporan|keuangan|43190010|periode file rekap
DOC-0001847,kontrak_operasional_202210_0614.xml,33977091,2023-05-19,server-arsip-surabaya,kontrak|operasional|33977091|final revisi rekap
DOC-0000575,invoice_audit_202307_4171.docx,84503,2023-05-27,cloud-storage-aws,invoice|audit|84503|pending periode data rekap draft
DOC-0000090,backup_riset_202406_0930.csv,1702620,2022-08-17,server-arsip-bandung,backup|riset|1702620|arsip file rekap periode
DOC-0003194,presentasi_teknologi_202411_5529.zip,3856821,2023-01-16,backup-eksternal,presentasi|teknologi|3856821|arsip periode rekap total
DOC-0004341,kontrak_manajemen_202309_9577.jpg,1740586,2024-06-15,server-arsip-bandung,kontrak|manajemen|1740586|pending rekap approved file
DOC-0002764,memo_operasional_202410_7638.txt,441472,2023-05-07,ftp-pusat,memo|operasional|441472|final file periode data
DOC-0002526,presentasi_logistik_202407_8165.xlsx,37255,2022-03-02,server-arsip-bandung,presentasi|logistik|37255|dokumen final approved pending rekap
DOC-0003036,invoice_audit_202404_5978.json,134579,2023-02-06,nas-lokal-02,invoice|audit|134579|final dokumen periode
DOC-0000150,dataset_sdm_202305_2419.zip,4421542,2024-10-09,ftp-pusat,dataset|sdm|4421542|draft approved total final
DOC-0000914,memo_operasional_202212_9680.png,476280,2023-06-07,ftp-pusat,memo|operasional|476280|file pending data
DOC-0002058,presentasi_sdm_202401_3556.xml,2929921,2022-07-22,nas-lokal-02,presentasi|sdm|2929921|approved pending arsip
DOC-0000053,backup_riset_202412_7075.pdf,486562312,2022-02-22,cloud-storage-aws,backup|riset|486562312|periode rekap draft total final
DUP-0000355,laporan_sdm_202411_1571.png,4761609,2023-07-17,nas-lokal-01,laporan|sdm|4761609|arsip total data file
DOC-0002454,kontrak_logistik_202207_7540.xlsx,49586656,2024-02-04,server-arsip-jakarta,kontrak|logistik|49586656|total draft revisi
DOC-0002087,dataset_audit_202407_4860.jpg,48856845,2024-01-01,nas-lokal-01,dataset|audit|48856845|periode approved total draft
DUP-0000286,gambar_teknologi_202409_9708.xml,4407889,2023-09-20,backup-eksternal,gambar|teknologi|4407889|pending periode rekap dokumen
DOC-0001816,laporan_manajemen_202209_7825.pdf,1949733,2022-06-24,server-arsip-surabaya,laporan|manajemen|1949733|arsip dokumen final
DOC-0003353,invoice_logistik_202303_4359.xlsx,3786629,2022-01-23,ftp-pusat,invoice|logistik|3786629|approved periode arsip pending rekap
DOC-0001281,presentasi_keuangan_202408_2167.docx,4663698,2022-02-26,portal-upload-web,presentasi|keuangan|4663698|draft total dokumen
DOC-0003164,dataset_sdm_202403_2741.jpg,43599354,2023-01-23,ftp-pusat,dataset|sdm|43599354|revisi draft pending file
DUP-0000104,gambar_riset_202302_9402.docx,13023,2024-02-06,backup-eksternal,gambar|riset|13023|total data final draft file
DOC-0002081,kontrak_pemasaran_202311_3804.csv,47676,2022-05-17,nas-lokal-01,kontrak|pemasaran|47676|final approved file pending periode
DOC-0001646,gambar_riset_202305_4378.json,4715912,2022-03-27,ftp-pusat,gambar|riset|4715912|data dokumen draft revisi rekap
DOC-0000470,kontrak_teknologi_202210_0558.zip,442355,2023-11-14,nas-lokal-01,kontrak|teknologi|442355|rekap pending final
DOC-0002393,kontrak_audit_202205_9426.xml,22262759,2023-09-20,nas-lokal-02,kontrak|audit|22262759|periode approved draft rekap
DOC-0001670,invoice_keuangan_202404_9785.json,409754,2022-06-10,server-arsip-bandung,invoice|keuangan|409754|draft revisi periode
DOC-0002084,kontrak_keuangan_202306_4694.xml,238289,2022-01-09,nas-lokal-01,kontrak|keuangan|238289|file data periode
DOC-0001096,invoice_riset_202409_1578.xlsx,232279,2022-04-02,server-arsip-bandung,invoice|riset|232279|arsip data periode
DOC-0001523,kontrak_hukum_202203_6655.jpg,41950234,2024-09-16,portal-upload-web,kontrak|hukum|41950234|rekap dokumen approved data arsip
DOC-0002310,presentasi_manajemen_202403_9378.zip,348093,2023-09-08,nas-lokal-02,presentasi|manajemen|348093|rekap revisi total dokumen
DOC-0004031,invoice_sdm_202303_6649.png,326053,2022-07-09,backup-eksternal,invoice|sdm|326053|arsip approved pending
DOC-0004403,invoice_teknologi_202410_0854.json,5429596,2022-06-05,cloud-storage-gcp,invoice|teknologi|5429596|rekap approved arsip total file
DOC-0002162,kontrak_sdm_202201_5304.zip,418405,2022-01-26,nas-lokal-01,kontrak|sdm|418405|draft total pending revisi
DOC-0001751,invoice_logistik_202403_7953.jpg,2239527,2024-06-08,cloud-storage-aws,invoice|logistik|2239527|arsip draft periode revisi total
DOC-0003195,log_riset_202307_2015.docx,170778,2023-06-16,server-arsip-surabaya,log|riset|170778|rekap dokumen pending file periode
DOC-0002934,backup_logistik_202405_1010.docx,4294035,2022-02-27,nas-lokal-01,backup|logistik|4294035|pending draft arsip revisi final
DOC-0001817,presentasi_sdm_202407_0620.txt,3212449,2022-09-27,cloud-storage-aws,presentasi|sdm|3212449|total draft dokumen
DUP-0000488,laporan_hukum_202210_6738.csv,4017958,2024-07-13,cloud-storage-aws,laporan|hukum|4017958|periode draft rekap dokumen
DOC-0001164,presentasi_hukum_202404_7338.docx,3169940,2023-07-21,nas-lokal-02,presentasi|hukum|3169940|total final data pending
DOC-0003567,dataset_teknologi_202212_2244.csv,4320683,2023-04-20,server-arsip-jakarta,dataset|teknologi|4320683|final approved file
DUP-0000412,kontrak_manajemen_202201_3520.zip,84806,2024-04-07,backup-eksternal,kontrak|manajemen|84806|final rekap data periode draft
DOC-0000830,kontrak_logistik_202302_6261.json,375855,2023-08-02,nas-lokal-02,kontrak|logistik|375855|dokumen revisi data file draft
DOC-0001419,laporan_pemasaran_202203_6847.txt,54585,2022-03-28,server-arsip-jakarta,laporan|pemasaran|54585|periode file arsip revisi pending
DOC-0002782,invoice_manajemen_202211_5591.xlsx,147701,2022-04-13,nas-lokal-02,invoice|manajemen|147701|data pending arsip periode rekap
DUP-0000337,backup_operasional_202207_8799.txt,3066223,2024-08-22,backup-eksternal,backup|operasional|3066223|draft approved dokumen
DOC-0002995,gambar_keuangan_202210_4026.json,104965,2024-02-10,server-arsip-bandung,gambar|keuangan|104965|data file rekap
DOC-0004368,laporan_operasional_202209_7795.json,43947483,2024-01-08,portal-upload-web,laporan|operasional|43947483|revisi arsip final draft
DOC-0001001,dataset_audit_202207_7829.jpg,4206079,2024-05-25,cloud-storage-aws,dataset|audit|4206079|revisi periode data file
DOC-0001987,dataset_teknologi_202303_8309.xml,3047776,2022-05-31,cloud-storage-aws,dataset|teknologi|3047776|approved draft dokumen
DOC-0003329,laporan_manajemen_202407_3248.png,113913,2022-08-20,cloud-storage-gcp,laporan|manajemen|113913|periode arsip dokumen approved total
DOC-0003162,memo_keuangan_202404_1876.json,353264,2024-03-03,cloud-storage-gcp,memo|keuangan|353264|total dokumen data
DOC-0001365,invoice_sdm_202310_4261.xml,21132954,2023-10-20,server-arsip-surabaya,invoice|sdm|21132954|draft periode dokumen
DOC-0003786,invoice_manajemen_202306_2499.zip,3056692,2022-08-05,backup-eksternal,invoice|manajemen|3056692|draft data approved file
DOC-0000411,memo_keuangan_202312_7934.zip,1029989,2022-05-14,ftp-pusat,memo|keuangan|1029989|file final dokumen
DOC-0001237,log_pemasaran_202304_8376.docx,493061,2022-02-07,nas-lokal-01,log|pemasaran|493061|rekap revisi arsip
DOC-0003288,backup_riset_202306_8364.png,312843,2023-07-13,nas-lokal-01,backup|riset|312843|periode pending total revisi
DOC-0003643,log_hukum_202212_2322.pdf,2426644,2024-10-16,cloud-storage-gcp,log|hukum|2426644|pending arsip revisi rekap total
DOC-0002710,presentasi_teknologi_202302_1925.jpg,64902,2022-06-12,nas-lokal-02,presentasi|teknologi|64902|file pending total
DOC-0000203,laporan_audit_202309_2719.docx,111438,2022-01-23,server-arsip-bandung,laporan|audit|111438|file arsip final
DOC-0001629,laporan_pemasaran_202411_0092.txt,1923154,2023-07-13,ftp-pusat,laporan|pemasaran|1923154|approved draft revisi final data
DOC-0001200,invoice_teknologi_202306_5647.json,1180828,2023-11-07,portal-upload-web,invoice|teknologi|1180828|periode arsip dokumen pending final
DOC-0003249,presentasi_audit_202412_3894.xml,24825,2023-01-20,nas-lokal-01,presentasi|audit|24825|data arsip final file rekap
DOC-0002036,memo_manajemen_202205_3647.docx,4133167,2022-03-12,cloud-storage-aws,memo|manajemen|4133167|rekap total approved
DOC-0003961,backup_teknologi_202305_8450.xml,6868614,2022-08-12,cloud-storage-aws,backup|teknologi|6868614|revisi draft file dokumen arsip
DOC-0001923,invoice_logistik_202202_4290.xml,151646,2022-09-30,server-arsip-bandung,invoice|logistik|151646|approved revisi final draft
DOC-0001662,kontrak_teknologi_202408_1924.zip,231130,2022-11-12,nas-lokal-01,kontrak|teknologi|231130|dokumen revisi draft rekap
DOC-0003032,backup_manajemen_202308_8631.xml,409018,2023-10-21,cloud-storage-gcp,backup|manajemen|409018|revisi dokumen rekap draft
DOC-0004309,dataset_riset_202407_3662.png,470614640,2022-03-05,backup-eksternal,dataset|riset|470614640|pending periode data
DOC-0001168,dataset_sdm_202302_3544.xlsx,38728,2022-06-30,ftp-pusat,dataset|sdm|38728|approved rekap final pending
DOC-0001997,backup_operasional_202207_6273.docx,251001,2022-08-06,ftp-pusat,backup|operasional|251001|data revisi approved rekap
DOC-0001496,surat_teknologi_202207_5532.xlsx,122980,2024-12-30,backup-eksternal,surat|teknologi|122980|final arsip data dokumen
DOC-0003885,dataset_keuangan_202306_5968.docx,4757179,2024-01-15,nas-lokal-01,dataset|keuangan|4757179|draft total arsip
DOC-0000183,backup_manajemen_202203_0377.csv,239811482,2023-10-11,cloud-storage-aws,backup|manajemen|239811482|approved revisi arsip
DOC-0002383,gambar_manajemen_202202_5152.csv,359284,2023-06-17,server-arsip-bandung,gambar|manajemen|359284|arsip periode pending
DOC-0003962,dataset_manajemen_202302_8216.csv,242312,2022-03-02,server-arsip-jakarta,dataset|manajemen|242312|data draft approved file
DOC-0002193,log_audit_202210_5811.xml,464521,2024-10-17,portal-upload-web,log|audit|464521|pending final draft rekap
DOC-0003963,log_sdm_202412_3912.json,190075022,2024-11-02,nas-lokal-02,log|sdm|190075022|file approved total periode revisi
DOC-0000799,backup_sdm_202207_8845.png,1245054,2022-01-05,nas-lokal-02,backup|sdm|1245054|data total dokumen approved file
DOC-0004072,dataset_riset_202304_7646.txt,156842,2023-08-08,nas-lokal-01,dataset|riset|156842|total final pending periode
DOC-0000704,invoice_sdm_202405_1348.json,354201,2023-01-17,cloud-storage-aws,invoice|sdm|354201|total approved rekap
DUP-0000049,backup_logistik_202407_0450.png,2000159,2023-11-22,ftp-pusat,backup|logistik|2000159|draft revisi total final
DUP-0000307,presentasi_teknologi_202401_4665.jpg,480320,2022-01-07,nas-lokal-01,presentasi|teknologi|480320|data total periode approved
DOC-0000188,backup_logistik_202206_5788.xlsx,18900321,2024-04-09,cloud-storage-gcp,backup|logistik|18900321|file final revisi
DOC-0003982,backup_logistik_202205_0513.xlsx,3640077,2024-01-20,nas-lokal-01,backup|logistik|3640077|dokumen pending periode revisi draft
DOC-0004228,gambar_pemasaran_202208_9022.pdf,43732861,2023-01-31,nas-lokal-01,gambar|pemasaran|43732861|approved revisi file final rekap
DUP-0000161,surat_keuangan_202207_6433.xlsx,12828133,2024-06-28,cloud-storage-aws,surat|keuangan|12828133|dokumen rekap final
DOC-0002126,log_logistik_202206_1406.xml,3814444,2023-10-22,backup-eksternal,log|logistik|3814444|dokumen draft total final
DUP-0000260,laporan_sdm_202403_0715.zip,16761402,2023-11-13,portal-upload-web,laporan|sdm|16761402|rekap revisi total periode
DOC-0003071,log_operasional_202312_7652.png,4763186,2024-12-13,ftp-pusat,log|operasional|4763186|final draft arsip pending data
DOC-0000093,presentasi_audit_202309_5901.png,15276912,2023-04-04,server-arsip-surabaya,presentasi|audit|15276912|data periode approved final
DOC-0002225,surat_hukum_202301_1893.json,4027615,2022-04-10,server-arsip-bandung,surat|hukum|4027615|approved rekap total revisi
DOC-0002889,kontrak_manajemen_202404_5058.zip,311022337,2023-02-20,nas-lokal-01,kontrak|manajemen|311022337|file data draft total pending
DOC-0002857,gambar_riset_202206_9443.txt,343190,2023-01-09,nas-lokal-02,gambar|riset|343190|arsip approved data file
DOC-0004442,kontrak_hukum_202410_2605.docx,63580,2024-06-06,portal-upload-web,kontrak|hukum|63580|approved rekap dokumen
DOC-0000683,backup_manajemen_202207_1946.jpg,124880,2022-07-18,cloud-storage-aws,backup|manajemen|124880|total file arsip data
DOC-0000320,memo_operasional_202405_1665.pdf,117421,2024-03-26,backup-eksternal,memo|operasional|117421|total periode pending dokumen data
DUP-0000141,invoice_riset_202403_6221.csv,96609,2023-09-29,cloud-storage-gcp,invoice|riset|96609|arsip rekap periode
DOC-0000247,backup_sdm_202203_0659.zip,361809,2023-04-18,cloud-storage-aws,backup|sdm|361809|rekap total approved periode revisi
DOC-0000591,dataset_manajemen_202412_8632.zip,2829392,2022-07-17,server-arsip-surabaya,dataset|manajemen|2829392|file revisi total arsip rekap
DOC-0001815,presentasi_keuangan_202406_9938.xlsx,4307326,2022-02-24,ftp-pusat,presentasi|keuangan|4307326|approved arsip rekap
DOC-0001210,dataset_audit_202401_2797.xlsx,29456535,2022-06-25,nas-lokal-01,dataset|audit|29456535|file data revisi arsip
DOC-0004010,dataset_audit_202402_9222.xlsx,443794,2023-11-11,server-arsip-bandung,dataset|audit|443794|rekap dokumen final
DOC-0004255,laporan_audit_202305_3823.txt,3795205,2024-06-30,server-arsip-jakarta,laporan|audit|3795205|total periode approved
DOC-0004323,laporan_operasional_202308_9250.txt,492566,2022-02-06,server-arsip-jakarta,laporan|operasional|492566|total periode file draft revisi
DUP-0000411,log_riset_202409_8569.docx,307309,2024-03-03,server-arsip-bandung,log|riset|307309|periode rekap pending data approved
DOC-0000618,memo_riset_202310_3651.csv,3232005,2024-06-14,nas-lokal-01,memo|riset|3232005|total revisi arsip
DOC-0003691,laporan_manajemen_202303_8836.json,673932,2024-03-14,cloud-storage-aws,laporan|manajemen|673932|revisi total rekap
DOC-0002682,surat_pemasaran_202307_1910.txt,45544900,2024-09-19,nas-lokal-02,surat|pemasaran|45544900|dokumen final arsip
DOC-0003538,log_hukum_202401_6630.xml,4819863,2023-11-07,server-arsip-bandung,log|hukum|4819863|dokumen arsip data
DOC-0001998,log_audit_202201_2292.jpg,239816,2022-03-01,cloud-storage-aws,log|audit|239816|file revisi arsip dokumen total
DUP-0000353,invoice_keuangan_202307_0740.png,278170501,2024-01-24,cloud-storage-aws,invoice|keuangan|278170501|file draft rekap revisi
DOC-0002115,gambar_audit_202404_3087.png,28205738,2023-08-02,server-arsip-surabaya,gambar|audit|28205738|draft revisi dokumen
DUP-0000366,laporan_sdm_202211_8320.docx,60513,2023-12-26,server-arsip-bandung,laporan|sdm|60513|approved arsip final
DOC-0001835,gambar_keuangan_202212_7999.pdf,44678325,2023-09-25,cloud-storage-gcp,gambar|keuangan|44678325|approved arsip pending
DOC-0000582,surat_keuangan_202412_9529.xlsx,3149162,2024-04-03,cloud-storage-aws,surat|keuangan|3149162|revisi pending periode approved
DOC-0001908,laporan_audit_202206_8355.xml,164201,2023-04-21,nas-lokal-01,laporan|audit|164201|file rekap total pending
DUP-0000021,log_manajemen_202406_6496.txt,1666647,2023-12-20,server-arsip-bandung,log|manajemen|1666647|arsip pending total dokumen final
DUP-0000292,laporan_audit_202307_7226.txt,3186251,2023-04-20,cloud-storage-gcp,laporan|audit|3186251|pending final revisi approved dokumen
DOC-0000406,log_manajemen_202412_8222.txt,219783,2023-04-12,portal-upload-web,log|manajemen|219783|approved periode final
DUP-0000266,dataset_teknologi_202209_3922.zip,24932544,2023-10-25,portal-upload-web,dataset|teknologi|24932544|file dokumen final
DOC-0004021,dataset_riset_202209_9237.xlsx,2723916,2022-05-01,cloud-storage-gcp,dataset|riset|2723916|approved arsip draft
DUP-0000427,laporan_manajemen_202402_6467.pdf,338565,2024-08-20,server-arsip-surabaya,laporan|manajemen|338565|total dokumen revisi rekap final
DOC-0003213,memo_manajemen_202301_6861.json,130656292,2024-11-21,server-arsip-surabaya,memo|manajemen|130656292|arsip pending dokumen
DOC-0000563,memo_logistik_202312_2613.xml,245119,2023-02-12,cloud-storage-aws,memo|logistik|245119|arsip periode dokumen
DOC-0000646,invoice_hukum_202410_0698.xml,215986,2022-10-02,ftp-pusat,invoice|hukum|215986|pending file periode
DOC-0002347,presentasi_operasional_202207_4395.json,298138,2022-02-07,portal-upload-web,presentasi|operasional|298138|arsip pending revisi file
DOC-0003099,gambar_logistik_202410_8673.jpg,3843343,2022-11-03,nas-lokal-01,gambar|logistik|3843343|total pending revisi arsip approved
DUP-0000100,presentasi_sdm_202306_6751.pdf,3145810,2024-08-08,portal-upload-web,presentasi|sdm|3145810|total approved pending file periode
DOC-0001312,surat_riset_202312_8777.jpg,276472,2023-12-23,server-arsip-bandung,surat|riset|276472|data draft approved rekap file
DOC-0003168,invoice_sdm_202211_8452.xlsx,2558469,2024-10-06,nas-lokal-01,invoice|sdm|2558469|data file final
DOC-0001796,presentasi_keuangan_202210_7391.png,4765442,2023-03-10,nas-lokal-01,presentasi|keuangan|4765442|final periode draft data
DOC-0001643,gambar_keuangan_202309_4406.png,3028249,2024-11-15,cloud-storage-aws,gambar|keuangan|3028249|revisi final arsip
DOC-0001420,gambar_operasional_202305_9170.xlsx,954169,2023-10-26,backup-eksternal,gambar|operasional|954169|arsip file pending periode data
DOC-0000278,surat_teknologi_202406_0279.xml,4358959,2024-12-12,server-arsip-surabaya,surat|teknologi|4358959|total rekap final
DOC-0000909,presentasi_audit_202408_3827.xlsx,1735660,2022-08-02,ftp-pusat,presentasi|audit|1735660|arsip revisi rekap periode
DOC-0002060,kontrak_manajemen_202201_3428.jpg,331533,2024-01-03,cloud-storage-aws,kontrak|manajemen|331533|draft periode approved rekap file
DOC-0000198,dataset_riset_202310_9462.png,328988272,2024-04-09,cloud-storage-gcp,dataset|riset|328988272|approved periode arsip pending data
DUP-0000486,presentasi_riset_202208_3371.png,3335963,2022-03-27,portal-upload-web,presentasi|riset|3335963|pending periode dokumen
DOC-0004062,dataset_riset_202310_0195.xlsx,2291858,2022-03-16,ftp-pusat,dataset|riset|2291858|data pending revisi rekap dokumen
DOC-0001630,laporan_teknologi_202309_0534.png,28447679,2024-09-14,ftp-pusat,laporan|teknologi|28447679|draft revisi arsip
DOC-0002622,log_teknologi_202208_8779.docx,238436,2023-04-27,cloud-storage-aws,log|teknologi|238436|dokumen final arsip periode
DOC-0003683,log_pemasaran_202312_1523.csv,700200,2023-06-03,cloud-storage-aws,log|pemasaran|700200|arsip file periode pending revisi
DOC-0001073,surat_operasional_202210_0749.xlsx,45500765,2024-08-15,backup-eksternal,surat|operasional|45500765|file pending periode
DOC-0002697,presentasi_pemasaran_202203_6928.xml,169006,2024-04-15,backup-eksternal,presentasi|pemasaran|169006|data arsip rekap final
DOC-0002615,memo_audit_202203_6404.csv,345691,2024-12-17,cloud-storage-aws,memo|audit|345691|final arsip pending rekap periode
DOC-0002453,laporan_logistik_202408_3565.xlsx,3529978,2024-02-19,server-arsip-jakarta,laporan|logistik|3529978|rekap draft data arsip periode
DOC-0003888,surat_pemasaran_202406_6629.zip,4913023,2023-06-29,server-arsip-surabaya,surat|pemasaran|4913023|periode pending draft revisi
DOC-0000852,backup_hukum_202307_4921.jpg,4958689,2024-04-08,portal-upload-web,backup|hukum|4958689|approved draft file
DOC-0004415,gambar_logistik_202305_7771.png,141415,2022-05-26,ftp-pusat,gambar|logistik|141415|dokumen final total revisi
DOC-0000439,dataset_teknologi_202412_6248.pdf,45145688,2023-06-02,server-arsip-surabaya,dataset|teknologi|45145688|periode revisi arsip data
DOC-0004281,memo_audit_202404_3593.xlsx,2575616,2023-09-17,cloud-storage-aws,memo|audit|2575616|data approved rekap
DOC-0000677,log_logistik_202403_1922.csv,827766,2023-04-04,portal-upload-web,log|logistik|827766|approved draft final file periode
DOC-0000728,gambar_logistik_202209_7066.xlsx,75735,2024-10-29,backup-eksternal,gambar|logistik|75735|rekap approved file final data
DOC-0003571,gambar_logistik_202306_5364.jpg,286157,2024-12-03,cloud-storage-gcp,gambar|logistik|286157|periode draft file
DOC-0004385,dataset_hukum_202204_2381.txt,2057307,2022-03-12,cloud-storage-gcp,dataset|hukum|2057307|rekap arsip final approved
DOC-0000435,invoice_logistik_202305_5890.json,199708677,2023-06-20,cloud-storage-gcp,invoice|logistik|199708677|rekap arsip revisi data
DUP-0000042,gambar_audit_202305_6310.csv,1657375,2023-01-14,server-arsip-bandung,gambar|audit|1657375|arsip data file
DOC-0001737,gambar_pemasaran_202210_5529.xml,279796,2024-06-12,cloud-storage-gcp,gambar|pemasaran|279796|total arsip draft final file
DOC-0001534,surat_sdm_202303_2449.png,2321162,2024-12-27,nas-lokal-01,surat|sdm|2321162|approved periode arsip revisi pending
DOC-0002415,log_audit_202211_2052.pdf,28557552,2023-10-29,cloud-storage-aws,log|audit|28557552|data rekap approved revisi total
DOC-0003597,backup_audit_202309_8351.xlsx,330018162,2023-02-01,server-arsip-surabaya,backup|audit|330018162|draft revisi file
DOC-0000736,log_keuangan_202211_6513.docx,192883402,2023-07-05,backup-eksternal,log|keuangan|192883402|rekap approved arsip
DOC-0003245,log_pemasaran_202405_0836.jpg,3400989,2023-09-17,backup-eksternal,log|pemasaran|3400989|draft pending total
DOC-0001831,presentasi_audit_202402_6020.jpg,28416055,2023-04-25,server-arsip-surabaya,presentasi|audit|28416055|final periode draft approved arsip
DOC-0002187,laporan_riset_202311_3015.txt,43880,2023-06-18,cloud-storage-gcp,laporan|riset|43880|data dokumen approved file revisi
DOC-0000159,invoice_audit_202212_1541.csv,1195959,2024-07-20,nas-lokal-02,invoice|audit|1195959|draft revisi dokumen pending rekap
DOC-0004218,kontrak_teknologi_202206_2268.pdf,125441,2024-05-21,server-arsip-jakarta,kontrak|teknologi|125441|total data file
DOC-0001387,log_keuangan_202311_7292.json,2119896,2023-09-15,cloud-storage-aws,log|keuangan|2119896|final rekap file pending
DOC-0001315,surat_pemasaran_202404_0472.xml,254375,2024-12-28,cloud-storage-aws,surat|pemasaran|254375|approved dokumen pending
DOC-0003861,memo_riset_202301_9046.zip,27491825,2023-05-28,nas-lokal-02,memo|riset|27491825|draft final data file approved
DOC-0002742,memo_sdm_202310_2719.zip,93072,2024-09-24,ftp-pusat,memo|sdm|93072|periode revisi final approved
DOC-0004477,laporan_teknologi_202309_7032.zip,442174,2024-08-11,cloud-storage-gcp,laporan|teknologi|442174|data approved rekap
DOC-0003623,log_operasional_202204_4616.docx,93206793,2024-02-17,server-arsip-jakarta,log|operasional|93206793|dokumen data revisi pending
DOC-0000953,backup_hukum_202203_5733.pdf,214278,2022-02-26,server-arsip-bandung,backup|hukum|214278|file revisi dokumen final
DOC-0001192,invoice_teknologi_202308_9653.jpg,493448,2023-07-22,backup-eksternal,invoice|teknologi|493448|dokumen file rekap
DOC-0002421,gambar_keuangan_202302_1943.json,1809083,2022-03-04,cloud-storage-aws,gambar|keuangan|1809083|data arsip approved
DOC-0003303,backup_operasional_202404_1631.xml,3613700,2022-01-26,portal-upload-web,backup|operasional|3613700|revisi draft arsip
DOC-0001684,surat_sdm_202205_7118.png,225527,2023-12-29,cloud-storage-aws,surat|sdm|225527|final periode rekap dokumen
DOC-0003855,kontrak_teknologi_202304_0766.csv,144809220,2022-09-05,server-arsip-surabaya,kontrak|teknologi|144809220|arsip data total final rekap
DOC-0003968,kontrak_riset_202306_6258.jpg,194139,2022-01-29,cloud-storage-gcp,kontrak|riset|194139|periode arsip pending
DOC-0001571,backup_pemasaran_202402_2753.docx,4613662,2022-08-14,server-arsip-bandung,backup|pemasaran|4613662|approved rekap total arsip dokumen
DOC-0003219,backup_sdm_202308_8741.png,4424018,2022-11-17,cloud-storage-aws,backup|sdm|4424018|rekap data arsip final
DUP-0000001,log_hukum_202210_1024.txt,4872274,2022-09-12,server-arsip-bandung,log|hukum|4872274|draft approved pending data
DOC-0001985,log_sdm_202401_7034.pdf,498182312,2023-11-06,ftp-pusat,log|sdm|498182312|approved periode total arsip draft
DOC-0001143,laporan_keuangan_202303_9020.zip,27831977,2024-11-07,backup-eksternal,laporan|keuangan|27831977|final file dokumen
DOC-0001542,surat_hukum_202210_8353.json,96497,2024-02-06,portal-upload-web,surat|hukum|96497|approved draft data total rekap
DOC-0002763,gambar_keuangan_202406_2405.csv,39322327,2024-11-29,backup-eksternal,gambar|keuangan|39322327|draft arsip revisi
DOC-0003785,invoice_operasional_202309_0467.png,247226,2022-11-03,backup-eksternal,invoice|operasional|247226|pending periode file revisi rekap
DUP-0000404,dataset_logistik_202212_9558.txt,400816,2024-01-01,cloud-storage-aws,dataset|logistik|400816|pending data file revisi
DOC-0004061,log_riset_202402_8735.csv,3812684,2022-08-12,backup-eksternal,log|riset|3812684|draft pending file data
DOC-0003161,backup_manajemen_202211_6224.xml,230625,2022-05-07,server-arsip-jakarta,backup|manajemen|230625|arsip dokumen pending periode data
DOC-0000199,laporan_teknologi_202302_9903.docx,3582825,2024-04-24,nas-lokal-02,laporan|teknologi|3582825|final draft rekap data
DOC-0000895,memo_hukum_202304_9722.png,3133690,2024-12-10,server-arsip-bandung,memo|hukum|3133690|arsip dokumen rekap pending revisi
DOC-0002354,kontrak_riset_202206_5157.json,34824001,2023-04-04,server-arsip-surabaya,kontrak|riset|34824001|draft periode arsip
DOC-0004295,backup_manajemen_202201_2109.json,1178560,2024-12-12,cloud-storage-gcp,backup|manajemen|1178560|data revisi arsip file draft
DOC-0000250,surat_audit_202205_0051.png,284854621,2024-06-06,backup-eksternal,surat|audit|284854621|rekap file pending
DOC-0000940,memo_manajemen_202210_7732.jpg,3524288,2023-04-21,nas-lokal-01,memo|manajemen|3524288|total draft periode approved
DUP-0000482,laporan_sdm_202305_4413.xml,482569,2023-03-24,nas-lokal-01,laporan|sdm|482569|approved data periode final draft
DOC-0000501,surat_hukum_202206_6650.xml,4703425,2024-01-25,nas-lokal-02,surat|hukum|4703425|pending rekap approved revisi
DOC-0001139,gambar_pemasaran_202407_7147.docx,445983977,2023-06-06,server-arsip-jakarta,gambar|pemasaran|445983977|approved draft final periode dokumen
DOC-0002885,memo_audit_202210_2357.csv,418490,2024-01-15,nas-lokal-01,memo|audit|418490|total pending draft
DOC-0000475,laporan_audit_202302_7258.csv,447651,2023-01-27,server-arsip-surabaya,laporan|audit|447651|dokumen arsip rekap draft
DOC-0000249,invoice_pemasaran_202409_4507.json,253326241,2024-06-27,cloud-storage-aws,invoice|pemasaran|253326241|periode revisi approved draft data
DOC-0003554,memo_hukum_202208_5709.pdf,47770356,2022-08-03,cloud-storage-gcp,memo|hukum|47770356|approved final arsip
DOC-0001483,presentasi_operasional_202402_1866.xml,300292,2023-02-22,cloud-storage-gcp,presentasi|operasional|300292|file revisi final arsip draft
DOC-0000485,surat_keuangan_202207_6433.xlsx,12828133,2024-06-28,cloud-storage-aws,surat|keuangan|12828133|dokumen rekap final
DOC-0003883,surat_audit_202401_1481.xlsx,437437540,2023-11-20,cloud-storage-aws,surat|audit|437437540|draft arsip final approved periode
DOC-0004373,kontrak_audit_202309_9755.json,1093944,2022-05-09,server-arsip-surabaya,kontrak|audit|1093944|draft periode dokumen total
DOC-0004109,laporan_riset_202406_6556.json,863119,2023-06-14,nas-lokal-01,laporan|riset|863119|arsip rekap revisi final file
DOC-0004304,laporan_hukum_202301_9823.json,5381570,2024-09-30,ftp-pusat,laporan|hukum|5381570|dokumen pending rekap final
DOC-0001131,kontrak_operasional_202211_0505.jpg,23169803,2022-11-19,cloud-storage-gcp,kontrak|operasional|23169803|draft rekap dokumen
DOC-0001279,gambar_sdm_202309_0172.txt,2313344,2024-05-22,server-arsip-jakarta,gambar|sdm|2313344|final draft pending
DOC-0001882,kontrak_operasional_202411_6051.txt,1894150,2022-03-09,server-arsip-bandung,kontrak|operasional|1894150|data file final approved periode
DOC-0000068,backup_sdm_202312_1958.xlsx,496972,2023-11-11,server-arsip-bandung,backup|sdm|496972|approved dokumen file
DOC-0003710,presentasi_audit_202409_3295.pdf,124500,2023-02-08,portal-upload-web,presentasi|audit|124500|revisi data arsip
DOC-0001925,memo_pemasaran_202411_5022.json,12864712,2023-02-21,cloud-storage-gcp,memo|pemasaran|12864712|periode total data dokumen
DOC-0001184,laporan_riset_202412_1415.txt,4665526,2022-01-08,server-arsip-jakarta,laporan|riset|4665526|dokumen revisi periode draft
DOC-0001012,dataset_pemasaran_202205_8085.pdf,422835,2024-08-03,ftp-pusat,dataset|pemasaran|422835|file data rekap final draft
DOC-0001521,memo_sdm_202212_8458.csv,37847960,2023-11-21,server-arsip-surabaya,memo|sdm|37847960|pending data file
DOC-0001121,presentasi_operasional_202205_9865.zip,454535,2022-04-26,cloud-storage-aws,presentasi|operasional|454535|data periode dokumen draft
DOC-0001522,memo_riset_202309_9184.png,974008,2022-09-05,server-arsip-surabaya,memo|riset|974008|revisi periode draft total
DOC-0000022,kontrak_manajemen_202207_9417.json,4127211,2023-08-25,server-arsip-jakarta,kontrak|manajemen|4127211|approved rekap data revisi draft
DOC-0001083,backup_manajemen_202210_7070.pdf,2463282,2023-05-08,server-arsip-jakarta,backup|manajemen|2463282|dokumen file draft
DUP-0000159,log_audit_202410_3154.csv,3288994,2024-03-30,backup-eksternal,log|audit|3288994|periode arsip approved rekap
DOC-0003973,surat_hukum_202310_2998.jpg,3734122,2024-08-30,portal-upload-web,surat|hukum|3734122|final arsip total periode approved
DUP-0000179,memo_audit_202404_3593.xlsx,2575616,2023-09-17,cloud-storage-aws,memo|audit|2575616|data approved rekap
DOC-0001045,kontrak_keuangan_202205_6177.jpg,36020,2022-02-05,nas-lokal-01,kontrak|keuangan|36020|dokumen rekap arsip
DOC-0002035,dataset_sdm_202212_6640.jpg,20811958,2023-10-01,portal-upload-web,dataset|sdm|20811958|arsip final pending
DOC-0002059,invoice_audit_202409_1099.json,447375,2023-05-24,nas-lokal-01,invoice|audit|447375|pending approved final
DOC-0002246,log_manajemen_202310_5264.pdf,4992341,2024-07-16,nas-lokal-02,log|manajemen|4992341|total arsip data
DOC-0003863,kontrak_manajemen_202402_5855.pdf,6701577,2022-02-22,backup-eksternal,kontrak|manajemen|6701577|periode dokumen final file
DOC-0000248,memo_hukum_202402_0226.zip,120207,2024-04-26,server-arsip-bandung,memo|hukum|120207|revisi pending periode dokumen
DUP-0000209,backup_keuangan_202307_8618.pdf,367153603,2023-04-09,cloud-storage-aws,backup|keuangan|367153603|draft rekap data final
DOC-0001547,laporan_teknologi_202405_6796.jpg,3187585,2024-01-12,nas-lokal-02,laporan|teknologi|3187585|data draft revisi total pending
DOC-0000590,memo_sdm_202205_7957.zip,123748,2024-11-12,portal-upload-web,memo|sdm|123748|total file pending dokumen periode
DOC-0002069,laporan_riset_202311_9180.csv,374741,2023-11-17,nas-lokal-01,laporan|riset|374741|pending revisi rekap
DOC-0002822,memo_logistik_202202_9890.zip,4591443,2024-12-15,portal-upload-web,memo|logistik|4591443|total file data draft
DOC-0003569,laporan_teknologi_202212_0322.zip,865878,2023-07-20,cloud-storage-gcp,laporan|teknologi|865878|revisi rekap draft
DOC-0000256,invoice_operasional_202310_3269.xml,431838,2024-04-03,portal-upload-web,invoice|operasional|431838|dokumen draft total approved pending
DOC-0002969,backup_teknologi_202211_0524.xlsx,155243,2022-02-20,portal-upload-web,backup|teknologi|155243|total data pending revisi file
DOC-0001878,gambar_pemasaran_202312_4458.xlsx,451978,2024-11-22,cloud-storage-gcp,gambar|pemasaran|451978|periode total rekap file arsip
DOC-0004336,surat_logistik_202402_6238.txt,315186,2022-06-10,nas-lokal-02,surat|logistik|315186|revisi total file dokumen arsip
DOC-0001949,gambar_pemasaran_202411_2870.xlsx,37232032,2023-07-15,portal-upload-web,gambar|pemasaran|37232032|approved draft periode revisi file
DOC-0002564,dataset_sdm_202202_2894.pdf,48765010,2024-12-23,portal-upload-web,dataset|sdm|48765010|final arsip periode
DOC-0002899,laporan_riset_202210_2352.xlsx,1667345,2023-10-13,server-arsip-bandung,laporan|riset|1667345|revisi dokumen rekap data periode
DOC-0003668,laporan_keuangan_202208_5475.pdf,310874,2022-06-21,ftp-pusat,laporan|keuangan|310874|draft rekap data
DOC-0002666,kontrak_riset_202211_7940.docx,209407,2024-03-05,cloud-storage-aws,kontrak|riset|209407|final revisi data file
DOC-0002919,gambar_logistik_202410_2856.xml,4967246,2022-08-30,server-arsip-surabaya,gambar|logistik|4967246|final approved periode total
DOC-0001401,presentasi_manajemen_202405_4088.docx,759985,2023-11-30,portal-upload-web,presentasi|manajemen|759985|arsip revisi dokumen file draft
DOC-0001718,surat_riset_202410_7696.txt,326885,2022-09-12,server-arsip-surabaya,surat|riset|326885|periode rekap total revisi
DUP-0000327,memo_sdm_202409_4875.csv,395940,2024-07-26,portal-upload-web,memo|sdm|395940|pending periode arsip draft
DOC-0003878,dataset_sdm_202404_1210.txt,324857,2022-11-15,server-arsip-bandung,dataset|sdm|324857|rekap arsip total dokumen file
DOC-0002308,laporan_riset_202405_9495.docx,405425,2022-02-07,server-arsip-surabaya,laporan|riset|405425|pending final revisi
DOC-0002810,laporan_pemasaran_202312_7546.zip,488801,2024-11-08,server-arsip-bandung,laporan|pemasaran|488801|draft file total arsip
DOC-0000783,laporan_pemasaran_202305_6961.pdf,140012,2024-11-08,cloud-storage-aws,laporan|pemasaran|140012|rekap approved pending
DOC-0004154,memo_logistik_202312_6541.xml,309025598,2024-12-23,server-arsip-surabaya,memo|logistik|309025598|revisi rekap data pending file
DOC-0001999,invoice_sdm_202407_6489.pdf,43778202,2024-09-03,nas-lokal-02,invoice|sdm|43778202|pending periode rekap
DOC-0001052,laporan_pemasaran_202404_0138.jpg,412035239,2024-06-05,backup-eksternal,laporan|pemasaran|412035239|dokumen pending file
DOC-0002872,surat_hukum_202405_2424.png,2778155,2023-01-06,server-arsip-surabaya,surat|hukum|2778155|periode data final
DOC-0001169,memo_audit_202205_7435.txt,319739,2024-10-21,nas-lokal-01,memo|audit|319739|final pending file
DOC-0004128,dataset_logistik_202304_9952.json,274828876,2022-04-25,nas-lokal-02,dataset|logistik|274828876|rekap pending periode data arsip
DOC-0003447,dataset_logistik_202303_7571.xlsx,380267,2022-12-29,cloud-storage-gcp,dataset|logistik|380267|arsip total final
DOC-0003983,backup_hukum_202409_5151.zip,385313043,2024-01-04,server-arsip-surabaya,backup|hukum|385313043|dokumen periode file
DOC-0001632,laporan_operasional_202201_4503.pdf,4347000,2022-06-28,nas-lokal-01,laporan|operasional|4347000|file approved revisi
DOC-0002430,surat_hukum_202308_0529.zip,2891548,2024-03-04,server-arsip-jakarta,surat|hukum|2891548|pending final dokumen approved total
DOC-0001890,memo_operasional_202204_5902.zip,22100792,2022-06-20,ftp-pusat,memo|operasional|22100792|dokumen draft approved total
DOC-0003206,kontrak_teknologi_202205_4281.docx,31448,2024-07-31,ftp-pusat,kontrak|teknologi|31448|rekap pending draft
DOC-0003001,backup_audit_202206_6525.pdf,122938,2024-02-20,server-arsip-bandung,backup|audit|122938|rekap approved total file draft
DOC-0000817,log_manajemen_202401_6063.xml,307997,2024-04-03,ftp-pusat,log|manajemen|307997|rekap total pending
DOC-0001376,memo_riset_202303_0108.json,11399,2022-05-12,portal-upload-web,memo|riset|11399|rekap arsip final periode
DOC-0001138,dataset_sdm_202304_3303.jpg,2766258,2023-09-07,ftp-pusat,dataset|sdm|2766258|dokumen revisi data final file
DOC-0001807,laporan_operasional_202306_6007.pdf,493926,2022-07-23,server-arsip-bandung,laporan|operasional|493926|arsip approved revisi
DOC-0002498,kontrak_pemasaran_202403_8432.png,43931396,2024-06-03,server-arsip-bandung,kontrak|pemasaran|43931396|periode arsip draft
DUP-0000010,laporan_pemasaran_202209_0055.json,2249031,2024-08-01,portal-upload-web,laporan|pemasaran|2249031|periode approved data rekap final
DOC-0001901,kontrak_operasional_202412_5740.docx,1664611,2023-01-18,backup-eksternal,kontrak|operasional|1664611|periode draft file rekap
DOC-0004091,memo_hukum_202403_2977.json,13312967,2022-12-15,cloud-storage-gcp,memo|hukum|13312967|revisi data periode
DUP-0000009,laporan_logistik_202306_4450.txt,4866959,2023-12-13,server-arsip-jakarta,laporan|logistik|4866959|draft data periode approved file
DOC-0000457,presentasi_audit_202403_0048.pdf,418683,2022-10-17,server-arsip-surabaya,presentasi|audit|418683|pending rekap dokumen data
DOC-0001285,gambar_operasional_202205_9197.docx,216308105,2024-08-15,cloud-storage-aws,gambar|operasional|216308105|approved periode file data draft
DOC-0003440,kontrak_manajemen_202312_0909.zip,79471,2024-09-09,server-arsip-bandung,kontrak|manajemen|79471|revisi dokumen total
DOC-0002335,backup_riset_202208_6262.docx,468278,2022-06-10,backup-eksternal,backup|riset|468278|rekap file approved arsip total
DOC-0000141,gambar_keuangan_202209_0391.txt,2616720,2023-09-27,server-arsip-jakarta,gambar|keuangan|2616720|periode draft revisi
DOC-0003341,laporan_manajemen_202412_1945.docx,251899,2023-01-15,portal-upload-web,laporan|manajemen|251899|arsip revisi data
DUP-0000302,gambar_logistik_202302_5236.docx,3560188,2022-08-09,ftp-pusat,gambar|logistik|3560188|data total rekap
DOC-0001086,laporan_sdm_202305_6001.json,2532490,2022-04-05,server-arsip-surabaya,laporan|sdm|2532490|periode revisi total data final
DUP-0000068,gambar_sdm_202312_6890.csv,348218,2023-08-15,nas-lokal-01,gambar|sdm|348218|total arsip final approved
DOC-0002445,invoice_manajemen_202207_3808.zip,15254,2023-03-11,cloud-storage-gcp,invoice|manajemen|15254|periode file pending dokumen arsip
DOC-0004260,laporan_teknologi_202207_4906.png,246577,2024-01-14,nas-lokal-02,laporan|teknologi|246577|total periode file data
DOC-0000140,surat_sdm_202212_3369.docx,431860,2023-02-14,portal-upload-web,surat|sdm|431860|file final revisi data draft
DUP-0000050,dataset_riset_202303_8899.xlsx,20825785,2023-05-29,server-arsip-jakarta,dataset|riset|20825785|periode file final approved data
DOC-0000753,presentasi_teknologi_202308_5219.xml,232063,2022-11-06,ftp-pusat,presentasi|teknologi|232063|approved final file total periode
DOC-0002516,kontrak_logistik_202407_0557.docx,2700356,2024-07-25,cloud-storage-aws,kontrak|logistik|2700356|revisi total final file
DOC-0000222,dataset_sdm_202406_7367.png,3834385,2022-09-30,nas-lokal-01,dataset|sdm|3834385|file approved draft periode rekap
DOC-0001680,memo_logistik_202204_7663.jpg,2058091,2023-03-02,cloud-storage-aws,memo|logistik|2058091|file arsip final rekap
DUP-0000197,invoice_keuangan_202311_1213.xlsx,98135226,2024-08-19,cloud-storage-gcp,invoice|keuangan|98135226|dokumen rekap periode arsip
DOC-0000553,surat_sdm_202408_2115.docx,458155474,2022-05-06,server-arsip-surabaya,surat|sdm|458155474|pending rekap file
DOC-0001332,surat_audit_202202_1801.docx,31785,2024-12-27,server-arsip-jakarta,surat|audit|31785|periode approved data total final
DOC-0004019,surat_sdm_202307_0494.json,44431134,2024-09-22,server-arsip-jakarta,surat|sdm|44431134|arsip data pending
DOC-0001616,memo_manajemen_202401_8974.docx,2345988,2023-09-02,server-arsip-surabaya,memo|manajemen|2345988|pending periode revisi dokumen
DOC-0000089,dataset_sdm_202211_3185.csv,2389414,2023-11-19,backup-eksternal,dataset|sdm|2389414|pending total revisi
DOC-0002747,laporan_sdm_202203_9108.zip,3274459,2023-04-02,server-arsip-bandung,laporan|sdm|3274459|data revisi rekap pending
DOC-0004102,kontrak_operasional_202311_3239.zip,864979,2022-02-03,nas-lokal-02,kontrak|operasional|864979|approved arsip data pending file
DUP-0000399,log_teknologi_202401_1014.png,43571215,2024-01-04,cloud-storage-aws,log|teknologi|43571215|file approved dokumen revisi
DOC-0004427,backup_teknologi_202204_6261.zip,4137583,2022-07-10,nas-lokal-01,backup|teknologi|4137583|rekap file revisi
DUP-0000077,dataset_teknologi_202411_4413.jpg,4588001,2023-10-26,nas-lokal-01,dataset|teknologi|4588001|total rekap dokumen periode revisi
DOC-0000310,kontrak_audit_202407_9837.txt,360075,2024-03-11,nas-lokal-02,kontrak|audit|360075|rekap total approved
DOC-0002367,dataset_teknologi_202208_3171.xml,3494090,2024-12-21,server-arsip-jakarta,dataset|teknologi|3494090|arsip periode revisi dokumen rekap
DOC-0002432,memo_teknologi_202412_6418.png,221428,2024-06-01,server-arsip-surabaya,memo|teknologi|221428|final arsip periode revisi
DOC-0002722,backup_logistik_202405_0027.docx,60684307,2023-05-06,portal-upload-web,backup|logistik|60684307|file dokumen periode
DOC-0002775,gambar_keuangan_202410_3235.xml,4085611,2022-08-28,cloud-storage-aws,gambar|keuangan|4085611|approved final draft
DOC-0003326,log_sdm_202308_5138.xml,349751,2024-05-06,portal-upload-web,log|sdm|349751|file dokumen rekap approved data
DOC-0003630,log_teknologi_202404_7408.png,571730,2022-06-12,backup-eksternal,log|teknologi|571730|arsip approved draft
DOC-0002517,invoice_riset_202203_9658.docx,487573,2023-02-17,ftp-pusat,invoice|riset|487573|rekap final draft file revisi
DOC-0000472,kontrak_pemasaran_202407_0885.csv,4234485,2022-12-29,server-arsip-surabaya,kontrak|pemasaran|4234485|rekap approved dokumen draft revisi
DOC-0003774,surat_logistik_202306_4000.xlsx,754259,2022-05-28,cloud-storage-aws,surat|logistik|754259|arsip dokumen draft approved
DOC-0001000,gambar_riset_202410_0981.pdf,1122260,2022-11-16,server-arsip-surabaya,gambar|riset|1122260|total data file
DOC-0004343,memo_audit_202401_1345.pdf,3936290,2024-04-06,nas-lokal-01,memo|audit|3936290|total periode final approved
DOC-0000170,kontrak_riset_202309_1190.xlsx,9563002,2022-12-04,cloud-storage-aws,kontrak|riset|9563002|approved data draft revisi final
DUP-0000139,surat_pemasaran_202307_1910.txt,45544900,2024-09-19,nas-lokal-02,surat|pemasaran|45544900|dokumen final arsip
DOC-0001723,backup_manajemen_202208_3781.txt,203142,2022-12-05,server-arsip-surabaya,backup|manajemen|203142|dokumen revisi total
DOC-0000155,kontrak_hukum_202304_8880.csv,222923,2022-07-17,cloud-storage-aws,kontrak|hukum|222923|rekap file final
DOC-0000213,laporan_pemasaran_202308_6494.json,133565,2023-03-15,nas-lokal-02,laporan|pemasaran|133565|revisi final file periode
DOC-0001439,presentasi_audit_202310_0761.docx,35722780,2024-01-14,ftp-pusat,presentasi|audit|35722780|dokumen approved arsip file
DOC-0000949,dataset_operasional_202205_6525.zip,79108,2023-02-07,portal-upload-web,dataset|operasional|79108|pending approved periode draft
DOC-0000055,memo_sdm_202407_5711.txt,3200135,2022-12-19,backup-eksternal,memo|sdm|3200135|draft file dokumen
DUP-0000089,backup_audit_202305_0892.jpg,231681,2024-12-08,portal-upload-web,backup|audit|231681|periode data rekap
DOC-0003419,kontrak_logistik_202203_7121.json,45303,2022-07-21,cloud-storage-aws,kontrak|logistik|45303|data final periode pending
DOC-0000115,memo_operasional_202306_0990.xlsx,42916,2024-05-30,server-arsip-bandung,memo|operasional|42916|file pending rekap total draft
DOC-0002549,gambar_hukum_202205_1623.json,422877,2023-04-29,nas-lokal-02,gambar|hukum|422877|pending file approved data
DOC-0003510,gambar_operasional_202312_8749.pdf,2448398,2024-06-13,portal-upload-web,gambar|operasional|2448398|pending total approved final dokumen
DOC-0003502,backup_riset_202211_0639.xml,313014,2024-05-09,server-arsip-surabaya,backup|riset|313014|final approved pending
DOC-0001567,invoice_audit_202403_9789.pdf,3110442,2023-02-22,server-arsip-surabaya,invoice|audit|3110442|file draft rekap pending total
DOC-0003750,kontrak_operasional_202412_1156.xml,653484,2024-03-07,ftp-pusat,kontrak|operasional|653484|rekap pending total
DOC-0002931,backup_pemasaran_202411_9832.txt,458991053,2023-11-27,server-arsip-surabaya,backup|pemasaran|458991053|arsip pending draft
DOC-0001004,surat_hukum_202310_8229.txt,239299,2024-02-18,nas-lokal-02,surat|hukum|239299|revisi periode pending arsip final
DOC-0004220,invoice_sdm_202303_1559.csv,3983894,2022-05-04,server-arsip-bandung,invoice|sdm|3983894|pending data final
DOC-0003426,invoice_sdm_202404_4758.docx,2097485,2022-02-01,server-arsip-bandung,invoice|sdm|2097485|dokumen total file final
DOC-0000624,memo_operasional_202404_5843.png,201953,2022-10-17,cloud-storage-gcp,memo|operasional|201953|arsip final total pending
DOC-0001806,laporan_sdm_202311_2120.txt,2250439,2024-09-01,nas-lokal-02,laporan|sdm|2250439|pending approved final
DOC-0000266,backup_manajemen_202409_9295.json,15562745,2023-03-18,backup-eksternal,backup|manajemen|15562745|periode dokumen pending final
DOC-0002850,memo_operasional_202304_8017.docx,873284,2024-08-10,server-arsip-jakarta,memo|operasional|873284|dokumen data approved
DOC-0003699,laporan_logistik_202409_2833.txt,254162,2023-03-02,cloud-storage-aws,laporan|logistik|254162|file arsip dokumen total pending
DOC-0002276,presentasi_keuangan_202210_9928.xml,498006968,2022-02-19,nas-lokal-01,presentasi|keuangan|498006968|revisi approved pending total periode
DOC-0002853,dataset_audit_202208_8335.zip,70481,2023-11-21,server-arsip-bandung,dataset|audit|70481|draft dokumen periode
DOC-0003915,kontrak_teknologi_202405_3021.docx,157804716,2024-02-28,ftp-pusat,kontrak|teknologi|157804716|dokumen data approved
DOC-0003819,memo_audit_202201_5866.txt,149008,2024-08-08,server-arsip-jakarta,memo|audit|149008|revisi approved draft dokumen periode
DOC-0000781,invoice_riset_202401_0980.json,45864518,2022-11-02,backup-eksternal,invoice|riset|45864518|file periode dokumen total
DOC-0000500,surat_hukum_202409_4521.pdf,451527,2022-05-17,portal-upload-web,surat|hukum|451527|approved periode data total
DOC-0002886,presentasi_keuangan_202302_4833.csv,63900,2023-04-25,ftp-pusat,presentasi|keuangan|63900|final rekap revisi pending periode
DOC-0003665,gambar_manajemen_202201_7369.jpg,197394565,2024-06-29,server-arsip-bandung,gambar|manajemen|197394565|data approved rekap total dokumen
DOC-0000978,log_logistik_202403_9022.png,473358,2022-03-16,server-arsip-surabaya,log|logistik|473358|data arsip file
DOC-0000073,kontrak_riset_202210_0636.xlsx,34870589,2022-09-04,cloud-storage-gcp,kontrak|riset|34870589|total draft periode arsip
DOC-0004119,backup_sdm_202407_2436.jpg,366226,2024-01-25,backup-eksternal,backup|sdm|366226|final total approved data
DOC-0003294,laporan_pemasaran_202406_2707.csv,31018531,2023-04-16,backup-eksternal,laporan|pemasaran|31018531|rekap arsip pending
DOC-0001153,gambar_audit_202204_6346.json,4483315,2023-11-02,nas-lokal-02,gambar|audit|4483315|rekap revisi approved
DOC-0002173,dataset_riset_202208_0394.txt,29894566,2023-12-17,server-arsip-bandung,dataset|riset|29894566|rekap approved dokumen
DOC-0004034,surat_logistik_202310_1886.xlsx,394590402,2023-11-14,cloud-storage-aws,surat|logistik|394590402|data dokumen revisi rekap draft
DOC-0000136,kontrak_sdm_202411_6485.jpg,213174,2022-02-09,ftp-pusat,kontrak|sdm|213174|pending rekap approved arsip
DUP-0000418,laporan_audit_202311_9515.zip,270717,2024-10-26,ftp-pusat,laporan|audit|270717|approved total arsip periode draft
DOC-0002067,log_pemasaran_202308_1809.png,433259444,2022-10-25,nas-lokal-02,log|pemasaran|433259444|pending periode arsip total
DUP-0000172,surat_audit_202405_1515.docx,302309456,2022-01-02,nas-lokal-02,surat|audit|302309456|dokumen draft final data
DOC-0001428,dataset_operasional_202311_1051.png,359897189,2022-10-23,backup-eksternal,dataset|operasional|359897189|arsip revisi total periode final
DOC-0001746,dataset_riset_202303_8899.xlsx,20825785,2023-05-29,server-arsip-jakarta,dataset|riset|20825785|periode file final approved data
DUP-0000058,dataset_sdm_202306_0991.docx,3802733,2023-09-13,portal-upload-web,dataset|sdm|3802733|final file rekap pending
DOC-0002055,dataset_keuangan_202312_0952.png,216442,2023-08-22,backup-eksternal,dataset|keuangan|216442|total periode rekap arsip
DOC-0001573,backup_sdm_202202_4662.pdf,1763689,2023-11-30,portal-upload-web,backup|sdm|1763689|arsip data file total
DOC-0004054,kontrak_sdm_202205_7597.csv,810164,2024-03-03,ftp-pusat,kontrak|sdm|810164|arsip revisi approved data total
DUP-0000226,memo_keuangan_202401_5751.docx,245474,2023-07-04,ftp-pusat,memo|keuangan|245474|arsip total pending
DUP-0000242,memo_operasional_202209_0069.jpg,11133976,2022-08-29,server-arsip-bandung,memo|operasional|11133976|data draft pending approved
DOC-0003745,backup_keuangan_202308_3179.xlsx,38356153,2022-04-15,ftp-pusat,backup|keuangan|38356153|total draft revisi rekap periode
DOC-0001409,gambar_keuangan_202208_4121.xlsx,225520,2022-05-31,cloud-storage-aws,gambar|keuangan|225520|final file draft data
DUP-0000373,invoice_manajemen_202408_0046.jpg,665428,2022-08-31,backup-eksternal,invoice|manajemen|665428|file arsip approved
DOC-0004268,laporan_operasional_202312_4443.xlsx,3616242,2024-08-19,server-arsip-bandung,laporan|operasional|3616242|rekap file pending
DOC-0000106,log_keuangan_202211_3913.png,97494,2023-09-20,cloud-storage-gcp,log|keuangan|97494|approved draft rekap final
DOC-0001115,backup_manajemen_202202_8034.pdf,497513,2022-09-12,server-arsip-bandung,backup|manajemen|497513|arsip approved draft data
DOC-0003469,dataset_operasional_202402_1547.txt,352390,2024-04-09,ftp-pusat,dataset|operasional|352390|dokumen draft periode final
DOC-0004269,surat_hukum_202309_2970.xml,866641,2023-07-07,server-arsip-surabaya,surat|hukum|866641|dokumen data file
DOC-0003852,presentasi_logistik_202201_9679.xlsx,483191,2023-06-08,backup-eksternal,presentasi|logistik|483191|file pending approved arsip draft
DOC-0000935,laporan_pemasaran_202203_2886.txt,44400031,2022-04-07,nas-lokal-01,laporan|pemasaran|44400031|periode data rekap total
DOC-0004039,kontrak_logistik_202411_1304.docx,332176480,2022-09-25,cloud-storage-gcp,kontrak|logistik|332176480|draft periode total
DOC-0002941,surat_pemasaran_202405_5988.docx,727544,2024-02-25,portal-upload-web,surat|pemasaran|727544|draft pending revisi
DOC-0001754,invoice_logistik_202404_5223.zip,1178429,2023-05-26,cloud-storage-gcp,invoice|logistik|1178429|pending rekap draft data file
DOC-0004257,memo_riset_202202_3635.png,3700868,2022-07-28,server-arsip-jakarta,memo|riset|3700868|dokumen arsip approved periode final
DOC-0002798,log_logistik_202406_3363.zip,3065790,2022-05-07,backup-eksternal,log|logistik|3065790|arsip pending file total
DOC-0003570,laporan_manajemen_202404_4165.jpg,314570,2022-03-26,portal-upload-web,laporan|manajemen|314570|file rekap data arsip
DOC-0004009,laporan_operasional_202405_4541.png,353220,2023-06-03,cloud-storage-gcp,laporan|operasional|353220|revisi data periode draft
DUP-0000121,invoice_manajemen_202302_7548.xlsx,4229531,2024-10-27,server-arsip-bandung,invoice|manajemen|4229531|dokumen approved file arsip
DOC-0000221,backup_operasional_202206_2565.txt,49035607,2024-03-11,cloud-storage-aws,backup|operasional|49035607|total rekap data final
DOC-0001104,presentasi_logistik_202308_1283.docx,4304398,2023-04-29,backup-eksternal,presentasi|logistik|4304398|file data total arsip
DOC-0000951,gambar_sdm_202405_0186.zip,44502370,2023-03-17,nas-lokal-02,gambar|sdm|44502370|final arsip total dokumen periode
DUP-0000322,log_keuangan_202201_0531.png,498635,2022-10-03,nas-lokal-01,log|keuangan|498635|draft approved file revisi arsip
DOC-0001032,dataset_hukum_202304_0126.txt,295405,2024-08-24,server-arsip-surabaya,dataset|hukum|295405|rekap data pending revisi periode
DOC-0000161,invoice_riset_202411_0799.xlsx,3756274,2023-06-03,portal-upload-web,invoice|riset|3756274|file arsip pending
DOC-0000812,laporan_riset_202206_3280.csv,21577188,2024-12-17,cloud-storage-aws,laporan|riset|21577188|total periode data approved rekap
DOC-0001800,memo_keuangan_202306_3246.png,198985,2024-06-10,server-arsip-jakarta,memo|keuangan|198985|approved rekap dokumen
DOC-0002511,invoice_operasional_202201_7295.png,480188,2023-02-24,cloud-storage-gcp,invoice|operasional|480188|arsip pending revisi draft
DOC-0003073,dataset_manajemen_202410_5806.xlsx,47856865,2022-07-17,server-arsip-jakarta,dataset|manajemen|47856865|data revisi periode pending approved
DOC-0002268,presentasi_operasional_202201_5258.pdf,4595970,2023-04-22,nas-lokal-01,presentasi|operasional|4595970|data arsip file periode
DOC-0002439,backup_operasional_202411_1191.xlsx,1281176,2022-11-25,nas-lokal-02,backup|operasional|1281176|dokumen rekap data arsip approved
DOC-0003140,log_hukum_202305_8362.xml,209857,2023-09-27,portal-upload-web,log|hukum|209857|total arsip approved file final
DOC-0001311,backup_sdm_202409_1609.png,40194909,2023-03-01,server-arsip-jakarta,backup|sdm|40194909|approved data total file
DOC-0001853,dataset_keuangan_202407_2113.docx,1429799,2023-06-25,nas-lokal-02,dataset|keuangan|1429799|final data pending approved periode
DUP-0000166,invoice_logistik_202311_1400.txt,49090,2022-12-30,server-arsip-jakarta,invoice|logistik|49090|periode final total
DOC-0000532,invoice_hukum_202408_4519.jpg,218047,2022-08-03,cloud-storage-aws,invoice|hukum|218047|pending data draft
DOC-0001187,memo_pemasaran_202311_8385.xlsx,7999492,2022-02-17,server-arsip-surabaya,memo|pemasaran|7999492|arsip approved rekap data dokumen
DOC-0002647,log_manajemen_202401_0606.pdf,100729176,2024-05-05,cloud-storage-aws,log|manajemen|100729176|data pending final total
DOC-0003627,dataset_keuangan_202406_9076.docx,4046003,2024-04-27,backup-eksternal,dataset|keuangan|4046003|arsip dokumen draft revisi
DUP-0000007,invoice_hukum_202204_5443.jpg,239757,2022-04-16,server-arsip-bandung,invoice|hukum|239757|final pending revisi data arsip
DOC-0002599,laporan_operasional_202304_0407.json,17992044,2023-06-25,portal-upload-web,laporan|operasional|17992044|periode rekap pending data arsip
DOC-0004325,invoice_riset_202210_8758.docx,114791,2024-01-21,cloud-storage-gcp,invoice|riset|114791|file arsip rekap approved
DOC-0000181,invoice_sdm_202201_1152.xlsx,408524,2023-07-23,server-arsip-bandung,invoice|sdm|408524|arsip final periode total approved
DOC-0000438,backup_keuangan_202310_2177.csv,218847019,2024-09-08,server-arsip-bandung,backup|keuangan|218847019|pending data periode final
DOC-0001154,surat_operasional_202410_4230.csv,2272386,2024-04-05,ftp-pusat,surat|operasional|2272386|approved revisi data total arsip
DOC-0001942,memo_hukum_202405_8774.pdf,124514,2022-07-31,nas-lokal-01,memo|hukum|124514|final revisi dokumen
DUP-0000093,backup_pemasaran_202205_7229.pdf,395920,2023-06-10,backup-eksternal,backup|pemasaran|395920|dokumen file rekap
DOC-0000164,gambar_teknologi_202203_2281.png,12790638,2022-09-28,portal-upload-web,gambar|teknologi|12790638|rekap pending data draft approved
DOC-0002755,invoice_audit_202406_8118.jpg,245720,2024-08-28,cloud-storage-aws,invoice|audit|245720|approved total final
DOC-0002423,gambar_logistik_202301_4429.pdf,436504355,2023-04-26,cloud-storage-gcp,gambar|logistik|436504355|total rekap periode
DOC-0001129,gambar_teknologi_202205_2173.csv,429217265,2022-12-18,server-arsip-surabaya,gambar|teknologi|429217265|final total dokumen arsip revisi
DOC-0003954,laporan_teknologi_202212_5819.xlsx,2587680,2023-02-16,ftp-pusat,laporan|teknologi|2587680|approved total final
DOC-0003306,gambar_teknologi_202411_5040.xml,445883231,2024-10-07,server-arsip-jakarta,gambar|teknologi|445883231|data dokumen draft rekap
DOC-0001648,surat_keuangan_202304_3588.xlsx,3873944,2022-02-13,portal-upload-web,surat|keuangan|3873944|revisi draft approved
DOC-0000617,kontrak_sdm_202204_4832.docx,3283217,2024-06-19,server-arsip-jakarta,kontrak|sdm|3283217|pending final file approved
DOC-0000398,kontrak_hukum_202409_3820.png,241153351,2024-06-20,ftp-pusat,kontrak|hukum|241153351|pending rekap arsip periode
DOC-0002591,laporan_keuangan_202409_3625.docx,1171541,2023-01-01,server-arsip-bandung,laporan|keuangan|1171541|periode dokumen rekap data
DOC-0004105,kontrak_pemasaran_202401_6677.jpg,70306,2022-01-27,cloud-storage-gcp,kontrak|pemasaran|70306|data dokumen arsip periode
DOC-0002426,dataset_sdm_202401_6852.docx,264400,2022-07-20,nas-lokal-02,dataset|sdm|264400|revisi pending file rekap
DOC-0004276,presentasi_pemasaran_202206_7372.pdf,358776,2022-08-24,cloud-storage-gcp,presentasi|pemasaran|358776|periode pending data
DOC-0001283,gambar_keuangan_202310_5579.csv,2158463,2024-11-01,server-arsip-surabaya,gambar|keuangan|2158463|total draft arsip data dokumen
DOC-0002144,laporan_sdm_202409_4705.docx,407328,2022-06-05,nas-lokal-01,laporan|sdm|407328|pending total periode data
DOC-0000079,backup_manajemen_202401_8754.jpg,174444,2022-02-27,server-arsip-jakarta,backup|manajemen|174444|approved revisi draft arsip
DOC-0003809,presentasi_keuangan_202307_1346.docx,44410844,2022-03-23,cloud-storage-aws,presentasi|keuangan|44410844|total approved draft
DOC-0002282,memo_logistik_202201_0223.json,144942,2022-03-24,cloud-storage-gcp,memo|logistik|144942|rekap final approved
DOC-0001214,memo_hukum_202304_1644.csv,1885894,2024-05-29,cloud-storage-gcp,memo|hukum|1885894|arsip periode file revisi draft
DOC-0001309,presentasi_manajemen_202311_6882.jpg,4702482,2024-07-01,backup-eksternal,presentasi|manajemen|4702482|final revisi data
DOC-0002368,backup_audit_202409_2781.pdf,427932,2023-08-27,backup-eksternal,backup|audit|427932|rekap data pending draft
DOC-0000182,surat_keuangan_202310_4542.zip,68422,2023-08-06,nas-lokal-02,surat|keuangan|68422|revisi file dokumen
DOC-0001114,laporan_audit_202412_8531.json,4910901,2023-06-01,portal-upload-web,laporan|audit|4910901|final dokumen data pending
DOC-0002485,backup_sdm_202311_5806.xml,35969187,2022-02-12,cloud-storage-gcp,backup|sdm|35969187|total approved periode dokumen
DOC-0000414,backup_logistik_202407_9294.zip,3114023,2023-10-02,server-arsip-bandung,backup|logistik|3114023|draft dokumen final file
DOC-0001282,kontrak_keuangan_202412_5781.docx,15384252,2022-09-16,cloud-storage-aws,kontrak|keuangan|15384252|file periode dokumen
DOC-0001546,presentasi_manajemen_202305_3374.xml,364945,2024-04-29,cloud-storage-aws,presentasi|manajemen|364945|dokumen final file draft data
DUP-0000500,kontrak_teknologi_202310_3407.png,2062283,2022-07-28,server-arsip-jakarta,kontrak|teknologi|2062283|revisi pending rekap
DOC-0002843,log_audit_202410_3154.csv,3288994,2024-03-30,backup-eksternal,log|audit|3288994|periode arsip approved rekap
DOC-0003319,laporan_keuangan_202407_2666.json,1528286,2023-07-04,backup-eksternal,laporan|keuangan|1528286|revisi dokumen file data final
DOC-0004402,memo_hukum_202307_6445.txt,22228,2022-04-01,server-arsip-surabaya,memo|hukum|22228|file pending periode final draft
DOC-0003470,invoice_audit_202308_8973.docx,4643357,2022-12-02,nas-lokal-01,invoice|audit|4643357|data revisi final file
DOC-0000209,invoice_audit_202305_9455.json,3621539,2023-11-09,nas-lokal-01,invoice|audit|3621539|periode data dokumen arsip final
DOC-0000056,log_teknologi_202402_6653.json,11798005,2023-10-03,portal-upload-web,log|teknologi|11798005|data periode approved revisi
DOC-0001471,backup_manajemen_202301_7999.csv,276423060,2024-04-24,server-arsip-jakarta,backup|manajemen|276423060|arsip dokumen draft revisi rekap
DOC-0000080,laporan_logistik_202406_0733.jpg,1995606,2023-03-16,server-arsip-bandung,laporan|logistik|1995606|periode revisi draft total
DOC-0001939,kontrak_operasional_202208_2779.xml,259396,2023-05-21,ftp-pusat,kontrak|operasional|259396|total draft dokumen data
DOC-0003027,presentasi_teknologi_202205_1783.zip,4490786,2023-06-30,server-arsip-surabaya,presentasi|teknologi|4490786|file final periode revisi
DOC-0003325,surat_logistik_202410_7970.pdf,424154,2022-06-19,server-arsip-surabaya,surat|logistik|424154|dokumen revisi total rekap
DOC-0000332,backup_manajemen_202206_8457.xml,1791136,2023-02-06,backup-eksternal,backup|manajemen|1791136|rekap data arsip draft file
DOC-0002794,backup_teknologi_202401_3842.json,61456,2024-11-16,portal-upload-web,backup|teknologi|61456|file approved data
DOC-0002876,gambar_hukum_202304_3205.zip,1041128,2023-12-15,cloud-storage-gcp,gambar|hukum|1041128|data total draft final
DOC-0003563,presentasi_logistik_202210_3548.png,393841,2024-04-22,portal-upload-web,presentasi|logistik|393841|pending rekap approved
DOC-0002499,presentasi_hukum_202206_5466.csv,364515,2022-10-16,server-arsip-jakarta,presentasi|hukum|364515|periode data arsip
DOC-0003820,presentasi_audit_202311_9426.pdf,2067497,2022-11-18,portal-upload-web,presentasi|audit|2067497|file final approved
DOC-0000107,gambar_hukum_202401_9399.json,1595971,2022-02-09,cloud-storage-gcp,gambar|hukum|1595971|revisi pending approved dokumen
DOC-0000903,gambar_teknologi_202202_5291.docx,49171066,2023-11-06,nas-lokal-01,gambar|teknologi|49171066|rekap data draft pending file
DOC-0000691,surat_keuangan_202202_2094.csv,697398,2023-05-12,ftp-pusat,surat|keuangan|697398|pending total rekap
DOC-0003976,log_riset_202402_4191.csv,7910518,2024-07-04,server-arsip-jakarta,log|riset|7910518|periode revisi total approved dokumen
DOC-0001333,invoice_manajemen_202207_1398.txt,3928963,2022-02-20,cloud-storage-gcp,invoice|manajemen|3928963|total arsip dokumen file
