id,nama_file,ukuran_bytes,tanggal_unggah,sumber,konten
BCH-0000846,laporan_pemasaran_202405_2616.doc,619235,2024-01-16,server-arsip-makassar,laporan_pemasaran_202405_2616|619235|rekap pending final
BCH-0004280,invoice_keuangan_202405_3526.json,23610710,2024-03-28,server-arsip-medan,invoice_keuangan_202405_3526|23610710|rekap final approved
BCH-0002176,log_riset_202512_5042.doc,3062229,2024-04-22,portal-upload-mobile,log_riset_202512_5042|3062229|rekap data total
BCH-0002796,gambar_manajemen_202501_5489.png,108000,2024-11-20,nas-lokal-04,gambar_manajemen_202501_5489|108000|approved pending rekap
BCH-0002666,gambar_keuangan_202508_7116.xls,4868449,2024-09-20,nas-lokal-04,gambar_keuangan_202508_7116|4868449|data revisi rekap
BCH-0003114,log_keuangan_202402_7233.xml,2576234,2024-07-19,server-arsip-medan,log_keuangan_202402_7233|2576234|final rekap revisi
BCH-0001946,backup_logistik_202507_0107.csv,992634,2024-02-16,nas-lokal-04,backup_logistik_202507_0107|992634|periode total pending
BCH-0004478,gambar_logistik_202501_4398.xml,354387,2024-07-21,server-arsip-semarang,gambar_logistik_202501_4398|354387|rekap pending revisi
BCH-0004235,dataset_audit_202501_7615.txt,359861,2024-12-19,portal-upload-mobile,dataset_audit_202501_7615|359861|rekap arsip revisi
BCH-0001253,presentasi_sdm_202405_7245.pdf,1906881,2024-04-29,server-arsip-makassar,presentasi_sdm_202405_7245|1906881|final revisi total
BCH-0003065,memo_audit_202503_1963.jpg,442971224,2024-01-04,nas-lokal-04,memo_audit_202503_1963|442971224|pending data total
BCH-0001626,kontrak_manajemen_202502_5344.rar,4568831,2024-08-10,server-arsip-makassar,kontrak_manajemen_202502_5344|4568831|draft periode rekap
BCH-0004076,laporan_audit_202406_9382.pdf,136955,2024-02-01,server-arsip-makassar,laporan_audit_202406_9382|136955|arsip approved pending
BCH-0004379,log_operasional_202404_8418.xlsx,271924,2024-08-08,nas-lokal-04,log_operasional_202404_8418|271924|arsip revisi pending
BCH-0002644,dataset_riset_202505_3017.pdf,6348464,2024-07-15,portal-upload-mobile,dataset_riset_202505_3017|6348464|periode draft data
BCH-0001206,memo_teknologi_202412_5117.xml,197600365,2024-02-12,server-arsip-medan,memo_teknologi_202412_5117|197600365|final draft periode
BCH-0003466,surat_manajemen_202405_4253.rar,55130,2024-12-21,nas-lokal-03,surat_manajemen_202405_4253|55130|approved draft pending
BCH-0001519,invoice_hukum_202411_3544.txt,45762121,2024-02-23,cloud-storage-azure,invoice_hukum_202411_3544|45762121|rekap arsip approved
BCH-0001301,backup_manajemen_202508_6851.zip,31757,2024-12-22,nas-lokal-04,backup_manajemen_202508_6851|31757|pending draft final
DUP-0000072,presentasi_keuangan_202210_4350.docx,22529856,2022-03-20,server-arsip-bandung,presentasi|keuangan|22529856|approved draft data file total
BCH-0003202,invoice_logistik_202403_6076.csv,1572665,2024-05-30,portal-upload-mobile,invoice_logistik_202403_6076|1572665|revisi approved periode
BCH-0003027,surat_audit_202505_0943.rar,1959245,2024-10-25,nas-lokal-04,surat_audit_202505_0943|1959245|data final draft
BCH-0003531,kontrak_hukum_202503_7051.doc,95718,2024-06-26,portal-upload-mobile,kontrak_hukum_202503_7051|95718|rekap draft periode
BCH-0003591,laporan_keuangan_202511_8573.jpeg,2068462,2024-04-23,server-arsip-medan,laporan_keuangan_202511_8573|2068462|approved revisi total
BCH-0002734,backup_operasional_202512_4082.doc,26441632,2024-06-08,nas-lokal-03,backup_operasional_202512_4082|26441632|rekap approved pending
BCH-0004224,gambar_manajemen_202507_3539.xlsx,218018,2024-05-19,cloud-storage-azure,gambar_manajemen_202507_3539|218018|pending draft approved
BCH-0001730,log_audit_202407_6702.zip,4043997,2024-05-11,server-arsip-medan,log_audit_202407_6702|4043997|rekap data draft
BCH-0003018,gambar_keuangan_202502_2260.pdf,2675209,2024-04-08,nas-lokal-03,gambar_keuangan_202502_2260|2675209|final approved draft
DUP-0000043,dataset_hukum_202301_4658.txt,11328717,2022-09-07,nas-lokal-02,dataset|hukum|11328717|dokumen total draft periode
BCH-0001056,laporan_hukum_202501_9873.xls,993491,2024-05-05,cloud-storage-azure,laporan_hukum_202501_9873|993491|periode pending total
BCH-0004033,laporan_riset_202502_0024.xlsx,1792217,2024-09-13,server-arsip-semarang,laporan_riset_202502_0024|1792217|total revisi approved
BCH-0002127,presentasi_hukum_202501_9774.rar,264737,2024-08-15,ftp-cabang,presentasi_hukum_202501_9774|264737|periode pending data
BCH-0004124,memo_logistik_202510_8133.json,2053117,2024-03-26,cloud-storage-azure,memo_logistik_202510_8133|2053117|data arsip rekap
BCH-0000811,gambar_keuangan_202406_7214.xls,419422,2024-06-05,nas-lokal-04,gambar_keuangan_202406_7214|419422|periode data revisi
BCH-0000465,laporan_operasional_202411_5463.json,3049885,2024-11-07,nas-lokal-03,laporan_operasional_202411_5463|3049885|revisi total final
BCH-0001640,laporan_hukum_202510_5536.docx,470921,2024-05-10,server-arsip-makassar,laporan_hukum_202510_5536|470921|draft rekap revisi
BCH-0000089,gambar_manajemen_202404_0625.jpg,41232301,2024-09-01,portal-upload-mobile,gambar_manajemen_202404_0625|41232301|rekap data approved
BCH-0000990,presentasi_manajemen_202501_5269.zip,1853042,2024-09-23,cloud-storage-azure,presentasi_manajemen_202501_5269|1853042|periode data rekap
BCH-0004423,memo_sdm_202512_8600.jpeg,4372932,2024-04-11,portal-upload-mobile,memo_sdm_202512_8600|4372932|rekap data approved
BCH-0002785,presentasi_audit_202505_6762.jpg,329356,2024-11-17,server-arsip-medan,presentasi_audit_202505_6762|329356|final data approved
BCH-0001051,memo_logistik_202408_4556.rar,2975797,2024-08-31,nas-lokal-03,memo_logistik_202408_4556|2975797|total data approved
BCH-0002169,presentasi_riset_202506_3172.pdf,3761421,2024-10-28,server-arsip-semarang,presentasi_riset_202506_3172|3761421|total approved pending
BCH-0003243,memo_manajemen_202402_8681.xlsx,36879942,2024-12-18,server-arsip-makassar,memo_manajemen_202402_8681|36879942|total periode arsip
BCH-0002821,gambar_sdm_202407_5023.csv,1208878,2024-04-10,cloud-storage-azure,gambar_sdm_202407_5023|1208878|periode rekap data
BCH-0001477,backup_hukum_202403_6062.pdf,257518,2024-10-26,ftp-cabang,backup_hukum_202403_6062|257518|periode pending final
BCH-0001288,gambar_teknologi_202409_4153.xlsx,2996797,2024-03-21,ftp-cabang,gambar_teknologi_202409_4153|2996797|arsip pending approved
BCH-0000313,log_sdm_202508_2083.xls,1024439,2024-01-05,nas-lokal-04,log_sdm_202508_2083|1024439|revisi arsip rekap
BCH-0000263,memo_riset_202504_6795.txt,3483941,2024-04-23,nas-lokal-04,memo_riset_202504_6795|3483941|total arsip rekap
BCH-0001641,invoice_manajemen_202401_0743.xls,26953,2024-12-03,nas-lokal-03,invoice_manajemen_202401_0743|26953|arsip periode total
BCH-0001111,log_teknologi_202408_7397.docx,197012,2024-02-14,server-arsip-makassar,log_teknologi_202408_7397|197012|arsip draft periode
BCH-0002528,gambar_sdm_202407_9107.txt,354420646,2024-12-03,server-arsip-medan,gambar_sdm_202407_9107|354420646|arsip data periode
BCH-0001197,invoice_audit_202404_6840.rar,284615,2024-06-20,portal-upload-mobile,invoice_audit_202404_6840|284615|draft rekap arsip
BCH-0001182,memo_hukum_202407_5029.json,4400206,2024-07-04,nas-lokal-04,memo_hukum_202407_5029|4400206|revisi periode final
BCH-0003255,laporan_operasional_202404_4129.jpg,1204866,2024-11-27,ftp-cabang,laporan_operasional_202404_4129|1204866|draft revisi pending
BCH-0002636,dataset_teknologi_202502_7734.jpeg,196530,2024-10-26,server-arsip-semarang,dataset_teknologi_202502_7734|196530|approved final periode
BCH-0000587,invoice_operasional_202403_4442.rar,460994622,2024-05-07,cloud-storage-azure,invoice_operasional_202403_4442|460994622|revisi arsip data
DUP-0000314,backup_audit_202302_8149.docx,35002234,2022-02-06,server-arsip-bandung,backup|audit|35002234|approved rekap arsip dokumen
BCH-0003264,invoice_pemasaran_202501_3986.xml,303094,2024-11-02,cloud-storage-azure,invoice_pemasaran_202501_3986|303094|data approved arsip
BCH-0001047,presentasi_audit_202505_5332.json,309447,2024-07-22,nas-lokal-03,presentasi_audit_202505_5332|309447|periode revisi approved
BCH-0003600,kontrak_hukum_202407_6927.txt,216037,2024-05-31,server-arsip-medan,kontrak_hukum_202407_6927|216037|data approved final
BCH-0002780,surat_riset_202406_8138.csv,2753352,2024-03-17,cloud-storage-azure,surat_riset_202406_8138|2753352|data revisi pending
BCH-0004305,invoice_keuangan_202505_9997.xml,3073460,2024-12-07,cloud-storage-azure,invoice_keuangan_202505_9997|3073460|revisi data draft
BCH-0000886,log_operasional_202405_7179.pdf,223093,2024-03-08,nas-lokal-04,log_operasional_202405_7179|223093|total pending approved
DUP-0000313,presentasi_manajemen_202312_1857.docx,3978032,2024-09-13,backup-eksternal,presentasi|manajemen|3978032|revisi dokumen periode approved
BCH-0003688,surat_sdm_202404_5156.jpeg,62392,2024-04-18,nas-lokal-03,surat_sdm_202404_5156|62392|draft revisi pending
BCH-0001517,gambar_audit_202502_9531.png,556800,2024-10-08,server-arsip-semarang,gambar_audit_202502_9531|556800|revisi periode total
DUP-0000117,kontrak_keuangan_202202_6323.zip,2066087,2023-08-05,cloud-storage-aws,kontrak|keuangan|2066087|final data arsip
BCH-0000085,memo_hukum_202509_2395.zip,48013155,2024-05-22,server-arsip-medan,memo_hukum_202509_2395|48013155|final data rekap
BCH-0002617,invoice_logistik_202405_1082.json,325126,2024-07-23,server-arsip-medan,invoice_logistik_202405_1082|325126|revisi approved periode
BCH-0002997,memo_riset_202511_6514.docx,182183,2024-01-06,server-arsip-semarang,memo_riset_202511_6514|182183|arsip final pending
BCH-0000949,backup_logistik_202504_6865.jpeg,35274207,2024-11-08,nas-lokal-04,backup_logistik_202504_6865|35274207|rekap draft pending
DUP-0000429,invoice_keuangan_202201_0991.zip,147460,2024-03-26,ftp-pusat,invoice|keuangan|147460|data arsip approved dokumen
BCH-0002107,memo_manajemen_202403_9595.xml,3232972,2024-04-01,cloud-storage-azure,memo_manajemen_202403_9595|3232972|rekap total periode
BCH-0003754,log_teknologi_202405_2084.xml,35267156,2024-10-17,cloud-storage-azure,log_teknologi_202405_2084|35267156|draft arsip revisi
BCH-0003640,invoice_hukum_202505_1076.pdf,4809140,2024-05-18,server-arsip-medan,invoice_hukum_202505_1076|4809140|arsip draft revisi
BCH-0004103,log_keuangan_202506_1168.csv,393682,2024-06-12,nas-lokal-03,log_keuangan_202506_1168|393682|approved draft data
BCH-0003828,kontrak_manajemen_202501_2695.csv,2777989,2024-02-05,ftp-cabang,kontrak_manajemen_202501_2695|2777989|rekap draft final
DUP-0000333,backup_riset_202412_0796.xlsx,52328745,2024-06-05,portal-upload-web,backup|riset|52328745|arsip periode dokumen data
BCH-0000899,presentasi_manajemen_202409_2320.pdf,8020726,2024-10-30,portal-upload-mobile,presentasi_manajemen_202409_2320|8020726|revisi total data
BCH-0003613,backup_operasional_202512_1148.xls,16381271,2024-08-19,portal-upload-mobile,backup_operasional_202512_1148|16381271|pending approved draft
BCH-0002738,backup_manajemen_202504_4712.docx,463810,2024-10-31,nas-lokal-03,backup_manajemen_202504_4712|463810|arsip periode approved
BCH-0004015,invoice_teknologi_202504_7136.zip,198492,2024-06-10,server-arsip-makassar,invoice_teknologi_202504_7136|198492|final revisi periode
DUP-0000338,log_hukum_202209_7272.txt,258377,2024-03-11,server-arsip-jakarta,log|hukum|258377|final approved pending
BCH-0000243,dataset_operasional_202408_6237.pdf,103143,2024-07-13,nas-lokal-03,dataset_operasional_202408_6237|103143|draft revisi total
BCH-0004388,presentasi_pemasaran_202406_3297.xls,11087272,2024-07-19,portal-upload-mobile,presentasi_pemasaran_202406_3297|11087272|rekap periode data
BCH-0004428,invoice_sdm_202504_1859.xlsx,399607,2024-12-30,server-arsip-makassar,invoice_sdm_202504_1859|399607|data draft approved
BCH-0003319,surat_keuangan_202503_1541.json,47481942,2024-02-29,cloud-storage-azure,surat_keuangan_202503_1541|47481942|revisi rekap pending
BCH-0003801,invoice_manajemen_202402_7610.png,1444058,2024-03-25,server-arsip-makassar,invoice_manajemen_202402_7610|1444058|periode data total
BCH-0001951,kontrak_manajemen_202407_3617.docx,249154,2024-12-25,server-arsip-semarang,kontrak_manajemen_202407_3617|249154|rekap total arsip
BCH-0003489,surat_manajemen_202411_8570.xls,116689,2024-03-16,cloud-storage-azure,surat_manajemen_202411_8570|116689|approved revisi data
BCH-0001715,backup_operasional_202502_4259.zip,32749,2024-10-30,server-arsip-makassar,backup_operasional_202502_4259|32749|arsip final pending
BCH-0004176,dataset_operasional_202401_0609.docx,256461,2024-12-12,server-arsip-medan,dataset_operasional_202401_0609|256461|data approved periode
BCH-0001667,dataset_audit_202403_7568.xml,293434,2024-04-16,portal-upload-mobile,dataset_audit_202403_7568|293434|total approved periode
BCH-0003763,presentasi_logistik_202507_4274.rar,425608,2024-06-22,server-arsip-makassar,presentasi_logistik_202507_4274|425608|approved data arsip
BCH-0000996,surat_manajemen_202401_6031.pdf,43852207,2024-08-21,server-arsip-makassar,surat_manajemen_202401_6031|43852207|periode total approved
BCH-0004080,presentasi_manajemen_202502_4692.png,344826670,2024-01-30,nas-lokal-03,presentasi_manajemen_202502_4692|344826670|revisi pending data
BCH-0003085,surat_logistik_202506_0308.csv,4337394,2024-02-06,portal-upload-mobile,surat_logistik_202506_0308|4337394|arsip periode draft
DUP-0000249,gambar_hukum_202302_1792.docx,103748,2022-12-04,cloud-storage-gcp,gambar|hukum|103748|file periode pending
BCH-0002449,presentasi_hukum_202409_2903.jpeg,47576585,2024-08-21,cloud-storage-azure,presentasi_hukum_202409_2903|47576585|data approved rekap
BCH-0001179,laporan_manajemen_202509_1844.jpeg,3209970,2024-03-06,server-arsip-semarang,laporan_manajemen_202509_1844|3209970|pending approved final
BCH-0000205,log_teknologi_202410_9652.jpg,588499,2024-09-24,server-arsip-semarang,log_teknologi_202410_9652|588499|draft revisi pending
BCH-0002032,backup_riset_202507_5357.xml,4989608,2024-03-17,server-arsip-makassar,backup_riset_202507_5357|4989608|arsip periode revisi
BCH-0001627,log_keuangan_202501_5681.xls,24805446,2024-03-08,server-arsip-medan,log_keuangan_202501_5681|24805446|revisi rekap data
BCH-0000754,backup_manajemen_202501_8512.jpg,48419540,2024-10-08,cloud-storage-azure,backup_manajemen_202501_8512|48419540|arsip draft total
BCH-0001813,laporan_teknologi_202407_4347.jpg,94910,2024-11-05,server-arsip-medan,laporan_teknologi_202407_4347|94910|rekap pending arsip
BCH-0000682,dataset_riset_202408_3531.zip,94481,2024-10-07,nas-lokal-03,dataset_riset_202408_3531|94481|draft revisi rekap
BCH-0001159,memo_teknologi_202511_3743.doc,141800,2024-05-23,ftp-cabang,memo_teknologi_202511_3743|141800|pending total approved
BCH-0003786,dataset_manajemen_202507_6828.xls,479406,2024-10-14,cloud-storage-azure,dataset_manajemen_202507_6828|479406|revisi arsip rekap
BCH-0002652,backup_teknologi_202411_4639.jpeg,420855,2024-11-12,portal-upload-mobile,backup_teknologi_202411_4639|420855|arsip approved data
BCH-0003922,surat_manajemen_202506_4473.jpeg,451888,2024-05-20,portal-upload-mobile,surat_manajemen_202506_4473|451888|total revisi pending
BCH-0001498,dataset_operasional_202505_5212.xls,62989,2024-06-19,ftp-cabang,dataset_operasional_202505_5212|62989|approved final arsip
BCH-0003766,invoice_hukum_202403_9947.zip,127307570,2024-03-26,server-arsip-makassar,invoice_hukum_202403_9947|127307570|pending data rekap
BCH-0003715,memo_pemasaran_202501_2696.docx,1771717,2024-08-20,ftp-cabang,memo_pemasaran_202501_2696|1771717|pending data periode
BCH-0000503,dataset_logistik_202512_6706.csv,372151,2024-07-24,portal-upload-mobile,dataset_logistik_202512_6706|372151|periode arsip revisi
BCH-0002429,memo_logistik_202401_7615.csv,228261,2024-12-14,cloud-storage-azure,memo_logistik_202401_7615|228261|revisi total final
BCH-0002534,invoice_manajemen_202503_7241.xml,350188,2024-09-03,nas-lokal-04,invoice_manajemen_202503_7241|350188|total pending revisi
BCH-0003709,gambar_sdm_202409_5726.pdf,3674051,2024-06-09,server-arsip-semarang,gambar_sdm_202409_5726|3674051|final pending approved
BCH-0000130,backup_hukum_202406_2294.zip,2804864,2024-06-25,portal-upload-mobile,backup_hukum_202406_2294|2804864|draft data periode
DUP-0000499,dataset_hukum_202409_2779.jpg,21290175,2024-02-19,server-arsip-surabaya,dataset|hukum|21290175|final file data
BCH-0002968,dataset_sdm_202401_9456.png,35750593,2024-02-06,cloud-storage-azure,dataset_sdm_202401_9456|35750593|draft data rekap
BCH-0000572,memo_teknologi_202412_2662.csv,4016936,2024-03-31,server-arsip-medan,memo_teknologi_202412_2662|4016936|data arsip total
BCH-0001085,invoice_logistik_202401_1646.csv,450900,2024-01-20,server-arsip-makassar,invoice_logistik_202401_1646|450900|final periode approved
BCH-0001212,surat_pemasaran_202511_4962.rar,1377809,2024-08-13,server-arsip-medan,surat_pemasaran_202511_4962|1377809|pending approved final
BCH-0001220,log_pemasaran_202512_0001.pdf,3377282,2024-08-12,ftp-cabang,log_pemasaran_202512_0001|3377282|revisi data pending
BCH-0002513,presentasi_hukum_202402_5938.png,273464,2024-09-12,cloud-storage-azure,presentasi_hukum_202402_5938|273464|data revisi periode
BCH-0003905,surat_riset_202505_7130.docx,25934839,2024-02-27,nas-lokal-04,surat_riset_202505_7130|25934839|draft revisi rekap
BCH-0002343,laporan_pemasaran_202403_7605.jpg,74503,2024-05-28,nas-lokal-03,laporan_pemasaran_202403_7605|74503|arsip data draft
BCH-0003924,laporan_sdm_202409_2975.rar,1284823,2024-11-15,nas-lokal-03,laporan_sdm_202409_2975|1284823|data periode total
BCH-0003875,surat_manajemen_202506_6617.xml,30219473,2024-04-19,portal-upload-mobile,surat_manajemen_202506_6617|30219473|total rekap final
BCH-0003286,memo_manajemen_202404_7108.jpeg,2086612,2024-11-14,server-arsip-medan,memo_manajemen_202404_7108|2086612|data final arsip
BCH-0001875,laporan_pemasaran_202505_2854.doc,30517054,2024-09-01,ftp-cabang,laporan_pemasaran_202505_2854|30517054|arsip rekap draft
BCH-0003120,dataset_pemasaran_202407_8175.rar,103602,2024-10-19,server-arsip-semarang,dataset_pemasaran_202407_8175|103602|total revisi draft
DUP-0000217,kontrak_logistik_202408_8670.zip,210078,2023-05-30,ftp-pusat,kontrak|logistik|210078|data total arsip
BCH-0002040,presentasi_pemasaran_202503_2111.png,248973,2024-10-12,nas-lokal-03,presentasi_pemasaran_202503_2111|248973|final total draft
BCH-0002425,laporan_manajemen_202509_2986.pdf,1934757,2024-03-10,server-arsip-medan,laporan_manajemen_202509_2986|1934757|approved periode arsip
BCH-0001298,memo_pemasaran_202404_3293.png,150743,2024-06-24,ftp-cabang,memo_pemasaran_202404_3293|150743|revisi total final
BCH-0001041,memo_hukum_202407_0046.jpeg,349451,2024-07-09,portal-upload-mobile,memo_hukum_202407_0046|349451|data rekap draft
BCH-0003429,dataset_operasional_202404_9206.docx,2259952,2024-08-04,nas-lokal-03,dataset_operasional_202404_9206|2259952|revisi periode final
BCH-0003411,backup_pemasaran_202405_1925.json,4122478,2024-10-27,cloud-storage-azure,backup_pemasaran_202405_1925|4122478|total draft pending
DUP-0000078,presentasi_audit_202310_9416.png,23941972,2022-09-18,ftp-pusat,presentasi|audit|23941972|approved total draft
BCH-0002725,dataset_teknologi_202507_8071.doc,68333,2024-05-18,server-arsip-semarang,dataset_teknologi_202507_8071|68333|rekap data pending
BCH-0003176,surat_keuangan_202507_8850.pdf,16948814,2024-04-13,server-arsip-semarang,surat_keuangan_202507_8850|16948814|rekap periode final
BCH-0003581,backup_sdm_202506_3299.jpeg,3516943,2024-10-12,server-arsip-medan,backup_sdm_202506_3299|3516943|revisi approved total
BCH-0001935,surat_logistik_202511_1570.jpg,1751057,2024-05-21,server-arsip-semarang,surat_logistik_202511_1570|1751057|pending draft revisi
BCH-0000411,backup_logistik_202407_4624.rar,3523264,2024-12-27,server-arsip-semarang,backup_logistik_202407_4624|3523264|approved draft total
BCH-0001064,presentasi_hukum_202408_9650.jpeg,15519,2024-07-17,ftp-cabang,presentasi_hukum_202408_9650|15519|revisi final periode
BCH-0000221,kontrak_teknologi_202505_1787.xml,225885,2024-05-15,ftp-cabang,kontrak_teknologi_202505_1787|225885|total approved final
BCH-0004140,kontrak_operasional_202407_5949.xls,426603,2024-07-29,server-arsip-medan,kontrak_operasional_202407_5949|426603|arsip periode total
BCH-0001336,gambar_sdm_202409_8050.xlsx,2666197,2024-08-22,ftp-cabang,gambar_sdm_202409_8050|2666197|pending total data
BCH-0003145,laporan_sdm_202408_4983.xls,41637,2024-05-25,server-arsip-medan,laporan_sdm_202408_4983|41637|total rekap final
BCH-0003380,kontrak_sdm_202410_4866.xls,4868934,2024-02-11,nas-lokal-03,kontrak_sdm_202410_4866|4868934|revisi pending periode
BCH-0003378,kontrak_logistik_202508_4629.json,269908,2024-06-29,portal-upload-mobile,kontrak_logistik_202508_4629|269908|arsip draft final
BCH-0001052,log_operasional_202402_4032.xml,28858153,2024-01-16,ftp-cabang,log_operasional_202402_4032|28858153|periode approved draft
BCH-0003745,gambar_manajemen_202404_3771.xlsx,4399343,2024-11-10,nas-lokal-03,gambar_manajemen_202404_3771|4399343|pending arsip periode
BCH-0004403,presentasi_keuangan_202403_0755.xls,35341500,2024-07-15,cloud-storage-azure,presentasi_keuangan_202403_0755|35341500|rekap revisi final
BCH-0003563,dataset_pemasaran_202405_8279.rar,109134,2024-03-31,ftp-cabang,dataset_pemasaran_202405_8279|109134|approved arsip revisi
BCH-0002522,backup_pemasaran_202502_8109.zip,126625,2024-12-27,server-arsip-makassar,backup_pemasaran_202502_8109|126625|approved draft arsip
DUP-0000070,invoice_keuangan_202408_0920.docx,3663928,2022-01-20,server-arsip-surabaya,invoice|keuangan|3663928|pending approved draft
BCH-0003015,kontrak_pemasaran_202403_7313.doc,3993419,2024-06-20,server-arsip-medan,kontrak_pemasaran_202403_7313|3993419|draft final revisi
BCH-0000506,invoice_pemasaran_202412_4218.rar,285772,2024-12-03,ftp-cabang,invoice_pemasaran_202412_4218|285772|periode final revisi
BCH-0003768,kontrak_sdm_202404_8605.xls,27066820,2024-09-08,server-arsip-medan,kontrak_sdm_202404_8605|27066820|approved revisi data
BCH-0001270,memo_logistik_202410_7129.json,495572,2024-07-28,server-arsip-makassar,memo_logistik_202410_7129|495572|final pending data
BCH-0002099,dataset_pemasaran_202509_5135.png,29817934,2024-05-20,nas-lokal-03,dataset_pemasaran_202509_5135|29817934|arsip rekap revisi
BCH-0003106,surat_operasional_202410_7038.jpeg,3727065,2024-09-17,server-arsip-makassar,surat_operasional_202410_7038|3727065|pending draft final
BCH-0003468,kontrak_operasional_202410_2261.xlsx,1371549,2024-09-26,server-arsip-semarang,kontrak_operasional_202410_2261|1371549|arsip total pending
BCH-0002497,backup_manajemen_202412_1911.jpeg,342432,2024-02-05,nas-lokal-03,backup_manajemen_202412_1911|342432|total revisi data
BCH-0001696,invoice_logistik_202406_3927.xls,42630026,2024-12-27,ftp-cabang,invoice_logistik_202406_3927|42630026|arsip total revisi
BCH-0000095,log_keuangan_202506_7337.jpg,459646,2024-12-04,nas-lokal-03,log_keuangan_202506_7337|459646|final revisi approved
BCH-0002929,memo_riset_202408_9831.xml,3909711,2024-10-14,server-arsip-makassar,memo_riset_202408_9831|3909711|approved arsip total
BCH-0001675,memo_audit_202505_6534.xls,361956,2024-12-04,server-arsip-makassar,memo_audit_202505_6534|361956|pending approved draft
BCH-0001925,backup_manajemen_202403_7822.docx,74673,2024-12-10,server-arsip-semarang,backup_manajemen_202403_7822|74673|data revisi periode
BCH-0000332,presentasi_hukum_202502_9136.xml,46123607,2024-12-07,server-arsip-makassar,presentasi_hukum_202502_9136|46123607|pending periode approved
BCH-0004037,memo_logistik_202411_6047.jpg,235326,2024-03-19,ftp-cabang,memo_logistik_202411_6047|235326|periode final approved
BCH-0004166,dataset_manajemen_202409_5968.rar,14233048,2024-06-11,nas-lokal-04,dataset_manajemen_202409_5968|14233048|approved periode data
BCH-0002727,memo_logistik_202403_9184.docx,289187577,2024-05-05,portal-upload-mobile,memo_logistik_202403_9184|289187577|total pending final
BCH-0004163,invoice_teknologi_202401_5676.xls,97509,2024-06-25,server-arsip-semarang,invoice_teknologi_202401_5676|97509|pending draft approved
BCH-0000541,backup_audit_202508_0665.pdf,3975966,2024-11-04,server-arsip-medan,backup_audit_202508_0665|3975966|final data total
BCH-0003112,gambar_audit_202507_1851.doc,3691394,2024-05-19,nas-lokal-03,gambar_audit_202507_1851|3691394|final revisi rekap
DUP-0000442,laporan_sdm_202411_8517.zip,341144,2023-08-29,nas-lokal-02,laporan|sdm|341144|data arsip final draft
BCH-0002848,laporan_teknologi_202406_8429.zip,69504,2024-11-23,nas-lokal-04,laporan_teknologi_202406_8429|69504|pending draft arsip
BCH-0002005,invoice_manajemen_202512_3253.xls,145868,2024-12-01,server-arsip-makassar,invoice_manajemen_202512_3253|145868|revisi periode draft
BCH-0001203,gambar_teknologi_202502_4484.docx,25301583,2024-02-16,portal-upload-mobile,gambar_teknologi_202502_4484|25301583|draft total revisi
BCH-0001216,memo_audit_202408_9846.txt,293392,2024-10-25,cloud-storage-azure,memo_audit_202408_9846|293392|data arsip rekap
BCH-0003580,gambar_operasional_202410_1449.json,13857054,2024-04-17,server-arsip-semarang,gambar_operasional_202410_1449|13857054|data total final
BCH-0000689,laporan_sdm_202511_2761.zip,126146959,2024-03-26,nas-lokal-04,laporan_sdm_202511_2761|126146959|draft rekap periode
BCH-0004448,kontrak_teknologi_202407_3986.zip,318776,2024-09-26,nas-lokal-03,kontrak_teknologi_202407_3986|318776|revisi rekap total
BCH-0000366,backup_logistik_202405_5021.csv,283195,2024-05-15,portal-upload-mobile,backup_logistik_202405_5021|283195|total pending data
BCH-0002543,invoice_keuangan_202410_1937.rar,2228177,2024-09-22,server-arsip-medan,invoice_keuangan_202410_1937|2228177|final arsip approved
BCH-0002621,laporan_keuangan_202406_9892.pdf,278825,2024-05-01,portal-upload-mobile,laporan_keuangan_202406_9892|278825|approved data pending
BCH-0004239,surat_logistik_202406_0295.csv,289463,2024-12-26,cloud-storage-azure,surat_logistik_202406_0295|289463|arsip pending final
BCH-0004307,laporan_teknologi_202501_3093.jpeg,456723543,2024-01-31,server-arsip-makassar,laporan_teknologi_202501_3093|456723543|arsip revisi draft
BCH-0000016,dataset_manajemen_202504_4744.rar,414010,2024-06-16,ftp-cabang,dataset_manajemen_202504_4744|414010|pending draft periode
BCH-0002757,presentasi_audit_202504_5388.json,1997365,2024-07-16,nas-lokal-04,presentasi_audit_202504_5388|1997365|revisi total draft
BCH-0001617,surat_riset_202403_3997.xls,57387,2024-06-23,ftp-cabang,surat_riset_202403_3997|57387|periode final rekap
DUP-0000057,kontrak_operasional_202207_1819.docx,365180,2023-11-25,cloud-storage-aws,kontrak|operasional|365180|pending revisi draft dokumen
BCH-0000793,backup_riset_202408_8784.csv,110282,2024-10-21,server-arsip-makassar,backup_riset_202408_8784|110282|data draft total
BCH-0001575,laporan_operasional_202408_7456.rar,247363,2024-12-31,server-arsip-medan,laporan_operasional_202408_7456|247363|approved revisi periode
DUP-0000145,surat_operasional_202207_3029.png,327992,2023-06-01,backup-eksternal,surat|operasional|327992|draft final total dokumen
BCH-0001882,laporan_keuangan_202512_6561.csv,906367,2024-08-02,nas-lokal-04,laporan_keuangan_202512_6561|906367|revisi pending draft
DUP-0000466,backup_sdm_202202_4835.json,54438,2024-06-29,ftp-pusat,backup|sdm|54438|revisi dokumen rekap pending
BCH-0004283,laporan_logistik_202408_9865.csv,3487715,2024-01-02,server-arsip-semarang,laporan_logistik_202408_9865|3487715|draft data total
BCH-0001806,backup_logistik_202401_4621.pdf,458850270,2024-07-02,server-arsip-makassar,backup_logistik_202401_4621|458850270|revisi arsip rekap
BCH-0003716,presentasi_manajemen_202508_9339.xml,3356869,2024-12-07,portal-upload-mobile,presentasi_manajemen_202508_9339|3356869|draft pending revisi
BCH-0002459,log_audit_202509_4534.txt,4373973,2024-10-25,cloud-storage-azure,log_audit_202509_4534|4373973|periode final total
BCH-0001764,kontrak_pemasaran_202510_1337.pdf,277241,2024-11-15,portal-upload-mobile,kontrak_pemasaran_202510_1337|277241|periode rekap data
BCH-0002925,kontrak_hukum_202404_1327.jpg,468531,2024-06-01,server-arsip-medan,kontrak_hukum_202404_1327|468531|final periode rekap
BCH-0002761,gambar_operasional_202411_7371.jpg,15226417,2024-02-25,cloud-storage-azure,gambar_operasional_202411_7371|15226417|pending draft arsip
BCH-0003252,surat_keuangan_202506_8177.xls,2421450,2024-11-04,ftp-cabang,surat_keuangan_202506_8177|2421450|total data final
BCH-0001862,surat_keuangan_202404_1322.txt,17722839,2024-10-17,nas-lokal-04,surat_keuangan_202404_1322|17722839|approved draft periode
BCH-0000362,laporan_logistik_202507_0462.jpeg,27021556,2024-11-28,nas-lokal-04,laporan_logistik_202507_0462|27021556|pending approved data
BCH-0003436,backup_audit_202410_8195.xls,3604654,2024-05-18,cloud-storage-azure,backup_audit_202410_8195|3604654|revisi pending approved
BCH-0001131,memo_pemasaran_202410_5412.xlsx,321247,2024-09-10,server-arsip-makassar,memo_pemasaran_202410_5412|321247|pending data periode
BCH-0003351,gambar_operasional_202511_1217.docx,421855,2024-04-02,nas-lokal-04,gambar_operasional_202511_1217|421855|approved final data
BCH-0000672,presentasi_keuangan_202403_3019.zip,254794,2024-06-06,portal-upload-mobile,presentasi_keuangan_202403_3019|254794|arsip total pending
BCH-0001631,gambar_operasional_202509_0097.csv,108201,2024-02-18,server-arsip-medan,gambar_operasional_202509_0097|108201|revisi data rekap
BCH-0001412,kontrak_manajemen_202504_9813.docx,305941,2024-08-02,cloud-storage-azure,kontrak_manajemen_202504_9813|305941|pending rekap data
BCH-0002117,invoice_riset_202507_1571.doc,2999908,2024-04-16,nas-lokal-04,invoice_riset_202507_1571|2999908|rekap data total
BCH-0000966,gambar_pemasaran_202510_2372.txt,360453,2024-08-08,cloud-storage-azure,gambar_pemasaran_202510_2372|360453|draft pending periode
BCH-0002902,backup_audit_202505_6536.jpeg,38853259,2024-08-31,nas-lokal-03,backup_audit_202505_6536|38853259|revisi data periode
BCH-0003097,backup_keuangan_202412_2997.xls,439243,2024-06-16,server-arsip-semarang,backup_keuangan_202412_2997|439243|rekap arsip revisi
BCH-0003936,laporan_teknologi_202507_6246.doc,118747,2024-03-11,ftp-cabang,laporan_teknologi_202507_6246|118747|rekap pending arsip
BCH-0003586,surat_keuangan_202501_4211.json,152218,2024-08-28,ftp-cabang,surat_keuangan_202501_4211|152218|revisi approved pending
DUP-0000003,kontrak_pemasaran_202403_9418.xlsx,4008444,2024-02-25,nas-lokal-02,kontrak|pemasaran|4008444|pending data arsip
BCH-0000547,gambar_logistik_202407_0212.xls,24951812,2024-11-30,server-arsip-medan,gambar_logistik_202407_0212|24951812|arsip data draft
BCH-0003071,kontrak_teknologi_202411_1290.xls,2063039,2024-12-02,nas-lokal-03,kontrak_teknologi_202411_1290|2063039|data pending periode
BCH-0003242,dataset_keuangan_202406_7527.jpeg,139063,2024-01-05,server-arsip-medan,dataset_keuangan_202406_7527|139063|pending revisi data
DUP-0000383,laporan_operasional_202204_9627.xml,831749,2023-03-21,backup-eksternal,laporan|operasional|831749|draft final rekap
BCH-0002420,presentasi_manajemen_202506_8394.xlsx,98579169,2024-05-11,cloud-storage-azure,presentasi_manajemen_202506_8394|98579169|rekap data draft
BCH-0002741,invoice_sdm_202504_8107.csv,269957152,2024-01-27,server-arsip-makassar,invoice_sdm_202504_8107|269957152|draft data total
BCH-0000844,dataset_pemasaran_202506_3532.csv,379089,2024-03-26,portal-upload-mobile,dataset_pemasaran_202506_3532|379089|periode final pending
BCH-0001557,log_riset_202502_5760.json,29346356,2024-10-21,cloud-storage-azure,log_riset_202502_5760|29346356|arsip data draft
BCH-0001151,dataset_audit_202406_3718.jpg,95234819,2024-12-11,portal-upload-mobile,dataset_audit_202406_3718|95234819|data arsip total
BCH-0004028,memo_sdm_202410_7861.rar,180524,2024-12-05,server-arsip-makassar,memo_sdm_202410_7861|180524|draft pending approved
BCH-0003129,kontrak_riset_202409_0324.xls,2446338,2024-02-19,cloud-storage-azure,kontrak_riset_202409_0324|2446338|rekap data periode
BCH-0002680,gambar_sdm_202403_3109.txt,3463375,2024-03-24,server-arsip-medan,gambar_sdm_202403_3109|3463375|final data periode
BCH-0000230,log_hukum_202410_1346.zip,920149,2024-05-09,server-arsip-semarang,log_hukum_202410_1346|920149|arsip data pending
BCH-0003598,backup_riset_202402_1593.xls,20725603,2024-02-08,portal-upload-mobile,backup_riset_202402_1593|20725603|revisi final periode
BCH-0000463,log_manajemen_202510_1350.xlsx,84420,2024-08-30,portal-upload-mobile,log_manajemen_202510_1350|84420|rekap periode data
BCH-0000244,dataset_sdm_202507_1571.pdf,45551019,2024-03-02,server-arsip-semarang,dataset_sdm_202507_1571|45551019|data rekap pending
BCH-0000827,log_manajemen_202510_1498.docx,289066,2024-07-07,nas-lokal-04,log_manajemen_202510_1498|289066|final draft rekap
DUP-0000253,invoice_riset_202207_7473.csv,350666,2022-06-20,cloud-storage-gcp,invoice|riset|350666|approved periode arsip revisi total
BCH-0000422,kontrak_audit_202404_1639.jpg,145419,2024-03-16,server-arsip-medan,kontrak_audit_202404_1639|145419|revisi draft data
BCH-0002650,surat_audit_202411_0397.csv,349403,2024-08-28,server-arsip-medan,surat_audit_202411_0397|349403|revisi draft total
BCH-0003989,backup_pemasaran_202405_3130.rar,124177785,2024-09-09,server-arsip-semarang,backup_pemasaran_202405_3130|124177785|approved arsip data
BCH-0000687,kontrak_audit_202404_5078.xls,60287,2024-02-17,server-arsip-makassar,kontrak_audit_202404_5078|60287|arsip pending approved
BCH-0003812,laporan_riset_202508_2381.txt,291051,2024-06-20,portal-upload-mobile,laporan_riset_202508_2381|291051|final approved arsip
BCH-0000050,dataset_hukum_202503_8951.pdf,1763453,2024-04-28,ftp-cabang,dataset_hukum_202503_8951|1763453|revisi rekap pending
BCH-0001894,presentasi_audit_202503_0556.rar,444017,2024-02-10,ftp-cabang,presentasi_audit_202503_0556|444017|periode revisi approved
BCH-0002809,log_pemasaran_202511_5833.zip,174186,2024-11-13,cloud-storage-azure,log_pemasaran_202511_5833|174186|data total revisi
BCH-0000889,memo_manajemen_202404_1800.json,4800985,2024-02-03,nas-lokal-04,memo_manajemen_202404_1800|4800985|revisi periode draft
BCH-0000517,backup_keuangan_202508_9824.csv,66240,2024-11-07,portal-upload-mobile,backup_keuangan_202508_9824|66240|draft revisi final
BCH-0002659,surat_teknologi_202502_6840.jpeg,2957899,2024-08-24,portal-upload-mobile,surat_teknologi_202502_6840|2957899|approved draft arsip
BCH-0003829,log_hukum_202510_4526.pdf,29821670,2024-01-04,server-arsip-makassar,log_hukum_202510_4526|29821670|total pending data
BCH-0000196,invoice_audit_202506_9913.xml,21013299,2024-01-18,cloud-storage-azure,invoice_audit_202506_9913|21013299|arsip data approved
BCH-0000713,dataset_riset_202404_8710.jpg,63170,2024-09-16,server-arsip-makassar,dataset_riset_202404_8710|63170|approved periode arsip
BCH-0003644,memo_riset_202507_1920.pdf,3519556,2024-12-24,ftp-cabang,memo_riset_202507_1920|3519556|draft pending revisi
DUP-0000303,invoice_audit_202210_8037.xlsx,1977323,2023-01-05,cloud-storage-gcp,invoice|audit|1977323|final periode data
BCH-0001248,invoice_manajemen_202401_5788.zip,238668897,2024-11-08,nas-lokal-03,invoice_manajemen_202401_5788|238668897|final revisi pending
BCH-0002231,surat_logistik_202507_7964.csv,463555,2024-11-21,nas-lokal-03,surat_logistik_202507_7964|463555|data final arsip
BCH-0002700,kontrak_teknologi_202408_6124.csv,230660,2024-12-02,server-arsip-makassar,kontrak_teknologi_202408_6124|230660|pending draft arsip
BCH-0000194,kontrak_manajemen_202404_7287.xls,4263044,2024-07-25,server-arsip-makassar,kontrak_manajemen_202404_7287|4263044|pending arsip draft
BCH-0003373,surat_operasional_202408_0970.jpg,79471,2024-06-06,cloud-storage-azure,surat_operasional_202408_0970|79471|draft final approved
BCH-0004010,kontrak_hukum_202404_0574.txt,486063,2024-07-31,ftp-cabang,kontrak_hukum_202404_0574|486063|total draft revisi
BCH-0000333,gambar_hukum_202406_3500.xls,214322,2024-03-13,nas-lokal-03,gambar_hukum_202406_3500|214322|approved pending revisi
BCH-0002512,log_hukum_202408_5919.txt,392078,2024-11-21,nas-lokal-03,log_hukum_202408_5919|392078|periode data draft
BCH-0002645,laporan_operasional_202405_9529.xls,2504822,2024-03-26,nas-lokal-04,laporan_operasional_202405_9529|2504822|total pending draft
BCH-0002955,presentasi_audit_202404_4564.rar,24414082,2024-08-20,portal-upload-mobile,presentasi_audit_202404_4564|24414082|revisi approved arsip
BCH-0000942,laporan_logistik_202506_9102.xls,48378201,2024-02-16,server-arsip-medan,laporan_logistik_202506_9102|48378201|total pending revisi
BCH-0000567,memo_manajemen_202510_4397.csv,24989351,2024-04-21,ftp-cabang,memo_manajemen_202510_4397|24989351|approved draft final
BCH-0002168,memo_teknologi_202409_0340.rar,782692,2024-04-13,nas-lokal-03,memo_teknologi_202409_0340|782692|total final pending
DUP-0000175,surat_riset_202305_3491.docx,263296,2022-01-05,portal-upload-web,surat|riset|263296|revisi final arsip rekap
BCH-0000327,presentasi_pemasaran_202508_4973.json,42178744,2024-08-01,cloud-storage-azure,presentasi_pemasaran_202508_4973|42178744|pending rekap draft
BCH-0001091,memo_riset_202402_9201.png,149870,2024-02-05,server-arsip-semarang,memo_riset_202402_9201|149870|rekap final draft
BCH-0001127,presentasi_pemasaran_202501_1403.txt,462416,2024-04-21,server-arsip-medan,presentasi_pemasaran_202501_1403|462416|rekap periode pending
BCH-0000924,dataset_sdm_202407_1765.doc,12969128,2024-12-06,cloud-storage-azure,dataset_sdm_202407_1765|12969128|pending revisi arsip
BCH-0000725,kontrak_operasional_202411_7620.jpeg,375830,2024-10-27,nas-lokal-03,kontrak_operasional_202411_7620|375830|arsip pending total
BCH-0001245,log_sdm_202502_4352.xlsx,328030,2024-08-13,cloud-storage-azure,log_sdm_202502_4352|328030|pending revisi draft
BCH-0000770,dataset_teknologi_202502_7895.zip,68515,2024-03-31,nas-lokal-03,dataset_teknologi_202502_7895|68515|rekap data arsip
BCH-0000636,laporan_manajemen_202508_4153.txt,3046196,2024-05-29,nas-lokal-03,laporan_manajemen_202508_4153|3046196|arsip rekap revisi
BCH-0001494,surat_riset_202403_8008.xls,2965593,2024-03-26,nas-lokal-03,surat_riset_202403_8008|2965593|total final approved
BCH-0002542,gambar_logistik_202508_4037.zip,382850,2024-03-05,nas-lokal-04,gambar_logistik_202508_4037|382850|periode draft revisi
BCH-0000645,backup_teknologi_202404_2309.txt,160575,2024-01-31,nas-lokal-03,backup_teknologi_202404_2309|160575|periode arsip total
BCH-0000459,memo_operasional_202505_8997.docx,29401360,2024-11-13,nas-lokal-04,memo_operasional_202505_8997|29401360|total final approved
BCH-0002926,kontrak_hukum_202503_8116.pdf,221155,2024-08-24,nas-lokal-03,kontrak_hukum_202503_8116|221155|draft final data
BCH-0000233,gambar_operasional_202511_3984.xlsx,4748818,2024-09-29,ftp-cabang,gambar_operasional_202511_3984|4748818|rekap total periode
BCH-0004384,presentasi_operasional_202406_1982.zip,360386,2024-01-05,server-arsip-semarang,presentasi_operasional_202406_1982|360386|periode arsip approved
BCH-0003406,memo_operasional_202404_6770.docx,4052100,2024-06-29,nas-lokal-03,memo_operasional_202404_6770|4052100|periode approved data
BCH-0004242,kontrak_hukum_202404_6173.pdf,267145,2024-12-09,server-arsip-semarang,kontrak_hukum_202404_6173|267145|approved pending draft
BCH-0000179,memo_manajemen_202403_0397.png,9781656,2024-02-13,server-arsip-semarang,memo_manajemen_202403_0397|9781656|arsip approved draft
BCH-0003037,surat_operasional_202512_2758.json,1360172,2024-04-27,cloud-storage-azure,surat_operasional_202512_2758|1360172|rekap total draft
BCH-0002593,kontrak_audit_202511_7200.txt,131100577,2024-12-16,ftp-cabang,kontrak_audit_202511_7200|131100577|final rekap arsip
BCH-0004148,kontrak_keuangan_202502_3140.csv,25265,2024-05-23,nas-lokal-04,kontrak_keuangan_202502_3140|25265|arsip rekap data
BCH-0002249,dataset_logistik_202505_0090.txt,465969,2024-05-08,cloud-storage-azure,dataset_logistik_202505_0090|465969|rekap pending final
BCH-0000625,invoice_audit_202503_7474.txt,17990217,2024-08-13,cloud-storage-azure,invoice_audit_202503_7474|17990217|arsip pending data
BCH-0004165,dataset_manajemen_202505_3286.txt,4398514,2024-05-20,server-arsip-medan,dataset_manajemen_202505_3286|4398514|revisi periode data
BCH-0003222,kontrak_teknologi_202403_2407.xls,1037755,2024-11-04,server-arsip-medan,kontrak_teknologi_202403_2407|1037755|total final approved
BCH-0004284,log_logistik_202511_0558.txt,434913,2024-11-10,ftp-cabang,log_logistik_202511_0558|434913|rekap data periode
BCH-0004293,memo_operasional_202509_5182.csv,36623509,2024-10-10,ftp-cabang,memo_operasional_202509_5182|36623509|draft total arsip
BCH-0001385,presentasi_audit_202406_7644.docx,2087374,2024-07-15,nas-lokal-04,presentasi_audit_202406_7644|2087374|final total approved
DUP-0000188,invoice_manajemen_202203_3657.json,363016,2024-11-22,server-arsip-jakarta,invoice|manajemen|363016|total pending final dokumen
BCH-0000485,dataset_audit_202403_4348.zip,3161798,2024-02-25,nas-lokal-03,dataset_audit_202403_4348|3161798|pending approved final
BCH-0002367,presentasi_logistik_202505_9974.png,1350960,2024-11-28,server-arsip-semarang,presentasi_logistik_202505_9974|1350960|periode total revisi
BCH-0004427,dataset_logistik_202504_4205.jpg,1972167,2024-06-17,cloud-storage-azure,dataset_logistik_202504_4205|1972167|approved pending data
BCH-0002104,kontrak_teknologi_202511_5720.csv,1638118,2024-12-13,server-arsip-makassar,kontrak_teknologi_202511_5720|1638118|rekap pending draft
BCH-0004138,log_keuangan_202406_6994.pdf,4968685,2024-03-22,cloud-storage-azure,log_keuangan_202406_6994|4968685|approved arsip total
BCH-0000282,memo_manajemen_202511_2444.png,219595,2024-11-18,nas-lokal-03,memo_manajemen_202511_2444|219595|draft periode final
BCH-0002450,dataset_audit_202504_7137.jpg,197711,2024-06-14,server-arsip-semarang,dataset_audit_202504_7137|197711|pending periode revisi
BCH-0003549,invoice_sdm_202507_8493.docx,39157,2024-01-01,nas-lokal-04,invoice_sdm_202507_8493|39157|pending approved periode
BCH-0001941,log_riset_202411_4349.jpg,4498516,2024-07-29,server-arsip-makassar,log_riset_202411_4349|4498516|periode approved pending
BCH-0003654,gambar_audit_202505_5393.docx,1071591,2024-03-22,server-arsip-semarang,gambar_audit_202505_5393|1071591|periode draft data
BCH-0000867,surat_operasional_202402_0410.json,379940,2024-01-07,server-arsip-makassar,surat_operasional_202402_0410|379940|pending arsip total
BCH-0000882,gambar_manajemen_202509_9374.rar,3387115,2024-08-20,nas-lokal-03,gambar_manajemen_202509_9374|3387115|total periode pending
BCH-0000619,laporan_audit_202502_6137.docx,64982,2024-10-03,server-arsip-medan,laporan_audit_202502_6137|64982|pending final rekap
BCH-0004458,dataset_manajemen_202402_8679.xml,97502,2024-12-14,cloud-storage-azure,dataset_manajemen_202402_8679|97502|rekap approved periode
BCH-0001427,log_audit_202404_4727.zip,238018819,2024-12-25,ftp-cabang,log_audit_202404_4727|238018819|total final rekap
DUP-0000111,presentasi_keuangan_202406_4097.jpg,113099,2023-09-12,cloud-storage-gcp,presentasi|keuangan|113099|file dokumen periode
BCH-0001508,log_teknologi_202509_1739.jpeg,370125,2024-05-05,nas-lokal-04,log_teknologi_202509_1739|370125|draft pending periode
BCH-0002570,invoice_hukum_202501_4323.xml,11165697,2024-04-30,nas-lokal-04,invoice_hukum_202501_4323|11165697|rekap approved pending
BCH-0002342,log_operasional_202503_6470.xlsx,439772,2024-08-16,portal-upload-mobile,log_operasional_202503_6470|439772|approved periode arsip
BCH-0002875,dataset_logistik_202409_5282.rar,140502,2024-11-20,portal-upload-mobile,dataset_logistik_202409_5282|140502|approved final periode
BCH-0003839,memo_operasional_202404_0746.rar,432134734,2024-08-11,server-arsip-makassar,memo_operasional_202404_0746|432134734|revisi pending arsip
BCH-0001287,log_keuangan_202405_3315.xml,236889934,2024-10-06,portal-upload-mobile,log_keuangan_202405_3315|236889934|arsip data final
BCH-0002660,dataset_manajemen_202410_1719.xls,3944514,2024-01-17,nas-lokal-04,dataset_manajemen_202410_1719|3944514|draft data rekap
BCH-0002023,presentasi_sdm_202408_2638.zip,4785725,2024-02-19,portal-upload-mobile,presentasi_sdm_202408_2638|4785725|arsip periode approved
BCH-0004277,kontrak_manajemen_202505_2358.txt,98737,2024-05-03,server-arsip-medan,kontrak_manajemen_202505_2358|98737|pending periode total
BCH-0002539,log_teknologi_202504_8264.json,485820,2024-05-20,server-arsip-makassar,log_teknologi_202504_8264|485820|pending data periode
BCH-0000139,laporan_manajemen_202511_5803.csv,133732,2024-02-16,server-arsip-semarang,laporan_manajemen_202511_5803|133732|draft rekap data
BCH-0001774,laporan_keuangan_202412_7682.png,83489,2024-04-12,nas-lokal-03,laporan_keuangan_202412_7682|83489|pending draft arsip
BCH-0003795,surat_teknologi_202508_5209.docx,4656301,2024-01-30,server-arsip-semarang,surat_teknologi_202508_5209|4656301|total rekap final
BCH-0001741,kontrak_operasional_202510_8834.png,328800,2024-08-23,server-arsip-semarang,kontrak_operasional_202510_8834|328800|data rekap arsip
BCH-0001784,presentasi_audit_202409_1890.zip,414044963,2024-03-09,cloud-storage-azure,presentasi_audit_202409_1890|414044963|revisi arsip periode
DUP-0000262,surat_manajemen_202312_2293.xml,3282752,2022-06-10,ftp-pusat,surat|manajemen|3282752|draft rekap total approved revisi
BCH-0004067,invoice_sdm_202504_0196.rar,29431,2024-05-15,server-arsip-medan,invoice_sdm_202504_0196|29431|periode total arsip
BCH-0002216,memo_audit_202503_4055.docx,1023990,2024-01-26,server-arsip-makassar,memo_audit_202503_4055|1023990|pending arsip periode
DUP-0000149,log_hukum_202407_3909.csv,3862293,2023-05-15,ftp-pusat,log|hukum|3862293|pending approved total
BCH-0003907,invoice_sdm_202512_6675.xls,2030526,2024-05-23,portal-upload-mobile,invoice_sdm_202512_6675|2030526|revisi data approved
BCH-0001325,backup_riset_202410_5979.pdf,41385578,2024-08-01,server-arsip-medan,backup_riset_202410_5979|41385578|total final rekap
DUP-0000377,laporan_keuangan_202309_0134.csv,4447569,2022-08-09,nas-lokal-02,laporan|keuangan|4447569|final draft approved
BCH-0003619,kontrak_operasional_202409_1163.rar,3474195,2024-09-30,server-arsip-medan,kontrak_operasional_202409_1163|3474195|total arsip rekap
BCH-0001981,surat_audit_202502_6927.docx,2716869,2024-03-26,cloud-storage-azure,surat_audit_202502_6927|2716869|data approved periode
BCH-0000181,invoice_manajemen_202405_0095.jpeg,1724662,2024-05-25,server-arsip-makassar,invoice_manajemen_202405_0095|1724662|total draft arsip
BCH-0000326,kontrak_audit_202503_7256.doc,3517661,2024-09-21,server-arsip-semarang,kontrak_audit_202503_7256|3517661|periode pending approved
BCH-0001831,log_logistik_202411_9671.xls,465943,2024-05-03,server-arsip-makassar,log_logistik_202411_9671|465943|periode approved data
DUP-0000438,invoice_manajemen_202401_0980.json,457785757,2023-12-30,server-arsip-surabaya,invoice|manajemen|457785757|arsip total periode pending revisi
BCH-0001480,kontrak_hukum_202401_3617.xml,2330834,2024-05-01,nas-lokal-04,kontrak_hukum_202401_3617|2330834|final draft periode
BCH-0002896,gambar_hukum_202402_7642.xml,229562,2024-03-06,portal-upload-mobile,gambar_hukum_202402_7642|229562|final arsip rekap
BCH-0001614,invoice_riset_202506_8973.jpg,340535,2024-10-29,server-arsip-makassar,invoice_riset_202506_8973|340535|approved pending arsip
BCH-0002880,laporan_audit_202509_5611.png,7377577,2024-10-14,portal-upload-mobile,laporan_audit_202509_5611|7377577|pending draft final
BCH-0001017,laporan_manajemen_202411_1196.rar,60034,2024-11-29,server-arsip-makassar,laporan_manajemen_202411_1196|60034|total periode data
BCH-0002025,laporan_riset_202408_1421.xml,93633,2024-11-03,nas-lokal-04,laporan_riset_202408_1421|93633|approved rekap total
BCH-0003439,presentasi_hukum_202509_2162.doc,11716041,2024-06-29,portal-upload-mobile,presentasi_hukum_202509_2162|11716041|total periode revisi
BCH-0000401,log_teknologi_202407_0518.docx,18200974,2024-10-24,nas-lokal-03,log_teknologi_202407_0518|18200974|draft pending final
BCH-0003426,backup_manajemen_202405_4110.xls,392141,2024-06-23,nas-lokal-04,backup_manajemen_202405_4110|392141|approved pending periode
DUP-0000302,backup_hukum_202303_5719.docx,4743669,2022-05-21,cloud-storage-aws,backup|hukum|4743669|final periode pending arsip
BCH-0003390,kontrak_keuangan_202510_8887.xml,591502,2024-10-05,ftp-cabang,kontrak_keuangan_202510_8887|591502|total approved draft
BCH-0003499,gambar_teknologi_202511_4534.png,244801,2024-08-31,nas-lokal-03,gambar_teknologi_202511_4534|244801|pending arsip approved
BCH-0003883,dataset_pemasaran_202506_8442.png,41897269,2024-11-07,cloud-storage-azure,dataset_pemasaran_202506_8442|41897269|draft final revisi
BCH-0001628,invoice_manajemen_202504_4868.pdf,49837738,2024-10-30,server-arsip-semarang,invoice_manajemen_202504_4868|49837738|periode approved data
BCH-0003981,kontrak_pemasaran_202403_1797.zip,18402630,2024-08-13,nas-lokal-03,kontrak_pemasaran_202403_1797|18402630|final draft total
BCH-0003878,surat_logistik_202505_7863.xls,320694,2024-10-18,server-arsip-medan,surat_logistik_202505_7863|320694|revisi total arsip
BCH-0001902,log_sdm_202503_5109.zip,4450427,2024-04-03,nas-lokal-03,log_sdm_202503_5109|4450427|pending total final
BCH-0001144,memo_hukum_202411_0546.txt,321321,2024-07-13,ftp-cabang,memo_hukum_202411_0546|321321|final total periode
BCH-0003536,dataset_sdm_202504_9492.docx,1638223,2024-12-20,server-arsip-medan,dataset_sdm_202504_9492|1638223|pending revisi periode
BCH-0003767,backup_pemasaran_202511_7607.xls,27296097,2024-11-30,portal-upload-mobile,backup_pemasaran_202511_7607|27296097|arsip approved final
BCH-0000639,surat_sdm_202503_4954.rar,94755,2024-07-26,server-arsip-medan,surat_sdm_202503_4954|94755|arsip final approved
BCH-0004332,log_operasional_202402_5308.doc,444400,2024-06-17,nas-lokal-04,log_operasional_202402_5308|444400|revisi arsip pending
BCH-0001380,laporan_keuangan_202402_0141.docx,1446404,2024-06-23,portal-upload-mobile,laporan_keuangan_202402_0141|1446404|revisi data draft
BCH-0004208,dataset_keuangan_202511_0516.png,42973309,2024-03-05,nas-lokal-03,dataset_keuangan_202511_0516|42973309|revisi data periode
BCH-0003627,invoice_audit_202512_4452.json,2472600,2024-06-28,portal-upload-mobile,invoice_audit_202512_4452|2472600|arsip revisi approved
BCH-0002862,presentasi_pemasaran_202404_1571.jpeg,456821,2024-04-04,nas-lokal-04,presentasi_pemasaran_202404_1571|456821|rekap pending arsip
BCH-0002487,kontrak_logistik_202409_5651.zip,96955918,2024-06-14,nas-lokal-03,kontrak_logistik_202409_5651|96955918|total periode data
BCH-0002047,dataset_audit_202507_0202.docx,31096,2024-10-30,portal-upload-mobile,dataset_audit_202507_0202|31096|rekap pending revisi
BCH-0000288,presentasi_logistik_202512_2532.zip,2535240,2024-04-10,server-arsip-medan,presentasi_logistik_202512_2532|2535240|data periode arsip
BCH-0000895,invoice_operasional_202509_0082.png,31614691,2024-05-17,portal-upload-mobile,invoice_operasional_202509_0082|31614691|final arsip pending
BCH-0001399,memo_hukum_202508_9238.pdf,90484,2024-01-25,ftp-cabang,memo_hukum_202508_9238|90484|periode total pending
BCH-0000343,kontrak_teknologi_202404_3451.json,2208576,2024-08-26,server-arsip-medan,kontrak_teknologi_202404_3451|2208576|revisi rekap pending
BCH-0000111,presentasi_logistik_202402_7460.docx,18206782,2024-02-26,server-arsip-medan,presentasi_logistik_202402_7460|18206782|rekap final arsip
BCH-0003163,dataset_hukum_202504_2764.doc,172278,2024-01-18,nas-lokal-03,dataset_hukum_202504_2764|172278|revisi arsip rekap
DUP-0000161,log_pemasaran_202202_6056.docx,3927752,2023-08-17,server-arsip-jakarta,log|pemasaran|3927752|periode total draft final dokumen
BCH-0002038,dataset_teknologi_202412_3440.jpeg,19969716,2024-12-07,nas-lokal-04,dataset_teknologi_202412_3440|19969716|arsip data periode
BCH-0002268,gambar_riset_202504_3462.jpg,493130154,2024-05-11,nas-lokal-03,gambar_riset_202504_3462|493130154|total draft periode
BCH-0001576,backup_logistik_202408_4331.pdf,1060074,2024-11-16,nas-lokal-04,backup_logistik_202408_4331|1060074|final revisi pending
BCH-0003995,presentasi_keuangan_202402_2432.xls,4559168,2024-08-09,ftp-cabang,presentasi_keuangan_202402_2432|4559168|approved draft total
BCH-0001918,log_logistik_202501_8505.xls,4000825,2024-01-26,portal-upload-mobile,log_logistik_202501_8505|4000825|final revisi draft
BCH-0001870,dataset_riset_202401_2006.png,14677104,2024-07-19,server-arsip-semarang,dataset_riset_202401_2006|14677104|rekap draft pending
DUP-0000192,kontrak_operasional_202409_1678.docx,336602,2023-02-28,ftp-pusat,kontrak|operasional|336602|arsip draft final periode
DUP-0000292,memo_hukum_202308_7559.xlsx,402521,2022-05-20,server-arsip-bandung,memo|hukum|402521|data revisi pending periode dokumen
BCH-0003530,presentasi_sdm_202402_8563.csv,392098,2024-09-08,nas-lokal-04,presentasi_sdm_202402_8563|392098|pending arsip total
BCH-0000405,backup_teknologi_202508_0234.rar,360130257,2024-04-18,server-arsip-makassar,backup_teknologi_202508_0234|360130257|periode draft approved
BCH-0003076,dataset_operasional_202401_0988.xlsx,5991807,2024-08-14,portal-upload-mobile,dataset_operasional_202401_0988|5991807|total arsip final
BCH-0002110,surat_audit_202505_7581.txt,2855255,2024-04-26,server-arsip-makassar,surat_audit_202505_7581|2855255|revisi draft data
BCH-0002961,backup_hukum_202412_6460.txt,2421814,2024-03-31,nas-lokal-04,backup_hukum_202412_6460|2421814|total arsip revisi
BCH-0000185,log_teknologi_202512_3468.pdf,523226,2024-07-19,cloud-storage-azure,log_teknologi_202512_3468|523226|arsip pending rekap
BCH-0004191,surat_logistik_202505_2667.png,69647,2024-07-02,server-arsip-medan,surat_logistik_202505_2667|69647|total data final
BCH-0002546,log_audit_202510_3272.txt,67794,2024-03-29,portal-upload-mobile,log_audit_202510_3272|67794|approved final total
BCH-0001997,surat_pemasaran_202410_7665.json,68009,2024-06-15,server-arsip-medan,surat_pemasaran_202410_7665|68009|pending approved draft
BCH-0000202,surat_pemasaran_202503_2091.json,335994,2024-10-02,server-arsip-semarang,surat_pemasaran_202503_2091|335994|revisi total pending
BCH-0002882,memo_hukum_202412_6233.xml,2687415,2024-06-06,nas-lokal-03,memo_hukum_202412_6233|2687415|final revisi pending
BCH-0002767,kontrak_sdm_202512_1514.doc,2559005,2024-03-07,server-arsip-semarang,kontrak_sdm_202512_1514|2559005|approved total rekap
BCH-0003074,invoice_operasional_202503_1558.xls,1363836,2024-01-01,nas-lokal-04,invoice_operasional_202503_1558|1363836|revisi final total
BCH-0000425,laporan_sdm_202502_2471.rar,19433365,2024-04-20,nas-lokal-04,laporan_sdm_202502_2471|19433365|arsip periode final
DUP-0000114,invoice_manajemen_202203_2956.json,4082565,2024-04-02,ftp-pusat,invoice|manajemen|4082565|data periode arsip pending
BCH-0004225,laporan_sdm_202504_1382.json,344634,2024-02-15,cloud-storage-azure,laporan_sdm_202504_1382|344634|draft approved rekap
DUP-0000046,presentasi_keuangan_202405_4501.docx,3981934,2023-10-12,nas-lokal-01,presentasi|keuangan|3981934|total arsip draft pending
BCH-0000120,gambar_teknologi_202508_5672.xml,1861625,2024-01-16,server-arsip-semarang,gambar_teknologi_202508_5672|1861625|data final total
BCH-0004084,surat_teknologi_202405_6166.csv,16103506,2024-10-19,server-arsip-medan,surat_teknologi_202405_6166|16103506|periode revisi final
BCH-0004372,log_riset_202401_0075.xls,2656494,2024-08-04,server-arsip-semarang,log_riset_202401_0075|2656494|periode approved arsip
BCH-0001672,kontrak_teknologi_202503_8526.json,214454628,2024-06-22,server-arsip-semarang,kontrak_teknologi_202503_8526|214454628|arsip rekap final
BCH-0002160,surat_hukum_202410_9048.csv,1786339,2024-07-29,nas-lokal-04,surat_hukum_202410_9048|1786339|arsip approved data
BCH-0003314,laporan_audit_202510_0338.xml,17722742,2024-04-24,server-arsip-semarang,laporan_audit_202510_0338|17722742|revisi total rekap
DUP-0000108,dataset_logistik_202405_6166.json,1152949,2023-04-02,ftp-pusat,dataset|logistik|1152949|draft file pending dokumen
BCH-0002012,surat_keuangan_202501_8880.docx,1187026,2024-05-03,server-arsip-makassar,surat_keuangan_202501_8880|1187026|periode rekap data
BCH-0002264,log_sdm_202508_4756.doc,1789307,2024-02-07,server-arsip-medan,log_sdm_202508_4756|1789307|draft revisi final
BCH-0004344,gambar_operasional_202411_9391.pdf,3680495,2024-09-09,portal-upload-mobile,gambar_operasional_202411_9391|3680495|final arsip draft
BCH-0004064,backup_manajemen_202407_1485.csv,1720955,2024-07-30,nas-lokal-03,backup_manajemen_202407_1485|1720955|pending draft periode
BCH-0002609,backup_pemasaran_202401_8351.xls,295528,2024-09-17,portal-upload-mobile,backup_pemasaran_202401_8351|295528|periode arsip approved
BCH-0004146,invoice_audit_202402_5336.xlsx,491845,2024-08-16,server-arsip-medan,invoice_audit_202402_5336|491845|revisi total pending
BCH-0003216,memo_teknologi_202401_0996.docx,4952778,2024-09-25,nas-lokal-04,memo_teknologi_202401_0996|4952778|total data rekap
BCH-0002769,invoice_riset_202503_3318.jpg,494624,2024-06-19,nas-lokal-03,invoice_riset_202503_3318|494624|draft revisi data
BCH-0004093,memo_teknologi_202509_4438.xls,1623415,2024-11-16,ftp-cabang,memo_teknologi_202509_4438|1623415|total pending revisi
BCH-0001523,gambar_teknologi_202406_7229.zip,3575215,2024-11-26,nas-lokal-04,gambar_teknologi_202406_7229|3575215|total revisi draft
DUP-0000042,invoice_keuangan_202411_9728.pdf,56735,2023-08-05,nas-lokal-02,invoice|keuangan|56735|pending periode revisi data final
BCH-0002198,kontrak_manajemen_202412_3248.doc,2695823,2024-10-04,server-arsip-makassar,kontrak_manajemen_202412_3248|2695823|periode arsip draft
BCH-0003741,laporan_logistik_202510_7511.doc,277673,2024-12-04,server-arsip-semarang,laporan_logistik_202510_7511|277673|data periode revisi
BCH-0001045,laporan_teknologi_202510_7870.xlsx,438422,2024-11-08,server-arsip-makassar,laporan_teknologi_202510_7870|438422|periode rekap total
BCH-0000951,laporan_logistik_202506_1818.zip,2713972,2024-01-07,cloud-storage-azure,laporan_logistik_202506_1818|2713972|rekap final total
BCH-0004233,log_logistik_202404_7650.doc,4080547,2024-06-15,cloud-storage-azure,log_logistik_202404_7650|4080547|arsip pending total
BCH-0001937,laporan_teknologi_202404_5126.docx,303085,2024-02-12,nas-lokal-03,laporan_teknologi_202404_5126|303085|pending data arsip
BCH-0003463,kontrak_logistik_202502_2429.xls,17572300,2024-02-08,server-arsip-semarang,kontrak_logistik_202502_2429|17572300|periode final data
BCH-0003750,presentasi_sdm_202404_3635.jpeg,306515635,2024-10-21,nas-lokal-04,presentasi_sdm_202404_3635|306515635|total approved pending
BCH-0002382,log_keuangan_202410_9957.docx,384057,2024-05-30,cloud-storage-azure,log_keuangan_202410_9957|384057|arsip data total
BCH-0000009,dataset_riset_202408_7834.json,1795982,2024-09-13,cloud-storage-azure,dataset_riset_202408_7834|1795982|periode final approved
BCH-0001860,presentasi_pemasaran_202407_6041.xml,2014155,2024-11-19,server-arsip-semarang,presentasi_pemasaran_202407_6041|2014155|final draft arsip
BCH-0000224,dataset_logistik_202501_6018.xls,18125,2024-05-01,nas-lokal-03,dataset_logistik_202501_6018|18125|data pending periode
BCH-0002452,memo_audit_202511_3217.jpeg,325489,2024-09-14,server-arsip-makassar,memo_audit_202511_3217|325489|revisi final approved
DUP-0000130,invoice_audit_202407_1645.png,3291077,2022-11-25,cloud-storage-gcp,invoice|audit|3291077|total draft approved arsip data
BCH-0002943,presentasi_operasional_202404_8856.csv,3870187,2024-02-26,nas-lokal-03,presentasi_operasional_202404_8856|3870187|rekap total pending
DUP-0000327,gambar_sdm_202404_3042.jpg,291946667,2023-02-16,server-arsip-jakarta,gambar|sdm|291946667|periode revisi final approved pending
BCH-0000365,gambar_teknologi_202509_0008.doc,3598759,2024-08-01,server-arsip-medan,gambar_teknologi_202509_0008|3598759|rekap final draft
BCH-0002280,log_riset_202503_7975.csv,323094281,2024-07-30,server-arsip-semarang,log_riset_202503_7975|323094281|data rekap draft
BCH-0000516,kontrak_hukum_202501_7418.xls,35206324,2024-06-25,nas-lokal-03,kontrak_hukum_202501_7418|35206324|arsip revisi approved
BCH-0003915,laporan_riset_202502_6401.jpeg,270806,2024-05-31,cloud-storage-azure,laporan_riset_202502_6401|270806|arsip approved rekap
BCH-0003437,laporan_manajemen_202403_3137.png,14120548,2024-04-20,server-arsip-makassar,laporan_manajemen_202403_3137|14120548|data draft periode
BCH-0004137,laporan_audit_202504_5473.jpeg,425095,2024-02-29,ftp-cabang,laporan_audit_202504_5473|425095|arsip final total
BCH-0003877,gambar_riset_202401_4756.xlsx,1814627,2024-09-01,nas-lokal-04,gambar_riset_202401_4756|1814627|total revisi final
BCH-0000135,kontrak_riset_202401_0929.pdf,3416670,2024-02-06,nas-lokal-03,kontrak_riset_202401_0929|3416670|draft final rekap
BCH-0004386,laporan_audit_202501_1183.xls,38244926,2024-07-27,server-arsip-semarang,laporan_audit_202501_1183|38244926|revisi pending total
BCH-0003595,log_logistik_202512_3544.xlsx,195535,2024-05-23,server-arsip-semarang,log_logistik_202512_3544|195535|pending rekap draft
BCH-0000429,memo_manajemen_202502_9880.docx,137024,2024-05-22,server-arsip-medan,memo_manajemen_202502_9880|137024|periode final data
BCH-0003656,kontrak_hukum_202401_6389.pdf,2340376,2024-04-26,ftp-cabang,kontrak_hukum_202401_6389|2340376|rekap data approved
BCH-0000957,memo_pemasaran_202405_9311.doc,10280,2024-09-26,cloud-storage-azure,memo_pemasaran_202405_9311|10280|revisi pending arsip
BCH-0001832,laporan_hukum_202501_2277.xml,307436,2024-10-05,portal-upload-mobile,laporan_hukum_202501_2277|307436|rekap periode data
BCH-0002481,surat_hukum_202402_0812.zip,54999,2024-10-27,nas-lokal-03,surat_hukum_202402_0812|54999|revisi periode approved
BCH-0003458,invoice_riset_202501_1793.rar,50956,2024-02-03,portal-upload-mobile,invoice_riset_202501_1793|50956|periode approved rekap
BCH-0004183,gambar_logistik_202506_6056.txt,391690,2024-01-15,nas-lokal-04,gambar_logistik_202506_6056|391690|draft pending revisi
BCH-0002803,laporan_teknologi_202409_7031.xls,3011529,2024-07-21,cloud-storage-azure,laporan_teknologi_202409_7031|3011529|pending total final
BCH-0003110,invoice_teknologi_202401_8698.txt,4783614,2024-05-03,server-arsip-makassar,invoice_teknologi_202401_8698|4783614|total periode draft
BCH-0003643,log_sdm_202406_2342.xls,4010895,2024-01-03,server-arsip-semarang,log_sdm_202406_2342|4010895|final rekap revisi
BCH-0003424,laporan_audit_202506_5008.zip,3389525,2024-03-07,ftp-cabang,laporan_audit_202506_5008|3389525|arsip final periode
DUP-0000004,presentasi_sdm_202404_3818.xlsx,476419,2023-06-09,cloud-storage-gcp,presentasi|sdm|476419|dokumen approved file
BCH-0000967,gambar_manajemen_202412_7718.json,493494,2024-07-07,server-arsip-semarang,gambar_manajemen_202412_7718|493494|final approved rekap
BCH-0000030,kontrak_riset_202410_8699.xls,4486476,2024-02-20,server-arsip-medan,kontrak_riset_202410_8699|4486476|final periode approved
BCH-0002851,dataset_pemasaran_202501_0119.pdf,316429823,2024-06-22,nas-lokal-04,dataset_pemasaran_202501_0119|316429823|data pending periode
BCH-0001004,backup_logistik_202506_9530.json,79009,2024-04-09,server-arsip-semarang,backup_logistik_202506_9530|79009|rekap data approved
BCH-0001913,kontrak_manajemen_202505_3544.txt,49722131,2024-03-09,portal-upload-mobile,kontrak_manajemen_202505_3544|49722131|periode draft pending
BCH-0000390,log_riset_202410_5946.xls,146440,2024-03-13,nas-lokal-04,log_riset_202410_5946|146440|revisi draft pending
BCH-0002251,gambar_keuangan_202512_8116.jpeg,1098492,2024-03-07,cloud-storage-azure,gambar_keuangan_202512_8116|1098492|draft data final
BCH-0001178,invoice_keuangan_202408_0921.xlsx,134741,2024-07-25,portal-upload-mobile,invoice_keuangan_202408_0921|134741|final periode pending
BCH-0001953,presentasi_pemasaran_202407_0431.xls,4527479,2024-03-01,server-arsip-makassar,presentasi_pemasaran_202407_0431|4527479|final pending approved
BCH-0001990,gambar_riset_202410_9583.docx,385081,2024-02-04,nas-lokal-04,gambar_riset_202410_9583|385081|approved draft data
BCH-0000271,presentasi_hukum_202404_2066.csv,8777741,2024-05-24,server-arsip-medan,presentasi_hukum_202404_2066|8777741|arsip periode pending
BCH-0001134,backup_teknologi_202403_3806.pdf,453949920,2024-06-16,server-arsip-makassar,backup_teknologi_202403_3806|453949920|total arsip final
BCH-0004373,laporan_keuangan_202409_8907.csv,49475328,2024-07-25,server-arsip-medan,laporan_keuangan_202409_8907|49475328|pending rekap total
BCH-0002808,backup_sdm_202509_9183.jpg,43546568,2024-03-22,portal-upload-mobile,backup_sdm_202509_9183|43546568|approved data final
BCH-0003395,log_sdm_202407_6035.xlsx,2759292,2024-12-27,server-arsip-medan,log_sdm_202407_6035|2759292|final draft arsip
BCH-0001595,laporan_sdm_202502_8781.rar,73837,2024-04-01,nas-lokal-03,laporan_sdm_202502_8781|73837|final approved arsip
BCH-0000471,memo_operasional_202502_9960.jpg,474632,2024-05-10,portal-upload-mobile,memo_operasional_202502_9960|474632|arsip approved pending
BCH-0000395,backup_operasional_202401_1981.doc,397363404,2024-04-16,portal-upload-mobile,backup_operasional_202401_1981|397363404|revisi final data
BCH-0001608,log_riset_202501_8931.pdf,89623,2024-09-29,nas-lokal-03,log_riset_202501_8931|89623|revisi total final
BCH-0000747,memo_sdm_202503_7687.docx,252189,2024-06-24,server-arsip-makassar,memo_sdm_202503_7687|252189|total arsip rekap
BCH-0003369,dataset_pemasaran_202407_1189.pdf,1301546,2024-06-24,portal-upload-mobile,dataset_pemasaran_202407_1189|1301546|data arsip periode
BCH-0000891,memo_audit_202512_7943.zip,399353,2024-10-06,server-arsip-medan,memo_audit_202512_7943|399353|arsip total final
BCH-0001787,laporan_operasional_202409_5706.docx,3085674,2024-09-21,nas-lokal-04,laporan_operasional_202409_5706|3085674|revisi periode rekap
BCH-0003856,gambar_keuangan_202405_7961.docx,1537664,2024-05-03,ftp-cabang,gambar_keuangan_202405_7961|1537664|data approved periode
BCH-0002678,memo_hukum_202505_1389.jpg,1242370,2024-10-21,server-arsip-medan,memo_hukum_202505_1389|1242370|data periode rekap
BCH-0003290,presentasi_riset_202505_2240.png,1383486,2024-09-08,server-arsip-medan,presentasi_riset_202505_2240|1383486|rekap draft arsip
BCH-0001914,dataset_sdm_202412_3776.doc,246076,2024-02-25,ftp-cabang,dataset_sdm_202412_3776|246076|arsip total approved
BCH-0001410,backup_audit_202405_4523.png,244981,2024-05-12,server-arsip-makassar,backup_audit_202405_4523|244981|revisi data approved
BCH-0004115,invoice_keuangan_202509_0244.xls,456360,2024-03-16,server-arsip-semarang,invoice_keuangan_202509_0244|456360|pending periode rekap
BCH-0000563,backup_sdm_202512_4863.pdf,1670075,2024-08-14,ftp-cabang,backup_sdm_202512_4863|1670075|data periode arsip
BCH-0002422,presentasi_hukum_202501_6321.csv,71867,2024-12-28,server-arsip-medan,presentasi_hukum_202501_6321|71867|arsip final draft
BCH-0000394,memo_audit_202510_1961.xls,34084431,2024-09-24,cloud-storage-azure,memo_audit_202510_1961|34084431|periode data total
BCH-0003860,dataset_teknologi_202507_4560.rar,2005290,2024-01-06,ftp-cabang,dataset_teknologi_202507_4560|2005290|data total periode
BCH-0001804,laporan_sdm_202412_5819.xlsx,64746,2024-01-05,nas-lokal-04,laporan_sdm_202412_5819|64746|pending data final
BCH-0003276,surat_audit_202409_2740.rar,32734789,2024-08-05,cloud-storage-azure,surat_audit_202409_2740|32734789|final draft rekap
BCH-0003867,dataset_audit_202503_2253.jpg,29046965,2024-09-07,server-arsip-medan,dataset_audit_202503_2253|29046965|total arsip revisi
DUP-0000142,invoice_keuangan_202402_8936.csv,83158,2022-06-28,portal-upload-web,invoice|keuangan|83158|rekap file total revisi
BCH-0004285,presentasi_hukum_202503_8553.txt,15691939,2024-07-25,server-arsip-medan,presentasi_hukum_202503_8553|15691939|revisi pending arsip
BCH-0002919,backup_audit_202501_7284.json,1373585,2024-02-24,server-arsip-makassar,backup_audit_202501_7284|1373585|pending approved arsip
BCH-0003678,surat_keuangan_202401_2268.pdf,228870,2024-10-22,ftp-cabang,surat_keuangan_202401_2268|228870|pending final approved
BCH-0001114,backup_pemasaran_202510_9425.doc,23066966,2024-05-02,server-arsip-medan,backup_pemasaran_202510_9425|23066966|arsip final total
BCH-0003712,surat_sdm_202501_3927.png,39338166,2024-12-29,ftp-cabang,surat_sdm_202501_3927|39338166|revisi data draft
BCH-0000970,laporan_logistik_202405_8045.jpeg,215953,2024-02-28,server-arsip-semarang,laporan_logistik_202405_8045|215953|data arsip pending
BCH-0002483,invoice_logistik_202501_9919.pdf,261565162,2024-03-18,nas-lokal-03,invoice_logistik_202501_9919|261565162|data total final
BCH-0000680,log_sdm_202509_1730.jpg,466379,2024-01-10,ftp-cabang,log_sdm_202509_1730|466379|data periode pending
BCH-0002388,presentasi_pemasaran_202412_4666.xls,3230135,2024-06-11,portal-upload-mobile,presentasi_pemasaran_202412_4666|3230135|rekap data final
DUP-0000220,invoice_logistik_202306_2872.json,842879,2022-05-18,ftp-pusat,invoice|logistik|842879|revisi periode draft file total
BCH-0004359,backup_riset_202511_6271.json,131125,2024-03-07,server-arsip-makassar,backup_riset_202511_6271|131125|total approved final
BCH-0003840,kontrak_teknologi_202505_7667.xls,430132439,2024-03-30,ftp-cabang,kontrak_teknologi_202505_7667|430132439|revisi approved pending
BCH-0000876,laporan_riset_202502_3706.zip,146814270,2024-12-10,ftp-cabang,laporan_riset_202502_3706|146814270|data total pending
BCH-0004209,log_teknologi_202502_4738.xls,359366,2024-08-17,nas-lokal-04,log_teknologi_202502_4738|359366|arsip periode approved
BCH-0003413,invoice_hukum_202409_9365.xml,15075599,2024-05-18,server-arsip-medan,invoice_hukum_202409_9365|15075599|rekap revisi final
BCH-0001818,kontrak_pemasaran_202411_0016.zip,290218111,2024-01-29,server-arsip-semarang,kontrak_pemasaran_202411_0016|290218111|pending data revisi
BCH-0002391,kontrak_hukum_202505_1272.xls,4026043,2024-01-29,server-arsip-medan,kontrak_hukum_202505_1272|4026043|revisi arsip final
BCH-0000825,backup_keuangan_202403_6788.csv,923005,2024-01-14,nas-lokal-04,backup_keuangan_202403_6788|923005|final arsip total
BCH-0002876,log_sdm_202412_0960.json,4042280,2024-02-24,nas-lokal-04,log_sdm_202412_0960|4042280|approved revisi rekap
BCH-0002255,presentasi_pemasaran_202509_1845.txt,9487247,2024-08-09,cloud-storage-azure,presentasi_pemasaran_202509_1845|9487247|arsip periode approved
BCH-0000166,memo_audit_202406_6883.rar,298917,2024-11-26,server-arsip-semarang,memo_audit_202406_6883|298917|draft approved pending
BCH-0002555,invoice_riset_202401_5811.zip,47716241,2024-11-02,nas-lokal-04,invoice_riset_202401_5811|47716241|total approved data
BCH-0000052,kontrak_keuangan_202507_8416.jpg,275311,2024-12-07,ftp-cabang,kontrak_keuangan_202507_8416|275311|approved final periode
DUP-0000465,presentasi_hukum_202201_9718.zip,3197692,2022-12-22,nas-lokal-01,presentasi|hukum|3197692|total final periode
DUP-0000339,kontrak_pemasaran_202210_5311.xlsx,4948930,2024-09-27,server-arsip-jakarta,kontrak|pemasaran|4948930|draft final revisi
BCH-0000424,laporan_manajemen_202406_5421.jpeg,3833772,2024-04-01,nas-lokal-03,laporan_manajemen_202406_5421|3833772|arsip final draft
BCH-0000306,surat_hukum_202410_0887.jpg,197404,2024-02-27,portal-upload-mobile,surat_hukum_202410_0887|197404|draft total pending
BCH-0002733,surat_audit_202502_1278.docx,3459102,2024-11-09,nas-lokal-04,surat_audit_202502_1278|3459102|data rekap pending
BCH-0002237,gambar_audit_202507_2827.pdf,407904,2024-08-13,server-arsip-makassar,gambar_audit_202507_2827|407904|approved total data
BCH-0000023,kontrak_teknologi_202507_4632.pdf,153627,2024-09-25,cloud-storage-azure,kontrak_teknologi_202507_4632|153627|pending rekap approved
BCH-0003751,backup_logistik_202510_7110.docx,4648892,2024-04-13,server-arsip-medan,backup_logistik_202510_7110|4648892|revisi data pending
BCH-0001847,laporan_operasional_202403_9015.csv,2054167,2024-08-07,ftp-cabang,laporan_operasional_202403_9015|2054167|arsip rekap final
BCH-0001671,log_riset_202501_5310.jpg,40569516,2024-10-20,cloud-storage-azure,log_riset_202501_5310|40569516|periode revisi rekap
BCH-0002697,dataset_sdm_202409_9003.docx,276008,2024-09-14,ftp-cabang,dataset_sdm_202409_9003|276008|draft revisi arsip
DUP-0000369,memo_audit_202412_5158.jpg,1121500,2022-03-20,nas-lokal-02,memo|audit|1121500|file arsip draft
BCH-0000722,laporan_hukum_202404_0993.png,172541641,2024-11-21,nas-lokal-03,laporan_hukum_202404_0993|172541641|total final data
DUP-0000489,kontrak_keuangan_202410_7279.csv,21460912,2022-06-23,ftp-pusat,kontrak|keuangan|21460912|draft approved dokumen rekap pending
BCH-0001552,memo_logistik_202502_8597.png,47140669,2024-08-14,ftp-cabang,memo_logistik_202502_8597|47140669|revisi periode data
BCH-0000655,dataset_hukum_202505_0967.jpeg,3567447,2024-09-13,cloud-storage-azure,dataset_hukum_202505_0967|3567447|rekap periode draft
BCH-0003418,laporan_hukum_202501_7829.xls,280502,2024-01-08,ftp-cabang,laporan_hukum_202501_7829|280502|approved total draft
BCH-0000049,laporan_hukum_202506_4030.pdf,212230,2024-04-29,nas-lokal-04,laporan_hukum_202506_4030|212230|revisi draft final
BCH-0000132,memo_riset_202411_3700.jpg,4740731,2024-06-25,nas-lokal-04,memo_riset_202411_3700|4740731|final revisi arsip
BCH-0003386,dataset_manajemen_202504_7924.zip,4932866,2024-08-06,portal-upload-mobile,dataset_manajemen_202504_7924|4932866|final approved pending
BCH-0002476,invoice_hukum_202409_8182.rar,68090,2024-11-20,server-arsip-semarang,invoice_hukum_202409_8182|68090|revisi approved draft
BCH-0003943,log_logistik_202406_0317.docx,759626,2024-04-20,server-arsip-semarang,log_logistik_202406_0317|759626|revisi arsip periode
BCH-0003092,log_sdm_202502_8352.doc,1681232,2024-08-10,nas-lokal-03,log_sdm_202502_8352|1681232|pending final data
BCH-0001812,gambar_hukum_202512_6970.png,77883,2024-06-30,server-arsip-medan,gambar_hukum_202512_6970|77883|arsip periode total
BCH-0002020,backup_riset_202412_4630.csv,1488825,2024-08-27,nas-lokal-04,backup_riset_202412_4630|1488825|final revisi periode
BCH-0003450,dataset_pemasaran_202412_1217.jpeg,2585769,2024-11-03,server-arsip-medan,dataset_pemasaran_202412_1217|2585769|total arsip final
BCH-0002612,surat_operasional_202409_8508.xlsx,3231639,2024-11-22,ftp-cabang,surat_operasional_202409_8508|3231639|total revisi draft
BCH-0000768,dataset_audit_202512_9358.pdf,377612,2024-07-14,server-arsip-semarang,dataset_audit_202512_9358|377612|rekap pending final
BCH-0000935,kontrak_logistik_202503_5662.pdf,350762,2024-04-12,server-arsip-medan,kontrak_logistik_202503_5662|350762|periode data draft
DUP-0000015,invoice_manajemen_202310_2345.xml,2520227,2023-04-21,backup-eksternal,invoice|manajemen|2520227|final pending file rekap data
BCH-0000750,laporan_keuangan_202510_6892.doc,361683,2024-07-10,nas-lokal-04,laporan_keuangan_202510_6892|361683|revisi rekap data
BCH-0004006,presentasi_teknologi_202405_7638.zip,4725571,2024-08-20,nas-lokal-03,presentasi_teknologi_202405_7638|4725571|approved periode final
BCH-0001736,log_riset_202401_1382.csv,339791,2024-04-07,ftp-cabang,log_riset_202401_1382|339791|periode arsip data
BCH-0003084,invoice_teknologi_202412_6277.xls,4594653,2024-05-20,ftp-cabang,invoice_teknologi_202412_6277|4594653|pending draft periode
BCH-0003103,log_manajemen_202504_3880.json,227918165,2024-11-27,nas-lokal-04,log_manajemen_202504_3880|227918165|approved data arsip
BCH-0002993,memo_manajemen_202512_9855.pdf,1274779,2024-11-19,nas-lokal-04,memo_manajemen_202512_9855|1274779|arsip total rekap
BCH-0002607,memo_keuangan_202401_8002.rar,1083570,2024-01-27,server-arsip-makassar,memo_keuangan_202401_8002|1083570|approved final data
BCH-0003328,dataset_sdm_202404_5003.txt,4082306,2024-02-04,nas-lokal-03,dataset_sdm_202404_5003|4082306|total final arsip
BCH-0002995,presentasi_hukum_202510_1251.jpg,139904,2024-05-16,nas-lokal-03,presentasi_hukum_202510_1251|139904|revisi approved draft
BCH-0000311,backup_keuangan_202406_0332.rar,1777916,2024-09-15,ftp-cabang,backup_keuangan_202406_0332|1777916|rekap draft periode
BCH-0003781,presentasi_pemasaran_202404_2460.png,375323,2024-04-03,server-arsip-medan,presentasi_pemasaran_202404_2460|375323|final draft revisi
BCH-0000898,backup_teknologi_202404_6599.doc,258028,2024-08-24,cloud-storage-azure,backup_teknologi_202404_6599|258028|total pending data
BCH-0001119,dataset_sdm_202405_2739.xml,481109,2024-08-02,server-arsip-medan,dataset_sdm_202405_2739|481109|revisi final pending
BCH-0003677,surat_manajemen_202501_5520.zip,2273361,2024-07-27,server-arsip-semarang,surat_manajemen_202501_5520|2273361|arsip data final
BCH-0003143,invoice_sdm_202405_8300.jpeg,35852750,2024-12-14,nas-lokal-04,invoice_sdm_202405_8300|35852750|rekap pending data
BCH-0002383,log_keuangan_202410_5809.txt,478356242,2024-05-18,server-arsip-semarang,log_keuangan_202410_5809|478356242|final draft revisi
BCH-0001009,laporan_sdm_202501_9919.rar,329477,2024-09-20,server-arsip-makassar,laporan_sdm_202501_9919|329477|rekap draft final
BCH-0002613,log_pemasaran_202508_8030.doc,10025,2024-08-04,server-arsip-makassar,log_pemasaran_202508_8030|10025|draft revisi rekap
BCH-0003098,memo_manajemen_202409_4915.rar,113389,2024-04-03,server-arsip-medan,memo_manajemen_202409_4915|113389|periode pending draft
BCH-0000060,kontrak_audit_202502_7839.xlsx,284708882,2024-05-05,cloud-storage-azure,kontrak_audit_202502_7839|284708882|approved rekap data
BCH-0000834,gambar_operasional_202408_2100.xml,4284274,2024-02-11,ftp-cabang,gambar_operasional_202408_2100|4284274|revisi pending final
BCH-0002953,backup_pemasaran_202406_5814.xlsx,43002,2024-12-30,nas-lokal-03,backup_pemasaran_202406_5814|43002|draft revisi pending
BCH-0004248,surat_manajemen_202509_4158.png,481356,2024-03-11,server-arsip-medan,surat_manajemen_202509_4158|481356|pending data revisi
BCH-0001964,kontrak_keuangan_202410_8429.csv,2507555,2024-06-20,server-arsip-makassar,kontrak_keuangan_202410_8429|2507555|arsip total final
BCH-0004494,memo_riset_202510_6533.txt,425621,2024-09-23,portal-upload-mobile,memo_riset_202510_6533|425621|data draft final
BCH-0002596,backup_teknologi_202510_1970.doc,1602371,2024-06-12,server-arsip-semarang,backup_teknologi_202510_1970|1602371|periode rekap draft
DUP-0000173,backup_manajemen_202212_6642.pdf,298979599,2023-01-14,nas-lokal-01,backup|manajemen|298979599|pending data rekap total approved
BCH-0002402,gambar_keuangan_202402_6169.rar,487230,2024-04-28,nas-lokal-03,gambar_keuangan_202402_6169|487230|rekap periode arsip
BCH-0002551,invoice_operasional_202404_5082.xls,4921788,2024-11-07,nas-lokal-03,invoice_operasional_202404_5082|4921788|arsip approved draft
BCH-0002488,invoice_pemasaran_202408_7079.doc,27629122,2024-04-26,server-arsip-semarang,invoice_pemasaran_202408_7079|27629122|data final total
BCH-0002304,memo_hukum_202403_0496.pdf,93439,2024-12-22,nas-lokal-03,memo_hukum_202403_0496|93439|periode arsip final
BCH-0000530,kontrak_operasional_202410_7235.txt,2923855,2024-04-19,ftp-cabang,kontrak_operasional_202410_7235|2923855|draft periode final
DUP-0000372,invoice_manajemen_202404_9384.docx,297125,2022-11-03,server-arsip-surabaya,invoice|manajemen|297125|arsip pending total revisi
BCH-0001791,invoice_hukum_202503_9492.xml,3410086,2024-10-20,ftp-cabang,invoice_hukum_202503_9492|3410086|approved arsip draft
BCH-0004132,log_riset_202505_8378.rar,455542355,2024-12-19,nas-lokal-03,log_riset_202505_8378|455542355|final draft approved
BCH-0003758,log_sdm_202504_6796.json,394631,2024-02-02,portal-upload-mobile,log_sdm_202504_6796|394631|revisi approved arsip
BCH-0000091,memo_pemasaran_202401_8535.json,487546,2024-11-17,server-arsip-semarang,memo_pemasaran_202401_8535|487546|final total pending
BCH-0003382,kontrak_sdm_202401_3236.xlsx,1203396,2024-02-18,server-arsip-makassar,kontrak_sdm_202401_3236|1203396|arsip final periode
BCH-0004048,dataset_manajemen_202512_2765.csv,454074,2024-06-15,portal-upload-mobile,dataset_manajemen_202512_2765|454074|revisi periode pending
BCH-0001729,surat_hukum_202408_5106.docx,363103,2024-07-17,server-arsip-makassar,surat_hukum_202408_5106|363103|total periode revisi
BCH-0003821,log_manajemen_202403_5145.xls,28877,2024-04-30,nas-lokal-04,log_manajemen_202403_5145|28877|total data arsip
BCH-0001992,memo_audit_202406_0233.png,426087,2024-07-06,portal-upload-mobile,memo_audit_202406_0233|426087|rekap pending revisi
DUP-0000367,laporan_hukum_202405_8762.jpg,388167,2024-08-07,nas-lokal-02,laporan|hukum|388167|file dokumen arsip final periode
BCH-0000468,dataset_hukum_202504_3519.txt,2287320,2024-11-29,server-arsip-semarang,dataset_hukum_202504_3519|2287320|final approved draft
BCH-0001660,log_sdm_202409_6655.zip,455688,2024-05-15,nas-lokal-03,log_sdm_202409_6655|455688|total pending draft
DUP-0000155,backup_hukum_202210_7787.xml,5599273,2022-11-14,nas-lokal-01,backup|hukum|5599273|revisi periode pending
BCH-0002981,surat_keuangan_202408_5356.jpg,332853,2024-04-18,nas-lokal-04,surat_keuangan_202408_5356|332853|approved draft periode
BCH-0003235,presentasi_pemasaran_202504_8048.json,417206,2024-09-28,nas-lokal-03,presentasi_pemasaran_202504_8048|417206|data final periode
BCH-0000080,kontrak_sdm_202405_9058.docx,4899798,2024-07-13,server-arsip-medan,kontrak_sdm_202405_9058|4899798|rekap data draft
BCH-0003495,memo_manajemen_202401_6357.xls,43114792,2024-09-14,nas-lokal-03,memo_manajemen_202401_6357|43114792|draft arsip revisi
BCH-0000780,laporan_riset_202502_5722.txt,11863706,2024-01-25,nas-lokal-03,laporan_riset_202502_5722|11863706|pending total revisi
BCH-0002070,backup_audit_202402_4472.xls,504280,2024-10-11,cloud-storage-azure,backup_audit_202402_4472|504280|data arsip revisi
BCH-0001339,presentasi_keuangan_202412_9428.csv,4213850,2024-11-25,ftp-cabang,presentasi_keuangan_202412_9428|4213850|draft approved pending
DUP-0000041,log_manajemen_202410_8133.zip,78007,2024-11-30,backup-eksternal,log|manajemen|78007|periode dokumen revisi final
BCH-0001949,invoice_keuangan_202410_4633.jpeg,3842064,2024-02-04,server-arsip-semarang,invoice_keuangan_202410_4633|3842064|draft final arsip
BCH-0004081,surat_manajemen_202503_4386.xlsx,67341678,2024-07-20,cloud-storage-azure,surat_manajemen_202503_4386|67341678|arsip data periode
BCH-0002066,kontrak_manajemen_202401_6904.jpeg,424926377,2024-10-02,server-arsip-medan,kontrak_manajemen_202401_6904|424926377|total rekap draft
BCH-0002557,dataset_riset_202509_3500.jpg,999016,2024-07-13,portal-upload-mobile,dataset_riset_202509_3500|999016|revisi data pending
BCH-0002975,memo_operasional_202505_7617.txt,1444403,2024-12-06,ftp-cabang,memo_operasional_202505_7617|1444403|final approved data
BCH-0002640,surat_manajemen_202409_8975.png,22784173,2024-08-28,cloud-storage-azure,surat_manajemen_202409_8975|22784173|draft data revisi
BCH-0001368,surat_hukum_202501_5228.xls,381131,2024-06-24,server-arsip-semarang,surat_hukum_202501_5228|381131|data rekap total
BCH-0003325,invoice_manajemen_202503_2283.pdf,79924,2024-03-19,cloud-storage-azure,invoice_manajemen_202503_2283|79924|data periode rekap
BCH-0002801,log_logistik_202406_2985.jpeg,2813897,2024-10-14,nas-lokal-03,log_logistik_202406_2985|2813897|final arsip pending
DUP-0000414,gambar_hukum_202310_0921.png,3040242,2023-12-22,ftp-pusat,gambar|hukum|3040242|final pending data
BCH-0004421,log_hukum_202409_8282.jpeg,2147691,2024-12-20,portal-upload-mobile,log_hukum_202409_8282|2147691|draft pending arsip
BCH-0001648,laporan_operasional_202406_1245.docx,363754,2024-12-29,nas-lokal-03,laporan_operasional_202406_1245|363754|final total draft
DUP-0000050,backup_sdm_202407_4584.xml,4604941,2022-03-09,nas-lokal-01,backup|sdm|4604941|pending file revisi
BCH-0001616,backup_hukum_202512_2080.xml,498247,2024-04-17,ftp-cabang,backup_hukum_202512_2080|498247|data rekap total
BCH-0003647,presentasi_logistik_202401_4230.xml,7646212,2024-08-31,server-arsip-makassar,presentasi_logistik_202401_4230|7646212|approved rekap total
BCH-0004459,gambar_teknologi_202510_6240.txt,573616,2024-01-13,nas-lokal-03,gambar_teknologi_202510_6240|573616|draft data arsip
BCH-0004341,presentasi_sdm_202401_9307.csv,469469,2024-08-10,ftp-cabang,presentasi_sdm_202401_9307|469469|periode total data
BCH-0000971,backup_sdm_202402_1284.png,411832,2024-08-17,nas-lokal-04,backup_sdm_202402_1284|411832|data periode pending
DUP-0000318,surat_riset_202306_6409.jpg,2354149,2024-08-06,portal-upload-web,surat|riset|2354149|arsip periode draft rekap pending
DUP-0000178,log_keuangan_202301_9974.csv,410029,2023-11-20,cloud-storage-gcp,log|keuangan|410029|revisi rekap draft approved arsip
BCH-0002836,memo_audit_202511_7075.png,3192053,2024-06-25,nas-lokal-04,memo_audit_202511_7075|3192053|draft arsip rekap
DUP-0000264,presentasi_pemasaran_202306_4420.docx,171620,2022-07-29,server-arsip-surabaya,presentasi|pemasaran|171620|periode approved pending
BCH-0004201,log_audit_202510_0901.zip,40363441,2024-12-09,server-arsip-medan,log_audit_202510_0901|40363441|draft pending approved
BCH-0000919,presentasi_logistik_202504_6160.jpeg,218209,2024-07-10,cloud-storage-azure,presentasi_logistik_202504_6160|218209|periode data approved
BCH-0002881,kontrak_keuangan_202501_0499.jpeg,197997119,2024-04-13,portal-upload-mobile,kontrak_keuangan_202501_0499|197997119|approved rekap pending
DUP-0000238,log_audit_202412_0617.xml,101513,2023-01-04,backup-eksternal,log|audit|101513|total data final draft approved
BCH-0002960,surat_audit_202508_6665.zip,51125,2024-07-24,server-arsip-medan,surat_audit_202508_6665|51125|pending total arsip
BCH-0001534,surat_keuangan_202501_5082.pdf,981471,2024-11-03,portal-upload-mobile,surat_keuangan_202501_5082|981471|pending draft total
BCH-0000735,surat_operasional_202410_6391.xml,1696795,2024-10-04,server-arsip-semarang,surat_operasional_202410_6391|1696795|revisi arsip final
BCH-0000314,memo_keuangan_202509_2334.xls,444600,2024-03-09,nas-lokal-03,memo_keuangan_202509_2334|444600|rekap draft data
BCH-0001039,gambar_operasional_202501_4522.png,43512544,2024-01-25,server-arsip-semarang,gambar_operasional_202501_4522|43512544|approved pending total
BCH-0001748,surat_manajemen_202501_3853.zip,12652370,2024-05-15,cloud-storage-azure,surat_manajemen_202501_3853|12652370|data revisi total
BCH-0000399,log_hukum_202412_9432.doc,91053,2024-02-20,server-arsip-medan,log_hukum_202412_9432|91053|rekap final data
BCH-0001451,kontrak_pemasaran_202406_8511.csv,3605610,2024-08-08,server-arsip-medan,kontrak_pemasaran_202406_8511|3605610|revisi arsip data
BCH-0000039,presentasi_manajemen_202505_4990.xls,3444629,2024-02-22,nas-lokal-03,presentasi_manajemen_202505_4990|3444629|final approved pending
BCH-0001754,backup_sdm_202505_8935.zip,30645,2024-07-28,server-arsip-semarang,backup_sdm_202505_8935|30645|pending total revisi
BCH-0000387,kontrak_keuangan_202509_3532.json,2985320,2024-10-29,nas-lokal-04,kontrak_keuangan_202509_3532|2985320|pending revisi final
BCH-0000796,invoice_teknologi_202512_8882.rar,185106066,2024-07-21,server-arsip-medan,invoice_teknologi_202512_8882|185106066|rekap revisi total
BCH-0000913,gambar_riset_202405_1993.pdf,384098,2024-10-12,server-arsip-medan,gambar_riset_202405_1993|384098|approved data pending
BCH-0000701,backup_hukum_202509_5087.json,296672,2024-05-14,server-arsip-semarang,backup_hukum_202509_5087|296672|approved total draft
BCH-0001531,invoice_logistik_202408_5577.xlsx,3838552,2024-05-31,server-arsip-makassar,invoice_logistik_202408_5577|3838552|total pending draft
BCH-0000093,backup_logistik_202408_2659.txt,348118,2024-01-31,cloud-storage-azure,backup_logistik_202408_2659|348118|revisi periode pending
BCH-0002405,laporan_operasional_202506_7598.rar,833207,2024-01-09,nas-lokal-03,laporan_operasional_202506_7598|833207|data final draft
BCH-0003934,log_pemasaran_202405_4655.xml,309792,2024-02-29,server-arsip-semarang,log_pemasaran_202405_4655|309792|arsip rekap draft
BCH-0002903,memo_manajemen_202405_5037.jpg,15207,2024-06-08,server-arsip-makassar,memo_manajemen_202405_5037|15207|periode data approved
BCH-0000791,surat_sdm_202510_8461.doc,27778017,2024-10-13,cloud-storage-azure,surat_sdm_202510_8461|27778017|arsip rekap pending
BCH-0000063,presentasi_operasional_202405_9477.png,4269871,2024-01-15,server-arsip-semarang,presentasi_operasional_202405_9477|4269871|total approved pending
BCH-0002489,backup_audit_202401_6716.rar,1853751,2024-06-10,server-arsip-makassar,backup_audit_202401_6716|1853751|pending arsip total
DUP-0000245,presentasi_sdm_202312_2274.xlsx,490979,2024-08-18,backup-eksternal,presentasi|sdm|490979|rekap total file final revisi
BCH-0002739,laporan_keuangan_202502_5079.xlsx,26137633,2024-10-30,portal-upload-mobile,laporan_keuangan_202502_5079|26137633|rekap draft periode
BCH-0003336,presentasi_riset_202408_4056.jpeg,253265,2024-10-09,portal-upload-mobile,presentasi_riset_202408_4056|253265|revisi final draft
BCH-0000656,surat_manajemen_202503_8284.xml,3459272,2024-06-16,server-arsip-medan,surat_manajemen_202503_8284|3459272|draft periode pending
BCH-0000976,gambar_keuangan_202408_5167.pdf,218990,2024-10-14,portal-upload-mobile,gambar_keuangan_202408_5167|218990|arsip total pending
BCH-0003803,log_teknologi_202402_4330.xml,297294991,2024-02-15,cloud-storage-azure,log_teknologi_202402_4330|297294991|final approved periode
BCH-0000149,log_riset_202404_5913.csv,103618,2024-12-06,nas-lokal-03,log_riset_202404_5913|103618|total pending periode
BCH-0004460,kontrak_teknologi_202401_3949.json,399521117,2024-08-29,nas-lokal-04,kontrak_teknologi_202401_3949|399521117|pending rekap revisi
BCH-0004134,backup_riset_202402_6580.docx,116986,2024-09-03,server-arsip-medan,backup_riset_202402_6580|116986|arsip revisi data
BCH-0004108,log_operasional_202404_8719.zip,268502,2024-11-19,nas-lokal-04,log_operasional_202404_8719|268502|final pending periode
DUP-0000012,invoice_logistik_202309_1289.docx,318738,2024-03-21,cloud-storage-gcp,invoice|logistik|318738|draft revisi file periode total
BCH-0002093,kontrak_operasional_202401_4835.pdf,536418,2024-10-14,nas-lokal-04,kontrak_operasional_202401_4835|536418|arsip rekap final
BCH-0001530,kontrak_sdm_202509_9979.pdf,610577,2024-11-23,ftp-cabang,kontrak_sdm_202509_9979|610577|pending total arsip
BCH-0001570,log_manajemen_202409_7327.json,327581,2024-12-01,server-arsip-makassar,log_manajemen_202409_7327|327581|periode data draft
BCH-0001999,memo_logistik_202506_9285.jpg,42474028,2024-03-14,nas-lokal-03,memo_logistik_202506_9285|42474028|final periode revisi
BCH-0002087,backup_riset_202401_8458.xlsx,478279,2024-08-25,portal-upload-mobile,backup_riset_202401_8458|478279|rekap revisi draft
BCH-0001034,laporan_sdm_202505_5036.txt,39420,2024-07-02,portal-upload-mobile,laporan_sdm_202505_5036|39420|periode data total
BCH-0000631,gambar_manajemen_202505_8083.txt,110036,2024-09-17,nas-lokal-04,gambar_manajemen_202505_8083|110036|revisi pending rekap
BCH-0002545,log_pemasaran_202512_1947.csv,3566814,2024-09-13,server-arsip-semarang,log_pemasaran_202512_1947|3566814|rekap arsip draft
BCH-0004464,gambar_hukum_202502_8932.xls,2719173,2024-03-14,cloud-storage-azure,gambar_hukum_202502_8932|2719173|revisi periode arsip
BCH-0001551,laporan_operasional_202407_7077.jpg,421359,2024-01-09,server-arsip-semarang,laporan_operasional_202407_7077|421359|arsip total rekap
DUP-0000386,backup_operasional_202306_5752.pdf,378416,2022-01-13,server-arsip-surabaya,backup|operasional|378416|dokumen data approved
BCH-0001896,laporan_logistik_202410_2166.jpeg,1791604,2024-08-29,nas-lokal-03,laporan_logistik_202410_2166|1791604|approved draft arsip
BCH-0003491,surat_hukum_202404_6861.json,26710435,2024-05-16,server-arsip-semarang,surat_hukum_202404_6861|26710435|revisi total periode
BCH-0003966,backup_sdm_202508_4455.xlsx,4788359,2024-07-26,server-arsip-makassar,backup_sdm_202508_4455|4788359|data pending total
BCH-0001445,kontrak_pemasaran_202407_3188.xlsx,39269907,2024-12-17,nas-lokal-03,kontrak_pemasaran_202407_3188|39269907|arsip periode approved
BCH-0003746,invoice_teknologi_202508_3184.zip,319908,2024-02-09,nas-lokal-03,invoice_teknologi_202508_3184|319908|final pending revisi
BCH-0000191,memo_sdm_202511_8659.xlsx,4382115,2024-08-07,ftp-cabang,memo_sdm_202511_8659|4382115|data revisi draft
BCH-0003384,kontrak_operasional_202509_4109.jpg,236344,2024-07-27,cloud-storage-azure,kontrak_operasional_202509_4109|236344|rekap final arsip
BCH-0002029,dataset_keuangan_202406_8265.doc,262319,2024-09-05,portal-upload-mobile,dataset_keuangan_202406_8265|262319|periode rekap arsip
BCH-0003407,gambar_pemasaran_202401_4236.jpg,46322027,2024-10-14,cloud-storage-azure,gambar_pemasaran_202401_4236|46322027|approved pending total
BCH-0001446,log_riset_202412_0551.txt,73044,2024-08-26,nas-lokal-03,log_riset_202412_0551|73044|total periode draft
BCH-0000257,laporan_operasional_202401_4372.xml,18232408,2024-01-19,nas-lokal-03,laporan_operasional_202401_4372|18232408|draft rekap arsip
BCH-0003668,dataset_hukum_202405_8740.jpeg,231157599,2024-04-12,server-arsip-medan,dataset_hukum_202405_8740|231157599|final draft data
BCH-0003170,log_logistik_202412_7991.png,450871,2024-10-30,server-arsip-semarang,log_logistik_202412_7991|450871|data arsip revisi
BCH-0002149,presentasi_riset_202502_2894.docx,4370944,2024-08-19,server-arsip-makassar,presentasi_riset_202502_2894|4370944|pending draft revisi
BCH-0002192,memo_sdm_202412_0038.rar,279179,2024-10-04,ftp-cabang,memo_sdm_202412_0038|279179|draft final arsip
BCH-0000537,invoice_keuangan_202505_9389.json,1957424,2024-03-12,cloud-storage-azure,invoice_keuangan_202505_9389|1957424|final rekap draft
BCH-0003102,laporan_audit_202506_8503.xls,15811,2024-06-24,server-arsip-medan,laporan_audit_202506_8503|15811|approved revisi periode
DUP-0000207,kontrak_keuangan_202407_9307.jpg,251649,2024-11-20,nas-lokal-02,kontrak|keuangan|251649|rekap pending dokumen file
BCH-0002309,dataset_pemasaran_202503_9573.txt,1753695,2024-02-04,server-arsip-makassar,dataset_pemasaran_202503_9573|1753695|rekap total revisi
BCH-0000456,presentasi_hukum_202504_2064.pdf,45519108,2024-03-25,cloud-storage-azure,presentasi_hukum_202504_2064|45519108|approved revisi pending
BCH-0001803,surat_audit_202412_7151.xlsx,177053,2024-10-21,portal-upload-mobile,surat_audit_202412_7151|177053|rekap revisi approved
BCH-0001211,invoice_logistik_202510_1908.rar,2432107,2024-06-15,portal-upload-mobile,invoice_logistik_202510_1908|2432107|draft approved arsip
BCH-0003096,presentasi_operasional_202508_0197.zip,260817973,2024-04-05,server-arsip-medan,presentasi_operasional_202508_0197|260817973|revisi arsip draft
BCH-0004368,memo_audit_202505_1763.doc,24877,2024-12-16,nas-lokal-03,memo_audit_202505_1763|24877|final pending periode
BCH-0000607,kontrak_logistik_202402_5462.txt,3114819,2024-02-11,server-arsip-makassar,kontrak_logistik_202402_5462|3114819|pending final rekap
BCH-0002329,backup_riset_202405_2611.xml,2273302,2024-02-23,server-arsip-semarang,backup_riset_202405_2611|2273302|total pending rekap
BCH-0000831,memo_manajemen_202412_0028.txt,214844388,2024-02-10,nas-lokal-03,memo_manajemen_202412_0028|214844388|data revisi arsip
BCH-0001510,surat_manajemen_202405_2355.csv,269772,2024-11-16,portal-upload-mobile,surat_manajemen_202405_2355|269772|periode arsip rekap
BCH-0001707,log_teknologi_202505_2939.zip,1348396,2024-01-01,nas-lokal-03,log_teknologi_202505_2939|1348396|total arsip data
BCH-0001036,gambar_manajemen_202408_1304.xls,19016881,2024-03-22,portal-upload-mobile,gambar_manajemen_202408_1304|19016881|total periode pending
DUP-0000325,surat_hukum_202208_4782.png,397736491,2024-11-08,cloud-storage-gcp,surat|hukum|397736491|pending file revisi data
BCH-0000859,memo_keuangan_202511_5716.txt,3023176,2024-06-24,ftp-cabang,memo_keuangan_202511_5716|3023176|total periode draft
BCH-0000209,dataset_hukum_202509_1791.jpg,309999220,2024-06-05,server-arsip-medan,dataset_hukum_202509_1791|309999220|data revisi rekap
BCH-0002260,kontrak_sdm_202402_6770.rar,31986460,2024-11-16,portal-upload-mobile,kontrak_sdm_202402_6770|31986460|pending final data
BCH-0002496,log_teknologi_202505_2856.jpg,1953780,2024-07-22,server-arsip-semarang,log_teknologi_202505_2856|1953780|draft arsip total
BCH-0004300,gambar_keuangan_202407_0449.doc,6007235,2024-01-14,server-arsip-makassar,gambar_keuangan_202407_0449|6007235|data draft revisi
BCH-0000922,laporan_logistik_202411_7379.jpg,5890280,2024-01-04,server-arsip-medan,laporan_logistik_202411_7379|5890280|approved total revisi
BCH-0002568,laporan_hukum_202409_8152.zip,37493245,2024-12-31,nas-lokal-04,laporan_hukum_202409_8152|37493245|final periode approved
BCH-0003658,memo_logistik_202512_1018.xml,41962610,2024-03-29,server-arsip-medan,memo_logistik_202512_1018|41962610|rekap revisi periode
BCH-0004147,presentasi_audit_202407_2498.xls,1134004,2024-12-14,server-arsip-medan,presentasi_audit_202407_2498|1134004|arsip data revisi
BCH-0003487,log_sdm_202406_9816.rar,36926798,2024-08-12,nas-lokal-03,log_sdm_202406_9816|36926798|rekap data final
BCH-0002978,dataset_operasional_202406_3109.xls,376362818,2024-04-04,server-arsip-makassar,dataset_operasional_202406_3109|376362818|revisi draft periode
BCH-0002971,invoice_teknologi_202510_4295.doc,570113,2024-08-29,nas-lokal-03,invoice_teknologi_202510_4295|570113|pending data final
BCH-0000088,memo_operasional_202410_3485.xml,2100921,2024-11-18,ftp-cabang,memo_operasional_202410_3485|2100921|data final pending
BCH-0000833,log_sdm_202509_6881.xls,21383156,2024-08-22,nas-lokal-03,log_sdm_202509_6881|21383156|rekap revisi total
BCH-0002517,laporan_sdm_202504_4739.xml,249863,2024-08-31,nas-lokal-04,laporan_sdm_202504_4739|249863|pending total approved
BCH-0001994,laporan_operasional_202511_7731.csv,6019464,2024-12-27,server-arsip-makassar,laporan_operasional_202511_7731|6019464|periode data final
BCH-0000171,log_manajemen_202504_4788.xls,460822,2024-08-30,portal-upload-mobile,log_manajemen_202504_4788|460822|arsip revisi draft
BCH-0000234,surat_pemasaran_202401_5440.jpg,4147784,2024-05-26,portal-upload-mobile,surat_pemasaran_202401_5440|4147784|revisi draft rekap
BCH-0002448,invoice_pemasaran_202508_2613.json,4254438,2024-12-14,ftp-cabang,invoice_pemasaran_202508_2613|4254438|draft rekap periode
BCH-0003799,gambar_teknologi_202410_4534.zip,2405782,2024-03-14,server-arsip-makassar,gambar_teknologi_202410_4534|2405782|data approved draft
BCH-0002229,backup_riset_202406_7267.docx,30004061,2024-02-26,portal-upload-mobile,backup_riset_202406_7267|30004061|final arsip rekap
BCH-0000601,memo_operasional_202506_2840.pdf,29107209,2024-04-13,server-arsip-makassar,memo_operasional_202506_2840|29107209|total final draft
BCH-0003862,kontrak_operasional_202402_1303.docx,20031993,2024-05-17,server-arsip-semarang,kontrak_operasional_202402_1303|20031993|pending total periode
BCH-0000157,gambar_operasional_202406_2698.xls,1836312,2024-07-09,cloud-storage-azure,gambar_operasional_202406_2698|1836312|pending data total
BCH-0000975,kontrak_teknologi_202412_1032.xlsx,28714597,2024-03-23,server-arsip-semarang,kontrak_teknologi_202412_1032|28714597|rekap data draft
DUP-0000456,dataset_logistik_202210_6381.xlsx,249642,2022-01-23,portal-upload-web,dataset|logistik|249642|rekap data dokumen pending
BCH-0004397,dataset_operasional_202505_5747.jpg,160860579,2024-03-04,ftp-cabang,dataset_operasional_202505_5747|160860579|draft revisi approved
BCH-0004181,log_teknologi_202509_6441.zip,30265132,2024-10-29,cloud-storage-azure,log_teknologi_202509_6441|30265132|periode data rekap
BCH-0000165,gambar_riset_202402_6761.jpeg,439831,2024-10-31,nas-lokal-03,gambar_riset_202402_6761|439831|revisi total rekap
BCH-0004192,memo_sdm_202410_9676.xlsx,3939754,2024-02-29,nas-lokal-03,memo_sdm_202410_9676|3939754|periode rekap data
BCH-0002540,gambar_logistik_202506_5528.rar,57183,2024-09-25,cloud-storage-azure,gambar_logistik_202506_5528|57183|draft total periode
BCH-0000581,laporan_riset_202411_6672.pdf,99154,2024-05-08,portal-upload-mobile,laporan_riset_202411_6672|99154|final revisi pending
BCH-0000564,log_pemasaran_202402_8215.docx,452477,2024-12-09,server-arsip-semarang,log_pemasaran_202402_8215|452477|pending approved arsip
BCH-0000934,surat_hukum_202502_9167.jpg,2042057,2024-10-15,server-arsip-semarang,surat_hukum_202502_9167|2042057|arsip rekap total
BCH-0002098,dataset_hukum_202406_2614.zip,442421,2024-10-05,nas-lokal-04,dataset_hukum_202406_2614|442421|total draft revisi
BCH-0002363,presentasi_operasional_202510_2973.jpg,3569875,2024-03-19,server-arsip-medan,presentasi_operasional_202510_2973|3569875|approved arsip pending
BCH-0002704,surat_manajemen_202407_2113.rar,3332487,2024-03-27,nas-lokal-03,surat_manajemen_202407_2113|3332487|periode approved draft
BCH-0001955,log_keuangan_202403_6592.png,41611065,2024-01-13,server-arsip-medan,log_keuangan_202403_6592|41611065|approved rekap total
DUP-0000107,dataset_manajemen_202204_5416.zip,496699561,2023-11-24,backup-eksternal,dataset|manajemen|496699561|rekap data periode pending
BCH-0001712,surat_teknologi_202503_9709.zip,296856,2024-12-12,nas-lokal-03,surat_teknologi_202503_9709|296856|draft final arsip
BCH-0000956,log_audit_202506_0317.txt,2670971,2024-10-06,cloud-storage-azure,log_audit_202506_0317|2670971|periode final data
BCH-0003075,invoice_logistik_202509_0805.xls,4421681,2024-12-05,nas-lokal-03,invoice_logistik_202509_0805|4421681|arsip revisi pending
BCH-0003876,dataset_keuangan_202405_7872.xls,451254,2024-11-17,server-arsip-makassar,dataset_keuangan_202405_7872|451254|arsip rekap total
BCH-0003620,invoice_sdm_202507_4031.txt,368297780,2024-04-26,cloud-storage-azure,invoice_sdm_202507_4031|368297780|arsip final pending
BCH-0000774,memo_riset_202503_8460.json,3312293,2024-02-18,cloud-storage-azure,memo_riset_202503_8460|3312293|data arsip rekap
BCH-0002175,invoice_manajemen_202403_3614.xml,314444,2024-07-19,server-arsip-makassar,invoice_manajemen_202403_3614|314444|total arsip rekap
BCH-0004392,kontrak_riset_202507_9026.doc,164000493,2024-09-24,server-arsip-medan,kontrak_riset_202507_9026|164000493|total draft periode
BCH-0002206,memo_riset_202403_0663.rar,311946,2024-12-27,server-arsip-medan,memo_riset_202403_0663|311946|arsip draft data
DUP-0000231,invoice_logistik_202201_2814.jpg,217059,2024-09-04,backup-eksternal,invoice|logistik|217059|approved data dokumen pending final
BCH-0001081,surat_pemasaran_202508_1312.csv,40149809,2024-02-28,nas-lokal-04,surat_pemasaran_202508_1312|40149809|draft pending final
DUP-0000128,gambar_sdm_202305_7934.docx,154683,2022-06-07,nas-lokal-01,gambar|sdm|154683|revisi data pending file
BCH-0000148,gambar_teknologi_202509_4732.xml,3505409,2024-03-30,server-arsip-makassar,gambar_teknologi_202509_4732|3505409|revisi total rekap
BCH-0000479,kontrak_pemasaran_202408_3990.xls,43961059,2024-03-24,server-arsip-makassar,kontrak_pemasaran_202408_3990|43961059|approved revisi total
BCH-0002849,presentasi_audit_202506_6968.json,373089407,2024-06-29,cloud-storage-azure,presentasi_audit_202506_6968|373089407|periode rekap total
BCH-0001917,dataset_teknologi_202401_7089.jpg,601707,2024-12-30,cloud-storage-azure,dataset_teknologi_202401_7089|601707|revisi final total
BCH-0003498,invoice_operasional_202405_2982.pdf,2994498,2024-08-23,nas-lokal-03,invoice_operasional_202405_2982|2994498|final pending revisi
DUP-0000293,gambar_keuangan_202208_4669.xml,387270,2024-07-08,cloud-storage-aws,gambar|keuangan|387270|revisi final pending file draft
BCH-0001961,invoice_pemasaran_202404_5081.rar,4044501,2024-07-30,server-arsip-medan,invoice_pemasaran_202404_5081|4044501|data periode total
BCH-0000556,presentasi_logistik_202509_7899.jpeg,608025,2024-08-16,nas-lokal-03,presentasi_logistik_202509_7899|608025|draft rekap pending
BCH-0003963,surat_pemasaran_202510_6996.csv,259027,2024-06-23,portal-upload-mobile,surat_pemasaran_202510_6996|259027|data draft arsip
BCH-0003195,log_logistik_202507_0300.jpeg,283742670,2024-09-12,cloud-storage-azure,log_logistik_202507_0300|283742670|arsip rekap total
BCH-0003831,surat_pemasaran_202506_4054.pdf,2535508,2024-07-29,ftp-cabang,surat_pemasaran_202506_4054|2535508|periode draft pending
BCH-0000887,gambar_riset_202409_3452.pdf,286436027,2024-12-24,server-arsip-medan,gambar_riset_202409_3452|286436027|arsip rekap approved
BCH-0003199,backup_pemasaran_202401_9259.xml,349879,2024-08-05,portal-upload-mobile,backup_pemasaran_202401_9259|349879|periode rekap total
BCH-0003615,invoice_operasional_202403_7473.xls,5270489,2024-09-12,server-arsip-medan,invoice_operasional_202403_7473|5270489|total approved pending
BCH-0000287,backup_riset_202508_6278.pdf,24411781,2024-04-09,cloud-storage-azure,backup_riset_202508_6278|24411781|total periode draft
DUP-0000024,presentasi_keuangan_202402_5332.pdf,3682873,2024-01-11,portal-upload-web,presentasi|keuangan|3682873|periode arsip final revisi
BCH-0004393,gambar_riset_202401_7661.png,369788264,2024-11-09,cloud-storage-azure,gambar_riset_202401_7661|369788264|draft data total
BCH-0002495,gambar_riset_202511_2093.rar,34309845,2024-01-17,server-arsip-medan,gambar_riset_202511_2093|34309845|revisi periode total
DUP-0000198,presentasi_teknologi_202302_4106.json,328581130,2023-02-07,ftp-pusat,presentasi|teknologi|328581130|periode data final arsip
BCH-0003350,laporan_hukum_202402_7006.xls,280692,2024-08-12,portal-upload-mobile,laporan_hukum_202402_7006|280692|pending arsip periode
BCH-0002182,laporan_audit_202402_0436.docx,3986418,2024-06-02,nas-lokal-04,laporan_audit_202402_0436|3986418|rekap data approved
BCH-0000423,invoice_riset_202505_0353.doc,1993429,2024-10-30,portal-upload-mobile,invoice_riset_202505_0353|1993429|draft approved final
BCH-0004389,backup_riset_202410_7885.png,186157,2024-12-16,cloud-storage-azure,backup_riset_202410_7885|186157|draft periode data
BCH-0003500,invoice_audit_202511_6317.jpg,293702,2024-03-16,server-arsip-makassar,invoice_audit_202511_6317|293702|approved periode revisi
BCH-0000122,invoice_sdm_202408_1659.json,2233901,2024-06-20,nas-lokal-04,invoice_sdm_202408_1659|2233901|total rekap revisi
BCH-0002331,gambar_pemasaran_202407_8690.xml,1785372,2024-07-21,nas-lokal-04,gambar_pemasaran_202407_8690|1785372|periode rekap draft
BCH-0004449,surat_teknologi_202506_2862.jpeg,125907,2024-10-25,server-arsip-makassar,surat_teknologi_202506_2862|125907|revisi pending periode
DUP-0000055,log_logistik_202203_7518.jpg,230295544,2024-05-27,nas-lokal-01,log|logistik|230295544|arsip dokumen periode
BCH-0002423,invoice_teknologi_202502_3556.jpeg,8422756,2024-02-17,server-arsip-makassar,invoice_teknologi_202502_3556|8422756|pending approved arsip
BCH-0004063,dataset_logistik_202403_0777.xls,15264495,2024-08-24,nas-lokal-03,dataset_logistik_202403_0777|15264495|pending draft revisi
BCH-0004471,gambar_manajemen_202506_6246.zip,81406209,2024-08-08,cloud-storage-azure,gambar_manajemen_202506_6246|81406209|approved rekap arsip
BCH-0003219,log_manajemen_202408_6034.csv,4652232,2024-09-19,server-arsip-semarang,log_manajemen_202408_6034|4652232|draft total pending
BCH-0003497,kontrak_operasional_202505_7276.csv,2608859,2024-12-30,server-arsip-medan,kontrak_operasional_202505_7276|2608859|final arsip rekap
BCH-0000718,log_logistik_202509_7102.pdf,4793872,2024-05-18,ftp-cabang,log_logistik_202509_7102|4793872|periode draft arsip
BCH-0000452,log_pemasaran_202409_1262.txt,11959937,2024-05-27,server-arsip-medan,log_pemasaran_202409_1262|11959937|arsip revisi approved
BCH-0004107,invoice_keuangan_202511_8357.json,4749563,2024-02-06,cloud-storage-azure,invoice_keuangan_202511_8357|4749563|rekap final data
BCH-0002806,dataset_teknologi_202404_5300.rar,47461981,2024-08-19,server-arsip-makassar,dataset_teknologi_202404_5300|47461981|draft pending rekap
BCH-0003854,gambar_sdm_202505_4111.docx,3262121,2024-08-29,nas-lokal-03,gambar_sdm_202505_4111|3262121|revisi data arsip
BCH-0000477,memo_keuangan_202406_9678.doc,39914,2024-04-17,nas-lokal-04,memo_keuangan_202406_9678|39914|final total periode
BCH-0002211,laporan_audit_202406_8245.png,3835406,2024-12-08,nas-lokal-04,laporan_audit_202406_8245|3835406|revisi total approved
BCH-0000083,memo_sdm_202406_7574.csv,1228410,2024-12-13,nas-lokal-03,memo_sdm_202406_7574|1228410|total draft approved
DUP-0000400,kontrak_operasional_202312_8061.docx,4298087,2023-01-20,nas-lokal-01,kontrak|operasional|4298087|periode rekap arsip
BCH-0001688,presentasi_keuangan_202502_5434.jpg,319972430,2024-03-19,server-arsip-medan,presentasi_keuangan_202502_5434|319972430|total pending rekap
BCH-0001969,dataset_teknologi_202501_7641.png,14422827,2024-04-01,ftp-cabang,dataset_teknologi_202501_7641|14422827|revisi arsip periode
BCH-0002959,dataset_pemasaran_202511_0328.png,191924,2024-11-30,portal-upload-mobile,dataset_pemasaran_202511_0328|191924|draft approved arsip
BCH-0002138,surat_riset_202511_5494.txt,108211,2024-11-28,server-arsip-medan,surat_riset_202511_5494|108211|final revisi approved
BCH-0001125,invoice_audit_202507_8406.pdf,4724568,2024-08-20,portal-upload-mobile,invoice_audit_202507_8406|4724568|final arsip periode
BCH-0000560,gambar_hukum_202510_7718.csv,397583,2024-06-03,ftp-cabang,gambar_hukum_202510_7718|397583|rekap revisi final
BCH-0000804,log_operasional_202508_5036.jpg,226958,2024-03-08,server-arsip-makassar,log_operasional_202508_5036|226958|rekap data revisi
BCH-0001662,gambar_teknologi_202510_9875.doc,344402,2024-03-04,nas-lokal-04,gambar_teknologi_202510_9875|344402|pending periode revisi
BCH-0000769,log_keuangan_202402_9537.xls,31078,2024-04-19,server-arsip-medan,log_keuangan_202402_9537|31078|pending draft data
BCH-0003866,dataset_pemasaran_202512_2131.zip,2097054,2024-05-24,ftp-cabang,dataset_pemasaran_202512_2131|2097054|arsip rekap revisi
BCH-0000277,log_riset_202411_6924.jpeg,176494,2024-05-14,server-arsip-medan,log_riset_202411_6924|176494|total draft final
BCH-0000198,dataset_manajemen_202507_7252.jpg,40723910,2024-08-18,ftp-cabang,dataset_manajemen_202507_7252|40723910|approved draft pending
BCH-0000239,kontrak_sdm_202509_1754.jpg,340265,2024-02-24,server-arsip-semarang,kontrak_sdm_202509_1754|340265|approved arsip draft
BCH-0002022,memo_manajemen_202508_4048.json,3158520,2024-05-25,nas-lokal-04,memo_manajemen_202508_4048|3158520|pending arsip final
BCH-0003315,dataset_audit_202502_3568.png,2936410,2024-08-01,server-arsip-semarang,dataset_audit_202502_3568|2936410|draft revisi arsip
BCH-0000363,presentasi_logistik_202509_6618.doc,4228241,2024-04-16,server-arsip-medan,presentasi_logistik_202509_6618|4228241|periode final approved
BCH-0003121,dataset_pemasaran_202403_9496.zip,1916024,2024-08-04,nas-lokal-04,dataset_pemasaran_202403_9496|1916024|periode total pending
BCH-0002174,backup_operasional_202511_2823.xls,1512227,2024-07-15,server-arsip-semarang,backup_operasional_202511_2823|1512227|rekap data periode
BCH-0001189,laporan_hukum_202412_3896.txt,1313256,2024-02-23,cloud-storage-azure,laporan_hukum_202412_3896|1313256|arsip total final
BCH-0003847,memo_operasional_202406_6324.doc,2592481,2024-12-10,server-arsip-medan,memo_operasional_202406_6324|2592481|arsip pending draft
BCH-0001105,invoice_operasional_202507_9256.txt,38289766,2024-02-16,nas-lokal-03,invoice_operasional_202507_9256|38289766|data total final
BCH-0003979,gambar_operasional_202401_6907.jpg,481369,2024-04-05,nas-lokal-03,gambar_operasional_202401_6907|481369|periode total approved
BCH-0003124,gambar_hukum_202406_9014.txt,1837087,2024-03-03,cloud-storage-azure,gambar_hukum_202406_9014|1837087|rekap periode revisi
BCH-0002811,laporan_manajemen_202407_1364.rar,417431,2024-12-26,server-arsip-medan,laporan_manajemen_202407_1364|417431|pending draft periode
BCH-0001392,gambar_manajemen_202403_5623.xlsx,1331004,2024-12-12,server-arsip-makassar,gambar_manajemen_202403_5623|1331004|revisi final approved
BCH-0000246,kontrak_manajemen_202509_7149.rar,30679582,2024-02-21,cloud-storage-azure,kontrak_manajemen_202509_7149|30679582|revisi approved periode
BCH-0001204,laporan_keuangan_202404_6360.doc,46142478,2024-06-11,nas-lokal-03,laporan_keuangan_202404_6360|46142478|approved arsip final
BCH-0002474,kontrak_riset_202502_1769.pdf,172542,2024-10-17,server-arsip-makassar,kontrak_riset_202502_1769|172542|arsip data draft
BCH-0003574,log_keuangan_202411_1262.zip,15622224,2024-01-02,server-arsip-medan,log_keuangan_202411_1262|15622224|revisi final periode
DUP-0000297,memo_manajemen_202211_2271.json,1605385,2023-02-19,server-arsip-surabaya,memo|manajemen|1605385|file arsip periode approved
BCH-0002248,memo_operasional_202405_8098.json,470325,2024-02-15,ftp-cabang,memo_operasional_202405_8098|470325|periode draft data
BCH-0000734,backup_manajemen_202405_9313.pdf,210492,2024-09-07,ftp-cabang,backup_manajemen_202405_9313|210492|data draft periode
BCH-0001449,surat_operasional_202402_0937.png,138552,2024-09-13,nas-lokal-03,surat_operasional_202402_0937|138552|periode data draft
BCH-0004244,dataset_audit_202409_1573.xlsx,348726,2024-01-08,portal-upload-mobile,dataset_audit_202409_1573|348726|final pending arsip
BCH-0004424,dataset_hukum_202404_8980.xls,40909,2024-10-25,ftp-cabang,dataset_hukum_202404_8980|40909|revisi rekap arsip
BCH-0001351,backup_riset_202501_4139.docx,5843655,2024-03-21,portal-upload-mobile,backup_riset_202501_4139|5843655|final draft periode
BCH-0000614,surat_sdm_202408_2388.jpg,1632279,2024-03-29,nas-lokal-04,surat_sdm_202408_2388|1632279|arsip total approved
BCH-0000885,laporan_operasional_202406_0676.png,1476918,2024-07-01,nas-lokal-03,laporan_operasional_202406_0676|1476918|final draft periode
BCH-0000493,memo_manajemen_202508_8048.rar,27189846,2024-12-20,cloud-storage-azure,memo_manajemen_202508_8048|27189846|arsip periode approved
BCH-0000612,gambar_sdm_202512_6768.json,715208,2024-05-06,server-arsip-semarang,gambar_sdm_202512_6768|715208|arsip revisi final
BCH-0000860,presentasi_logistik_202506_3528.jpeg,212972,2024-01-01,nas-lokal-04,presentasi_logistik_202506_3528|212972|arsip draft total
BCH-0000319,dataset_keuangan_202508_8271.jpg,4487694,2024-11-13,ftp-cabang,dataset_keuangan_202508_8271|4487694|arsip rekap periode
BCH-0001367,laporan_riset_202501_3215.csv,192882,2024-05-31,portal-upload-mobile,laporan_riset_202501_3215|192882|total draft final
BCH-0004295,laporan_riset_202506_0459.xls,4912781,2024-04-10,nas-lokal-03,laporan_riset_202506_0459|4912781|data revisi arsip
BCH-0002931,kontrak_riset_202402_9741.pdf,789489,2024-04-05,server-arsip-semarang,kontrak_riset_202402_9741|789489|periode approved arsip
BCH-0003944,backup_hukum_202403_7033.jpg,10249614,2024-11-26,server-arsip-medan,backup_hukum_202403_7033|10249614|final rekap total
BCH-0001499,dataset_pemasaran_202404_9909.csv,207872,2024-08-07,server-arsip-makassar,dataset_pemasaran_202404_9909|207872|final rekap revisi
BCH-0000414,invoice_logistik_202403_0909.csv,290263,2024-03-31,portal-upload-mobile,invoice_logistik_202403_0909|290263|approved pending data
BCH-0002529,kontrak_pemasaran_202409_3004.docx,3164865,2024-07-13,server-arsip-semarang,kontrak_pemasaran_202409_3004|3164865|final draft arsip
DUP-0000021,dataset_manajemen_202201_7487.pdf,227304439,2024-04-02,server-arsip-surabaya,dataset|manajemen|227304439|dokumen total arsip
BCH-0000617,presentasi_sdm_202402_4606.jpeg,361251,2024-03-20,server-arsip-semarang,presentasi_sdm_202402_4606|361251|pending final rekap
BCH-0001820,laporan_manajemen_202506_4843.jpg,1745348,2024-11-09,server-arsip-medan,laporan_manajemen_202506_4843|1745348|arsip periode pending
BCH-0002247,kontrak_manajemen_202510_5261.jpg,967741,2024-10-11,server-arsip-semarang,kontrak_manajemen_202510_5261|967741|draft pending arsip
BCH-0002563,surat_audit_202410_8126.jpeg,422115,2024-03-06,nas-lokal-03,surat_audit_202410_8126|422115|periode rekap total
DUP-0000381,dataset_keuangan_202305_3611.xlsx,225288780,2023-06-12,backup-eksternal,dataset|keuangan|225288780|total data periode arsip pending
BCH-0003167,laporan_riset_202406_6498.xml,46417592,2024-09-08,nas-lokal-03,laporan_riset_202406_6498|46417592|data total rekap
BCH-0002689,log_audit_202512_3124.xlsx,589896,2024-12-29,server-arsip-makassar,log_audit_202512_3124|589896|total rekap arsip
BCH-0003902,memo_sdm_202405_0181.jpg,368391,2024-01-15,server-arsip-medan,memo_sdm_202405_0181|368391|rekap final pending
BCH-0004469,gambar_audit_202403_0965.json,392273,2024-11-08,nas-lokal-04,gambar_audit_202403_0965|392273|final draft rekap
BCH-0000717,dataset_manajemen_202402_6009.xlsx,167425,2024-09-29,server-arsip-semarang,dataset_manajemen_202402_6009|167425|pending rekap revisi
BCH-0003001,backup_riset_202411_2827.zip,33689925,2024-09-15,portal-upload-mobile,backup_riset_202411_2827|33689925|rekap final arsip
BCH-0001379,dataset_operasional_202509_8927.rar,265084,2024-09-15,portal-upload-mobile,dataset_operasional_202509_8927|265084|rekap total periode
BCH-0000061,laporan_operasional_202401_7166.txt,491032,2024-06-01,server-arsip-makassar,laporan_operasional_202401_7166|491032|final data rekap
BCH-0001638,presentasi_logistik_202510_3600.xlsx,188154,2024-05-04,server-arsip-medan,presentasi_logistik_202510_3600|188154|data total rekap
BCH-0003301,invoice_pemasaran_202411_6358.xls,31392217,2024-01-05,server-arsip-semarang,invoice_pemasaran_202411_6358|31392217|approved periode arsip
BCH-0001609,surat_sdm_202504_0776.xml,1206314,2024-08-08,nas-lokal-03,surat_sdm_202504_0776|1206314|pending arsip rekap
BCH-0000861,memo_keuangan_202502_8750.png,780715,2024-11-18,ftp-cabang,memo_keuangan_202502_8750|780715|periode pending final
DUP-0000162,dataset_audit_202410_7879.csv,3646961,2022-05-28,nas-lokal-01,dataset|audit|3646961|file pending revisi
BCH-0000383,memo_audit_202502_6742.jpeg,226850,2024-08-04,server-arsip-semarang,memo_audit_202502_6742|226850|draft periode data
BCH-0002113,laporan_audit_202504_2676.rar,478621456,2024-08-03,nas-lokal-04,laporan_audit_202504_2676|478621456|total draft revisi
BCH-0004282,kontrak_teknologi_202407_9076.xml,241561,2024-12-29,server-arsip-medan,kontrak_teknologi_202407_9076|241561|arsip revisi pending
BCH-0004334,memo_audit_202410_7025.docx,331720,2024-04-02,nas-lokal-03,memo_audit_202410_7025|331720|draft arsip total
BCH-0001693,surat_keuangan_202511_9588.xml,1909246,2024-03-09,portal-upload-mobile,surat_keuangan_202511_9588|1909246|revisi final pending
DUP-0000473,backup_hukum_202212_9287.jpg,20419369,2024-08-31,cloud-storage-gcp,backup|hukum|20419369|total data final
BCH-0002743,dataset_operasional_202407_7896.xml,26488,2024-11-17,nas-lokal-04,dataset_operasional_202407_7896|26488|rekap arsip approved
DUP-0000361,laporan_riset_202210_5930.txt,287976,2024-11-05,cloud-storage-aws,laporan|riset|287976|data file revisi final
BCH-0002418,presentasi_pemasaran_202409_4939.zip,736544,2024-04-29,server-arsip-medan,presentasi_pemasaran_202409_4939|736544|periode rekap total
DUP-0000234,surat_sdm_202310_3289.csv,554114,2022-08-23,server-arsip-bandung,surat|sdm|554114|periode dokumen total
BCH-0002550,dataset_logistik_202412_7341.zip,458506,2024-11-14,server-arsip-medan,dataset_logistik_202412_7341|458506|draft periode arsip
BCH-0002356,gambar_pemasaran_202511_1497.pdf,4090400,2024-02-21,server-arsip-semarang,gambar_pemasaran_202511_1497|4090400|draft pending data
BCH-0001656,log_sdm_202410_2361.pdf,3030637,2024-07-14,ftp-cabang,log_sdm_202410_2361|3030637|arsip approved pending
BCH-0000407,laporan_keuangan_202403_0201.txt,265981,2024-08-08,nas-lokal-04,laporan_keuangan_202403_0201|265981|periode final pending
BCH-0001768,dataset_sdm_202501_4197.xlsx,380214453,2024-05-14,server-arsip-medan,dataset_sdm_202501_4197|380214453|total revisi data
BCH-0003806,surat_audit_202508_3203.rar,453914,2024-04-22,ftp-cabang,surat_audit_202508_3203|453914|pending approved data
BCH-0002017,log_pemasaran_202503_5929.doc,1619459,2024-12-01,server-arsip-makassar,log_pemasaran_202503_5929|1619459|final rekap approved
BCH-0002458,dataset_audit_202507_8352.xlsx,4261825,2024-09-01,ftp-cabang,dataset_audit_202507_8352|4261825|final draft periode
BCH-0002701,presentasi_sdm_202409_5423.rar,316797502,2024-11-20,portal-upload-mobile,presentasi_sdm_202409_5423|316797502|arsip pending rekap
BCH-0002002,surat_pemasaran_202503_8705.rar,3504946,2024-11-25,ftp-cabang,surat_pemasaran_202503_8705|3504946|final pending periode
BCH-0001864,gambar_sdm_202404_6146.pdf,85620,2024-04-23,server-arsip-makassar,gambar_sdm_202404_6146|85620|rekap periode data
BCH-0001405,laporan_manajemen_202402_0464.xls,445382,2024-09-10,cloud-storage-azure,laporan_manajemen_202402_0464|445382|data rekap arsip
BCH-0000623,dataset_keuangan_202507_3977.xlsx,4917456,2024-09-19,nas-lokal-04,dataset_keuangan_202507_3977|4917456|rekap data final
BCH-0002871,memo_teknologi_202508_5943.xlsx,108732,2024-06-12,server-arsip-makassar,memo_teknologi_202508_5943|108732|approved revisi total
DUP-0000174,laporan_manajemen_202304_3155.csv,2260314,2023-08-10,cloud-storage-gcp,laporan|manajemen|2260314|draft pending total final periode
BCH-0000991,memo_audit_202402_8468.rar,43705218,2024-05-19,server-arsip-semarang,memo_audit_202402_8468|43705218|arsip periode pending
BCH-0002610,dataset_teknologi_202505_6915.rar,299985,2024-02-03,portal-upload-mobile,dataset_teknologi_202505_6915|299985|rekap pending periode
BCH-0001281,surat_audit_202406_7557.xlsx,38165,2024-12-23,server-arsip-medan,surat_audit_202406_7557|38165|draft approved arsip
BCH-0002368,kontrak_operasional_202403_7199.docx,14045076,2024-10-09,server-arsip-medan,kontrak_operasional_202403_7199|14045076|revisi draft periode
BCH-0003327,dataset_audit_202404_9485.doc,34390316,2024-05-10,server-arsip-semarang,dataset_audit_202404_9485|34390316|arsip approved total
BCH-0001600,kontrak_riset_202402_6514.xls,1836600,2024-01-12,portal-upload-mobile,kontrak_riset_202402_6514|1836600|final rekap pending
DUP-0000164,kontrak_keuangan_202302_1711.json,2133519,2022-06-09,nas-lokal-01,kontrak|keuangan|2133519|draft rekap revisi final periode
BCH-0001873,surat_riset_202402_6358.xml,81460,2024-12-08,portal-upload-mobile,surat_riset_202402_6358|81460|data rekap pending
BCH-0001872,dataset_logistik_202505_0024.docx,49421963,2024-12-27,server-arsip-medan,dataset_logistik_202505_0024|49421963|rekap total approved
BCH-0002681,backup_operasional_202508_9273.rar,409323,2024-03-06,cloud-storage-azure,backup_operasional_202508_9273|409323|final pending rekap
BCH-0001835,memo_operasional_202502_1210.jpeg,329165,2024-01-05,cloud-storage-azure,memo_operasional_202502_1210|329165|arsip draft data
BCH-0001297,gambar_hukum_202505_5314.doc,170044805,2024-09-01,cloud-storage-azure,gambar_hukum_202505_5314|170044805|total data approved
BCH-0003714,presentasi_teknologi_202504_3152.jpg,249248614,2024-02-07,server-arsip-makassar,presentasi_teknologi_202504_3152|249248614|final revisi total
BCH-0003004,kontrak_keuangan_202406_0287.docx,190656,2024-06-05,cloud-storage-azure,kontrak_keuangan_202406_0287|190656|total revisi arsip
BCH-0001110,surat_hukum_202410_6173.pdf,11957752,2024-02-08,server-arsip-medan,surat_hukum_202410_6173|11957752|total periode revisi
BCH-0004151,laporan_riset_202411_8747.xlsx,32920500,2024-12-09,nas-lokal-03,laporan_riset_202411_8747|32920500|revisi rekap arsip
BCH-0000309,presentasi_hukum_202408_1490.xls,200888,2024-09-07,portal-upload-mobile,presentasi_hukum_202408_1490|200888|total pending data
BCH-0003906,surat_riset_202401_6057.xlsx,5044523,2024-06-18,ftp-cabang,surat_riset_202401_6057|5044523|data approved total
BCH-0000183,surat_hukum_202409_8869.pdf,175286,2024-02-16,nas-lokal-03,surat_hukum_202409_8869|175286|pending final rekap
DUP-0000071,presentasi_audit_202410_1334.txt,3856829,2023-12-15,nas-lokal-02,presentasi|audit|3856829|data total approved final
BCH-0001139,invoice_riset_202505_7748.json,2066266,2024-08-28,cloud-storage-azure,invoice_riset_202505_7748|2066266|revisi draft total
BCH-0001579,dataset_operasional_202509_4227.jpeg,4479039,2024-12-28,server-arsip-makassar,dataset_operasional_202509_4227|4479039|revisi data arsip
BCH-0003810,kontrak_keuangan_202503_1927.xlsx,4155627,2024-10-14,server-arsip-semarang,kontrak_keuangan_202503_1927|4155627|final rekap revisi
BCH-0003522,backup_manajemen_202501_8947.jpg,4538900,2024-02-28,server-arsip-medan,backup_manajemen_202501_8947|4538900|pending rekap approved
BCH-0003081,presentasi_operasional_202401_9525.xls,43424070,2024-07-11,nas-lokal-04,presentasi_operasional_202401_9525|43424070|arsip final data
BCH-0003686,log_logistik_202409_1024.json,2886396,2024-11-10,cloud-storage-azure,log_logistik_202409_1024|2886396|data revisi periode
BCH-0001856,kontrak_keuangan_202405_0107.xlsx,542364,2024-05-30,ftp-cabang,kontrak_keuangan_202405_0107|542364|pending approved draft
BCH-0001077,presentasi_pemasaran_202501_5233.doc,9927461,2024-09-28,server-arsip-semarang,presentasi_pemasaran_202501_5233|9927461|arsip total revisi
BCH-0001793,memo_hukum_202503_3860.csv,4566909,2024-11-23,cloud-storage-azure,memo_hukum_202503_3860|4566909|draft final revisi
BCH-0003914,surat_audit_202504_8093.doc,2370764,2024-11-10,cloud-storage-azure,surat_audit_202504_8093|2370764|approved total revisi
BCH-0001155,kontrak_audit_202508_5451.xlsx,73370,2024-01-30,ftp-cabang,kontrak_audit_202508_5451|73370|pending arsip periode
BCH-0002310,presentasi_logistik_202404_4842.xml,200912,2024-06-18,ftp-cabang,presentasi_logistik_202404_4842|200912|draft total data
DUP-0000087,memo_teknologi_202407_3080.json,4486262,2022-01-07,nas-lokal-01,memo|teknologi|4486262|data draft rekap
BCH-0004043,memo_pemasaran_202410_9414.txt,49825803,2024-06-06,cloud-storage-azure,memo_pemasaran_202410_9414|49825803|periode pending final
BCH-0001573,presentasi_hukum_202404_3546.jpeg,1167667,2024-09-05,portal-upload-mobile,presentasi_hukum_202404_3546|1167667|approved periode rekap
BCH-0004377,log_audit_202504_7596.jpg,4225258,2024-11-25,portal-upload-mobile,log_audit_202504_7596|4225258|total pending final
BCH-0004194,presentasi_teknologi_202507_5197.jpeg,40581445,2024-07-28,nas-lokal-03,presentasi_teknologi_202507_5197|40581445|revisi draft data
BCH-0000840,surat_riset_202504_4890.jpeg,1534435,2024-02-09,cloud-storage-azure,surat_riset_202504_4890|1534435|revisi periode arsip
BCH-0000412,backup_hukum_202503_9620.docx,261584179,2024-03-20,server-arsip-makassar,backup_hukum_202503_9620|261584179|data arsip periode
BCH-0000959,memo_pemasaran_202501_6442.jpg,202190235,2024-07-08,server-arsip-semarang,memo_pemasaran_202501_6442|202190235|pending data rekap
BCH-0002295,kontrak_pemasaran_202504_6419.xls,3923317,2024-06-01,ftp-cabang,kontrak_pemasaran_202504_6419|3923317|total pending rekap
BCH-0000144,log_riset_202412_5164.zip,8845071,2024-03-23,server-arsip-makassar,log_riset_202412_5164|8845071|draft rekap data
DUP-0000086,memo_manajemen_202409_8065.zip,50117,2024-08-12,cloud-storage-aws,memo|manajemen|50117|data pending file arsip
BCH-0002436,kontrak_pemasaran_202508_6684.xml,2097205,2024-12-28,cloud-storage-azure,kontrak_pemasaran_202508_6684|2097205|data approved rekap
BCH-0000531,presentasi_teknologi_202409_4492.zip,1584761,2024-11-22,nas-lokal-04,presentasi_teknologi_202409_4492|1584761|arsip revisi draft
DUP-0000277,memo_sdm_202203_4820.xlsx,45734313,2022-09-12,ftp-pusat,memo|sdm|45734313|approved periode total rekap final
BCH-0003049,dataset_logistik_202407_3085.png,34241838,2024-06-15,nas-lokal-03,dataset_logistik_202407_3085|34241838|final total periode
BCH-0000249,laporan_keuangan_202505_1043.jpeg,43850834,2024-08-15,ftp-cabang,laporan_keuangan_202505_1043|43850834|periode approved draft
BCH-0001023,laporan_hukum_202501_7752.zip,197921270,2024-01-06,server-arsip-semarang,laporan_hukum_202501_7752|197921270|draft data revisi
BCH-0004380,presentasi_sdm_202408_4380.zip,36596744,2024-02-13,server-arsip-semarang,presentasi_sdm_202408_4380|36596744|draft approved total
DUP-0000248,laporan_manajemen_202307_6866.xml,3450767,2023-03-28,backup-eksternal,laporan|manajemen|3450767|final approved pending
BCH-0003753,backup_operasional_202411_0067.doc,4029832,2024-12-24,server-arsip-makassar,backup_operasional_202411_0067|4029832|arsip approved draft
BCH-0001936,kontrak_logistik_202402_5845.pdf,782102,2024-05-21,nas-lokal-04,kontrak_logistik_202402_5845|782102|rekap arsip revisi
BCH-0000440,log_hukum_202405_1612.doc,823435,2024-12-07,nas-lokal-04,log_hukum_202405_1612|823435|periode rekap approved
BCH-0001366,dataset_operasional_202406_3024.jpg,38115911,2024-10-11,server-arsip-semarang,dataset_operasional_202406_3024|38115911|final data revisi
BCH-0003871,invoice_teknologi_202503_5279.png,3796408,2024-01-21,server-arsip-medan,invoice_teknologi_202503_5279|3796408|draft revisi data
BCH-0002900,backup_pemasaran_202404_5612.json,1480193,2024-09-21,server-arsip-medan,backup_pemasaran_202404_5612|1480193|pending final periode
BCH-0000099,dataset_logistik_202403_1781.docx,441672,2024-01-13,portal-upload-mobile,dataset_logistik_202403_1781|441672|arsip data rekap
BCH-0002462,memo_logistik_202507_4865.pdf,2728188,2024-11-25,nas-lokal-03,memo_logistik_202507_4865|2728188|rekap draft arsip
DUP-0000065,log_sdm_202212_8060.json,290545,2024-09-04,cloud-storage-gcp,log|sdm|290545|approved final dokumen
BCH-0003479,invoice_riset_202403_2658.json,496171,2024-09-17,server-arsip-medan,invoice_riset_202403_2658|496171|final approved rekap
BCH-0004131,surat_teknologi_202409_1732.docx,4799954,2024-04-29,nas-lokal-04,surat_teknologi_202409_1732|4799954|periode rekap final
BCH-0002212,laporan_manajemen_202403_0700.json,3108131,2024-09-11,server-arsip-semarang,laporan_manajemen_202403_0700|3108131|total approved periode
BCH-0000802,memo_audit_202508_2188.txt,3700567,2024-03-06,ftp-cabang,memo_audit_202508_2188|3700567|total draft revisi
BCH-0003164,presentasi_manajemen_202501_6951.xlsx,186278,2024-10-05,nas-lokal-04,presentasi_manajemen_202501_6951|186278|total draft approved
BCH-0000384,laporan_riset_202411_2712.xml,16408429,2024-06-09,nas-lokal-03,laporan_riset_202411_2712|16408429|revisi draft approved
BCH-0003614,invoice_hukum_202509_4095.zip,4855816,2024-06-06,server-arsip-makassar,invoice_hukum_202509_4095|4855816|pending total arsip
DUP-0000309,surat_manajemen_202401_7566.pdf,347466,2023-08-06,server-arsip-surabaya,surat|manajemen|347466|rekap arsip data file
BCH-0001305,invoice_keuangan_202412_3649.jpg,309086,2024-10-11,server-arsip-medan,invoice_keuangan_202412_3649|309086|total arsip draft
BCH-0004477,dataset_manajemen_202511_2193.xlsx,359945,2024-11-09,portal-upload-mobile,dataset_manajemen_202511_2193|359945|pending final revisi
BCH-0003303,backup_manajemen_202510_0890.docx,3017752,2024-01-30,cloud-storage-azure,backup_manajemen_202510_0890|3017752|total rekap periode
BCH-0000045,surat_sdm_202410_6017.pdf,2709342,2024-03-04,portal-upload-mobile,surat_sdm_202410_6017|2709342|final total revisi
BCH-0002320,laporan_logistik_202509_3290.csv,2041419,2024-07-27,nas-lokal-03,laporan_logistik_202509_3290|2041419|rekap draft total
BCH-0000641,laporan_teknologi_202511_0552.jpg,424995,2024-07-13,cloud-storage-azure,laporan_teknologi_202511_0552|424995|arsip final periode
BCH-0000864,log_audit_202503_2243.pdf,935355,2024-06-14,server-arsip-makassar,log_audit_202503_2243|935355|final periode rekap
BCH-0000143,backup_logistik_202507_3171.txt,434297,2024-08-12,ftp-cabang,backup_logistik_202507_3171|434297|draft arsip revisi
BCH-0002079,presentasi_audit_202504_8967.jpeg,284455,2024-04-26,ftp-cabang,presentasi_audit_202504_8967|284455|approved data draft
BCH-0003912,backup_audit_202404_2588.jpeg,281813,2024-03-09,nas-lokal-03,backup_audit_202404_2588|281813|draft arsip periode
DUP-0000051,backup_keuangan_202210_3085.json,352583929,2024-10-05,ftp-pusat,backup|keuangan|352583929|periode pending rekap total
DUP-0000023,presentasi_manajemen_202405_5593.png,35195493,2023-01-19,cloud-storage-aws,presentasi|manajemen|35195493|total dokumen final
BCH-0003525,laporan_sdm_202504_2549.jpg,2311393,2024-06-01,server-arsip-makassar,laporan_sdm_202504_2549|2311393|rekap approved revisi
BCH-0001895,laporan_keuangan_202407_6520.xml,3763405,2024-01-11,nas-lokal-03,laporan_keuangan_202407_6520|3763405|periode final revisi
BCH-0002505,memo_sdm_202404_2860.jpeg,209768,2024-08-27,portal-upload-mobile,memo_sdm_202404_2860|209768|arsip data total
BCH-0000815,surat_audit_202503_4601.docx,88009,2024-04-07,server-arsip-makassar,surat_audit_202503_4601|88009|pending revisi final
BCH-0000250,log_hukum_202502_7588.png,200886,2024-10-04,server-arsip-medan,log_hukum_202502_7588|200886|periode revisi rekap
BCH-0003720,dataset_riset_202402_2494.png,47671,2024-03-19,nas-lokal-03,dataset_riset_202402_2494|47671|revisi data draft
BCH-0002184,backup_manajemen_202402_4046.txt,3641121,2024-07-08,ftp-cabang,backup_manajemen_202402_4046|3641121|total pending final
BCH-0002411,backup_keuangan_202505_7072.xlsx,35806558,2024-09-13,nas-lokal-04,backup_keuangan_202505_7072|35806558|final rekap data
BCH-0002498,memo_teknologi_202411_9316.png,538403,2024-12-02,server-arsip-semarang,memo_teknologi_202411_9316|538403|arsip rekap total
BCH-0001106,gambar_sdm_202404_7365.doc,357327,2024-02-05,nas-lokal-04,gambar_sdm_202404_7365|357327|pending draft final
BCH-0000737,memo_audit_202411_1628.rar,767350,2024-01-25,server-arsip-semarang,memo_audit_202411_1628|767350|pending rekap periode
BCH-0001839,surat_operasional_202501_5049.csv,24291530,2024-05-04,server-arsip-semarang,surat_operasional_202501_5049|24291530|data final draft
BCH-0002939,invoice_keuangan_202502_3643.pdf,1479962,2024-03-22,portal-upload-mobile,invoice_keuangan_202502_3643|1479962|draft approved total
BCH-0001142,gambar_hukum_202507_8132.doc,47444603,2024-01-26,nas-lokal-03,gambar_hukum_202507_8132|47444603|pending draft data
BCH-0003397,kontrak_operasional_202501_7131.xml,313694,2024-02-13,server-arsip-medan,kontrak_operasional_202501_7131|313694|rekap draft total
BCH-0004030,kontrak_sdm_202512_3763.jpg,2278972,2024-03-14,server-arsip-medan,kontrak_sdm_202512_3763|2278972|revisi pending rekap
BCH-0000126,backup_logistik_202501_1606.json,47192774,2024-05-17,nas-lokal-03,backup_logistik_202501_1606|47192774|data revisi final
BCH-0001409,surat_operasional_202501_8528.png,349329,2024-06-27,cloud-storage-azure,surat_operasional_202501_8528|349329|arsip total revisi
BCH-0002744,laporan_keuangan_202511_5977.txt,153952,2024-09-20,nas-lokal-04,laporan_keuangan_202511_5977|153952|data arsip revisi
BCH-0000458,presentasi_manajemen_202511_7789.xlsx,36663982,2024-09-30,server-arsip-makassar,presentasi_manajemen_202511_7789|36663982|arsip rekap pending
BCH-0003575,presentasi_teknologi_202509_6658.docx,264444,2024-10-27,server-arsip-medan,presentasi_teknologi_202509_6658|264444|final periode pending
BCH-0003971,backup_manajemen_202505_1885.xml,439811,2024-07-20,server-arsip-makassar,backup_manajemen_202505_1885|439811|total periode revisi
BCH-0000342,laporan_keuangan_202409_3834.zip,3244931,2024-01-20,portal-upload-mobile,laporan_keuangan_202409_3834|3244931|rekap approved revisi
BCH-0000056,surat_teknologi_202505_0702.json,468689,2024-02-04,server-arsip-semarang,surat_teknologi_202505_0702|468689|rekap final total
BCH-0001353,kontrak_logistik_202501_9688.csv,229991,2024-08-04,server-arsip-medan,kontrak_logistik_202501_9688|229991|revisi arsip periode
BCH-0002674,surat_operasional_202501_1055.csv,180625,2024-12-19,ftp-cabang,surat_operasional_202501_1055|180625|final data revisi
BCH-0001317,gambar_hukum_202405_5609.jpg,28749998,2024-10-29,nas-lokal-03,gambar_hukum_202405_5609|28749998|approved draft data
BCH-0001074,backup_teknologi_202405_9576.xls,4052417,2024-01-12,portal-upload-mobile,backup_teknologi_202405_9576|4052417|rekap total periode
DUP-0000345,memo_logistik_202410_2248.docx,2764733,2024-05-07,server-arsip-bandung,memo|logistik|2764733|file dokumen total final data
BCH-0002533,gambar_keuangan_202407_8885.jpg,3027543,2024-12-02,portal-upload-mobile,gambar_keuangan_202407_8885|3027543|draft data approved
BCH-0002864,laporan_logistik_202401_8941.xml,29880899,2024-08-30,ftp-cabang,laporan_logistik_202401_8941|29880899|periode draft approved
BCH-0001808,presentasi_teknologi_202412_8984.jpeg,2235383,2024-10-24,cloud-storage-azure,presentasi_teknologi_202412_8984|2235383|pending total periode
BCH-0001711,dataset_sdm_202506_8262.doc,1651445,2024-11-26,server-arsip-medan,dataset_sdm_202506_8262|1651445|pending periode revisi
BCH-0001345,memo_logistik_202506_7977.zip,213116,2024-03-30,portal-upload-mobile,memo_logistik_202506_7977|213116|final arsip revisi
BCH-0003645,memo_logistik_202409_1158.rar,223577405,2024-04-18,server-arsip-semarang,memo_logistik_202409_1158|223577405|pending total rekap
DUP-0000431,presentasi_pemasaran_202305_4030.csv,429972585,2023-10-21,nas-lokal-01,presentasi|pemasaran|429972585|pending dokumen draft
BCH-0002244,invoice_operasional_202404_3435.jpeg,195780,2024-08-14,server-arsip-makassar,invoice_operasional_202404_3435|195780|final arsip pending
DUP-0000242,laporan_logistik_202205_3447.csv,441335,2022-11-25,backup-eksternal,laporan|logistik|441335|draft data approved rekap final
BCH-0002493,gambar_sdm_202411_1219.jpeg,184670,2024-09-12,server-arsip-makassar,gambar_sdm_202411_1219|184670|data arsip rekap
BCH-0004342,presentasi_audit_202405_9417.csv,431522,2024-12-11,server-arsip-semarang,presentasi_audit_202405_9417|431522|rekap total approved
BCH-0004231,surat_teknologi_202509_3992.xml,59453,2024-06-02,portal-upload-mobile,surat_teknologi_202509_3992|59453|data draft periode
BCH-0002945,dataset_keuangan_202403_5236.json,221519,2024-02-25,cloud-storage-azure,dataset_keuangan_202403_5236|221519|data total final
BCH-0003017,kontrak_riset_202406_4316.rar,59861,2024-07-13,nas-lokal-04,kontrak_riset_202406_4316|59861|approved final revisi
BCH-0000140,dataset_hukum_202509_9839.jpeg,130548,2024-09-20,server-arsip-semarang,dataset_hukum_202509_9839|130548|draft final total
BCH-0000983,log_sdm_202512_2328.xlsx,2882542,2024-12-13,server-arsip-medan,log_sdm_202512_2328|2882542|revisi periode rekap
BCH-0001225,presentasi_audit_202408_6627.xls,364464,2024-11-28,nas-lokal-04,presentasi_audit_202408_6627|364464|periode total revisi
BCH-0004210,dataset_riset_202409_1327.csv,22788,2024-09-17,portal-upload-mobile,dataset_riset_202409_1327|22788|total approved periode
BCH-0004390,surat_logistik_202503_6213.xlsx,153095,2024-03-24,nas-lokal-04,surat_logistik_202503_6213|153095|total final data
DUP-0000276,laporan_keuangan_202204_8808.csv,112341709,2022-10-05,nas-lokal-02,laporan|keuangan|112341709|draft data arsip approved
BCH-0000756,memo_hukum_202405_4264.doc,3609535,2024-11-27,server-arsip-semarang,memo_hukum_202405_4264|3609535|final periode total
BCH-0000101,invoice_riset_202502_1660.txt,77692,2024-11-11,ftp-cabang,invoice_riset_202502_1660|77692|total arsip pending
BCH-0000066,memo_teknologi_202408_4993.txt,24274023,2024-05-03,server-arsip-medan,memo_teknologi_202408_4993|24274023|approved rekap final
BCH-0001205,kontrak_audit_202405_3388.doc,2831558,2024-08-14,portal-upload-mobile,kontrak_audit_202405_3388|2831558|approved final data
BCH-0001266,presentasi_logistik_202404_0654.xml,241496,2024-09-13,nas-lokal-03,presentasi_logistik_202404_0654|241496|draft rekap revisi
BCH-0002230,gambar_teknologi_202507_0215.xml,1218692,2024-11-26,nas-lokal-04,gambar_teknologi_202507_0215|1218692|final revisi total
BCH-0001423,memo_hukum_202404_0917.txt,88952,2024-10-22,nas-lokal-04,memo_hukum_202404_0917|88952|revisi draft periode
BCH-0003534,invoice_hukum_202405_4024.xls,222615,2024-06-03,server-arsip-makassar,invoice_hukum_202405_4024|222615|total pending arsip
BCH-0002502,gambar_keuangan_202404_9475.doc,216832,2024-06-13,server-arsip-semarang,gambar_keuangan_202404_9475|216832|total data periode
BCH-0001394,laporan_logistik_202404_8876.json,2714574,2024-01-28,portal-upload-mobile,laporan_logistik_202404_8876|2714574|final revisi data
BCH-0001299,laporan_manajemen_202409_9625.png,276489412,2024-10-21,server-arsip-makassar,laporan_manajemen_202409_9625|276489412|draft approved data
BCH-0003697,gambar_teknologi_202406_2402.rar,381105437,2024-01-03,server-arsip-makassar,gambar_teknologi_202406_2402|381105437|pending approved draft
BCH-0002092,laporan_operasional_202408_1862.xml,240192,2024-12-06,server-arsip-medan,laporan_operasional_202408_1862|240192|revisi pending periode
BCH-0002820,dataset_riset_202408_6055.xml,933473,2024-07-02,ftp-cabang,dataset_riset_202408_6055|933473|approved draft rekap
BCH-0001491,log_pemasaran_202508_0143.jpg,172124,2024-08-20,server-arsip-semarang,log_pemasaran_202508_0143|172124|revisi data final
BCH-0000879,laporan_pemasaran_202507_2736.docx,462691,2024-12-09,ftp-cabang,laporan_pemasaran_202507_2736|462691|data total revisi
BCH-0001569,log_manajemen_202504_4665.rar,237817,2024-12-11,server-arsip-medan,log_manajemen_202504_4665|237817|pending data final
BCH-0002373,laporan_riset_202506_3700.zip,400006,2024-10-08,cloud-storage-azure,laporan_riset_202506_3700|400006|final arsip rekap
BCH-0003984,backup_hukum_202506_4755.xls,4199314,2024-07-24,nas-lokal-04,backup_hukum_202506_4755|4199314|draft rekap final
BCH-0000920,memo_riset_202509_5211.csv,118142298,2024-12-13,nas-lokal-03,memo_riset_202509_5211|118142298|final approved draft
BCH-0001265,presentasi_logistik_202507_4851.xml,377411,2024-06-24,server-arsip-semarang,presentasi_logistik_202507_4851|377411|final data approved
BCH-0000403,memo_teknologi_202408_9286.xml,46860402,2024-06-05,ftp-cabang,memo_teknologi_202408_9286|46860402|final rekap periode
BCH-0003864,backup_teknologi_202506_3560.jpg,2047038,2024-01-16,portal-upload-mobile,backup_teknologi_202506_3560|2047038|arsip final periode
BCH-0000583,kontrak_keuangan_202403_5666.png,39538,2024-08-31,server-arsip-semarang,kontrak_keuangan_202403_5666|39538|arsip approved draft
BCH-0003218,invoice_sdm_202511_4303.json,963211,2024-05-25,nas-lokal-04,invoice_sdm_202511_4303|963211|pending revisi rekap
BCH-0003679,surat_audit_202410_4524.json,127924848,2024-10-24,ftp-cabang,surat_audit_202410_4524|127924848|pending periode final
BCH-0003987,invoice_keuangan_202503_5548.jpg,15739375,2024-01-26,cloud-storage-azure,invoice_keuangan_202503_5548|15739375|pending data revisi
BCH-0000666,invoice_logistik_202403_4004.jpg,118922,2024-12-12,nas-lokal-04,invoice_logistik_202403_4004|118922|periode draft rekap
BCH-0000438,gambar_riset_202411_3562.csv,146135,2024-07-17,portal-upload-mobile,gambar_riset_202411_3562|146135|draft periode final
BCH-0003992,laporan_sdm_202506_9355.docx,1493854,2024-11-02,cloud-storage-azure,laporan_sdm_202506_9355|1493854|draft rekap arsip
BCH-0000444,dataset_sdm_202502_7378.png,1841726,2024-11-08,nas-lokal-04,dataset_sdm_202502_7378|1841726|final revisi rekap
BCH-0002974,gambar_keuangan_202510_3139.png,2434333,2024-08-26,cloud-storage-azure,gambar_keuangan_202510_3139|2434333|total rekap data
BCH-0003986,invoice_hukum_202502_6428.xlsx,4917175,2024-12-08,ftp-cabang,invoice_hukum_202502_6428|4917175|rekap pending periode
BCH-0003340,invoice_manajemen_202403_5886.doc,26234882,2024-09-08,cloud-storage-azure,invoice_manajemen_202403_5886|26234882|pending data draft
DUP-0000094,presentasi_logistik_202306_3088.xlsx,482584,2022-12-04,nas-lokal-02,presentasi|logistik|482584|revisi file periode
BCH-0003545,presentasi_operasional_202508_8253.rar,15901315,2024-10-27,cloud-storage-azure,presentasi_operasional_202508_8253|15901315|final arsip approved
BCH-0001841,invoice_keuangan_202404_5214.jpeg,322902,2024-10-18,server-arsip-makassar,invoice_keuangan_202404_5214|322902|pending approved periode
DUP-0000243,invoice_riset_202202_0978.txt,2728287,2022-12-06,cloud-storage-gcp,invoice|riset|2728287|file dokumen final pending total
BCH-0001802,presentasi_keuangan_202507_2607.csv,150711,2024-11-10,portal-upload-mobile,presentasi_keuangan_202507_2607|150711|final total data
BCH-0000904,log_keuangan_202404_5273.png,10998004,2024-01-25,server-arsip-semarang,log_keuangan_202404_5273|10998004|data periode approved
BCH-0000187,log_keuangan_202508_0785.txt,457416,2024-03-18,server-arsip-makassar,log_keuangan_202508_0785|457416|periode final pending
BCH-0002046,memo_pemasaran_202512_8462.xlsx,40910110,2024-11-22,portal-upload-mobile,memo_pemasaran_202512_8462|40910110|pending approved draft
BCH-0000400,presentasi_riset_202412_7391.jpeg,71653,2024-09-09,server-arsip-semarang,presentasi_riset_202412_7391|71653|data periode arsip
BCH-0001592,laporan_riset_202402_4485.png,2549684,2024-09-08,nas-lokal-03,laporan_riset_202402_4485|2549684|final draft revisi
BCH-0002668,presentasi_manajemen_202402_1446.json,197382,2024-04-06,ftp-cabang,presentasi_manajemen_202402_1446|197382|rekap data revisi
BCH-0003577,memo_riset_202511_7115.pdf,14931466,2024-06-12,ftp-cabang,memo_riset_202511_7115|14931466|periode approved revisi
BCH-0000933,dataset_audit_202509_4227.xml,1669933,2024-09-28,portal-upload-mobile,dataset_audit_202509_4227|1669933|draft arsip final
BCH-0004022,backup_sdm_202401_3059.xlsx,39813688,2024-06-10,server-arsip-medan,backup_sdm_202401_3059|39813688|rekap data final
BCH-0002236,surat_hukum_202411_7452.png,43521442,2024-12-14,ftp-cabang,surat_hukum_202411_7452|43521442|arsip final draft
BCH-0003722,dataset_manajemen_202503_1108.zip,176822,2024-05-23,ftp-cabang,dataset_manajemen_202503_1108|176822|final rekap revisi
BCH-0000905,memo_manajemen_202404_4600.csv,412369,2024-02-12,nas-lokal-03,memo_manajemen_202404_4600|412369|pending periode draft
BCH-0003641,backup_manajemen_202501_0026.rar,478560184,2024-08-17,nas-lokal-04,backup_manajemen_202501_0026|478560184|periode total draft
BCH-0002558,kontrak_keuangan_202408_7538.xml,2022530,2024-05-09,server-arsip-medan,kontrak_keuangan_202408_7538|2022530|pending rekap revisi
BCH-0003431,memo_teknologi_202402_9930.rar,3477907,2024-01-07,server-arsip-semarang,memo_teknologi_202402_9930|3477907|revisi draft pending
BCH-0001919,laporan_teknologi_202409_8236.pdf,164063,2024-05-07,portal-upload-mobile,laporan_teknologi_202409_8236|164063|periode pending data
BCH-0004358,laporan_operasional_202402_6792.xml,4355941,2024-09-22,portal-upload-mobile,laporan_operasional_202402_6792|4355941|periode revisi data
BCH-0003292,log_sdm_202511_3646.doc,33608,2024-12-17,server-arsip-makassar,log_sdm_202511_3646|33608|revisi pending periode
BCH-0000419,invoice_pemasaran_202406_5053.json,816279,2024-11-10,ftp-cabang,invoice_pemasaran_202406_5053|816279|draft total data
BCH-0000736,surat_operasional_202509_3609.doc,72480836,2024-01-23,nas-lokal-04,surat_operasional_202509_3609|72480836|approved draft final
BCH-0000335,dataset_logistik_202402_5116.docx,3827726,2024-03-01,cloud-storage-azure,dataset_logistik_202402_5116|3827726|data total pending
BCH-0002532,memo_pemasaran_202511_1805.pdf,130360,2024-05-17,nas-lokal-04,memo_pemasaran_202511_1805|130360|rekap final pending
BCH-0003880,gambar_operasional_202504_5090.txt,23258270,2024-05-03,ftp-cabang,gambar_operasional_202504_5090|23258270|total pending draft
BCH-0003485,dataset_operasional_202502_9126.jpeg,24681586,2024-10-21,nas-lokal-04,dataset_operasional_202502_9126|24681586|revisi periode rekap
BCH-0001357,invoice_teknologi_202511_1432.xlsx,218808,2024-08-25,cloud-storage-azure,invoice_teknologi_202511_1432|218808|periode pending arsip
BCH-0000542,log_audit_202408_7199.jpeg,1525768,2024-11-14,server-arsip-makassar,log_audit_202408_7199|1525768|pending total arsip
BCH-0002151,log_riset_202401_6704.pdf,417521,2024-11-08,ftp-cabang,log_riset_202401_6704|417521|total arsip data
BCH-0001003,backup_hukum_202509_8699.json,37664360,2024-03-18,ftp-cabang,backup_hukum_202509_8699|37664360|pending rekap revisi
BCH-0001198,memo_teknologi_202405_0384.png,2948817,2024-01-09,nas-lokal-03,memo_teknologi_202405_0384|2948817|rekap arsip total
BCH-0002562,backup_pemasaran_202512_0041.xls,1754870,2024-05-24,nas-lokal-03,backup_pemasaran_202512_0041|1754870|rekap periode pending
DUP-0000064,kontrak_riset_202304_4935.zip,1432703,2022-09-07,server-arsip-jakarta,kontrak|riset|1432703|approved data dokumen
BCH-0004016,presentasi_sdm_202503_0896.xml,28341396,2024-05-22,server-arsip-makassar,presentasi_sdm_202503_0896|28341396|revisi data pending
BCH-0001833,backup_operasional_202507_3034.jpeg,2742595,2024-07-19,nas-lokal-04,backup_operasional_202507_3034|2742595|draft pending rekap
BCH-0001634,dataset_audit_202507_3705.pdf,436375,2024-02-17,ftp-cabang,dataset_audit_202507_3705|436375|draft periode data
DUP-0000254,kontrak_manajemen_202212_5413.csv,31311837,2023-10-28,backup-eksternal,kontrak|manajemen|31311837|rekap total pending data
BCH-0003740,backup_hukum_202410_3207.jpg,273939,2024-10-22,portal-upload-mobile,backup_hukum_202410_3207|273939|total revisi final
BCH-0002884,backup_teknologi_202411_1424.jpeg,4514805,2024-09-25,server-arsip-medan,backup_teknologi_202411_1424|4514805|draft data arsip
BCH-0001564,gambar_riset_202510_9723.zip,300927,2024-08-05,cloud-storage-azure,gambar_riset_202510_9723|300927|revisi pending draft
DUP-0000018,gambar_hukum_202302_6106.docx,11256567,2022-09-24,ftp-pusat,gambar|hukum|11256567|dokumen arsip data
BCH-0002594,kontrak_sdm_202409_7751.png,17822817,2024-06-01,server-arsip-makassar,kontrak_sdm_202409_7751|17822817|pending total revisi
DUP-0000054,backup_teknologi_202206_1275.zip,270143,2023-05-03,nas-lokal-01,backup|teknologi|270143|periode data total draft
BCH-0000529,kontrak_riset_202504_8781.txt,3057977,2024-10-04,server-arsip-makassar,kontrak_riset_202504_8781|3057977|periode final rekap
DUP-0000468,invoice_audit_202205_5855.xlsx,170539578,2022-06-06,portal-upload-web,invoice|audit|170539578|total draft file rekap
DUP-0000328,invoice_operasional_202211_5518.docx,4916868,2022-09-26,portal-upload-web,invoice|operasional|4916868|periode file data dokumen
BCH-0001810,log_teknologi_202506_3375.xml,387857072,2024-11-17,ftp-cabang,log_teknologi_202506_3375|387857072|total approved data
BCH-0001506,backup_audit_202411_4876.zip,4372818,2024-11-28,server-arsip-medan,backup_audit_202411_4876|4372818|revisi periode total
BCH-0004289,dataset_keuangan_202404_0282.jpg,35869,2024-01-22,server-arsip-makassar,dataset_keuangan_202404_0282|35869|periode arsip total
BCH-0002519,surat_pemasaran_202404_0319.txt,3794063,2024-01-25,cloud-storage-azure,surat_pemasaran_202404_0319|3794063|pending data draft
BCH-0002833,dataset_operasional_202412_5503.docx,1696634,2024-05-23,server-arsip-semarang,dataset_operasional_202412_5503|1696634|draft approved final
BCH-0002772,laporan_logistik_202403_8041.xlsx,2307929,2024-02-03,cloud-storage-azure,laporan_logistik_202403_8041|2307929|draft periode final
BCH-0001473,gambar_pemasaran_202404_6382.png,3923973,2024-01-23,server-arsip-medan,gambar_pemasaran_202404_6382|3923973|data approved rekap
DUP-0000120,kontrak_riset_202206_7390.xlsx,1676893,2022-04-20,nas-lokal-01,kontrak|riset|1676893|pending periode revisi
BCH-0001486,dataset_teknologi_202509_9194.doc,236546236,2024-12-11,server-arsip-makassar,dataset_teknologi_202509_9194|236546236|rekap pending total
BCH-0004066,dataset_hukum_202406_2697.xlsx,35413,2024-08-17,server-arsip-medan,dataset_hukum_202406_2697|35413|arsip draft approved
BCH-0001940,kontrak_hukum_202512_0429.txt,262338,2024-11-19,nas-lokal-03,kontrak_hukum_202512_0429|262338|data rekap arsip
BCH-0001069,log_audit_202503_2616.xml,2618765,2024-03-07,server-arsip-semarang,log_audit_202503_2616|2618765|revisi arsip total
BCH-0000300,backup_sdm_202504_5861.jpg,43005641,2024-01-18,nas-lokal-03,backup_sdm_202504_5861|43005641|periode data arsip
DUP-0000312,laporan_keuangan_202301_8229.jpg,4994097,2024-05-31,server-arsip-surabaya,laporan|keuangan|4994097|total arsip periode
BCH-0002137,presentasi_teknologi_202403_1133.xls,894387,2024-05-22,server-arsip-medan,presentasi_teknologi_202403_1133|894387|rekap draft approved
BCH-0000902,kontrak_teknologi_202503_6048.rar,484584,2024-12-01,nas-lokal-04,kontrak_teknologi_202503_6048|484584|rekap revisi total
BCH-0004169,dataset_operasional_202409_9993.jpeg,2587483,2024-07-06,portal-upload-mobile,dataset_operasional_202409_9993|2587483|revisi arsip draft
BCH-0002810,invoice_sdm_202506_2664.doc,261298,2024-08-05,cloud-storage-azure,invoice_sdm_202506_2664|261298|pending total arsip
BCH-0000794,invoice_logistik_202510_8437.xls,94223047,2024-01-04,cloud-storage-azure,invoice_logistik_202510_8437|94223047|final draft approved
BCH-0001025,gambar_sdm_202412_4643.json,1006444,2024-07-07,ftp-cabang,gambar_sdm_202412_4643|1006444|periode data revisi
BCH-0001601,laporan_manajemen_202511_0785.doc,4155930,2024-12-05,cloud-storage-azure,laporan_manajemen_202511_0785|4155930|rekap draft total
BCH-0003423,backup_teknologi_202504_0391.json,54844,2024-04-06,nas-lokal-03,backup_teknologi_202504_0391|54844|revisi draft final
BCH-0000785,gambar_hukum_202502_4008.csv,76520,2024-12-08,server-arsip-semarang,gambar_hukum_202502_4008|76520|revisi approved draft
BCH-0000837,memo_hukum_202509_8995.pdf,74527,2024-04-17,portal-upload-mobile,memo_hukum_202509_8995|74527|draft data total
BCH-0000172,surat_logistik_202510_8450.csv,685483,2024-06-29,nas-lokal-04,surat_logistik_202510_8450|685483|data total draft
BCH-0003900,memo_teknologi_202403_2224.zip,96722268,2024-09-14,server-arsip-semarang,memo_teknologi_202403_2224|96722268|draft arsip periode
BCH-0000555,kontrak_riset_202407_2415.jpeg,286382,2024-11-12,nas-lokal-03,kontrak_riset_202407_2415|286382|rekap revisi final
BCH-0003841,kontrak_logistik_202403_3209.xls,147764,2024-11-08,nas-lokal-04,kontrak_logistik_202403_3209|147764|pending total draft
BCH-0003093,log_keuangan_202409_1205.xlsx,4432527,2024-08-20,cloud-storage-azure,log_keuangan_202409_1205|4432527|data draft final
BCH-0003942,backup_operasional_202409_1497.doc,40036,2024-03-09,server-arsip-makassar,backup_operasional_202409_1497|40036|revisi arsip total
BCH-0002431,dataset_operasional_202505_0241.xlsx,321838122,2024-04-18,nas-lokal-04,dataset_operasional_202505_0241|321838122|revisi pending final
BCH-0002536,presentasi_manajemen_202509_9328.rar,175642,2024-06-13,server-arsip-makassar,presentasi_manajemen_202509_9328|175642|total pending arsip
BCH-0004126,log_keuangan_202503_3408.xml,1651254,2024-11-23,server-arsip-makassar,log_keuangan_202503_3408|1651254|periode revisi pending
BCH-0000073,invoice_audit_202505_2268.docx,463814142,2024-08-02,nas-lokal-04,invoice_audit_202505_2268|463814142|arsip draft total
BCH-0001958,dataset_riset_202408_5432.png,240293,2024-11-19,cloud-storage-azure,dataset_riset_202408_5432|240293|approved pending total
BCH-0004056,invoice_operasional_202511_9290.jpeg,724007,2024-06-28,portal-upload-mobile,invoice_operasional_202511_9290|724007|arsip data draft
BCH-0000304,log_hukum_202407_9926.docx,141196,2024-01-03,cloud-storage-azure,log_hukum_202407_9926|141196|total arsip data
BCH-0004408,laporan_audit_202408_6851.rar,27586267,2024-11-10,server-arsip-medan,laporan_audit_202408_6851|27586267|rekap arsip revisi
BCH-0000004,memo_sdm_202512_4490.png,43983,2024-09-29,portal-upload-mobile,memo_sdm_202512_4490|43983|arsip total pending
BCH-0002923,log_audit_202507_4485.xls,287581,2024-02-06,ftp-cabang,log_audit_202507_4485|287581|arsip data periode
BCH-0000720,backup_hukum_202409_8737.xls,339140,2024-03-31,nas-lokal-04,backup_hukum_202409_8737|339140|data rekap draft
BCH-0001543,laporan_pemasaran_202405_3301.rar,2858148,2024-11-21,nas-lokal-04,laporan_pemasaran_202405_3301|2858148|rekap arsip revisi
BCH-0003788,dataset_manajemen_202405_2130.xlsx,23955,2024-06-10,server-arsip-semarang,dataset_manajemen_202405_2130|23955|draft total final
DUP-0000010,presentasi_sdm_202307_7836.docx,4329725,2024-05-13,server-arsip-surabaya,presentasi|sdm|4329725|periode rekap file
BCH-0002583,laporan_sdm_202409_5275.rar,897442,2024-02-29,server-arsip-makassar,laporan_sdm_202409_5275|897442|data pending draft
BCH-0002461,log_manajemen_202408_3880.csv,188307,2024-10-20,nas-lokal-03,log_manajemen_202408_3880|188307|data periode revisi
BCH-0003930,invoice_audit_202509_3185.jpg,412037,2024-11-29,server-arsip-makassar,invoice_audit_202509_3185|412037|data pending total
BCH-0001605,surat_hukum_202411_2326.jpeg,264029,2024-05-25,nas-lokal-04,surat_hukum_202411_2326|264029|periode arsip approved
DUP-0000441,backup_keuangan_202311_1990.xml,248331,2024-02-05,portal-upload-web,backup|keuangan|248331|rekap revisi file
BCH-0003432,kontrak_operasional_202506_8047.pdf,1746809,2024-05-10,nas-lokal-04,kontrak_operasional_202506_8047|1746809|revisi arsip rekap
BCH-0000431,log_logistik_202505_9843.docx,4446754,2024-10-26,server-arsip-medan,log_logistik_202505_9843|4446754|revisi draft pending
BCH-0001395,kontrak_sdm_202503_9616.csv,48495819,2024-07-30,server-arsip-makassar,kontrak_sdm_202503_9616|48495819|periode rekap total
BCH-0003028,presentasi_riset_202403_1200.png,337262,2024-03-31,server-arsip-makassar,presentasi_riset_202403_1200|337262|revisi final data
BCH-0004243,presentasi_manajemen_202512_7268.json,252614,2024-12-21,ftp-cabang,presentasi_manajemen_202512_7268|252614|revisi approved pending
BCH-0001378,memo_teknologi_202411_8031.pdf,672232,2024-01-04,nas-lokal-04,memo_teknologi_202411_8031|672232|arsip periode draft
BCH-0004252,invoice_operasional_202402_6323.zip,15883279,2024-05-09,cloud-storage-azure,invoice_operasional_202402_6323|15883279|data final approved
BCH-0000345,presentasi_operasional_202404_5172.txt,32957538,2024-04-12,nas-lokal-04,presentasi_operasional_202404_5172|32957538|draft pending total
BCH-0001342,presentasi_sdm_202405_6550.zip,93743539,2024-05-24,nas-lokal-04,presentasi_sdm_202405_6550|93743539|arsip periode pending
BCH-0001239,presentasi_keuangan_202508_5182.xml,11363412,2024-06-20,server-arsip-makassar,presentasi_keuangan_202508_5182|11363412|rekap arsip draft
BCH-0003011,laporan_riset_202412_3488.docx,481755,2024-03-14,server-arsip-medan,laporan_riset_202412_3488|481755|rekap revisi total
BCH-0004069,backup_riset_202502_1801.doc,5864555,2024-01-26,nas-lokal-03,backup_riset_202502_1801|5864555|total pending periode
BCH-0003894,gambar_manajemen_202512_9750.xml,483556,2024-01-14,cloud-storage-azure,gambar_manajemen_202512_9750|483556|rekap data periode
BCH-0001724,memo_teknologi_202412_2158.xlsx,241673469,2024-02-20,nas-lokal-04,memo_teknologi_202412_2158|241673469|approved periode draft
BCH-0002597,memo_manajemen_202503_1798.xlsx,175583,2024-03-12,server-arsip-makassar,memo_manajemen_202503_1798|175583|rekap total arsip
DUP-0000048,memo_teknologi_202403_6877.json,4790165,2022-11-11,nas-lokal-01,memo|teknologi|4790165|approved rekap dokumen revisi
BCH-0002527,dataset_manajemen_202502_4399.png,490916,2024-11-29,portal-upload-mobile,dataset_manajemen_202502_4399|490916|approved pending periode
BCH-0000579,invoice_riset_202411_1407.zip,39988230,2024-12-17,nas-lokal-04,invoice_riset_202411_1407|39988230|final periode arsip
BCH-0000161,backup_audit_202501_3024.doc,40156329,2024-11-10,server-arsip-semarang,backup_audit_202501_3024|40156329|draft rekap pending
BCH-0004260,laporan_manajemen_202404_8191.jpeg,29704110,2024-06-24,server-arsip-medan,laporan_manajemen_202404_8191|29704110|arsip final draft
BCH-0001758,log_sdm_202504_7152.pdf,20305291,2024-12-19,server-arsip-medan,log_sdm_202504_7152|20305291|revisi pending final
BCH-0001779,backup_audit_202503_4149.zip,21646872,2024-09-23,ftp-cabang,backup_audit_202503_4149|21646872|draft data final
BCH-0002754,dataset_teknologi_202406_5026.xlsx,168735,2024-10-18,server-arsip-makassar,dataset_teknologi_202406_5026|168735|final data total
BCH-0000626,presentasi_manajemen_202502_3859.jpeg,2196681,2024-05-09,nas-lokal-04,presentasi_manajemen_202502_3859|2196681|final arsip rekap
BCH-0001037,surat_keuangan_202502_5307.xls,181426,2024-01-08,nas-lokal-04,surat_keuangan_202502_5307|181426|pending rekap final
BCH-0003445,memo_manajemen_202511_0450.jpeg,260461,2024-02-01,nas-lokal-03,memo_manajemen_202511_0450|260461|arsip pending final
BCH-0004466,dataset_logistik_202505_3152.xml,233415837,2024-12-23,cloud-storage-azure,dataset_logistik_202505_3152|233415837|final arsip total
DUP-0000467,laporan_sdm_202310_9014.json,3026270,2024-01-04,server-arsip-bandung,laporan|sdm|3026270|draft arsip revisi periode total
BCH-0003402,laporan_keuangan_202411_6312.xml,499548949,2024-07-09,nas-lokal-03,laporan_keuangan_202411_6312|499548949|revisi final approved
BCH-0003005,gambar_teknologi_202407_5319.doc,397324,2024-02-24,server-arsip-makassar,gambar_teknologi_202407_5319|397324|data approved total
BCH-0004367,dataset_sdm_202407_2081.rar,33397188,2024-10-27,server-arsip-makassar,dataset_sdm_202407_2081|33397188|pending approved periode
BCH-0001879,laporan_pemasaran_202406_5676.png,1125421,2024-11-27,cloud-storage-azure,laporan_pemasaran_202406_5676|1125421|approved arsip total
BCH-0003131,laporan_hukum_202406_5074.txt,444270,2024-04-29,nas-lokal-03,laporan_hukum_202406_5074|444270|pending draft periode
BCH-0000726,backup_keuangan_202405_2599.doc,302648,2024-02-03,server-arsip-makassar,backup_keuangan_202405_2599|302648|arsip pending revisi
BCH-0003358,invoice_teknologi_202511_6377.rar,285958,2024-07-06,portal-upload-mobile,invoice_teknologi_202511_6377|285958|total rekap periode
BCH-0004298,gambar_manajemen_202507_7557.csv,383416,2024-10-01,nas-lokal-03,gambar_manajemen_202507_7557|383416|total arsip data
BCH-0001080,kontrak_keuangan_202401_7622.csv,1759370,2024-09-14,nas-lokal-03,kontrak_keuangan_202401_7622|1759370|pending final revisi
DUP-0000315,backup_logistik_202309_4700.png,195598,2023-07-19,nas-lokal-02,backup|logistik|195598|file revisi final total dokumen
BCH-0000302,presentasi_manajemen_202510_3421.xml,474933488,2024-02-15,nas-lokal-04,presentasi_manajemen_202510_3421|474933488|total pending rekap
BCH-0003056,log_sdm_202410_0982.csv,63155,2024-10-04,ftp-cabang,log_sdm_202410_0982|63155|total revisi pending
BCH-0002845,kontrak_teknologi_202501_4463.pdf,2913884,2024-07-02,server-arsip-makassar,kontrak_teknologi_202501_4463|2913884|approved total periode
BCH-0000847,gambar_keuangan_202405_9910.jpeg,3464012,2024-05-08,ftp-cabang,gambar_keuangan_202405_9910|3464012|revisi pending data
BCH-0004014,backup_audit_202509_3502.xlsx,4149631,2024-02-19,nas-lokal-04,backup_audit_202509_3502|4149631|data rekap total
BCH-0004385,log_keuangan_202506_0449.pdf,145257,2024-02-22,server-arsip-semarang,log_keuangan_202506_0449|145257|arsip pending revisi
BCH-0004453,gambar_logistik_202401_9392.png,4166057,2024-12-15,portal-upload-mobile,gambar_logistik_202401_9392|4166057|pending draft approved
BCH-0000781,backup_hukum_202502_3114.xlsx,3021183,2024-09-08,server-arsip-semarang,backup_hukum_202502_3114|3021183|total revisi data
BCH-0001191,kontrak_audit_202402_7695.jpg,231487,2024-04-14,server-arsip-makassar,kontrak_audit_202402_7695|231487|pending data rekap
BCH-0004440,dataset_operasional_202506_6524.csv,63346,2024-07-02,nas-lokal-04,dataset_operasional_202506_6524|63346|data final periode
BCH-0004350,kontrak_pemasaran_202502_0364.jpg,4113517,2024-02-02,server-arsip-makassar,kontrak_pemasaran_202502_0364|4113517|draft pending periode
BCH-0002941,laporan_audit_202412_7469.txt,190159,2024-03-21,cloud-storage-azure,laporan_audit_202412_7469|190159|pending revisi final
BCH-0004414,kontrak_manajemen_202403_1014.jpg,469613012,2024-11-09,server-arsip-makassar,kontrak_manajemen_202403_1014|469613012|data arsip revisi
BCH-0003739,laporan_logistik_202402_4642.csv,314805,2024-06-15,cloud-storage-azure,laporan_logistik_202402_4642|314805|pending data draft
BCH-0000478,gambar_teknologi_202401_3665.pdf,422822,2024-01-31,ftp-cabang,gambar_teknologi_202401_3665|422822|total pending data
BCH-0004351,backup_logistik_202506_7651.doc,157840,2024-12-25,nas-lokal-03,backup_logistik_202506_7651|157840|final approved data
BCH-0000038,presentasi_logistik_202509_7150.doc,447719,2024-04-01,nas-lokal-03,presentasi_logistik_202509_7150|447719|data rekap draft
BCH-0002364,gambar_hukum_202512_2659.txt,4245703,2024-06-09,portal-upload-mobile,gambar_hukum_202512_2659|4245703|periode pending total
BCH-0002317,dataset_teknologi_202504_9481.xls,358165290,2024-09-13,ftp-cabang,dataset_teknologi_202504_9481|358165290|approved pending data
BCH-0004029,log_manajemen_202403_5274.png,211562,2024-07-31,nas-lokal-04,log_manajemen_202403_5274|211562|final rekap total
BCH-0003689,invoice_audit_202502_2014.zip,4483112,2024-10-25,nas-lokal-03,invoice_audit_202502_2014|4483112|approved total rekap
BCH-0001222,gambar_teknologi_202501_1977.rar,206270,2024-02-04,server-arsip-semarang,gambar_teknologi_202501_1977|206270|total data arsip
DUP-0000266,invoice_pemasaran_202402_5624.txt,461424250,2024-02-12,nas-lokal-02,invoice|pemasaran|461424250|data arsip approved revisi file
BCH-0001814,kontrak_audit_202401_3714.docx,1543357,2024-04-19,cloud-storage-azure,kontrak_audit_202401_3714|1543357|periode arsip data
BCH-0000118,laporan_keuangan_202412_3325.png,48538202,2024-01-15,server-arsip-makassar,laporan_keuangan_202412_3325|48538202|revisi arsip total
DUP-0000170,gambar_keuangan_202411_0004.docx,82832,2022-10-28,server-arsip-surabaya,gambar|keuangan|82832|arsip final approved pending
BCH-0000065,backup_manajemen_202406_8448.zip,124850,2024-08-23,nas-lokal-04,backup_manajemen_202406_8448|124850|data pending final
DUP-0000432,invoice_riset_202308_1479.zip,331996891,2023-05-03,portal-upload-web,invoice|riset|331996891|draft file dokumen
BCH-0002019,dataset_teknologi_202404_5019.json,133285779,2024-07-02,nas-lokal-03,dataset_teknologi_202404_5019|133285779|periode revisi total
BCH-0000795,invoice_riset_202411_5418.xml,158079,2024-10-12,server-arsip-makassar,invoice_riset_202411_5418|158079|draft data pending
BCH-0002410,kontrak_pemasaran_202409_0181.xls,38812320,2024-09-13,nas-lokal-03,kontrak_pemasaran_202409_0181|38812320|rekap data approved
BCH-0001545,memo_manajemen_202402_4869.docx,468156,2024-01-18,nas-lokal-03,memo_manajemen_202402_4869|468156|draft total rekap
DUP-0000151,gambar_sdm_202307_6722.txt,369298,2023-10-15,server-arsip-bandung,gambar|sdm|369298|revisi approved final dokumen periode
BCH-0003258,dataset_keuangan_202409_2213.jpeg,441652,2024-03-04,portal-upload-mobile,dataset_keuangan_202409_2213|441652|draft rekap approved
BCH-0003626,log_audit_202511_3450.xlsx,315369,2024-05-09,nas-lokal-04,log_audit_202511_3450|315369|final revisi data
DUP-0000236,dataset_riset_202409_9982.json,397439,2022-03-28,portal-upload-web,dataset|riset|397439|periode data arsip revisi
BCH-0001015,gambar_keuangan_202404_7449.zip,4637167,2024-02-27,server-arsip-medan,gambar_keuangan_202404_7449|4637167|rekap arsip revisi
BCH-0000668,kontrak_keuangan_202509_5630.zip,365119,2024-05-24,ftp-cabang,kontrak_keuangan_202509_5630|365119|periode approved total
BCH-0003127,presentasi_manajemen_202408_0997.jpg,49346,2024-04-22,ftp-cabang,presentasi_manajemen_202408_0997|49346|approved revisi total
BCH-0000874,surat_hukum_202412_4124.jpeg,42233902,2024-12-17,nas-lokal-03,surat_hukum_202412_4124|42233902|final arsip draft
BCH-0001911,kontrak_keuangan_202405_8551.pdf,3181301,2024-02-11,portal-upload-mobile,kontrak_keuangan_202405_8551|3181301|rekap approved data
BCH-0000285,gambar_audit_202405_6485.zip,2556717,2024-10-11,server-arsip-semarang,gambar_audit_202405_6485|2556717|draft data final
BCH-0001560,surat_logistik_202403_4850.pdf,129410,2024-09-19,portal-upload-mobile,surat_logistik_202403_4850|129410|draft arsip data
DUP-0000308,invoice_audit_202309_1364.jpg,414191,2022-08-01,cloud-storage-gcp,invoice|audit|414191|periode total approved final revisi
BCH-0002634,dataset_teknologi_202402_5585.docx,498212109,2024-12-31,ftp-cabang,dataset_teknologi_202402_5585|498212109|arsip total final
BCH-0002338,backup_teknologi_202505_7608.json,472651,2024-05-04,portal-upload-mobile,backup_teknologi_202505_7608|472651|rekap draft periode
BCH-0003594,backup_riset_202402_8288.xls,1434623,2024-01-15,nas-lokal-03,backup_riset_202402_8288|1434623|periode rekap arsip
BCH-0004245,dataset_hukum_202508_7914.doc,29857,2024-08-18,portal-upload-mobile,dataset_hukum_202508_7914|29857|data pending approved
BCH-0003246,presentasi_hukum_202401_3135.txt,2723029,2024-01-26,server-arsip-makassar,presentasi_hukum_202401_3135|2723029|pending approved rekap
BCH-0002713,laporan_operasional_202402_3407.png,11953480,2024-04-15,server-arsip-semarang,laporan_operasional_202402_3407|11953480|draft rekap arsip
BCH-0000822,invoice_sdm_202402_9647.rar,2060901,2024-05-25,ftp-cabang,invoice_sdm_202402_9647|2060901|total approved final
BCH-0003952,dataset_sdm_202504_5710.zip,2595189,2024-03-08,server-arsip-medan,dataset_sdm_202504_5710|2595189|final revisi approved
BCH-0004019,memo_riset_202501_0109.xml,27347128,2024-03-15,server-arsip-makassar,memo_riset_202501_0109|27347128|data rekap final
DUP-0000202,backup_riset_202210_7812.pdf,979538,2024-10-26,ftp-pusat,backup|riset|979538|rekap arsip total
BCH-0003506,dataset_hukum_202501_4906.csv,27629878,2024-12-15,server-arsip-makassar,dataset_hukum_202501_4906|27629878|final total periode
BCH-0000813,surat_keuangan_202402_2691.rar,20101027,2024-01-26,server-arsip-medan,surat_keuangan_202402_2691|20101027|revisi periode approved
BCH-0002846,kontrak_pemasaran_202508_6684.jpg,40711676,2024-12-18,ftp-cabang,kontrak_pemasaran_202508_6684|40711676|periode revisi approved
DUP-0000477,presentasi_keuangan_202306_1862.xlsx,14897658,2024-04-12,cloud-storage-gcp,presentasi|keuangan|14897658|file rekap pending periode dokumen
BCH-0003736,surat_teknologi_202407_7534.png,1557302,2024-12-30,nas-lokal-04,surat_teknologi_202407_7534|1557302|arsip total data
BCH-0004099,presentasi_keuangan_202402_2054.jpg,296330,2024-09-10,server-arsip-semarang,presentasi_keuangan_202402_2054|296330|approved periode pending
BCH-0000256,presentasi_manajemen_202405_4835.png,13993,2024-06-24,server-arsip-makassar,presentasi_manajemen_202405_4835|13993|data pending rekap
BCH-0004425,laporan_pemasaran_202512_9577.txt,333474455,2024-07-07,portal-upload-mobile,laporan_pemasaran_202512_9577|333474455|pending data rekap
BCH-0004100,laporan_riset_202506_7026.xls,468093231,2024-04-25,nas-lokal-04,laporan_riset_202506_7026|468093231|total periode approved
BCH-0000809,log_riset_202408_2549.zip,28567007,2024-10-21,nas-lokal-04,log_riset_202408_2549|28567007|pending rekap periode
BCH-0001250,backup_riset_202511_1878.zip,2740289,2024-04-01,server-arsip-makassar,backup_riset_202511_1878|2740289|periode pending data
BCH-0002294,invoice_audit_202409_4739.png,1494864,2024-10-06,cloud-storage-azure,invoice_audit_202409_4739|1494864|approved revisi total
DUP-0000337,gambar_audit_202205_1107.zip,37344471,2024-02-23,cloud-storage-aws,gambar|audit|37344471|file revisi draft approved dokumen
DUP-0000316,gambar_audit_202406_6898.jpg,43518160,2023-12-24,cloud-storage-gcp,gambar|audit|43518160|periode rekap dokumen final
BCH-0001995,laporan_keuangan_202412_1943.xlsx,166255,2024-03-10,server-arsip-makassar,laporan_keuangan_202412_1943|166255|rekap pending draft
BCH-0002185,surat_pemasaran_202403_5393.json,493564,2024-05-10,cloud-storage-azure,surat_pemasaran_202403_5393|493564|final arsip data
BCH-0004353,invoice_pemasaran_202501_2086.xml,40220438,2024-09-22,nas-lokal-03,invoice_pemasaran_202501_2086|40220438|arsip total periode
BCH-0001168,presentasi_keuangan_202411_8489.csv,290923725,2024-05-11,portal-upload-mobile,presentasi_keuangan_202411_8489|290923725|final rekap total
BCH-0001340,memo_riset_202505_8428.xlsx,30262,2024-02-20,cloud-storage-azure,memo_riset_202505_8428|30262|pending draft periode
BCH-0001483,invoice_keuangan_202506_7687.png,2596688,2024-10-12,server-arsip-semarang,invoice_keuangan_202506_7687|2596688|draft approved periode
BCH-0000415,laporan_audit_202412_2754.pdf,143867,2024-01-17,nas-lokal-03,laporan_audit_202412_2754|143867|approved draft arsip
BCH-0000190,invoice_teknologi_202507_4938.xls,4897123,2024-05-26,cloud-storage-azure,invoice_teknologi_202507_4938|4897123|final draft rekap
BCH-0002663,kontrak_sdm_202403_2806.csv,47004877,2024-04-30,server-arsip-makassar,kontrak_sdm_202403_2806|47004877|total final draft
BCH-0002094,invoice_manajemen_202511_0895.png,4825709,2024-01-05,server-arsip-makassar,invoice_manajemen_202511_0895|4825709|periode draft rekap
BCH-0001822,gambar_riset_202512_4980.doc,356930,2024-02-14,server-arsip-semarang,gambar_riset_202512_4980|356930|revisi data pending
BCH-0003731,log_audit_202408_1203.xlsx,104375,2024-12-16,server-arsip-semarang,log_audit_202408_1203|104375|periode arsip final
BCH-0000379,gambar_sdm_202509_9654.doc,536229,2024-02-07,server-arsip-makassar,gambar_sdm_202509_9654|536229|periode arsip data
BCH-0000434,surat_audit_202505_0549.png,324031,2024-02-10,server-arsip-makassar,surat_audit_202505_0549|324031|data approved periode
BCH-0001347,dataset_riset_202501_3759.json,396020,2024-09-27,server-arsip-semarang,dataset_riset_202501_3759|396020|periode data total
BCH-0003348,memo_keuangan_202406_2431.txt,4825265,2024-07-16,nas-lokal-04,memo_keuangan_202406_2431|4825265|periode data revisi
BCH-0000596,invoice_operasional_202405_5100.rar,488503,2024-06-26,cloud-storage-azure,invoice_operasional_202405_5100|488503|periode data pending
BCH-0000207,invoice_hukum_202406_7519.png,80928,2024-07-21,server-arsip-semarang,invoice_hukum_202406_7519|80928|data periode draft
BCH-0000843,surat_pemasaran_202401_8229.png,4103877,2024-05-15,server-arsip-semarang,surat_pemasaran_202401_8229|4103877|final data revisi
BCH-0003652,backup_teknologi_202504_0736.jpeg,41883132,2024-01-12,ftp-cabang,backup_teknologi_202504_0736|41883132|periode draft rekap
BCH-0001690,log_audit_202503_6133.pdf,1991786,2024-01-18,cloud-storage-azure,log_audit_202503_6133|1991786|revisi pending approved
BCH-0000731,log_hukum_202508_9536.docx,4047342,2024-07-15,cloud-storage-azure,log_hukum_202508_9536|4047342|total periode arsip
BCH-0002556,laporan_logistik_202508_9830.png,453418,2024-10-15,cloud-storage-azure,laporan_logistik_202508_9830|453418|periode rekap arsip
DUP-0000391,surat_audit_202301_4332.xlsx,395016,2022-08-26,server-arsip-jakarta,surat|audit|395016|pending approved file
DUP-0000030,gambar_teknologi_202202_8162.xlsx,396818,2022-02-24,server-arsip-surabaya,gambar|teknologi|396818|dokumen data draft periode
BCH-0004111,log_pemasaran_202405_8850.jpg,3730077,2024-11-27,nas-lokal-03,log_pemasaran_202405_8850|3730077|revisi arsip periode
BCH-0003663,presentasi_sdm_202501_8617.txt,1873055,2024-07-09,nas-lokal-03,presentasi_sdm_202501_8617|1873055|revisi total approved
BCH-0002253,surat_teknologi_202412_3363.csv,2657993,2024-11-04,server-arsip-semarang,surat_teknologi_202412_3363|2657993|approved data arsip
BCH-0003606,presentasi_logistik_202507_2220.pdf,1994960,2024-02-23,cloud-storage-azure,presentasi_logistik_202507_2220|1994960|periode approved rekap
BCH-0001202,surat_manajemen_202408_1376.json,1735608,2024-05-19,server-arsip-semarang,surat_manajemen_202408_1376|1735608|draft arsip periode
BCH-0000510,invoice_riset_202411_1463.docx,48611105,2024-01-25,nas-lokal-04,invoice_riset_202411_1463|48611105|total final revisi
BCH-0001391,backup_keuangan_202410_2374.csv,4740065,2024-08-28,nas-lokal-04,backup_keuangan_202410_2374|4740065|data final arsip
BCH-0002095,memo_pemasaran_202505_6179.rar,3033092,2024-09-14,ftp-cabang,memo_pemasaran_202505_6179|3033092|draft pending final
BCH-0001289,surat_riset_202503_7503.xlsx,4635860,2024-10-24,portal-upload-mobile,surat_riset_202503_7503|4635860|pending revisi total
BCH-0001859,log_sdm_202406_9362.jpeg,188856,2024-06-13,portal-upload-mobile,log_sdm_202406_9362|188856|draft rekap approved
BCH-0003300,invoice_audit_202512_2778.pdf,2234815,2024-07-31,server-arsip-medan,invoice_audit_202512_2778|2234815|final rekap total
BCH-0002595,memo_keuangan_202512_8054.pdf,1408629,2024-07-30,cloud-storage-azure,memo_keuangan_202512_8054|1408629|periode arsip rekap
BCH-0002071,memo_sdm_202502_1269.json,321347,2024-09-26,ftp-cabang,memo_sdm_202502_1269|321347|draft approved total
BCH-0001424,kontrak_logistik_202511_9869.xlsx,81023578,2024-10-31,portal-upload-mobile,kontrak_logistik_202511_9869|81023578|final data draft
BCH-0003939,log_manajemen_202412_6781.xml,33320,2024-08-02,server-arsip-makassar,log_manajemen_202412_6781|33320|revisi approved draft
BCH-0000766,laporan_keuangan_202510_8104.zip,49121949,2024-07-08,server-arsip-makassar,laporan_keuangan_202510_8104|49121949|draft arsip periode
BCH-0001840,surat_operasional_202501_6062.pdf,360428,2024-12-09,server-arsip-medan,surat_operasional_202501_6062|360428|data arsip pending
DUP-0000350,invoice_teknologi_202412_1987.zip,4007111,2024-12-16,server-arsip-jakarta,invoice|teknologi|4007111|pending data arsip dokumen file
BCH-0001611,log_manajemen_202502_9812.txt,693815,2024-03-05,server-arsip-semarang,log_manajemen_202502_9812|693815|arsip final pending
BCH-0001934,laporan_logistik_202401_9832.txt,4243677,2024-10-07,ftp-cabang,laporan_logistik_202401_9832|4243677|approved pending draft
BCH-0002873,invoice_riset_202411_4115.png,3739534,2024-07-02,server-arsip-medan,invoice_riset_202411_4115|3739534|data total pending
BCH-0003184,dataset_logistik_202411_5081.xlsx,336834268,2024-05-16,server-arsip-medan,dataset_logistik_202411_5081|336834268|arsip revisi periode
BCH-0002702,dataset_keuangan_202410_2079.rar,4962959,2024-04-29,ftp-cabang,dataset_keuangan_202410_2079|4962959|periode pending arsip
BCH-0002069,dataset_teknologi_202412_6751.xlsx,2839890,2024-11-18,cloud-storage-azure,dataset_teknologi_202412_6751|2839890|final data periode
BCH-0000616,presentasi_operasional_202501_7225.png,47795,2024-10-25,portal-upload-mobile,presentasi_operasional_202501_7225|47795|periode approved total
BCH-0001008,surat_logistik_202411_3230.csv,3626326,2024-09-04,server-arsip-medan,surat_logistik_202411_3230|3626326|periode arsip pending
BCH-0001612,invoice_logistik_202408_3946.doc,189258,2024-09-17,nas-lokal-03,invoice_logistik_202408_3946|189258|rekap data draft
BCH-0002989,dataset_sdm_202502_0077.rar,663207,2024-06-28,nas-lokal-03,dataset_sdm_202502_0077|663207|total draft rekap
BCH-0004417,presentasi_sdm_202502_6439.xml,121907,2024-02-01,portal-upload-mobile,presentasi_sdm_202502_6439|121907|revisi rekap periode
BCH-0003435,gambar_keuangan_202507_2158.pdf,285402,2024-09-01,server-arsip-medan,gambar_keuangan_202507_2158|285402|periode pending approved
DUP-0000317,backup_operasional_202401_8993.txt,361785,2024-08-02,ftp-pusat,backup|operasional|361785|final data total
BCH-0003632,gambar_teknologi_202404_7887.jpeg,2048860,2024-06-12,server-arsip-semarang,gambar_teknologi_202404_7887|2048860|periode draft pending
DUP-0000160,gambar_operasional_202202_4323.json,37393873,2023-08-30,server-arsip-bandung,gambar|operasional|37393873|arsip revisi data total
BCH-0003111,invoice_operasional_202512_9757.pdf,268225,2024-01-23,server-arsip-medan,invoice_operasional_202512_9757|268225|revisi rekap final
DUP-0000348,invoice_operasional_202204_2799.zip,1313586,2023-08-21,server-arsip-bandung,invoice|operasional|1313586|total final approved pending
BCH-0001057,log_riset_202408_8416.jpg,4086863,2024-01-04,server-arsip-medan,log_riset_202408_8416|4086863|periode draft revisi
BCH-0002631,presentasi_pemasaran_202407_6664.txt,449096,2024-02-02,portal-upload-mobile,presentasi_pemasaran_202407_6664|449096|rekap periode total
BCH-0002225,dataset_logistik_202504_6848.rar,2813029,2024-01-08,nas-lokal-04,dataset_logistik_202504_6848|2813029|data total periode
BCH-0003940,kontrak_audit_202506_4551.xml,350328,2024-09-30,ftp-cabang,kontrak_audit_202506_4551|350328|data total final
BCH-0003416,invoice_hukum_202406_6863.jpeg,357241,2024-06-17,nas-lokal-03,invoice_hukum_202406_6863|357241|pending rekap draft
BCH-0001972,invoice_pemasaran_202505_7101.docx,828488,2024-02-04,server-arsip-medan,invoice_pemasaran_202505_7101|828488|final data total
BCH-0003449,gambar_manajemen_202403_6851.zip,3495921,2024-12-21,nas-lokal-03,gambar_manajemen_202403_6851|3495921|draft approved revisi
BCH-0003794,log_operasional_202509_2599.jpeg,242730,2024-02-02,server-arsip-makassar,log_operasional_202509_2599|242730|periode final total
BCH-0001857,surat_teknologi_202412_3912.zip,295011,2024-01-27,nas-lokal-04,surat_teknologi_202412_3912|295011|total rekap draft
BCH-0000502,invoice_keuangan_202510_7026.doc,461018,2024-03-08,server-arsip-makassar,invoice_keuangan_202510_7026|461018|pending data approved
BCH-0003820,kontrak_pemasaran_202402_5427.xml,85222,2024-05-11,server-arsip-medan,kontrak_pemasaran_202402_5427|85222|approved arsip rekap
BCH-0001657,memo_audit_202406_5996.xlsx,3092903,2024-12-25,server-arsip-semarang,memo_audit_202406_5996|3092903|rekap pending arsip
BCH-0001343,presentasi_hukum_202406_5744.txt,4519735,2024-03-11,cloud-storage-azure,presentasi_hukum_202406_5744|4519735|data rekap arsip
BCH-0001629,presentasi_hukum_202509_0041.xlsx,623773,2024-02-24,portal-upload-mobile,presentasi_hukum_202509_0041|623773|rekap periode final
BCH-0002284,laporan_hukum_202508_4525.csv,4617192,2024-10-01,server-arsip-semarang,laporan_hukum_202508_4525|4617192|data pending periode
BCH-0003650,laporan_manajemen_202408_7323.json,406698,2024-01-04,server-arsip-makassar,laporan_manajemen_202408_7323|406698|approved periode data
BCH-0003361,gambar_pemasaran_202402_2675.pdf,149194,2024-11-29,server-arsip-makassar,gambar_pemasaran_202402_2675|149194|total final approved
BCH-0002541,presentasi_manajemen_202410_2942.csv,547540,2024-01-04,portal-upload-mobile,presentasi_manajemen_202410_2942|547540|final arsip approved
DUP-0000116,dataset_manajemen_202210_7776.csv,47228957,2023-06-28,portal-upload-web,dataset|manajemen|47228957|revisi rekap dokumen pending periode
DUP-0000186,backup_manajemen_202308_7254.zip,283978,2023-09-01,portal-upload-web,backup|manajemen|283978|final dokumen data rekap
BCH-0001763,laporan_teknologi_202402_6914.rar,407256,2024-01-14,portal-upload-mobile,laporan_teknologi_202402_6914|407256|pending approved revisi
BCH-0004339,log_pemasaran_202502_2706.zip,4145717,2024-05-30,portal-upload-mobile,log_pemasaran_202502_2706|4145717|revisi pending periode
BCH-0002307,laporan_audit_202410_9626.png,31267130,2024-07-05,nas-lokal-04,laporan_audit_202410_9626|31267130|pending arsip approved
DUP-0000006,invoice_teknologi_202302_1724.png,1516957,2024-10-30,nas-lokal-01,invoice|teknologi|1516957|pending periode final revisi
BCH-0003148,backup_keuangan_202501_9816.doc,1076181,2024-11-16,nas-lokal-04,backup_keuangan_202501_9816|1076181|data periode total
BCH-0000620,surat_logistik_202409_9391.zip,92852,2024-05-08,server-arsip-makassar,surat_logistik_202409_9391|92852|revisi total arsip
BCH-0004472,presentasi_keuangan_202504_2205.txt,3204419,2024-09-04,server-arsip-medan,presentasi_keuangan_202504_2205|3204419|approved draft revisi
BCH-0004168,backup_teknologi_202407_6932.zip,69683,2024-01-22,server-arsip-semarang,backup_teknologi_202407_6932|69683|rekap pending approved
BCH-0004228,kontrak_audit_202506_7503.xml,2331104,2024-11-21,server-arsip-makassar,kontrak_audit_202506_7503|2331104|pending final revisi
BCH-0002611,log_operasional_202401_6479.xml,21883181,2024-11-16,server-arsip-semarang,log_operasional_202401_6479|21883181|total rekap periode
BCH-0000081,kontrak_riset_202507_4173.jpeg,281927,2024-08-19,server-arsip-makassar,kontrak_riset_202507_4173|281927|data rekap final
DUP-0000347,gambar_keuangan_202312_2690.pdf,355721,2024-10-03,nas-lokal-02,gambar|keuangan|355721|final approved pending
BCH-0004072,presentasi_sdm_202402_6870.png,2609335,2024-04-12,server-arsip-semarang,presentasi_sdm_202402_6870|2609335|total data revisi
BCH-0001228,kontrak_audit_202509_1541.png,393916397,2024-05-16,portal-upload-mobile,kontrak_audit_202509_1541|393916397|pending revisi approved
BCH-0000486,laporan_logistik_202401_7004.xlsx,439940330,2024-03-07,portal-upload-mobile,laporan_logistik_202401_7004|439940330|final periode approved
BCH-0004290,invoice_hukum_202510_1428.jpg,9168580,2024-06-25,server-arsip-semarang,invoice_hukum_202510_1428|9168580|rekap pending revisi
BCH-0002574,laporan_manajemen_202506_8293.jpg,3387272,2024-12-03,cloud-storage-azure,laporan_manajemen_202506_8293|3387272|periode approved pending
BCH-0002089,presentasi_logistik_202404_1087.xls,146166,2024-10-20,server-arsip-medan,presentasi_logistik_202404_1087|146166|rekap approved final
BCH-0003544,laporan_keuangan_202412_1944.csv,42862934,2024-08-25,portal-upload-mobile,laporan_keuangan_202412_1944|42862934|total draft revisi
BCH-0001132,backup_sdm_202403_4376.png,2825656,2024-01-16,portal-upload-mobile,backup_sdm_202403_4376|2825656|rekap periode revisi
BCH-0000273,gambar_pemasaran_202405_0934.jpeg,2177146,2024-09-12,nas-lokal-03,gambar_pemasaran_202405_0934|2177146|draft periode approved
BCH-0000413,memo_riset_202406_1579.png,361961,2024-10-25,server-arsip-makassar,memo_riset_202406_1579|361961|total pending draft
BCH-0002548,backup_teknologi_202409_4997.doc,41132571,2024-12-19,ftp-cabang,backup_teknologi_202409_4997|41132571|rekap final arsip
BCH-0000076,log_teknologi_202408_4492.xls,381635,2024-04-05,nas-lokal-04,log_teknologi_202408_4492|381635|data total approved
BCH-0003388,laporan_manajemen_202406_2291.png,64869,2024-05-18,nas-lokal-04,laporan_manajemen_202406_2291|64869|total draft pending
BCH-0001187,backup_pemasaran_202508_4912.xml,878157,2024-10-24,server-arsip-medan,backup_pemasaran_202508_4912|878157|pending approved draft
BCH-0001947,surat_hukum_202508_9349.jpeg,21579059,2024-11-01,nas-lokal-03,surat_hukum_202508_9349|21579059|arsip periode data
BCH-0002078,gambar_manajemen_202512_8071.jpg,401826,2024-05-25,cloud-storage-azure,gambar_manajemen_202512_8071|401826|periode revisi rekap
BCH-0003009,backup_operasional_202410_2515.json,163114,2024-09-12,server-arsip-semarang,backup_operasional_202410_2515|163114|total revisi final
BCH-0000086,gambar_manajemen_202408_0198.xml,19851950,2024-11-29,ftp-cabang,gambar_manajemen_202408_0198|19851950|pending total data
BCH-0001306,presentasi_manajemen_202412_4970.jpg,2234396,2024-03-01,cloud-storage-azure,presentasi_manajemen_202412_4970|2234396|total approved arsip
BCH-0001770,dataset_keuangan_202504_6307.rar,219806,2024-06-18,server-arsip-semarang,dataset_keuangan_202504_6307|219806|final draft revisi
DUP-0000304,presentasi_pemasaran_202206_7246.zip,3057006,2022-10-26,backup-eksternal,presentasi|pemasaran|3057006|revisi file draft
BCH-0002115,presentasi_hukum_202505_5023.txt,448622,2024-06-22,ftp-cabang,presentasi_hukum_202505_5023|448622|pending final revisi
BCH-0002214,gambar_sdm_202411_8363.zip,22278953,2024-05-03,server-arsip-medan,gambar_sdm_202411_8363|22278953|pending rekap arsip
BCH-0001836,dataset_riset_202510_1933.csv,1007509,2024-07-31,server-arsip-makassar,dataset_riset_202510_1933|1007509|arsip approved revisi
BCH-0003991,invoice_sdm_202503_6264.xls,388816,2024-12-25,server-arsip-makassar,invoice_sdm_202503_6264|388816|final revisi arsip
DUP-0000171,backup_sdm_202405_3864.zip,1337769,2024-06-04,nas-lokal-02,backup|sdm|1337769|periode file pending
BCH-0001728,gambar_keuangan_202508_0548.xlsx,44656,2024-07-08,nas-lokal-04,gambar_keuangan_202508_0548|44656|total arsip rekap
BCH-0001666,presentasi_hukum_202507_3960.zip,43809981,2024-01-24,server-arsip-semarang,presentasi_hukum_202507_3960|43809981|arsip rekap approved
BCH-0002499,laporan_manajemen_202404_5917.csv,343117162,2024-12-13,ftp-cabang,laporan_manajemen_202404_5917|343117162|revisi periode rekap
BCH-0001674,dataset_audit_202408_7459.jpeg,3429909,2024-05-11,nas-lokal-04,dataset_audit_202408_7459|3429909|total arsip final
BCH-0003042,surat_operasional_202412_6700.png,4920816,2024-06-11,nas-lokal-03,surat_operasional_202412_6700|4920816|final data approved
BCH-0002670,invoice_manajemen_202411_0866.json,33392,2024-08-31,ftp-cabang,invoice_manajemen_202411_0866|33392|draft pending final
BCH-0003138,log_pemasaran_202512_0171.jpeg,4084847,2024-02-29,server-arsip-makassar,log_pemasaran_202512_0171|4084847|rekap draft data
BCH-0001974,surat_manajemen_202404_1466.json,401528,2024-10-26,cloud-storage-azure,surat_manajemen_202404_1466|401528|draft total data
BCH-0001829,kontrak_audit_202407_1871.xlsx,498150,2024-08-11,server-arsip-makassar,kontrak_audit_202407_1871|498150|pending data arsip
DUP-0000440,laporan_operasional_202210_0174.xml,3948624,2024-07-17,nas-lokal-02,laporan|operasional|3948624|approved dokumen data total
BCH-0002696,log_operasional_202507_6588.xml,2033644,2024-10-15,server-arsip-medan,log_operasional_202507_6588|2033644|pending rekap final
BCH-0001153,gambar_audit_202410_0416.xlsx,34381173,2024-05-02,nas-lokal-03,gambar_audit_202410_0416|34381173|final pending approved
BCH-0003007,invoice_logistik_202412_5352.rar,362616,2024-02-15,server-arsip-semarang,invoice_logistik_202412_5352|362616|periode data arsip
BCH-0003807,dataset_teknologi_202506_7556.jpg,85213,2024-08-12,server-arsip-medan,dataset_teknologi_202506_7556|85213|pending arsip data
BCH-0002930,log_keuangan_202511_1683.xls,35785772,2024-08-22,server-arsip-makassar,log_keuangan_202511_1683|35785772|draft arsip pending
BCH-0001063,invoice_operasional_202408_8596.rar,4592773,2024-05-27,cloud-storage-azure,invoice_operasional_202408_8596|4592773|arsip approved periode
DUP-0000375,dataset_keuangan_202408_1048.xml,4999791,2024-11-28,portal-upload-web,dataset|keuangan|4999791|file data total revisi dokumen
BCH-0002031,kontrak_operasional_202512_8543.docx,80073,2024-02-17,nas-lokal-03,kontrak_operasional_202512_8543|80073|approved final arsip
BCH-0002507,kontrak_manajemen_202507_6325.docx,4743503,2024-04-26,nas-lokal-04,kontrak_manajemen_202507_6325|4743503|periode final revisi
BCH-0000274,kontrak_pemasaran_202407_4128.pdf,4220524,2024-10-20,nas-lokal-03,kontrak_pemasaran_202407_4128|4220524|final data pending
BCH-0002633,dataset_audit_202407_4925.xml,89507,2024-02-17,cloud-storage-azure,dataset_audit_202407_4925|89507|draft final revisi
BCH-0004325,surat_hukum_202505_8174.xlsx,260451024,2024-07-24,ftp-cabang,surat_hukum_202505_8174|260451024|revisi approved periode
BCH-0001318,dataset_hukum_202510_3716.pdf,25867495,2024-07-29,nas-lokal-04,dataset_hukum_202510_3716|25867495|revisi pending draft
BCH-0001681,gambar_teknologi_202505_5372.json,323882,2024-07-21,server-arsip-makassar,gambar_teknologi_202505_5372|323882|arsip pending rekap
BCH-0003442,dataset_keuangan_202506_1840.rar,1178140,2024-06-05,ftp-cabang,dataset_keuangan_202506_1840|1178140|data periode total
BCH-0004250,surat_logistik_202411_5197.xlsx,6392889,2024-01-28,server-arsip-semarang,surat_logistik_202411_5197|6392889|revisi total rekap
BCH-0000511,gambar_logistik_202511_6621.xls,292312,2024-06-17,nas-lokal-04,gambar_logistik_202511_6621|292312|data revisi total
BCH-0002228,presentasi_hukum_202401_1181.xlsx,2065768,2024-08-28,portal-upload-mobile,presentasi_hukum_202401_1181|2065768|data rekap revisi
BCH-0001369,surat_teknologi_202405_6256.rar,207966,2024-01-13,portal-upload-mobile,surat_teknologi_202405_6256|207966|total pending rekap
BCH-0004275,dataset_sdm_202507_4388.zip,92894,2024-09-28,nas-lokal-04,dataset_sdm_202507_4388|92894|draft final pending
BCH-0001615,dataset_sdm_202412_9107.xls,2210743,2024-06-30,cloud-storage-azure,dataset_sdm_202412_9107|2210743|final rekap approved
BCH-0004405,surat_hukum_202407_8766.jpg,3600062,2024-12-27,cloud-storage-azure,surat_hukum_202407_8766|3600062|final revisi draft
BCH-0000294,memo_keuangan_202511_9687.zip,191358,2024-09-12,portal-upload-mobile,memo_keuangan_202511_9687|191358|data total periode
BCH-0004105,log_audit_202501_3653.jpeg,3938309,2024-05-19,portal-upload-mobile,log_audit_202501_3653|3938309|pending periode arsip
BCH-0001697,kontrak_pemasaran_202505_5069.json,103058,2024-12-05,server-arsip-semarang,kontrak_pemasaran_202505_5069|103058|approved periode data
BCH-0002850,presentasi_pemasaran_202507_6672.rar,83522,2024-07-16,server-arsip-semarang,presentasi_pemasaran_202507_6672|83522|data rekap approved
DUP-0000373,presentasi_pemasaran_202307_7055.jpg,224297347,2023-10-25,portal-upload-web,presentasi|pemasaran|224297347|dokumen arsip revisi
BCH-0003832,backup_pemasaran_202507_2194.png,3721427,2024-10-21,ftp-cabang,backup_pemasaran_202507_2194|3721427|approved final rekap
DUP-0000102,log_operasional_202206_6383.zip,35146,2023-01-06,nas-lokal-01,log|operasional|35146|data arsip file approved pending
BCH-0001422,invoice_keuangan_202502_2396.txt,25781,2024-04-14,server-arsip-makassar,invoice_keuangan_202502_2396|25781|revisi arsip total
BCH-0001620,memo_audit_202410_4765.png,4243314,2024-05-07,server-arsip-semarang,memo_audit_202410_4765|4243314|approved pending rekap
BCH-0002832,laporan_operasional_202404_5014.json,72501,2024-11-23,server-arsip-medan,laporan_operasional_202404_5014|72501|periode final data
BCH-0003366,surat_teknologi_202512_1491.docx,125225,2024-07-18,cloud-storage-azure,surat_teknologi_202512_1491|125225|pending final revisi
BCH-0003399,laporan_operasional_202402_0424.json,136581276,2024-04-24,nas-lokal-04,laporan_operasional_202402_0424|136581276|approved final periode
BCH-0003956,surat_keuangan_202505_6316.csv,149396,2024-01-18,server-arsip-medan,surat_keuangan_202505_6316|149396|approved data pending
BCH-0000667,dataset_teknologi_202407_8353.png,391386,2024-07-15,server-arsip-medan,dataset_teknologi_202407_8353|391386|draft arsip rekap
BCH-0002976,invoice_keuangan_202403_9997.docx,212378,2024-12-05,server-arsip-medan,invoice_keuangan_202403_9997|212378|arsip periode revisi
BCH-0001485,surat_audit_202410_6861.rar,1184381,2024-12-04,cloud-storage-azure,surat_audit_202410_6861|1184381|periode approved final
BCH-0001783,gambar_teknologi_202408_0574.doc,315307187,2024-11-27,nas-lokal-04,gambar_teknologi_202408_0574|315307187|periode pending final
BCH-0001093,invoice_teknologi_202507_3623.csv,88747,2024-10-06,cloud-storage-azure,invoice_teknologi_202507_3623|88747|final pending total
BCH-0001694,surat_operasional_202508_8236.xlsx,32621135,2024-02-12,portal-upload-mobile,surat_operasional_202508_8236|32621135|periode arsip revisi
BCH-0001268,memo_audit_202507_7870.png,231628,2024-04-14,server-arsip-medan,memo_audit_202507_7870|231628|draft rekap pending
BCH-0001761,gambar_sdm_202402_3771.jpeg,4160635,2024-09-18,server-arsip-makassar,gambar_sdm_202402_3771|4160635|rekap draft data
BCH-0002673,presentasi_pemasaran_202509_7597.txt,38457,2024-10-29,ftp-cabang,presentasi_pemasaran_202509_7597|38457|draft final pending
BCH-0003822,dataset_hukum_202408_2536.doc,404176,2024-06-27,ftp-cabang,dataset_hukum_202408_2536|404176|approved pending rekap
DUP-0000019,dataset_sdm_202309_7634.txt,223699,2024-05-01,server-arsip-jakarta,dataset|sdm|223699|approved file dokumen
BCH-0000100,presentasi_manajemen_202508_6692.png,192132,2024-02-29,server-arsip-makassar,presentasi_manajemen_202508_6692|192132|data rekap draft
BCH-0001778,invoice_logistik_202508_9582.json,2428631,2024-01-10,cloud-storage-azure,invoice_logistik_202508_9582|2428631|pending revisi draft
BCH-0001249,backup_pemasaran_202504_7221.rar,4630072,2024-12-09,portal-upload-mobile,backup_pemasaran_202504_7221|4630072|periode approved revisi
BCH-0004335,memo_pemasaran_202504_1462.pdf,330797,2024-01-19,nas-lokal-04,memo_pemasaran_202504_1462|330797|arsip revisi total
BCH-0002221,kontrak_audit_202503_7371.docx,2294607,2024-02-03,nas-lokal-03,kontrak_audit_202503_7371|2294607|total rekap periode
BCH-0001396,kontrak_riset_202507_0393.doc,100183,2024-09-21,server-arsip-medan,kontrak_riset_202507_0393|100183|approved rekap draft
BCH-0000189,dataset_sdm_202404_8647.doc,4778956,2024-02-22,ftp-cabang,dataset_sdm_202404_8647|4778956|final rekap pending
BCH-0001910,gambar_manajemen_202405_2079.png,102002,2024-07-14,portal-upload-mobile,gambar_manajemen_202405_2079|102002|arsip periode total
DUP-0000435,log_riset_202205_1524.pdf,2709138,2024-03-28,nas-lokal-01,log|riset|2709138|arsip periode pending
BCH-0000082,log_sdm_202511_3367.zip,3669429,2024-03-21,ftp-cabang,log_sdm_202511_3367|3669429|draft pending data
BCH-0001215,presentasi_teknologi_202401_7207.txt,1749591,2024-07-19,ftp-cabang,presentasi_teknologi_202401_7207|1749591|data arsip total
BCH-0002395,surat_operasional_202502_4068.xml,99691,2024-10-11,server-arsip-medan,surat_operasional_202502_4068|99691|approved data pending
BCH-0000512,log_teknologi_202506_0906.csv,50433,2024-09-05,ftp-cabang,log_teknologi_202506_0906|50433|approved data pending
BCH-0003087,gambar_riset_202403_0062.jpeg,134795,2024-06-06,cloud-storage-azure,gambar_riset_202403_0062|134795|total periode data
BCH-0000746,log_hukum_202506_9853.xml,135632,2024-07-29,ftp-cabang,log_hukum_202506_9853|135632|draft total approved
BCH-0003034,log_riset_202501_5439.jpeg,465768776,2024-05-06,server-arsip-semarang,log_riset_202501_5439|465768776|approved rekap draft
BCH-0000307,presentasi_hukum_202501_3436.xlsx,37415391,2024-04-13,server-arsip-semarang,presentasi_hukum_202501_3436|37415391|total pending data
BCH-0002815,gambar_keuangan_202409_6495.png,42157024,2024-07-07,server-arsip-makassar,gambar_keuangan_202409_6495|42157024|draft final approved
BCH-0000548,log_logistik_202506_2972.doc,452852,2024-03-25,nas-lokal-03,log_logistik_202506_2972|452852|total approved periode
BCH-0004483,dataset_audit_202408_4462.xml,217654,2024-01-12,server-arsip-makassar,dataset_audit_202408_4462|217654|total rekap arsip
BCH-0003791,gambar_pemasaran_202507_8214.pdf,17904373,2024-11-26,nas-lokal-04,gambar_pemasaran_202507_8214|17904373|revisi total data
BCH-0000141,surat_operasional_202412_7736.pdf,3818887,2024-04-18,ftp-cabang,surat_operasional_202412_7736|3818887|rekap periode arsip
BCH-0003044,invoice_riset_202512_1472.rar,423811,2024-12-10,server-arsip-medan,invoice_riset_202512_1472|423811|rekap final data
BCH-0003809,backup_audit_202411_8091.xml,559068,2024-02-16,server-arsip-semarang,backup_audit_202411_8091|559068|total final periode
BCH-0002173,laporan_riset_202507_0894.pdf,21608770,2024-08-23,server-arsip-medan,laporan_riset_202507_0894|21608770|final periode draft
BCH-0003743,dataset_pemasaran_202507_5348.pdf,131292,2024-01-23,portal-upload-mobile,dataset_pemasaran_202507_5348|131292|total rekap pending
BCH-0000536,presentasi_sdm_202402_8860.jpg,1883869,2024-10-11,portal-upload-mobile,presentasi_sdm_202402_8860|1883869|data arsip draft
BCH-0003357,dataset_sdm_202407_9854.docx,35543571,2024-12-19,nas-lokal-03,dataset_sdm_202407_9854|35543571|approved arsip draft
BCH-0001984,invoice_riset_202503_6748.rar,1516732,2024-10-25,ftp-cabang,invoice_riset_202503_6748|1516732|revisi approved draft
BCH-0001527,backup_teknologi_202409_3626.rar,30696,2024-01-28,nas-lokal-04,backup_teknologi_202409_3626|30696|final pending revisi
BCH-0000378,kontrak_hukum_202412_9064.jpeg,103458787,2024-12-13,ftp-cabang,kontrak_hukum_202412_9064|103458787|arsip revisi total
BCH-0002830,presentasi_pemasaran_202401_5122.jpeg,59588,2024-10-22,nas-lokal-04,presentasi_pemasaran_202401_5122|59588|final total draft
BCH-0000237,dataset_pemasaran_202503_4254.pdf,351943330,2024-04-05,nas-lokal-03,dataset_pemasaran_202503_4254|351943330|pending periode rekap
BCH-0001613,backup_keuangan_202411_7755.jpg,1912328,2024-07-16,cloud-storage-azure,backup_keuangan_202411_7755|1912328|pending approved data
BCH-0001709,invoice_operasional_202411_4879.pdf,1766498,2024-08-19,portal-upload-mobile,invoice_operasional_202411_4879|1766498|periode pending approved
BCH-0001954,kontrak_audit_202501_5486.jpg,482534,2024-01-24,nas-lokal-04,kontrak_audit_202501_5486|482534|final pending draft
DUP-0000459,log_audit_202403_9681.xlsx,424533431,2024-07-24,portal-upload-web,log|audit|424533431|arsip data file final
BCH-0002750,laporan_operasional_202506_2166.xlsx,528370,2024-06-22,server-arsip-makassar,laporan_operasional_202506_2166|528370|rekap final pending
BCH-0000042,dataset_hukum_202504_8773.docx,33480018,2024-03-20,ftp-cabang,dataset_hukum_202504_8773|33480018|pending data revisi
BCH-0002097,log_riset_202505_7469.pdf,1310047,2024-02-04,nas-lokal-03,log_riset_202505_7469|1310047|pending revisi rekap
BCH-0001296,presentasi_operasional_202411_2629.csv,317632,2024-06-26,server-arsip-makassar,presentasi_operasional_202411_2629|317632|periode pending arsip
BCH-0000658,backup_audit_202410_9506.jpeg,38505240,2024-06-13,portal-upload-mobile,backup_audit_202410_9506|38505240|total rekap approved
BCH-0002888,backup_manajemen_202504_8452.txt,9188722,2024-03-21,server-arsip-medan,backup_manajemen_202504_8452|9188722|approved periode pending
DUP-0000296,log_manajemen_202205_3874.pdf,333144,2024-05-27,cloud-storage-aws,log|manajemen|333144|total rekap periode draft pending
BCH-0003294,laporan_pemasaran_202507_6586.rar,195434,2024-02-10,nas-lokal-03,laporan_pemasaran_202507_6586|195434|periode draft pending
BCH-0003800,gambar_teknologi_202501_5697.xlsx,273285,2024-12-04,nas-lokal-03,gambar_teknologi_202501_5697|273285|final revisi pending
BCH-0002050,log_teknologi_202511_0516.png,335320,2024-11-15,ftp-cabang,log_teknologi_202511_0516|335320|draft pending periode
BCH-0001221,laporan_hukum_202410_7530.jpg,2130083,2024-12-07,portal-upload-mobile,laporan_hukum_202410_7530|2130083|approved rekap total
BCH-0000848,backup_pemasaran_202402_8999.xls,477693,2024-11-11,server-arsip-semarang,backup_pemasaran_202402_8999|477693|data revisi draft
BCH-0001102,surat_hukum_202504_8000.jpeg,1092163,2024-03-15,portal-upload-mobile,surat_hukum_202504_8000|1092163|revisi approved arsip
BCH-0001865,kontrak_audit_202406_2096.xml,9907718,2024-01-24,cloud-storage-azure,kontrak_audit_202406_2096|9907718|final periode revisi
BCH-0003811,dataset_manajemen_202504_5487.doc,70397,2024-02-11,server-arsip-makassar,dataset_manajemen_202504_5487|70397|final data rekap
BCH-0001232,surat_sdm_202405_0210.xls,4113466,2024-01-14,nas-lokal-04,surat_sdm_202405_0210|4113466|arsip data final
BCH-0003204,log_operasional_202508_0960.xml,3891596,2024-08-08,nas-lokal-04,log_operasional_202508_0960|3891596|data final revisi
BCH-0003861,log_audit_202410_4724.xlsx,48761685,2024-11-28,cloud-storage-azure,log_audit_202410_4724|48761685|total approved arsip
BCH-0002195,laporan_keuangan_202508_4324.png,243715,2024-09-05,server-arsip-semarang,laporan_keuangan_202508_4324|243715|draft approved periode
BCH-0003833,memo_teknologi_202502_7574.png,4491044,2024-02-18,cloud-storage-azure,memo_teknologi_202502_7574|4491044|draft arsip revisi
BCH-0000375,surat_audit_202511_6400.doc,35027611,2024-01-25,cloud-storage-azure,surat_audit_202511_6400|35027611|data periode arsip
DUP-0000450,surat_keuangan_202312_0613.zip,1533158,2024-02-08,cloud-storage-gcp,surat|keuangan|1533158|dokumen rekap file data total
BCH-0002751,backup_riset_202401_6316.docx,2769526,2024-04-15,cloud-storage-azure,backup_riset_202401_6316|2769526|draft periode total
BCH-0000368,laporan_riset_202403_0615.txt,25398516,2024-10-23,cloud-storage-azure,laporan_riset_202403_0615|25398516|pending rekap revisi
BCH-0003711,presentasi_logistik_202402_2409.xls,364907,2024-04-21,server-arsip-makassar,presentasi_logistik_202402_2409|364907|final periode revisi
BCH-0001229,kontrak_audit_202408_8700.xlsx,2534647,2024-11-03,server-arsip-makassar,kontrak_audit_202408_8700|2534647|revisi final draft
BCH-0003888,presentasi_pemasaran_202501_3252.doc,497679,2024-05-25,server-arsip-medan,presentasi_pemasaran_202501_3252|497679|rekap pending data
BCH-0001046,laporan_logistik_202507_2199.xml,350265,2024-11-18,portal-upload-mobile,laporan_logistik_202507_2199|350265|pending periode approved
BCH-0003813,gambar_logistik_202512_1339.jpeg,2818315,2024-09-20,nas-lokal-03,gambar_logistik_202512_1339|2818315|periode pending rekap
BCH-0000495,dataset_riset_202407_1419.json,459982573,2024-12-05,cloud-storage-azure,dataset_riset_202407_1419|459982573|approved draft pending
BCH-0001830,kontrak_pemasaran_202508_3982.jpeg,283089,2024-03-15,server-arsip-makassar,kontrak_pemasaran_202508_3982|283089|revisi rekap approved
DUP-0000484,presentasi_operasional_202206_8760.xml,349253,2023-11-28,server-arsip-bandung,presentasi|operasional|349253|final data revisi periode
BCH-0001259,surat_teknologi_202406_7541.xml,26273339,2024-11-13,cloud-storage-azure,surat_teknologi_202406_7541|26273339|periode draft pending
BCH-0001320,memo_teknologi_202403_7773.json,21366848,2024-02-13,portal-upload-mobile,memo_teknologi_202403_7773|21366848|final approved revisi
BCH-0002096,memo_logistik_202402_7453.jpg,37764026,2024-05-17,portal-upload-mobile,memo_logistik_202402_7453|37764026|data rekap total
BCH-0002779,memo_manajemen_202508_9608.doc,23297569,2024-04-21,server-arsip-semarang,memo_manajemen_202508_9608|23297569|approved final draft
BCH-0003891,log_manajemen_202512_9294.rar,3441065,2024-07-07,ftp-cabang,log_manajemen_202512_9294|3441065|total rekap final
BCH-0000266,invoice_audit_202512_0753.docx,349669,2024-06-03,portal-upload-mobile,invoice_audit_202512_0753|349669|revisi rekap data
BCH-0001230,presentasi_logistik_202505_0383.json,4948183,2024-04-15,nas-lokal-03,presentasi_logistik_202505_0383|4948183|final total arsip
BCH-0002177,memo_audit_202502_0249.pdf,19626,2024-11-19,nas-lokal-04,memo_audit_202502_0249|19626|revisi final draft
BCH-0000105,backup_keuangan_202408_9625.jpg,63149,2024-06-29,cloud-storage-azure,backup_keuangan_202408_9625|63149|draft rekap data
BCH-0000893,log_logistik_202412_9028.png,116222,2024-12-27,portal-upload-mobile,log_logistik_202412_9028|116222|pending draft rekap
BCH-0001630,dataset_hukum_202511_4177.jpg,376574,2024-05-14,ftp-cabang,dataset_hukum_202511_4177|376574|total final approved
BCH-0002988,laporan_pemasaran_202403_9031.jpg,37097515,2024-04-22,server-arsip-makassar,laporan_pemasaran_202403_9031|37097515|data approved rekap
BCH-0000692,kontrak_logistik_202401_3147.txt,198630,2024-06-28,nas-lokal-03,kontrak_logistik_202401_3147|198630|revisi arsip rekap
BCH-0003587,log_pemasaran_202405_5122.pdf,25146,2024-06-10,nas-lokal-03,log_pemasaran_202405_5122|25146|periode pending revisi
BCH-0003675,invoice_pemasaran_202502_8856.xlsx,28805326,2024-09-17,nas-lokal-03,invoice_pemasaran_202502_8856|28805326|final total approved
BCH-0001087,backup_riset_202404_1482.csv,8985653,2024-01-10,server-arsip-makassar,backup_riset_202404_1482|8985653|pending approved revisi
BCH-0003338,gambar_pemasaran_202508_8540.txt,396433,2024-04-02,nas-lokal-04,gambar_pemasaran_202508_8540|396433|rekap revisi draft
BCH-0003019,dataset_manajemen_202412_2200.xls,181760,2024-12-20,portal-upload-mobile,dataset_manajemen_202412_2200|181760|approved data arsip
BCH-0002140,gambar_pemasaran_202410_4518.csv,29725155,2024-08-16,ftp-cabang,gambar_pemasaran_202410_4518|29725155|periode final revisi
BCH-0001698,laporan_sdm_202405_4882.xml,2038959,2024-11-30,server-arsip-makassar,laporan_sdm_202405_4882|2038959|final revisi total
BCH-0003708,log_pemasaran_202403_8408.jpg,587434,2024-10-15,nas-lokal-03,log_pemasaran_202403_8408|587434|pending draft revisi
BCH-0001957,backup_sdm_202406_2351.xls,5846544,2024-02-25,nas-lokal-04,backup_sdm_202406_2351|5846544|revisi rekap arsip
DUP-0000180,memo_keuangan_202305_2916.xml,41488,2024-06-21,server-arsip-bandung,memo|keuangan|41488|revisi dokumen approved periode
BCH-0001371,laporan_logistik_202409_1684.txt,87629,2024-03-24,server-arsip-makassar,laporan_logistik_202409_1684|87629|arsip data draft
DUP-0000110,invoice_sdm_202207_6879.pdf,288125,2024-07-18,nas-lokal-01,invoice|sdm|288125|draft final file
BCH-0001452,invoice_sdm_202507_6876.jpg,2044154,2024-05-25,cloud-storage-azure,invoice_sdm_202507_6876|2044154|total periode draft
BCH-0000104,dataset_teknologi_202505_6584.xlsx,694287,2024-01-03,nas-lokal-03,dataset_teknologi_202505_6584|694287|periode rekap revisi
DUP-0000335,dataset_audit_202409_5015.jpg,2664717,2023-04-11,nas-lokal-02,dataset|audit|2664717|final total arsip
BCH-0001107,presentasi_operasional_202404_5823.json,29448923,2024-03-10,ftp-cabang,presentasi_operasional_202404_5823|29448923|draft pending arsip
BCH-0003053,laporan_operasional_202403_8477.csv,3102603,2024-12-30,cloud-storage-azure,laporan_operasional_202403_8477|3102603|final draft total
BCH-0002246,dataset_audit_202501_2338.png,1756746,2024-09-26,server-arsip-medan,dataset_audit_202501_2338|1756746|arsip periode draft
BCH-0003474,memo_manajemen_202410_5147.jpg,422262,2024-12-12,ftp-cabang,memo_manajemen_202410_5147|422262|revisi final approved
BCH-0001360,laporan_riset_202411_4009.png,214637715,2024-12-30,cloud-storage-azure,laporan_riset_202411_4009|214637715|approved arsip draft
BCH-0001257,invoice_teknologi_202512_2896.pdf,1487355,2024-07-29,nas-lokal-04,invoice_teknologi_202512_2896|1487355|revisi total data
BCH-0002381,presentasi_operasional_202511_6615.jpg,214241,2024-07-22,portal-upload-mobile,presentasi_operasional_202511_6615|214241|periode total pending
BCH-0000001,kontrak_operasional_202407_4481.jpeg,105500,2024-04-25,cloud-storage-azure,kontrak_operasional_202407_4481|105500|approved periode pending
BCH-0003352,gambar_teknologi_202503_5620.jpeg,1157674,2024-06-08,nas-lokal-04,gambar_teknologi_202503_5620|1157674|arsip total approved
BCH-0003091,gambar_logistik_202506_7505.json,74376,2024-01-09,ftp-cabang,gambar_logistik_202506_7505|74376|approved pending revisi
BCH-0002906,gambar_keuangan_202410_7711.txt,209504,2024-05-12,nas-lokal-04,gambar_keuangan_202410_7711|209504|pending periode arsip
BCH-0001338,gambar_hukum_202401_1330.txt,666313,2024-10-17,nas-lokal-04,gambar_hukum_202401_1330|666313|draft pending revisi
BCH-0000370,memo_pemasaran_202507_6611.jpg,382290,2024-02-01,server-arsip-makassar,memo_pemasaran_202507_6611|382290|total data arsip
BCH-0002118,invoice_teknologi_202406_5507.json,4689797,2024-10-21,ftp-cabang,invoice_teknologi_202406_5507|4689797|final rekap pending
BCH-0004097,log_audit_202409_7329.jpeg,355452,2024-06-15,ftp-cabang,log_audit_202409_7329|355452|final draft data
BCH-0003769,dataset_manajemen_202409_0212.pdf,181365,2024-02-24,ftp-cabang,dataset_manajemen_202409_0212|181365|rekap pending revisi
BCH-0001926,kontrak_hukum_202510_2064.docx,306980,2024-04-10,portal-upload-mobile,kontrak_hukum_202510_2064|306980|periode pending final
BCH-0003013,presentasi_teknologi_202404_6625.xls,473909,2024-06-04,server-arsip-semarang,presentasi_teknologi_202404_6625|473909|total rekap data
BCH-0003565,dataset_sdm_202403_4047.pdf,174512,2024-02-24,nas-lokal-03,dataset_sdm_202403_4047|174512|approved data revisi
DUP-0000428,backup_logistik_202303_2483.png,813804,2024-08-06,server-arsip-bandung,backup|logistik|813804|total revisi data periode arsip
BCH-0002008,presentasi_teknologi_202411_9846.jpg,9849752,2024-09-24,ftp-cabang,presentasi_teknologi_202411_9846|9849752|final data periode
DUP-0000079,log_riset_202208_2302.json,884015,2024-04-18,server-arsip-bandung,log|riset|884015|dokumen revisi data total
BCH-0000453,laporan_teknologi_202508_9751.xlsx,1980568,2024-12-21,server-arsip-makassar,laporan_teknologi_202508_9751|1980568|data total final
BCH-0004430,presentasi_hukum_202405_8156.jpg,324176,2024-08-28,ftp-cabang,presentasi_hukum_202405_8156|324176|arsip approved draft
BCH-0002530,backup_hukum_202409_5919.docx,3393736,2024-11-27,ftp-cabang,backup_hukum_202409_5919|3393736|data final approved
DUP-0000187,kontrak_hukum_202310_6513.png,22785378,2022-06-14,nas-lokal-01,kontrak|hukum|22785378|arsip approved draft pending rekap
BCH-0003409,dataset_logistik_202507_0670.xls,1005989,2024-12-29,nas-lokal-03,dataset_logistik_202507_0670|1005989|approved total final
BCH-0002838,kontrak_pemasaran_202408_7910.pdf,91330,2024-08-13,nas-lokal-04,kontrak_pemasaran_202408_7910|91330|rekap pending final
BCH-0001193,laporan_operasional_202501_0623.docx,35729158,2024-05-16,server-arsip-semarang,laporan_operasional_202501_0623|35729158|total final approved
BCH-0001330,surat_pemasaran_202407_3170.csv,24493,2024-10-31,nas-lokal-03,surat_pemasaran_202407_3170|24493|draft pending data
BCH-0001450,kontrak_riset_202505_5773.json,247533,2024-11-24,cloud-storage-azure,kontrak_riset_202505_5773|247533|periode data approved
BCH-0002463,dataset_manajemen_202403_8499.docx,44946042,2024-10-10,server-arsip-makassar,dataset_manajemen_202403_8499|44946042|periode arsip pending
BCH-0002901,dataset_hukum_202412_0293.pdf,3716920,2024-07-09,nas-lokal-04,dataset_hukum_202412_0293|3716920|approved draft total
DUP-0000352,gambar_riset_202304_3995.pdf,191407,2022-03-23,nas-lokal-01,gambar|riset|191407|total approved final arsip
BCH-0000293,dataset_sdm_202506_7187.json,15422270,2024-03-04,server-arsip-makassar,dataset_sdm_202506_7187|15422270|draft periode arsip
BCH-0000943,log_sdm_202505_7645.zip,4244201,2024-06-26,nas-lokal-03,log_sdm_202505_7645|4244201|rekap periode revisi
BCH-0002064,memo_hukum_202506_3357.zip,263931,2024-07-23,server-arsip-medan,memo_hukum_202506_3357|263931|revisi pending approved
BCH-0003316,log_sdm_202410_4646.rar,296594,2024-08-10,server-arsip-semarang,log_sdm_202410_4646|296594|data arsip final
BCH-0001026,memo_operasional_202409_1488.xls,3279036,2024-08-09,cloud-storage-azure,memo_operasional_202409_1488|3279036|data draft pending
BCH-0002052,gambar_hukum_202501_2549.pdf,4579656,2024-06-26,server-arsip-makassar,gambar_hukum_202501_2549|4579656|final revisi data
DUP-0000089,presentasi_pemasaran_202404_5933.jpg,35802,2023-02-11,server-arsip-surabaya,presentasi|pemasaran|35802|approved revisi final periode draft
BCH-0004360,kontrak_pemasaran_202503_2932.json,1565176,2024-06-04,nas-lokal-03,kontrak_pemasaran_202503_2932|1565176|total final periode
BCH-0000473,laporan_pemasaran_202408_9939.jpeg,162007,2024-04-14,portal-upload-mobile,laporan_pemasaran_202408_9939|162007|approved periode pending
BCH-0003035,gambar_hukum_202408_4679.xlsx,330433,2024-05-25,portal-upload-mobile,gambar_hukum_202408_4679|330433|arsip total data
DUP-0000063,memo_riset_202201_8847.json,15739254,2023-06-14,cloud-storage-aws,memo|riset|15739254|file approved arsip total
BCH-0001169,dataset_operasional_202507_0462.jpeg,2861031,2024-05-06,server-arsip-semarang,dataset_operasional_202507_0462|2861031|pending periode total
BCH-0002843,kontrak_sdm_202504_2988.jpeg,3362055,2024-11-27,nas-lokal-03,kontrak_sdm_202504_2988|3362055|rekap pending final
BCH-0001067,gambar_operasional_202503_2181.jpg,1722413,2024-03-25,server-arsip-makassar,gambar_operasional_202503_2181|1722413|periode rekap pending
BCH-0000538,invoice_logistik_202512_0962.csv,3741570,2024-07-04,nas-lokal-04,invoice_logistik_202512_0962|3741570|total data draft
BCH-0000286,dataset_keuangan_202404_6821.pdf,3646103,2024-05-21,server-arsip-makassar,dataset_keuangan_202404_6821|3646103|final total arsip
BCH-0003038,log_sdm_202508_3442.jpeg,3710140,2024-09-30,server-arsip-semarang,log_sdm_202508_3442|3710140|draft pending data
BCH-0002403,kontrak_pemasaran_202411_5884.jpeg,724433,2024-10-25,nas-lokal-04,kontrak_pemasaran_202411_5884|724433|draft data rekap
BCH-0001129,memo_audit_202401_5208.csv,284939,2024-04-09,cloud-storage-azure,memo_audit_202401_5208|284939|revisi draft approved
BCH-0001867,memo_sdm_202408_6505.xlsx,928620,2024-06-06,server-arsip-medan,memo_sdm_202408_6505|928620|total data revisi
DUP-0000355,dataset_logistik_202404_6113.png,29778,2022-01-29,nas-lokal-01,dataset|logistik|29778|revisi rekap data file arsip
BCH-0003554,backup_logistik_202402_6824.doc,4004699,2024-01-16,portal-upload-mobile,backup_logistik_202402_6824|4004699|data rekap revisi
BCH-0000446,presentasi_manajemen_202409_9520.txt,38954351,2024-01-11,nas-lokal-03,presentasi_manajemen_202409_9520|38954351|periode final draft
BCH-0002860,gambar_pemasaran_202404_2276.pdf,30565457,2024-02-09,ftp-cabang,gambar_pemasaran_202404_2276|30565457|draft revisi pending
BCH-0001277,memo_audit_202510_6988.xml,55808,2024-12-29,ftp-cabang,memo_audit_202510_6988|55808|data arsip pending
BCH-0002355,log_manajemen_202402_7329.txt,226338,2024-07-19,server-arsip-semarang,log_manajemen_202402_7329|226338|total final pending
BCH-0000349,backup_hukum_202408_9950.docx,420779,2024-01-18,portal-upload-mobile,backup_hukum_202408_9950|420779|pending data periode
BCH-0003959,memo_keuangan_202406_6438.txt,40073178,2024-05-01,portal-upload-mobile,memo_keuangan_202406_6438|40073178|approved rekap revisi
BCH-0001738,invoice_hukum_202412_3513.json,340291,2024-02-14,server-arsip-medan,invoice_hukum_202412_3513|340291|arsip final rekap
BCH-0003610,presentasi_keuangan_202512_3917.xls,293334,2024-05-05,nas-lokal-04,presentasi_keuangan_202512_3917|293334|rekap arsip final
BCH-0003935,backup_teknologi_202412_8034.doc,38426,2024-06-10,server-arsip-semarang,backup_teknologi_202412_8034|38426|arsip rekap final
BCH-0001585,surat_hukum_202404_9846.pdf,27104365,2024-04-19,server-arsip-makassar,surat_hukum_202404_9846|27104365|approved rekap revisi
BCH-0002389,surat_riset_202406_0078.jpeg,2278186,2024-02-20,cloud-storage-azure,surat_riset_202406_0078|2278186|periode approved data
BCH-0002293,backup_riset_202405_0689.docx,456025,2024-01-13,server-arsip-semarang,backup_riset_202405_0689|456025|revisi total data
BCH-0001157,presentasi_logistik_202406_8527.json,443813,2024-07-07,ftp-cabang,presentasi_logistik_202406_8527|443813|arsip data revisi
BCH-0000077,presentasi_riset_202505_3718.xml,150144,2024-04-29,server-arsip-makassar,presentasi_riset_202505_3718|150144|final draft total
BCH-0002133,log_pemasaran_202507_3397.docx,423087,2024-03-21,cloud-storage-azure,log_pemasaran_202507_3397|423087|data draft periode
BCH-0002477,invoice_pemasaran_202509_3445.jpeg,47341827,2024-01-30,portal-upload-mobile,invoice_pemasaran_202509_3445|47341827|total arsip approved
DUP-0000197,memo_hukum_202210_5478.docx,236465,2023-05-28,cloud-storage-aws,memo|hukum|236465|pending revisi draft
BCH-0000276,log_manajemen_202412_7885.rar,262211482,2024-02-26,nas-lokal-04,log_manajemen_202412_7885|262211482|final total approved
BCH-0002334,log_hukum_202510_9149.docx,120031,2024-03-11,nas-lokal-03,log_hukum_202510_9149|120031|final approved rekap
BCH-0004484,kontrak_keuangan_202505_7144.doc,4103105,2024-11-29,server-arsip-makassar,kontrak_keuangan_202505_7144|4103105|data approved arsip
DUP-0000470,invoice_logistik_202203_8626.txt,65051,2023-09-20,portal-upload-web,invoice|logistik|65051|total arsip draft final
BCH-0002826,surat_sdm_202506_0064.docx,25515,2024-10-13,nas-lokal-04,surat_sdm_202506_0064|25515|data draft rekap
BCH-0000219,presentasi_keuangan_202511_1697.txt,488691519,2024-01-07,portal-upload-mobile,presentasi_keuangan_202511_1697|488691519|rekap final approved
DUP-0000368,log_riset_202407_5931.csv,4093964,2023-03-26,server-arsip-surabaya,log|riset|4093964|pending total rekap data periode
BCH-0001218,presentasi_sdm_202512_6424.rar,3767689,2024-12-15,server-arsip-makassar,presentasi_sdm_202512_6424|3767689|periode total arsip
BCH-0004200,backup_sdm_202403_9115.pdf,3403439,2024-11-06,nas-lokal-03,backup_sdm_202403_9115|3403439|rekap final approved
BCH-0003483,invoice_riset_202508_9696.xlsx,22956718,2024-08-06,server-arsip-medan,invoice_riset_202508_9696|22956718|arsip rekap periode
DUP-0000005,gambar_keuangan_202308_9120.png,29400,2023-03-23,nas-lokal-02,gambar|keuangan|29400|dokumen total final
BCH-0003969,invoice_audit_202406_7782.png,309590,2024-04-07,cloud-storage-azure,invoice_audit_202406_7782|309590|total arsip approved
BCH-0003477,dataset_teknologi_202507_2556.txt,239666,2024-04-05,nas-lokal-03,dataset_teknologi_202507_2556|239666|arsip rekap periode
BCH-0003339,log_sdm_202502_0760.csv,27867431,2024-06-19,server-arsip-semarang,log_sdm_202502_0760|27867431|approved final draft
BCH-0002428,laporan_sdm_202401_8252.pdf,1625558,2024-03-01,server-arsip-semarang,laporan_sdm_202401_8252|1625558|arsip total draft
BCH-0004485,dataset_keuangan_202506_1767.png,346518599,2024-04-13,nas-lokal-04,dataset_keuangan_202506_1767|346518599|total rekap approved
BCH-0000442,dataset_audit_202502_6403.json,1095179,2024-02-09,nas-lokal-04,dataset_audit_202502_6403|1095179|pending approved final
BCH-0001735,presentasi_logistik_202501_3991.json,245735,2024-01-17,ftp-cabang,presentasi_logistik_202501_3991|245735|periode final rekap
BCH-0002887,kontrak_manajemen_202409_5102.doc,167805,2024-08-03,server-arsip-medan,kontrak_manajemen_202409_5102|167805|periode approved rekap
BCH-0001533,invoice_pemasaran_202501_5683.txt,23791,2024-04-29,server-arsip-makassar,invoice_pemasaran_202501_5683|23791|data arsip draft
BCH-0002120,presentasi_pemasaran_202404_7915.json,313187071,2024-09-05,portal-upload-mobile,presentasi_pemasaran_202404_7915|313187071|arsip draft pending
BCH-0001861,memo_manajemen_202406_7966.png,46402153,2024-01-24,server-arsip-makassar,memo_manajemen_202406_7966|46402153|rekap draft approved
BCH-0004357,kontrak_teknologi_202507_3943.pdf,23357968,2024-07-25,nas-lokal-04,kontrak_teknologi_202507_3943|23357968|total pending approved
BCH-0000201,log_operasional_202409_4216.png,490049,2024-07-17,nas-lokal-04,log_operasional_202409_4216|490049|final data approved
BCH-0003873,log_logistik_202501_7874.doc,235827538,2024-03-05,cloud-storage-azure,log_logistik_202501_7874|235827538|pending data approved
BCH-0002318,gambar_pemasaran_202502_5803.rar,2650122,2024-04-23,portal-upload-mobile,gambar_pemasaran_202502_5803|2650122|revisi rekap arsip
BCH-0004226,log_manajemen_202411_9039.txt,305053,2024-01-14,portal-upload-mobile,log_manajemen_202411_9039|305053|total approved arsip
BCH-0003379,dataset_logistik_202507_0272.xlsx,26629195,2024-05-14,nas-lokal-04,dataset_logistik_202507_0272|26629195|final pending rekap
BCH-0003323,laporan_teknologi_202502_6303.jpg,1533865,2024-12-16,server-arsip-medan,laporan_teknologi_202502_6303|1533865|revisi approved periode
BCH-0004326,backup_logistik_202511_1519.png,4059913,2024-09-08,cloud-storage-azure,backup_logistik_202511_1519|4059913|rekap periode arsip
DUP-0000016,presentasi_logistik_202208_1640.zip,310175,2023-02-26,nas-lokal-01,presentasi|logistik|310175|arsip data draft periode
BCH-0001054,kontrak_operasional_202405_8928.rar,43929,2024-04-06,server-arsip-semarang,kontrak_operasional_202405_8928|43929|pending total arsip
BCH-0000819,gambar_teknologi_202511_7795.zip,1364307,2024-12-02,cloud-storage-azure,gambar_teknologi_202511_7795|1364307|pending revisi draft
BCH-0000264,memo_keuangan_202408_2869.doc,20561962,2024-10-25,server-arsip-medan,memo_keuangan_202408_2869|20561962|rekap approved arsip
DUP-0000370,kontrak_teknologi_202409_2017.pdf,2743589,2022-02-13,server-arsip-jakarta,kontrak|teknologi|2743589|arsip final total
BCH-0004492,backup_pemasaran_202412_8422.json,1981273,2024-12-14,ftp-cabang,backup_pemasaran_202412_8422|1981273|rekap data periode
BCH-0001272,memo_keuangan_202403_6021.zip,24914810,2024-04-14,server-arsip-semarang,memo_keuangan_202403_6021|24914810|arsip approved total
BCH-0001373,kontrak_audit_202402_9818.xml,4651863,2024-10-17,nas-lokal-04,kontrak_audit_202402_9818|4651863|rekap arsip data
DUP-0000140,gambar_teknologi_202311_2948.zip,39893410,2023-10-04,ftp-pusat,gambar|teknologi|39893410|data rekap total
BCH-0004155,gambar_audit_202502_6906.doc,2627740,2024-01-09,server-arsip-medan,gambar_audit_202502_6906|2627740|draft rekap total
BCH-0002569,invoice_pemasaran_202509_5321.rar,50646,2024-08-06,server-arsip-makassar,invoice_pemasaran_202509_5321|50646|pending periode rekap
BCH-0003310,log_operasional_202401_2263.csv,334273,2024-03-22,nas-lokal-03,log_operasional_202401_2263|334273|revisi rekap arsip
DUP-0000341,gambar_sdm_202409_3947.png,308862268,2023-05-14,cloud-storage-aws,gambar|sdm|308862268|data total file
BCH-0002728,kontrak_logistik_202408_4665.jpeg,302178,2024-10-13,server-arsip-makassar,kontrak_logistik_202408_4665|302178|rekap arsip periode
BCH-0002870,laporan_manajemen_202508_3397.zip,364841,2024-02-09,ftp-cabang,laporan_manajemen_202508_3397|364841|periode draft arsip
DUP-0000433,memo_pemasaran_202304_5241.csv,432029609,2022-04-08,server-arsip-surabaya,memo|pemasaran|432029609|rekap file draft
DUP-0000233,dataset_pemasaran_202206_7933.docx,275102,2023-04-17,backup-eksternal,dataset|pemasaran|275102|revisi dokumen periode arsip
BCH-0001908,memo_hukum_202410_5908.csv,819032,2024-04-02,server-arsip-medan,memo_hukum_202410_5908|819032|periode total draft
BCH-0002123,gambar_pemasaran_202508_4522.zip,423580,2024-08-25,server-arsip-medan,gambar_pemasaran_202508_4522|423580|periode arsip pending
BCH-0004268,invoice_audit_202403_2694.xls,156332,2024-12-06,cloud-storage-azure,invoice_audit_202403_2694|156332|pending arsip periode
BCH-0002524,invoice_logistik_202509_7098.txt,26307186,2024-06-18,portal-upload-mobile,invoice_logistik_202509_7098|26307186|revisi arsip total
BCH-0002965,log_pemasaran_202512_4098.csv,6390378,2024-04-16,server-arsip-semarang,log_pemasaran_202512_4098|6390378|revisi approved periode
BCH-0002485,invoice_pemasaran_202404_6128.csv,1048685,2024-12-15,cloud-storage-azure,invoice_pemasaran_202404_6128|1048685|revisi arsip final
BCH-0003147,presentasi_hukum_202406_7723.xlsx,422850300,2024-01-30,ftp-cabang,presentasi_hukum_202406_7723|422850300|revisi draft approved
BCH-0000499,memo_operasional_202404_0015.rar,45281529,2024-07-13,nas-lokal-03,memo_operasional_202404_0015|45281529|rekap revisi arsip
BCH-0001755,memo_operasional_202409_5983.xlsx,2168732,2024-02-03,server-arsip-makassar,memo_operasional_202409_5983|2168732|approved draft arsip
BCH-0003818,laporan_operasional_202406_9053.xml,4246407,2024-08-07,server-arsip-makassar,laporan_operasional_202406_9053|4246407|draft periode rekap
BCH-0000027,kontrak_keuangan_202505_7292.csv,1798249,2024-07-31,server-arsip-makassar,kontrak_keuangan_202505_7292|1798249|revisi final periode
BCH-0004246,kontrak_teknologi_202410_2578.jpeg,3141911,2024-03-31,server-arsip-semarang,kontrak_teknologi_202410_2578|3141911|arsip final rekap
BCH-0000566,memo_riset_202510_3715.doc,380482404,2024-08-01,nas-lokal-04,memo_riset_202510_3715|380482404|draft arsip revisi
BCH-0001352,backup_sdm_202409_7261.jpg,4229421,2024-09-16,cloud-storage-azure,backup_sdm_202409_7261|4229421|total draft data
BCH-0001546,surat_operasional_202512_4648.jpeg,2519204,2024-06-02,server-arsip-semarang,surat_operasional_202512_4648|2519204|draft arsip revisi
BCH-0003196,presentasi_pemasaran_202511_5398.txt,454936,2024-01-15,ftp-cabang,presentasi_pemasaran_202511_5398|454936|final arsip rekap
BCH-0004117,surat_sdm_202401_2543.csv,3786531,2024-11-11,server-arsip-makassar,surat_sdm_202401_2543|3786531|total approved final
BCH-0001329,dataset_operasional_202412_0952.xml,396536,2024-07-28,server-arsip-makassar,dataset_operasional_202412_0952|396536|draft rekap approved
BCH-0003285,laporan_hukum_202412_9615.jpg,8015681,2024-06-10,nas-lokal-04,laporan_hukum_202412_9615|8015681|draft arsip total
BCH-0000550,log_logistik_202506_3895.xls,3590169,2024-06-17,ftp-cabang,log_logistik_202506_3895|3590169|arsip approved pending
BCH-0001496,backup_sdm_202512_9921.txt,7050037,2024-10-08,ftp-cabang,backup_sdm_202512_9921|7050037|total rekap draft
BCH-0002956,laporan_logistik_202508_9783.json,335363,2024-12-28,nas-lokal-04,laporan_logistik_202508_9783|335363|final arsip draft
BCH-0003090,invoice_hukum_202512_6507.txt,1271898,2024-09-01,cloud-storage-azure,invoice_hukum_202512_6507|1271898|approved arsip draft
BCH-0000526,surat_sdm_202405_1075.xml,24440136,2024-10-02,server-arsip-makassar,surat_sdm_202405_1075|24440136|periode approved rekap
BCH-0000883,kontrak_audit_202507_6007.pdf,39802348,2024-08-12,nas-lokal-04,kontrak_audit_202507_6007|39802348|rekap periode revisi
BCH-0001236,invoice_hukum_202410_2624.csv,3898063,2024-10-13,server-arsip-makassar,invoice_hukum_202410_2624|3898063|rekap pending periode
BCH-0001227,memo_sdm_202512_9444.png,3018453,2024-07-10,nas-lokal-03,memo_sdm_202512_9444|3018453|data approved revisi
BCH-0002155,presentasi_keuangan_202409_5772.rar,177445,2024-06-27,server-arsip-semarang,presentasi_keuangan_202409_5772|177445|draft data rekap
DUP-0000407,log_pemasaran_202410_9627.csv,603716,2024-12-06,nas-lokal-02,log|pemasaran|603716|approved periode data
DUP-0000090,memo_hukum_202202_8146.png,1036516,2023-03-28,server-arsip-bandung,memo|hukum|1036516|approved draft file
BCH-0004000,laporan_sdm_202401_3977.xlsx,109392,2024-01-05,server-arsip-semarang,laporan_sdm_202401_3977|109392|total revisi arsip
BCH-0001739,laporan_riset_202510_8882.docx,1108665,2024-06-30,portal-upload-mobile,laporan_riset_202510_8882|1108665|rekap total periode
BCH-0001108,gambar_sdm_202412_5428.jpg,3513051,2024-01-09,portal-upload-mobile,gambar_sdm_202412_5428|3513051|data periode rekap
BCH-0003446,dataset_pemasaran_202509_1605.csv,202305,2024-01-08,ftp-cabang,dataset_pemasaran_202509_1605|202305|revisi arsip final
BCH-0000447,surat_audit_202409_5219.xlsx,147459,2024-09-13,server-arsip-makassar,surat_audit_202409_5219|147459|pending periode data
BCH-0002265,surat_sdm_202505_4775.rar,34675562,2024-12-17,server-arsip-semarang,surat_sdm_202505_4775|34675562|total final revisi
BCH-0003547,laporan_logistik_202402_2026.jpeg,2392712,2024-06-25,nas-lokal-04,laporan_logistik_202402_2026|2392712|data pending revisi
BCH-0000908,kontrak_sdm_202505_5288.zip,71384184,2024-08-23,cloud-storage-azure,kontrak_sdm_202505_5288|71384184|draft data pending
BCH-0003234,log_logistik_202408_5320.txt,374894,2024-05-28,server-arsip-semarang,log_logistik_202408_5320|374894|final rekap draft
BCH-0001556,presentasi_pemasaran_202502_7913.jpeg,274867,2024-05-07,nas-lokal-03,presentasi_pemasaran_202502_7913|274867|arsip pending total
BCH-0000711,laporan_keuangan_202407_8853.rar,3541817,2024-01-13,nas-lokal-04,laporan_keuangan_202407_8853|3541817|final revisi pending
BCH-0001817,surat_riset_202507_7331.jpg,18812854,2024-11-15,portal-upload-mobile,surat_riset_202507_7331|18812854|draft total pending
BCH-0001403,laporan_hukum_202501_4253.pdf,1059136,2024-11-08,cloud-storage-azure,laporan_hukum_202501_4253|1059136|revisi draft arsip
BCH-0003710,presentasi_keuangan_202403_1243.doc,857743,2024-09-19,nas-lokal-04,presentasi_keuangan_202403_1243|857743|arsip revisi approved
BCH-0004329,gambar_riset_202505_9807.xlsx,40802759,2024-05-24,nas-lokal-04,gambar_riset_202505_9807|40802759|pending data final
BCH-0001807,dataset_operasional_202407_0310.png,420740282,2024-08-15,server-arsip-semarang,dataset_operasional_202407_0310|420740282|final approved data
BCH-0002171,laporan_hukum_202409_0051.png,2308503,2024-03-10,server-arsip-makassar,laporan_hukum_202409_0051|2308503|revisi pending periode
BCH-0001208,kontrak_pemasaran_202507_0456.txt,1234945,2024-11-05,server-arsip-medan,kontrak_pemasaran_202507_0456|1234945|draft approved revisi
BCH-0001889,backup_riset_202501_8998.doc,468302,2024-07-10,portal-upload-mobile,backup_riset_202501_8998|468302|final approved rekap
BCH-0001261,laporan_keuangan_202506_8482.png,95678547,2024-06-04,ftp-cabang,laporan_keuangan_202506_8482|95678547|pending revisi approved
BCH-0002220,laporan_manajemen_202410_8358.docx,297290,2024-11-15,ftp-cabang,laporan_manajemen_202410_8358|297290|revisi rekap draft
BCH-0001260,kontrak_hukum_202507_6523.csv,2675227,2024-11-30,server-arsip-medan,kontrak_hukum_202507_6523|2675227|total draft rekap
BCH-0002357,dataset_operasional_202506_4043.doc,35880115,2024-07-31,nas-lokal-04,dataset_operasional_202506_4043|35880115|data pending revisi
BCH-0000738,dataset_keuangan_202408_2859.jpg,10809057,2024-12-24,portal-upload-mobile,dataset_keuangan_202408_2859|10809057|approved data draft
BCH-0003259,laporan_operasional_202512_5541.jpeg,119995,2024-01-13,server-arsip-makassar,laporan_operasional_202512_5541|119995|periode arsip rekap
DUP-0000259,presentasi_logistik_202408_6078.zip,90445,2024-02-01,backup-eksternal,presentasi|logistik|90445|dokumen periode arsip
BCH-0002337,presentasi_keuangan_202511_4025.png,937484,2024-11-22,portal-upload-mobile,presentasi_keuangan_202511_4025|937484|arsip final periode
BCH-0001033,memo_manajemen_202511_1207.json,96558416,2024-12-01,server-arsip-makassar,memo_manajemen_202511_1207|96558416|draft arsip periode
BCH-0000634,memo_teknologi_202402_7118.jpeg,33296,2024-06-17,portal-upload-mobile,memo_teknologi_202402_7118|33296|draft final total
BCH-0002223,kontrak_manajemen_202407_5374.jpeg,381117,2024-04-15,cloud-storage-azure,kontrak_manajemen_202407_5374|381117|draft final arsip
BCH-0002112,invoice_audit_202509_2189.docx,2403630,2024-10-22,server-arsip-makassar,invoice_audit_202509_2189|2403630|total revisi draft
BCH-0002947,log_riset_202501_3461.csv,4645198,2024-10-26,cloud-storage-azure,log_riset_202501_3461|4645198|final arsip draft
BCH-0001664,gambar_riset_202507_7531.txt,801985,2024-10-26,portal-upload-mobile,gambar_riset_202507_7531|801985|periode rekap draft
BCH-0003980,invoice_keuangan_202508_5188.jpeg,38145475,2024-03-24,nas-lokal-03,invoice_keuangan_202508_5188|38145475|final draft data
BCH-0000799,laporan_operasional_202405_3408.png,4066098,2024-01-08,ftp-cabang,laporan_operasional_202405_3408|4066098|pending draft data
BCH-0000992,kontrak_sdm_202510_8935.doc,539582,2024-10-04,ftp-cabang,kontrak_sdm_202510_8935|539582|arsip periode data
BCH-0000280,memo_keuangan_202501_5912.xml,37353,2024-07-29,nas-lokal-04,memo_keuangan_202501_5912|37353|draft revisi periode
BCH-0000380,dataset_logistik_202508_0828.zip,165575,2024-04-26,server-arsip-medan,dataset_logistik_202508_0828|165575|revisi data pending
BCH-0001687,memo_sdm_202507_8988.pdf,42654392,2024-10-12,server-arsip-semarang,memo_sdm_202507_8988|42654392|rekap pending periode
DUP-0000363,invoice_logistik_202210_6222.zip,4175577,2024-01-05,portal-upload-web,invoice|logistik|4175577|data periode pending
DUP-0000261,surat_keuangan_202407_6468.jpg,225868,2023-05-27,server-arsip-surabaya,surat|keuangan|225868|file data approved dokumen revisi
BCH-0002868,dataset_manajemen_202511_5262.xls,330407,2024-04-22,nas-lokal-04,dataset_manajemen_202511_5262|330407|approved data final
BCH-0000445,log_manajemen_202509_6905.json,2160549,2024-08-02,portal-upload-mobile,log_manajemen_202509_6905|2160549|final arsip approved
BCH-0004270,log_hukum_202510_8833.jpeg,381799,2024-02-17,server-arsip-medan,log_hukum_202510_8833|381799|periode arsip total
DUP-0000420,memo_manajemen_202411_1469.xlsx,3648846,2024-08-07,nas-lokal-02,memo|manajemen|3648846|data file pending draft
BCH-0003845,gambar_teknologi_202403_4379.rar,175064,2024-05-14,nas-lokal-04,gambar_teknologi_202403_4379|175064|pending revisi final
DUP-0000193,log_logistik_202406_8951.json,296779978,2023-12-27,cloud-storage-gcp,log|logistik|296779978|pending revisi data final arsip
BCH-0002119,dataset_manajemen_202408_9732.doc,338347,2024-01-06,nas-lokal-03,dataset_manajemen_202408_9732|338347|draft periode rekap
BCH-0001580,invoice_logistik_202402_3311.csv,386331,2024-02-25,cloud-storage-azure,invoice_logistik_202402_3311|386331|arsip draft final
BCH-0001098,backup_sdm_202408_3933.jpeg,21500132,2024-09-10,cloud-storage-azure,backup_sdm_202408_3933|21500132|periode data rekap
BCH-0000591,backup_operasional_202508_2487.doc,2721873,2024-05-12,server-arsip-makassar,backup_operasional_202508_2487|2721873|draft data final
BCH-0003488,gambar_logistik_202408_8277.rar,71276,2024-07-29,server-arsip-medan,gambar_logistik_202408_8277|71276|total approved pending
DUP-0000406,gambar_riset_202203_4304.png,424826,2023-09-07,backup-eksternal,gambar|riset|424826|data file final
BCH-0002090,surat_pemasaran_202402_6818.doc,191539,2024-08-13,server-arsip-semarang,surat_pemasaran_202402_6818|191539|rekap arsip total
BCH-0002958,gambar_keuangan_202506_0870.zip,221167,2024-06-10,portal-upload-mobile,gambar_keuangan_202506_0870|221167|arsip approved periode
BCH-0002729,kontrak_audit_202401_4267.png,168786,2024-04-19,cloud-storage-azure,kontrak_audit_202401_4267|168786|periode draft approved
DUP-0000306,presentasi_logistik_202404_1814.pdf,466400,2023-01-24,cloud-storage-gcp,presentasi|logistik|466400|periode approved data
BCH-0002935,kontrak_teknologi_202404_4200.png,43564785,2024-12-09,cloud-storage-azure,kontrak_teknologi_202404_4200|43564785|total revisi draft
BCH-0004445,invoice_sdm_202507_8440.json,156053766,2024-11-11,ftp-cabang,invoice_sdm_202507_8440|156053766|data arsip revisi
BCH-0000662,invoice_teknologi_202511_8675.xml,14579,2024-04-04,cloud-storage-azure,invoice_teknologi_202511_8675|14579|periode final total
BCH-0000464,backup_operasional_202407_9727.png,238242434,2024-02-13,portal-upload-mobile,backup_operasional_202407_9727|238242434|approved pending arsip
BCH-0000134,laporan_teknologi_202407_6342.csv,195051,2024-11-10,server-arsip-makassar,laporan_teknologi_202407_6342|195051|final periode pending
BCH-0003326,surat_pemasaran_202501_5295.zip,398133413,2024-01-20,cloud-storage-azure,surat_pemasaran_202501_5295|398133413|rekap approved periode
BCH-0003368,kontrak_teknologi_202508_7361.xls,1380278,2024-08-30,server-arsip-semarang,kontrak_teknologi_202508_7361|1380278|data periode approved
BCH-0003617,presentasi_pemasaran_202402_6970.jpeg,87538,2024-12-02,portal-upload-mobile,presentasi_pemasaran_202402_6970|87538|revisi rekap total
DUP-0000061,log_hukum_202312_2420.jpg,3430773,2023-04-29,server-arsip-bandung,log|hukum|3430773|final revisi periode
DUP-0000495,backup_audit_202409_6860.png,30627026,2022-11-28,cloud-storage-aws,backup|audit|30627026|periode final rekap pending draft
BCH-0000261,invoice_manajemen_202505_6720.zip,29104379,2024-03-18,ftp-cabang,invoice_manajemen_202505_6720|29104379|rekap pending total
DUP-0000105,gambar_manajemen_202310_4910.json,42990121,2024-05-07,nas-lokal-01,gambar|manajemen|42990121|total pending rekap
BCH-0000790,backup_hukum_202510_0607.rar,829594,2024-08-23,nas-lokal-04,backup_hukum_202510_0607|829594|data rekap total
BCH-0001516,backup_keuangan_202502_2682.jpeg,95522,2024-05-09,nas-lokal-04,backup_keuangan_202502_2682|95522|data draft rekap
BCH-0000993,backup_operasional_202410_2748.png,3902388,2024-07-20,server-arsip-makassar,backup_operasional_202410_2748|3902388|approved total arsip
BCH-0003954,laporan_teknologi_202404_0476.xlsx,1475097,2024-11-04,portal-upload-mobile,laporan_teknologi_202404_0476|1475097|rekap arsip revisi
BCH-0002648,dataset_riset_202504_8241.docx,4069698,2024-09-25,server-arsip-medan,dataset_riset_202504_8241|4069698|periode rekap final
BCH-0000729,presentasi_keuangan_202406_9358.pdf,3808534,2024-10-04,cloud-storage-azure,presentasi_keuangan_202406_9358|3808534|pending revisi draft
BCH-0004376,surat_manajemen_202405_3726.xlsx,4985733,2024-12-07,cloud-storage-azure,surat_manajemen_202405_3726|4985733|arsip approved rekap
BCH-0000180,surat_teknologi_202405_7494.jpeg,4111746,2024-08-30,nas-lokal-04,surat_teknologi_202405_7494|4111746|data pending arsip
BCH-0003344,laporan_pemasaran_202505_8362.jpeg,45309561,2024-05-09,nas-lokal-03,laporan_pemasaran_202505_8362|45309561|final pending periode
BCH-0003747,invoice_pemasaran_202407_2771.png,413214,2024-04-14,nas-lokal-03,invoice_pemasaran_202407_2771|413214|approved periode total
BCH-0001016,gambar_hukum_202401_9528.xlsx,14357597,2024-11-27,nas-lokal-04,gambar_hukum_202401_9528|14357597|pending revisi approved
BCH-0002274,laporan_teknologi_202508_9162.xls,5898244,2024-11-24,server-arsip-medan,laporan_teknologi_202508_9162|5898244|draft total data
BCH-0001520,memo_teknologi_202408_5624.png,23338311,2024-02-26,portal-upload-mobile,memo_teknologi_202408_5624|23338311|pending periode data
BCH-0001792,surat_teknologi_202511_7208.jpg,196155,2024-05-20,portal-upload-mobile,surat_teknologi_202511_7208|196155|total pending draft
BCH-0003756,laporan_hukum_202403_9005.csv,401588,2024-01-27,nas-lokal-03,laporan_hukum_202403_9005|401588|data total arsip
BCH-0001314,backup_teknologi_202407_7502.png,66731,2024-08-09,server-arsip-medan,backup_teknologi_202407_7502|66731|data rekap periode
BCH-0002114,backup_riset_202408_0596.zip,31641,2024-12-06,nas-lokal-04,backup_riset_202408_0596|31641|total rekap data
BCH-0000491,kontrak_operasional_202407_7017.rar,857015,2024-06-18,nas-lokal-03,kontrak_operasional_202407_7017|857015|total pending rekap
BCH-0002914,presentasi_manajemen_202402_4793.jpg,1781011,2024-05-10,ftp-cabang,presentasi_manajemen_202402_4793|1781011|draft arsip total
BCH-0002222,laporan_logistik_202504_1094.txt,18265295,2024-12-10,server-arsip-medan,laporan_logistik_202504_1094|18265295|final total arsip
BCH-0000184,memo_riset_202403_8756.json,3954211,2024-11-03,nas-lokal-03,memo_riset_202403_8756|3954211|periode draft pending
BCH-0003884,invoice_manajemen_202503_2566.txt,356821,2024-06-05,server-arsip-semarang,invoice_manajemen_202503_2566|356821|approved rekap final
BCH-0003967,memo_riset_202407_5021.csv,196254,2024-10-04,portal-upload-mobile,memo_riset_202407_5021|196254|periode arsip approved
DUP-0000295,laporan_sdm_202408_0135.docx,75556,2023-04-22,server-arsip-bandung,laporan|sdm|75556|rekap pending revisi
BCH-0003649,laporan_audit_202509_6947.png,2948035,2024-06-11,cloud-storage-azure,laporan_audit_202509_6947|2948035|revisi arsip total
BCH-0004017,gambar_manajemen_202504_0593.xls,494418,2024-05-02,cloud-storage-azure,gambar_manajemen_202504_0593|494418|draft approved periode
BCH-0001356,gambar_hukum_202502_7208.xml,4076067,2024-07-02,server-arsip-makassar,gambar_hukum_202502_7208|4076067|arsip pending draft
BCH-0002799,laporan_logistik_202405_5861.json,148170,2024-09-26,nas-lokal-03,laporan_logistik_202405_5861|148170|draft revisi total
BCH-0002970,dataset_operasional_202405_7885.jpeg,234095,2024-10-14,cloud-storage-azure,dataset_operasional_202405_7885|234095|pending draft total
DUP-0000434,backup_riset_202205_4525.json,286459167,2023-06-16,backup-eksternal,backup|riset|286459167|revisi data periode
BCH-0003217,log_logistik_202510_5844.csv,148181,2024-06-28,nas-lokal-04,log_logistik_202510_5844|148181|data draft revisi
BCH-0000598,log_operasional_202506_0535.rar,70034,2024-03-30,server-arsip-semarang,log_operasional_202506_0535|70034|periode final rekap
BCH-0002584,dataset_audit_202401_4490.csv,1569549,2024-06-19,ftp-cabang,dataset_audit_202401_4490|1569549|total data periode
BCH-0002912,laporan_manajemen_202511_0278.xlsx,958247,2024-06-27,server-arsip-semarang,laporan_manajemen_202511_0278|958247|revisi draft arsip
BCH-0004308,backup_hukum_202406_7689.txt,124212,2024-03-13,ftp-cabang,backup_hukum_202406_7689|124212|approved data pending
BCH-0003376,kontrak_audit_202512_6565.zip,49381392,2024-08-07,server-arsip-makassar,kontrak_audit_202512_6565|49381392|data rekap arsip
BCH-0004059,kontrak_manajemen_202407_6408.docx,302820,2024-03-28,server-arsip-medan,kontrak_manajemen_202407_6408|302820|final data pending
BCH-0003648,backup_operasional_202510_2257.zip,4241546,2024-01-20,portal-upload-mobile,backup_operasional_202510_2257|4241546|final revisi rekap
BCH-0001927,invoice_hukum_202504_1375.xlsx,1767005,2024-12-15,nas-lokal-03,invoice_hukum_202504_1375|1767005|final periode total
BCH-0002745,backup_operasional_202505_7806.pdf,23384,2024-07-24,ftp-cabang,backup_operasional_202505_7806|23384|revisi final data
BCH-0002816,invoice_manajemen_202502_0936.docx,117859,2024-06-19,server-arsip-semarang,invoice_manajemen_202502_0936|117859|arsip rekap draft
BCH-0000501,laporan_teknologi_202408_2951.rar,257709,2024-07-11,portal-upload-mobile,laporan_teknologi_202408_2951|257709|revisi pending draft
BCH-0000220,laporan_pemasaran_202509_6236.xls,4949139,2024-10-08,server-arsip-medan,laporan_pemasaran_202509_6236|4949139|pending revisi draft
BCH-0003206,gambar_sdm_202511_7116.xml,216926,2024-04-10,portal-upload-mobile,gambar_sdm_202511_7116|216926|rekap final data
BCH-0002289,gambar_manajemen_202509_3691.txt,392633,2024-07-20,ftp-cabang,gambar_manajemen_202509_3691|392633|final data rekap
BCH-0003503,log_manajemen_202404_6019.xml,9574582,2024-10-08,portal-upload-mobile,log_manajemen_202404_6019|9574582|approved total draft
DUP-0000138,backup_pemasaran_202309_7306.png,4734387,2022-11-22,backup-eksternal,backup|pemasaran|4734387|final revisi file arsip
BCH-0002432,laporan_riset_202508_9499.zip,153587,2024-03-22,portal-upload-mobile,laporan_riset_202508_9499|153587|rekap pending arsip
BCH-0001512,dataset_riset_202503_6300.pdf,13550445,2024-09-07,server-arsip-makassar,dataset_riset_202503_6300|13550445|periode total final
BCH-0003440,backup_operasional_202512_2133.xml,398872,2024-12-04,server-arsip-makassar,backup_operasional_202512_2133|398872|approved final draft
BCH-0004044,backup_keuangan_202409_2424.json,298123,2024-01-01,nas-lokal-04,backup_keuangan_202409_2424|298123|arsip data rekap
BCH-0001012,gambar_manajemen_202506_2394.zip,347053,2024-10-08,ftp-cabang,gambar_manajemen_202506_2394|347053|arsip revisi pending
BCH-0000657,kontrak_manajemen_202407_2044.txt,1488507,2024-01-28,ftp-cabang,kontrak_manajemen_202407_2044|1488507|periode final approved
BCH-0003713,invoice_operasional_202405_2447.xlsx,92168,2024-02-12,server-arsip-medan,invoice_operasional_202405_2447|92168|draft revisi total
BCH-0000146,presentasi_keuangan_202506_3147.xlsx,26082,2024-10-08,cloud-storage-azure,presentasi_keuangan_202506_3147|26082|pending total periode
BCH-0003761,backup_logistik_202403_6379.jpeg,14275277,2024-05-22,server-arsip-semarang,backup_logistik_202403_6379|14275277|pending periode arsip
BCH-0002390,memo_manajemen_202510_1991.rar,395057860,2024-04-27,portal-upload-mobile,memo_manajemen_202510_1991|395057860|revisi arsip pending
BCH-0004195,invoice_riset_202502_6110.jpeg,192885,2024-04-08,portal-upload-mobile,invoice_riset_202502_6110|192885|data rekap arsip
BCH-0003674,kontrak_audit_202402_0147.xls,1052043,2024-08-03,nas-lokal-04,kontrak_audit_202402_0147|1052043|arsip periode approved
BCH-0000176,presentasi_operasional_202412_2537.xml,4110479,2024-01-31,server-arsip-semarang,presentasi_operasional_202412_2537|4110479|total periode arsip
BCH-0002150,gambar_manajemen_202511_3168.rar,356531,2024-08-12,server-arsip-medan,gambar_manajemen_202511_3168|356531|data rekap pending
BCH-0004078,memo_operasional_202401_8809.csv,4642313,2024-12-10,server-arsip-semarang,memo_operasional_202401_8809|4642313|rekap pending revisi
BCH-0002258,backup_pemasaran_202401_5107.xls,418644,2024-01-01,nas-lokal-04,backup_pemasaran_202401_5107|418644|final rekap total
BCH-0002227,invoice_pemasaran_202505_9844.pdf,3361642,2024-03-19,server-arsip-makassar,invoice_pemasaran_202505_9844|3361642|periode approved final
BCH-0001522,laporan_pemasaran_202508_1065.csv,244970624,2024-12-10,nas-lokal-04,laporan_pemasaran_202508_1065|244970624|periode draft approved
DUP-0000119,log_pemasaran_202412_6620.zip,1746282,2023-05-17,server-arsip-jakarta,log|pemasaran|1746282|revisi approved pending
BCH-0003067,memo_sdm_202501_8722.doc,345826,2024-07-28,nas-lokal-03,memo_sdm_202501_8722|345826|final pending rekap
BCH-0001348,gambar_hukum_202511_7367.pdf,4600206,2024-08-12,cloud-storage-azure,gambar_hukum_202511_7367|4600206|arsip draft periode
BCH-0003171,surat_sdm_202512_6386.docx,2867566,2024-12-26,server-arsip-semarang,surat_sdm_202512_6386|2867566|periode draft approved
BCH-0003974,surat_audit_202511_0480.xls,122371,2024-06-16,nas-lokal-03,surat_audit_202511_0480|122371|final periode revisi
BCH-0000801,presentasi_logistik_202510_7461.png,20147190,2024-06-13,portal-upload-mobile,presentasi_logistik_202510_7461|20147190|arsip approved draft
BCH-0001643,memo_riset_202410_2494.xlsx,2268238,2024-09-19,nas-lokal-03,memo_riset_202410_2494|2268238|approved final rekap
BCH-0001566,presentasi_hukum_202509_5128.jpg,1317522,2024-09-14,server-arsip-semarang,presentasi_hukum_202509_5128|1317522|pending arsip data
BCH-0000393,memo_logistik_202505_2825.doc,4178243,2024-07-17,server-arsip-makassar,memo_logistik_202505_2825|4178243|rekap revisi approved
BCH-0001171,invoice_sdm_202405_6210.xls,40710367,2024-09-16,server-arsip-makassar,invoice_sdm_202405_6210|40710367|approved draft pending
BCH-0001726,gambar_riset_202411_1331.jpg,2033852,2024-10-04,server-arsip-medan,gambar_riset_202411_1331|2033852|periode draft total
BCH-0002001,laporan_manajemen_202405_6378.rar,3002436,2024-05-07,ftp-cabang,laporan_manajemen_202405_6378|3002436|total revisi data
BCH-0001563,gambar_pemasaran_202506_0580.doc,32656921,2024-07-28,nas-lokal-03,gambar_pemasaran_202506_0580|32656921|rekap total draft
DUP-0000444,presentasi_hukum_202301_4940.xlsx,430681,2024-06-03,server-arsip-bandung,presentasi|hukum|430681|data rekap arsip
BCH-0000460,backup_sdm_202404_1419.csv,8669947,2024-12-25,nas-lokal-03,backup_sdm_202404_1419|8669947|arsip revisi rekap
BCH-0001501,kontrak_hukum_202402_8882.jpg,331303,2024-01-08,nas-lokal-03,kontrak_hukum_202402_8882|331303|final data rekap
BCH-0001322,gambar_sdm_202404_2896.xml,417890,2024-03-30,nas-lokal-03,gambar_sdm_202404_2896|417890|revisi data periode
BCH-0000772,log_audit_202401_5942.json,488994,2024-03-06,nas-lokal-03,log_audit_202401_5942|488994|draft revisi data
BCH-0000649,surat_logistik_202506_2580.xml,423392,2024-02-23,server-arsip-semarang,surat_logistik_202506_2580|423392|final periode draft
BCH-0002196,surat_keuangan_202406_5169.doc,370186,2024-01-18,server-arsip-makassar,surat_keuangan_202406_5169|370186|final data total
BCH-0000204,memo_sdm_202508_6813.jpg,38379646,2024-08-18,server-arsip-medan,memo_sdm_202508_6813|38379646|arsip draft approved
DUP-0000036,invoice_hukum_202203_9222.xml,949706,2023-09-15,server-arsip-bandung,invoice|hukum|949706|total arsip approved
BCH-0000496,invoice_teknologi_202505_4972.xml,295023,2024-01-01,portal-upload-mobile,invoice_teknologi_202505_4972|295023|draft pending rekap
BCH-0000236,invoice_audit_202512_9837.docx,9091922,2024-05-10,portal-upload-mobile,invoice_audit_202512_9837|9091922|approved total rekap
BCH-0002948,backup_teknologi_202401_0893.xls,397565,2024-08-23,ftp-cabang,backup_teknologi_202401_0893|397565|final periode data
BCH-0004253,surat_keuangan_202409_7171.jpeg,82549,2024-11-05,portal-upload-mobile,surat_keuangan_202409_7171|82549|revisi approved draft
DUP-0000394,dataset_operasional_202206_8400.zip,358924,2023-02-14,backup-eksternal,dataset|operasional|358924|approved pending final file
DUP-0000009,gambar_hukum_202403_2746.xml,4390235,2023-11-22,nas-lokal-02,gambar|hukum|4390235|dokumen file approved total arsip
BCH-0004330,backup_audit_202409_8373.docx,2800876,2024-08-21,server-arsip-semarang,backup_audit_202409_8373|2800876|revisi final total
BCH-0000820,surat_riset_202401_9556.rar,151538,2024-09-25,nas-lokal-04,surat_riset_202401_9556|151538|periode rekap pending
BCH-0003909,laporan_hukum_202410_2359.jpg,3599824,2024-01-07,server-arsip-semarang,laporan_hukum_202410_2359|3599824|pending total rekap
BCH-0004127,presentasi_manajemen_202408_2181.pdf,2911552,2024-05-07,nas-lokal-03,presentasi_manajemen_202408_2181|2911552|periode rekap arsip
BCH-0003486,dataset_manajemen_202411_9891.pdf,1381844,2024-03-30,server-arsip-makassar,dataset_manajemen_202411_9891|1381844|arsip final data
DUP-0000418,kontrak_hukum_202407_6090.xlsx,23813,2022-04-21,server-arsip-bandung,kontrak|hukum|23813|dokumen total pending periode rekap
BCH-0000227,dataset_pemasaran_202509_8661.jpg,2403123,2024-02-21,portal-upload-mobile,dataset_pemasaran_202509_8661|2403123|pending rekap total
BCH-0003953,dataset_sdm_202509_5184.jpg,155345780,2024-03-28,server-arsip-makassar,dataset_sdm_202509_5184|155345780|draft periode arsip
BCH-0002784,surat_hukum_202508_4090.txt,249758,2024-07-07,nas-lokal-04,surat_hukum_202508_4090|249758|data pending draft
DUP-0000268,presentasi_keuangan_202212_6619.csv,45963322,2024-07-02,cloud-storage-aws,presentasi|keuangan|45963322|dokumen file pending draft approved
BCH-0000072,memo_pemasaran_202410_2837.xls,33246,2024-05-19,portal-upload-mobile,memo_pemasaran_202410_2837|33246|periode final draft
BCH-0000098,kontrak_pemasaran_202504_4729.jpeg,4643050,2024-10-24,server-arsip-medan,kontrak_pemasaran_202504_4729|4643050|approved revisi pending
BCH-0001777,laporan_pemasaran_202410_3787.xlsx,17708719,2024-11-19,server-arsip-semarang,laporan_pemasaran_202410_3787|17708719|draft approved data
BCH-0001988,memo_logistik_202409_7626.docx,17986216,2024-01-24,cloud-storage-azure,memo_logistik_202409_7626|17986216|approved total rekap
BCH-0001796,kontrak_riset_202410_6647.zip,34969213,2024-01-25,portal-upload-mobile,kontrak_riset_202410_6647|34969213|periode final data
BCH-0000630,memo_pemasaran_202501_0007.json,2694669,2024-08-16,server-arsip-semarang,memo_pemasaran_202501_0007|2694669|final rekap draft
BCH-0000087,dataset_keuangan_202401_6897.json,141840899,2024-02-05,cloud-storage-azure,dataset_keuangan_202401_6897|141840899|revisi final periode
BCH-0003404,invoice_logistik_202406_2160.docx,255901434,2024-08-02,ftp-cabang,invoice_logistik_202406_2160|255901434|pending approved arsip
DUP-0000321,kontrak_hukum_202301_6926.json,39472783,2024-10-11,nas-lokal-02,kontrak|hukum|39472783|draft total file
BCH-0004310,surat_operasional_202407_7199.rar,4083427,2024-05-30,nas-lokal-04,surat_operasional_202407_7199|4083427|pending revisi total
BCH-0002658,gambar_pemasaran_202401_5322.zip,4243734,2024-06-03,portal-upload-mobile,gambar_pemasaran_202401_5322|4243734|total approved data
BCH-0003244,surat_teknologi_202401_2714.jpeg,3711368,2024-10-21,server-arsip-makassar,surat_teknologi_202401_2714|3711368|total periode data
BCH-0001785,presentasi_logistik_202410_0646.jpeg,206133,2024-05-11,nas-lokal-03,presentasi_logistik_202410_0646|206133|revisi draft rekap
BCH-0004217,dataset_sdm_202405_9666.txt,3570228,2024-07-14,cloud-storage-azure,dataset_sdm_202405_9666|3570228|revisi data total
BCH-0003441,dataset_manajemen_202512_8816.csv,4992401,2024-10-23,cloud-storage-azure,dataset_manajemen_202512_8816|4992401|pending revisi arsip
BCH-0001597,surat_audit_202502_8900.pdf,321096,2024-12-30,server-arsip-medan,surat_audit_202502_8900|321096|final rekap pending
BCH-0003815,log_operasional_202405_0717.jpeg,336104,2024-02-05,server-arsip-makassar,log_operasional_202405_0717|336104|draft final data
BCH-0004087,dataset_keuangan_202510_0466.txt,467693,2024-02-01,cloud-storage-azure,dataset_keuangan_202510_0466|467693|rekap data draft
BCH-0002855,log_teknologi_202504_5772.rar,371248,2024-03-15,cloud-storage-azure,log_teknologi_202504_5772|371248|final pending arsip
BCH-0000272,gambar_keuangan_202410_5336.xls,44011160,2024-02-14,server-arsip-makassar,gambar_keuangan_202410_5336|44011160|final rekap arsip
BCH-0002419,dataset_teknologi_202402_5159.docx,3278105,2024-06-09,nas-lokal-03,dataset_teknologi_202402_5159|3278105|arsip rekap draft
BCH-0000741,log_riset_202505_2885.csv,3314811,2024-10-18,portal-upload-mobile,log_riset_202505_2885|3314811|rekap pending approved
BCH-0002197,surat_hukum_202510_2397.pdf,1262050,2024-02-22,portal-upload-mobile,surat_hukum_202510_2397|1262050|draft total pending
BCH-0003634,invoice_hukum_202507_0088.jpeg,2480233,2024-07-21,portal-upload-mobile,invoice_hukum_202507_0088|2480233|data revisi rekap
BCH-0002433,laporan_operasional_202409_9998.jpeg,2581935,2024-12-21,server-arsip-semarang,laporan_operasional_202409_9998|2581935|periode approved revisi
BCH-0001022,backup_riset_202510_7892.pdf,289194,2024-10-07,portal-upload-mobile,backup_riset_202510_7892|289194|approved draft periode
BCH-0002515,dataset_keuangan_202403_2918.xml,236227,2024-04-01,ftp-cabang,dataset_keuangan_202403_2918|236227|pending final rekap
BCH-0002969,dataset_keuangan_202506_0563.png,1196345,2024-09-13,nas-lokal-03,dataset_keuangan_202506_0563|1196345|pending draft periode
BCH-0004364,kontrak_keuangan_202410_8564.xlsx,21619,2024-04-28,nas-lokal-03,kontrak_keuangan_202410_8564|21619|arsip final rekap
BCH-0001529,log_sdm_202509_8554.zip,3878877,2024-07-20,nas-lokal-04,log_sdm_202509_8554|3878877|data total periode
BCH-0004071,memo_teknologi_202410_2897.xml,1775633,2024-09-21,server-arsip-makassar,memo_teknologi_202410_2897|1775633|draft pending total
BCH-0000609,gambar_hukum_202507_9181.png,4789186,2024-12-10,server-arsip-semarang,gambar_hukum_202507_9181|4789186|periode draft pending
BCH-0001574,presentasi_teknologi_202504_3398.docx,15031821,2024-08-03,server-arsip-semarang,presentasi_teknologi_202504_3398|15031821|pending total final
DUP-0000263,gambar_riset_202302_7826.jpg,255481,2023-09-08,server-arsip-surabaya,gambar|riset|255481|data final revisi
BCH-0002949,presentasi_logistik_202407_8068.xml,327213016,2024-09-24,nas-lokal-04,presentasi_logistik_202407_8068|327213016|draft total approved
BCH-0000728,gambar_sdm_202405_0508.csv,239466,2024-07-27,nas-lokal-04,gambar_sdm_202405_0508|239466|total pending rekap
BCH-0002629,backup_riset_202403_6496.jpeg,2732356,2024-08-24,portal-upload-mobile,backup_riset_202403_6496|2732356|approved final revisi
BCH-0000761,backup_operasional_202409_6611.xls,227161,2024-11-13,server-arsip-makassar,backup_operasional_202409_6611|227161|pending final revisi
BCH-0001881,laporan_keuangan_202503_0474.csv,238475396,2024-12-26,portal-upload-mobile,laporan_keuangan_202503_0474|238475396|rekap total final
DUP-0000395,laporan_riset_202312_9649.xlsx,398650,2024-12-19,portal-upload-web,laporan|riset|398650|revisi data final file
BCH-0003372,laporan_sdm_202507_5736.txt,12119416,2024-01-16,server-arsip-makassar,laporan_sdm_202507_5736|12119416|approved periode arsip
BCH-0000776,dataset_logistik_202510_4818.pdf,2728579,2024-03-05,nas-lokal-04,dataset_logistik_202510_4818|2728579|total revisi rekap
DUP-0000013,surat_hukum_202404_4563.pdf,9755157,2024-09-21,cloud-storage-aws,surat|hukum|9755157|periode dokumen data pending revisi
BCH-0004170,log_pemasaran_202512_1727.pdf,4174769,2024-07-16,server-arsip-medan,log_pemasaran_202512_1727|4174769|final draft arsip
BCH-0000248,gambar_operasional_202505_4146.docx,145472,2024-09-30,nas-lokal-03,gambar_operasional_202505_4146|145472|rekap pending data
BCH-0003516,dataset_manajemen_202506_0732.jpeg,48347053,2024-02-01,server-arsip-medan,dataset_manajemen_202506_0732|48347053|total draft arsip
BCH-0003047,surat_keuangan_202508_6825.doc,219396,2024-07-28,server-arsip-makassar,surat_keuangan_202508_6825|219396|revisi data arsip
BCH-0000323,surat_pemasaran_202411_4163.jpg,30280199,2024-04-19,server-arsip-semarang,surat_pemasaran_202411_4163|30280199|periode rekap draft
BCH-0002207,log_teknologi_202512_5007.json,44536108,2024-06-06,server-arsip-semarang,log_teknologi_202512_5007|44536108|revisi rekap data
BCH-0001145,log_teknologi_202408_2772.xlsx,450123825,2024-06-15,ftp-cabang,log_teknologi_202408_2772|450123825|final arsip draft
BCH-0003008,surat_teknologi_202408_5783.rar,125112425,2024-04-29,nas-lokal-03,surat_teknologi_202408_5783|125112425|pending rekap arsip
BCH-0000777,dataset_sdm_202406_9176.zip,889454,2024-01-19,portal-upload-mobile,dataset_sdm_202406_9176|889454|pending arsip rekap
BCH-0003060,kontrak_pemasaran_202511_0266.rar,37654429,2024-09-30,ftp-cabang,kontrak_pemasaran_202511_0266|37654429|data revisi rekap
BCH-0001079,kontrak_riset_202406_2530.xls,2242793,2024-11-09,server-arsip-makassar,kontrak_riset_202406_2530|2242793|draft arsip revisi
BCH-0004328,invoice_pemasaran_202407_5673.xls,122060781,2024-05-04,ftp-cabang,invoice_pemasaran_202407_5673|122060781|approved rekap periode
BCH-0004251,invoice_operasional_202511_6868.jpg,75030,2024-08-26,server-arsip-medan,invoice_operasional_202511_6868|75030|periode arsip approved
BCH-0000807,invoice_teknologi_202403_2206.rar,311792,2024-10-30,ftp-cabang,invoice_teknologi_202403_2206|311792|pending data arsip
BCH-0001901,surat_manajemen_202505_9820.png,431166539,2024-12-04,nas-lokal-03,surat_manajemen_202505_9820|431166539|periode draft data
BCH-0004001,invoice_operasional_202507_9940.docx,4786158,2024-01-29,nas-lokal-03,invoice_operasional_202507_9940|4786158|draft arsip revisi
BCH-0000508,laporan_logistik_202511_3028.txt,41042032,2024-03-11,server-arsip-semarang,laporan_logistik_202511_3028|41042032|rekap final data
BCH-0004318,invoice_manajemen_202504_8533.xml,1848807,2024-12-27,server-arsip-makassar,invoice_manajemen_202504_8533|1848807|revisi final total
BCH-0001593,memo_pemasaran_202505_8737.csv,1309607,2024-08-13,server-arsip-medan,memo_pemasaran_202505_8737|1309607|rekap final revisi
BCH-0001083,laporan_pemasaran_202405_6495.xlsx,2531223,2024-12-19,nas-lokal-03,laporan_pemasaran_202405_6495|2531223|approved draft rekap
BCH-0001503,dataset_logistik_202406_0102.zip,1661902,2024-06-18,ftp-cabang,dataset_logistik_202406_0102|1661902|pending draft revisi
BCH-0004378,gambar_manajemen_202402_9530.json,2847642,2024-01-22,server-arsip-semarang,gambar_manajemen_202402_9530|2847642|periode arsip approved
BCH-0001905,presentasi_logistik_202401_2082.json,3676946,2024-09-05,server-arsip-makassar,presentasi_logistik_202401_2082|3676946|pending arsip data
BCH-0000592,surat_operasional_202509_7090.xls,478632661,2024-11-16,server-arsip-semarang,surat_operasional_202509_7090|478632661|rekap draft pending
BCH-0001224,memo_keuangan_202405_0532.xls,483388,2024-11-17,nas-lokal-04,memo_keuangan_202405_0532|483388|arsip draft total
BCH-0003896,laporan_keuangan_202407_0742.txt,4740795,2024-05-22,server-arsip-makassar,laporan_keuangan_202407_0742|4740795|revisi total arsip
BCH-0001759,presentasi_hukum_202503_9889.csv,1449271,2024-03-09,server-arsip-makassar,presentasi_hukum_202503_9889|1449271|arsip periode data
BCH-0002375,kontrak_audit_202403_2938.csv,2827836,2024-11-04,server-arsip-semarang,kontrak_audit_202403_2938|2827836|data total revisi
BCH-0004207,kontrak_sdm_202511_2135.rar,350173,2024-02-23,cloud-storage-azure,kontrak_sdm_202511_2135|350173|pending final rekap
BCH-0000278,dataset_sdm_202504_0610.xls,1985923,2024-01-08,ftp-cabang,dataset_sdm_202504_0610|1985923|arsip revisi rekap
BCH-0003355,log_teknologi_202411_4066.rar,46683,2024-10-28,server-arsip-medan,log_teknologi_202411_4066|46683|total periode revisi
BCH-0004306,gambar_operasional_202407_6355.csv,3886713,2024-02-18,ftp-cabang,gambar_operasional_202407_6355|3886713|approved revisi rekap
BCH-0001055,presentasi_teknologi_202512_5694.jpg,1218093,2024-10-06,cloud-storage-azure,presentasi_teknologi_202512_5694|1218093|pending rekap revisi
BCH-0000436,laporan_logistik_202401_8127.xml,162877,2024-02-09,server-arsip-semarang,laporan_logistik_202401_8127|162877|arsip rekap data
BCH-0003765,dataset_manajemen_202406_5037.json,157522,2024-10-05,nas-lokal-04,dataset_manajemen_202406_5037|157522|approved total arsip
BCH-0003123,surat_operasional_202503_6510.docx,170858,2024-07-24,server-arsip-medan,surat_operasional_202503_6510|170858|rekap approved revisi
BCH-0001827,gambar_operasional_202409_9969.xml,43733179,2024-12-25,server-arsip-makassar,gambar_operasional_202409_9969|43733179|approved total data
BCH-0001587,invoice_audit_202404_0068.doc,14457838,2024-07-30,nas-lokal-04,invoice_audit_202404_0068|14457838|revisi arsip total
BCH-0004415,log_operasional_202507_2397.jpg,3054545,2024-12-26,server-arsip-medan,log_operasional_202507_2397|3054545|pending total draft
BCH-0000315,memo_keuangan_202409_2553.docx,488899,2024-06-09,portal-upload-mobile,memo_keuangan_202409_2553|488899|approved pending arsip
BCH-0002018,memo_teknologi_202509_8921.xlsx,230976,2024-06-13,ftp-cabang,memo_teknologi_202509_8921|230976|draft final arsip
BCH-0003859,memo_hukum_202406_2195.pdf,118460,2024-09-20,server-arsip-makassar,memo_hukum_202406_2195|118460|revisi final total
BCH-0003629,surat_riset_202409_9050.xls,3690199,2024-01-17,server-arsip-semarang,surat_riset_202409_9050|3690199|arsip rekap revisi
BCH-0002792,invoice_operasional_202503_8975.jpeg,378917571,2024-10-12,ftp-cabang,invoice_operasional_202503_8975|378917571|pending periode draft
BCH-0001263,laporan_logistik_202406_8551.pdf,4505412,2024-07-29,cloud-storage-azure,laporan_logistik_202406_8551|4505412|pending periode approved
BCH-0002894,laporan_manajemen_202406_9298.doc,4929713,2024-12-28,ftp-cabang,laporan_manajemen_202406_9298|4929713|approved data total
BCH-0004129,gambar_logistik_202407_7954.rar,4395723,2024-11-13,portal-upload-mobile,gambar_logistik_202407_7954|4395723|data pending approved
BCH-0002203,log_sdm_202404_7137.csv,122187,2024-06-25,server-arsip-medan,log_sdm_202404_7137|122187|final total approved
BCH-0001481,memo_riset_202503_1696.pdf,4973118,2024-07-06,ftp-cabang,memo_riset_202503_1696|4973118|draft arsip rekap
BCH-0000137,gambar_keuangan_202405_1627.jpeg,294140656,2024-08-21,server-arsip-makassar,gambar_keuangan_202405_1627|294140656|arsip revisi approved
BCH-0002126,kontrak_operasional_202510_0698.txt,167804,2024-10-15,nas-lokal-04,kontrak_operasional_202510_0698|167804|pending periode total
BCH-0003058,log_keuangan_202505_8977.xlsx,271054,2024-12-11,ftp-cabang,log_keuangan_202505_8977|271054|approved data draft
BCH-0002722,gambar_hukum_202401_6393.txt,33798866,2024-05-07,portal-upload-mobile,gambar_hukum_202401_6393|33798866|data revisi arsip
BCH-0004133,dataset_sdm_202412_7312.rar,405091633,2024-02-10,nas-lokal-04,dataset_sdm_202412_7312|405091633|revisi total rekap
BCH-0002442,dataset_audit_202406_3913.xml,37846024,2024-03-21,server-arsip-makassar,dataset_audit_202406_3913|37846024|pending data arsip
BCH-0000022,log_teknologi_202506_2109.csv,128493961,2024-02-11,nas-lokal-03,log_teknologi_202506_2109|128493961|revisi data rekap
BCH-0002082,gambar_riset_202412_0362.pdf,49518828,2024-04-22,server-arsip-semarang,gambar_riset_202412_0362|49518828|rekap periode data
BCH-0002054,invoice_keuangan_202501_9107.docx,3157247,2024-08-11,server-arsip-semarang,invoice_keuangan_202501_9107|3157247|pending final data
BCH-0001194,presentasi_riset_202409_3235.csv,1765363,2024-12-20,server-arsip-semarang,presentasi_riset_202409_3235|1765363|revisi arsip approved
BCH-0000677,presentasi_riset_202409_3138.rar,8060657,2024-03-15,server-arsip-semarang,presentasi_riset_202409_3138|8060657|periode total approved
BCH-0000525,memo_teknologi_202403_9946.docx,19112795,2024-10-29,nas-lokal-03,memo_teknologi_202403_9946|19112795|total rekap periode
BCH-0003490,presentasi_logistik_202510_7787.xml,116963,2024-03-20,server-arsip-makassar,presentasi_logistik_202510_7787|116963|draft total approved
BCH-0003814,invoice_audit_202507_5418.png,185671,2024-09-29,server-arsip-makassar,invoice_audit_202507_5418|185671|rekap pending periode
BCH-0000730,memo_manajemen_202406_6150.jpeg,1777501,2024-02-27,nas-lokal-03,memo_manajemen_202406_6150|1777501|rekap data revisi
BCH-0004410,laporan_manajemen_202404_9158.csv,1018357,2024-02-14,server-arsip-semarang,laporan_manajemen_202404_9158|1018357|final rekap total
BCH-0003851,memo_hukum_202501_1249.csv,112402,2024-05-31,cloud-storage-azure,memo_hukum_202501_1249|112402|periode final approved
BCH-0004222,invoice_pemasaran_202507_6710.docx,3171464,2024-09-14,nas-lokal-04,invoice_pemasaran_202507_6710|3171464|final draft periode
BCH-0003140,kontrak_pemasaran_202404_1942.jpg,138346146,2024-04-12,portal-upload-mobile,kontrak_pemasaran_202404_1942|138346146|arsip revisi rekap
BCH-0004320,presentasi_audit_202401_5952.json,201655,2024-03-15,nas-lokal-04,presentasi_audit_202401_5952|201655|final revisi draft
DUP-0000097,invoice_teknologi_202204_8329.png,15857887,2024-03-31,nas-lokal-01,invoice|teknologi|15857887|dokumen data rekap periode approved
DUP-0000294,surat_logistik_202304_2249.zip,117176,2023-06-08,cloud-storage-gcp,surat|logistik|117176|total rekap pending approved
BCH-0003557,invoice_manajemen_202412_1190.xls,3685780,2024-10-29,cloud-storage-azure,invoice_manajemen_202412_1190|3685780|pending approved total
BCH-0003181,gambar_sdm_202408_3720.xml,3760023,2024-07-30,nas-lokal-03,gambar_sdm_202408_3720|3760023|data arsip total
BCH-0004234,log_teknologi_202408_6584.txt,17451,2024-03-21,portal-upload-mobile,log_teknologi_202408_6584|17451|pending periode draft
BCH-0001651,invoice_audit_202507_3542.csv,3361970,2024-09-05,server-arsip-makassar,invoice_audit_202507_3542|3361970|draft rekap pending
BCH-0002705,invoice_hukum_202509_9997.xml,174530,2024-06-27,portal-upload-mobile,invoice_hukum_202509_9997|174530|periode data pending
BCH-0003690,presentasi_logistik_202503_1831.docx,3087288,2024-09-26,server-arsip-medan,presentasi_logistik_202503_1831|3087288|final revisi data
BCH-0001809,gambar_operasional_202502_1020.csv,455936,2024-06-10,cloud-storage-azure,gambar_operasional_202502_1020|455936|approved periode rekap
BCH-0004450,dataset_manajemen_202505_3645.docx,25172937,2024-08-16,cloud-storage-azure,dataset_manajemen_202505_3645|25172937|rekap total pending
BCH-0002657,surat_pemasaran_202507_1025.jpeg,442794,2024-04-08,ftp-cabang,surat_pemasaran_202507_1025|442794|data arsip total
DUP-0000279,kontrak_hukum_202402_7430.xlsx,254819,2023-07-21,nas-lokal-02,kontrak|hukum|254819|data draft final periode total
BCH-0002426,presentasi_pemasaran_202411_9066.docx,203121,2024-09-16,portal-upload-mobile,presentasi_pemasaran_202411_9066|203121|arsip revisi draft
BCH-0004361,kontrak_operasional_202402_8677.csv,11531599,2024-03-19,server-arsip-medan,kontrak_operasional_202402_8677|11531599|data arsip periode
BCH-0002027,presentasi_operasional_202512_2258.rar,2409857,2024-05-02,server-arsip-semarang,presentasi_operasional_202512_2258|2409857|arsip draft rekap
BCH-0000260,dataset_manajemen_202506_8234.xls,553956,2024-09-15,portal-upload-mobile,dataset_manajemen_202506_8234|553956|periode rekap pending
BCH-0003949,invoice_logistik_202409_5399.jpg,3546375,2024-02-15,ftp-cabang,invoice_logistik_202409_5399|3546375|total approved periode
BCH-0002159,backup_manajemen_202503_7446.rar,4232877,2024-04-20,server-arsip-makassar,backup_manajemen_202503_7446|4232877|pending draft periode
BCH-0000018,memo_operasional_202510_2150.xlsx,11535615,2024-12-06,portal-upload-mobile,memo_operasional_202510_2150|11535615|periode pending revisi
BCH-0001048,dataset_keuangan_202510_9689.xls,136837778,2024-08-09,server-arsip-medan,dataset_keuangan_202510_9689|136837778|total periode pending
DUP-0000199,kontrak_teknologi_202203_6366.xml,456874,2024-04-04,cloud-storage-gcp,kontrak|teknologi|456874|data periode total final pending
BCH-0003776,presentasi_logistik_202407_1235.doc,5053937,2024-12-25,server-arsip-semarang,presentasi_logistik_202407_1235|5053937|revisi total final
BCH-0000632,surat_teknologi_202411_3391.zip,9555725,2024-02-07,ftp-cabang,surat_teknologi_202411_3391|9555725|pending rekap arsip
BCH-0001721,presentasi_logistik_202502_0648.xml,4888198,2024-04-04,nas-lokal-03,presentasi_logistik_202502_0648|4888198|periode draft rekap
BCH-0001070,presentasi_riset_202403_8085.doc,4546095,2024-06-22,portal-upload-mobile,presentasi_riset_202403_8085|4546095|approved pending data
BCH-0001454,log_riset_202510_8621.csv,297456545,2024-07-05,nas-lokal-04,log_riset_202510_8621|297456545|total data periode
BCH-0003205,surat_audit_202502_6079.xlsx,189856,2024-06-13,nas-lokal-03,surat_audit_202502_6079|189856|draft periode approved
BCH-0001493,gambar_pemasaran_202405_6976.jpg,37281212,2024-03-19,cloud-storage-azure,gambar_pemasaran_202405_6976|37281212|pending final rekap
BCH-0000500,dataset_hukum_202412_1815.png,2043516,2024-03-13,ftp-cabang,dataset_hukum_202412_1815|2043516|rekap draft total
BCH-0000981,invoice_manajemen_202406_9392.rar,13526285,2024-09-23,server-arsip-medan,invoice_manajemen_202406_9392|13526285|arsip pending data
BCH-0001673,laporan_logistik_202411_7445.doc,173414,2024-02-09,nas-lokal-03,laporan_logistik_202411_7445|173414|approved total pending
BCH-0001645,backup_riset_202505_7511.xls,485291,2024-01-13,server-arsip-medan,backup_riset_202505_7511|485291|periode revisi approved
BCH-0000160,surat_operasional_202408_6930.csv,307115,2024-05-07,nas-lokal-04,surat_operasional_202408_6930|307115|periode rekap total
BCH-0001271,laporan_keuangan_202406_1250.pdf,38742511,2024-08-07,nas-lokal-03,laporan_keuangan_202406_1250|38742511|final periode data
BCH-0003156,surat_sdm_202502_0624.xls,2330340,2024-08-21,portal-upload-mobile,surat_sdm_202502_0624|2330340|draft data total
BCH-0003996,log_operasional_202406_4733.xlsx,1088670,2024-03-18,server-arsip-medan,log_operasional_202406_4733|1088670|data final periode
BCH-0000358,surat_manajemen_202508_4714.csv,838040,2024-04-11,portal-upload-mobile,surat_manajemen_202508_4714|838040|periode final rekap
BCH-0001319,presentasi_audit_202501_3493.docx,137111,2024-06-12,server-arsip-semarang,presentasi_audit_202501_3493|137111|draft periode arsip
BCH-0002106,dataset_teknologi_202512_0993.zip,61116902,2024-12-01,cloud-storage-azure,dataset_teknologi_202512_0993|61116902|data draft approved
BCH-0001029,presentasi_riset_202406_7043.pdf,722367,2024-11-08,nas-lokal-04,presentasi_riset_202406_7043|722367|revisi final approved
BCH-0003453,presentasi_manajemen_202510_0504.rar,3161499,2024-11-05,server-arsip-makassar,presentasi_manajemen_202510_0504|3161499|total draft approved
BCH-0003070,log_manajemen_202409_6831.xml,267506,2024-06-03,nas-lokal-03,log_manajemen_202409_6831|267506|periode data approved
BCH-0004297,surat_teknologi_202505_9330.json,394460,2024-02-24,nas-lokal-04,surat_teknologi_202505_9330|394460|draft final approved
BCH-0002831,memo_riset_202512_3169.json,1443450,2024-06-27,ftp-cabang,memo_riset_202512_3169|1443450|rekap approved data
BCH-0002028,surat_sdm_202505_5533.txt,16136992,2024-09-30,cloud-storage-azure,surat_sdm_202505_5533|16136992|total pending final
BCH-0003790,invoice_keuangan_202507_3305.rar,2246230,2024-05-10,nas-lokal-03,invoice_keuangan_202507_3305|2246230|data total arsip
BCH-0003628,log_audit_202506_8107.jpeg,127069,2024-08-11,portal-upload-mobile,log_audit_202506_8107|127069|data approved rekap
BCH-0001433,dataset_keuangan_202412_8372.docx,148609,2024-04-26,nas-lokal-03,dataset_keuangan_202412_8372|148609|pending draft arsip
BCH-0001323,log_keuangan_202503_2900.rar,36501791,2024-09-07,server-arsip-makassar,log_keuangan_202503_2900|36501791|revisi draft periode
BCH-0001507,presentasi_teknologi_202504_8210.docx,1791053,2024-05-05,ftp-cabang,presentasi_teknologi_202504_8210|1791053|total pending rekap
BCH-0004437,surat_hukum_202505_6462.docx,2365503,2024-08-18,server-arsip-semarang,surat_hukum_202505_6462|2365503|pending draft periode
BCH-0003086,laporan_sdm_202509_0113.doc,30440430,2024-02-06,nas-lokal-04,laporan_sdm_202509_0113|30440430|arsip total approved
BCH-0002737,gambar_keuangan_202502_6010.pdf,227120,2024-10-15,portal-upload-mobile,gambar_keuangan_202502_6010|227120|revisi periode draft
BCH-0003109,backup_riset_202503_6036.rar,47710927,2024-12-31,nas-lokal-04,backup_riset_202503_6036|47710927|arsip draft pending
BCH-0004419,invoice_riset_202406_1042.xls,4693261,2024-04-02,nas-lokal-04,invoice_riset_202406_1042|4693261|periode revisi pending
BCH-0000939,log_operasional_202412_1554.jpg,133629,2024-11-27,server-arsip-makassar,log_operasional_202412_1554|133629|total final draft
BCH-0001448,invoice_logistik_202501_8704.zip,459819,2024-02-15,server-arsip-semarang,invoice_logistik_202501_8704|459819|pending periode arsip
BCH-0000520,log_operasional_202511_0948.doc,54029,2024-05-15,portal-upload-mobile,log_operasional_202511_0948|54029|pending arsip draft
BCH-0004075,dataset_teknologi_202501_6325.xlsx,4313417,2024-06-01,server-arsip-makassar,dataset_teknologi_202501_6325|4313417|approved final pending
DUP-0000001,presentasi_audit_202204_2436.xlsx,4190901,2022-04-22,cloud-storage-aws,presentasi|audit|4190901|rekap pending final
BCH-0000559,log_operasional_202512_9803.rar,2475113,2024-03-14,nas-lokal-04,log_operasional_202512_9803|2475113|revisi data total
BCH-0002564,laporan_sdm_202501_8634.docx,478363774,2024-01-04,server-arsip-semarang,laporan_sdm_202501_8634|478363774|data final arsip
BCH-0001478,surat_manajemen_202408_2568.json,382798,2024-01-24,server-arsip-medan,surat_manajemen_202408_2568|382798|total rekap final
BCH-0001624,invoice_keuangan_202511_8581.doc,156903,2024-11-08,server-arsip-semarang,invoice_keuangan_202511_8581|156903|revisi periode draft
BCH-0002863,kontrak_logistik_202506_3896.docx,6334233,2024-10-20,portal-upload-mobile,kontrak_logistik_202506_3896|6334233|approved rekap draft
BCH-0001457,gambar_operasional_202502_6827.rar,55712,2024-10-17,server-arsip-medan,gambar_operasional_202502_6827|55712|data arsip final
BCH-0002957,backup_audit_202505_9573.xls,2845774,2024-06-02,server-arsip-makassar,backup_audit_202505_9573|2845774|periode approved final
BCH-0002782,log_pemasaran_202404_7596.docx,312654,2024-12-20,ftp-cabang,log_pemasaran_202404_7596|312654|arsip rekap approved
DUP-0000221,kontrak_manajemen_202308_8607.zip,118938,2023-11-18,server-arsip-bandung,kontrak|manajemen|118938|approved total rekap file final
BCH-0001939,dataset_audit_202411_0697.png,4762375,2024-05-30,cloud-storage-azure,dataset_audit_202411_0697|4762375|data approved final
BCH-0001625,gambar_pemasaran_202409_1484.csv,111286,2024-04-10,server-arsip-medan,gambar_pemasaran_202409_1484|111286|rekap total revisi
BCH-0001906,backup_pemasaran_202405_4810.xml,46459133,2024-05-23,cloud-storage-azure,backup_pemasaran_202405_4810|46459133|final data arsip
BCH-0001539,gambar_operasional_202410_0565.docx,21490294,2024-10-17,ftp-cabang,gambar_operasional_202410_0565|21490294|periode pending final
DUP-0000305,kontrak_riset_202303_5329.png,49776427,2022-07-02,portal-upload-web,kontrak|riset|49776427|dokumen approved data revisi file
BCH-0003825,laporan_teknologi_202410_1450.doc,462603453,2024-09-26,cloud-storage-azure,laporan_teknologi_202410_1450|462603453|pending periode final
BCH-0004496,gambar_keuangan_202410_4509.xlsx,328031,2024-10-28,server-arsip-medan,gambar_keuangan_202410_4509|328031|approved final draft
DUP-0000060,kontrak_logistik_202301_9190.json,43273318,2023-02-11,server-arsip-bandung,kontrak|logistik|43273318|data dokumen file periode draft
BCH-0001606,dataset_manajemen_202501_7006.json,478707,2024-03-05,cloud-storage-azure,dataset_manajemen_202501_7006|478707|revisi periode pending
BCH-0002685,surat_teknologi_202509_0451.doc,3859719,2024-01-03,portal-upload-mobile,surat_teknologi_202509_0451|3859719|draft total periode
BCH-0004259,kontrak_hukum_202512_2768.pdf,20092870,2024-09-05,server-arsip-makassar,kontrak_hukum_202512_2768|20092870|rekap periode data
BCH-0002778,memo_sdm_202502_9584.doc,266258,2024-06-30,portal-upload-mobile,memo_sdm_202502_9584|266258|approved total draft
BCH-0004121,gambar_operasional_202405_8915.pdf,255122,2024-02-06,portal-upload-mobile,gambar_operasional_202405_8915|255122|periode approved rekap
BCH-0003819,kontrak_audit_202405_2998.zip,3821818,2024-08-26,server-arsip-makassar,kontrak_audit_202405_2998|3821818|periode pending rekap
BCH-0003892,surat_operasional_202507_9925.jpeg,3355152,2024-11-04,nas-lokal-04,surat_operasional_202507_9925|3355152|pending approved periode
BCH-0001095,dataset_audit_202409_0946.png,46884049,2024-12-23,portal-upload-mobile,dataset_audit_202409_0946|46884049|total rekap pending
DUP-0000144,presentasi_manajemen_202405_5295.xlsx,35523,2022-04-24,server-arsip-bandung,presentasi|manajemen|35523|dokumen approved total data final
BCH-0003335,backup_operasional_202409_4352.csv,1411447,2024-08-02,nas-lokal-04,backup_operasional_202409_4352|1411447|approved periode total
BCH-0000251,backup_sdm_202406_3317.csv,49969411,2024-03-15,portal-upload-mobile,backup_sdm_202406_3317|49969411|approved rekap pending
BCH-0001175,backup_sdm_202503_1205.rar,3938804,2024-04-11,server-arsip-makassar,backup_sdm_202503_1205|3938804|rekap approved total
BCH-0002170,dataset_teknologi_202504_5448.xlsx,14937849,2024-07-18,server-arsip-makassar,dataset_teknologi_202504_5448|14937849|draft revisi periode
BCH-0001217,invoice_manajemen_202503_1359.doc,78370,2024-12-18,server-arsip-semarang,invoice_manajemen_202503_1359|78370|data final periode
BCH-0001476,invoice_manajemen_202405_4707.xls,749987,2024-05-19,portal-upload-mobile,invoice_manajemen_202405_4707|749987|final pending data
BCH-0004032,invoice_sdm_202411_0900.zip,404787986,2024-09-04,server-arsip-medan,invoice_sdm_202411_0900|404787986|revisi pending approved
BCH-0002326,gambar_keuangan_202510_2105.json,468939,2024-10-27,server-arsip-medan,gambar_keuangan_202510_2105|468939|arsip final rekap
DUP-0000074,dataset_pemasaran_202309_4570.png,3892719,2022-10-29,backup-eksternal,dataset|pemasaran|3892719|total final pending
BCH-0003318,presentasi_operasional_202501_5056.rar,4753805,2024-07-12,server-arsip-semarang,presentasi_operasional_202501_5056|4753805|draft data total
BCH-0001642,kontrak_sdm_202508_0133.rar,18395768,2024-08-26,server-arsip-semarang,kontrak_sdm_202508_0133|18395768|total arsip revisi
BCH-0003933,kontrak_audit_202408_6364.json,4579591,2024-04-29,cloud-storage-azure,kontrak_audit_202408_6364|4579591|total approved data
DUP-0000073,dataset_operasional_202406_3484.docx,307365,2024-10-19,nas-lokal-02,dataset|operasional|307365|pending periode final data revisi
BCH-0002606,memo_pemasaran_202401_1982.xlsx,403402,2024-03-16,cloud-storage-azure,memo_pemasaran_202401_1982|403402|data total periode
BCH-0000096,memo_audit_202410_1944.rar,6359487,2024-10-18,nas-lokal-03,memo_audit_202410_1944|6359487|rekap final data
BCH-0000193,gambar_hukum_202509_5011.xml,44113419,2024-09-23,server-arsip-makassar,gambar_hukum_202509_5011|44113419|revisi pending final
BCH-0003609,dataset_logistik_202407_9335.csv,2315119,2024-08-15,nas-lokal-04,dataset_logistik_202407_9335|2315119|periode arsip draft
DUP-0000446,backup_hukum_202411_9729.pdf,3639267,2023-08-02,cloud-storage-gcp,backup|hukum|3639267|total pending file draft final
DUP-0000358,backup_operasional_202410_0203.json,141341,2022-09-12,cloud-storage-gcp,backup|operasional|141341|data draft final periode pending
BCH-0001068,log_sdm_202504_1970.xls,4692044,2024-06-04,server-arsip-medan,log_sdm_202504_1970|4692044|approved arsip revisi
BCH-0000755,log_pemasaran_202511_6090.xml,306651,2024-06-16,portal-upload-mobile,log_pemasaran_202511_6090|306651|draft total pending
BCH-0001148,memo_keuangan_202409_3212.jpeg,1071510,2024-12-07,server-arsip-medan,memo_keuangan_202409_3212|1071510|periode data revisi
BCH-0000710,surat_keuangan_202502_0726.rar,3274881,2024-09-30,portal-upload-mobile,surat_keuangan_202502_0726|3274881|data revisi rekap
BCH-0000646,dataset_teknologi_202507_6467.csv,70302,2024-05-12,portal-upload-mobile,dataset_teknologi_202507_6467|70302|data arsip rekap
BCH-0003932,memo_logistik_202512_2687.zip,217443,2024-03-30,nas-lokal-03,memo_logistik_202512_2687|217443|data total draft
BCH-0001689,gambar_riset_202402_6992.jpeg,238892,2024-03-18,nas-lokal-03,gambar_riset_202402_6992|238892|draft total final
DUP-0000209,kontrak_sdm_202303_9571.zip,1559387,2024-04-26,backup-eksternal,kontrak|sdm|1559387|total arsip data revisi pending
BCH-0003462,invoice_operasional_202406_9899.csv,4096086,2024-05-29,nas-lokal-04,invoice_operasional_202406_9899|4096086|draft pending revisi
BCH-0002417,laporan_logistik_202509_0975.txt,371844,2024-06-18,ftp-cabang,laporan_logistik_202509_0975|371844|data pending total
BCH-0002313,backup_manajemen_202512_1907.doc,493078,2024-09-24,server-arsip-medan,backup_manajemen_202512_1907|493078|pending data revisi
BCH-0001154,dataset_teknologi_202402_5893.zip,105671,2024-09-05,server-arsip-makassar,dataset_teknologi_202402_5893|105671|draft rekap revisi
BCH-0004366,log_logistik_202407_1904.zip,73476122,2024-07-31,cloud-storage-azure,log_logistik_202407_1904|73476122|pending draft data
BCH-0000312,memo_hukum_202509_0538.txt,1006738,2024-03-19,nas-lokal-03,memo_hukum_202509_0538|1006738|total final draft
BCH-0003903,memo_operasional_202509_0133.csv,2454617,2024-01-18,nas-lokal-03,memo_operasional_202509_0133|2454617|periode arsip data
BCH-0001166,backup_teknologi_202412_1950.csv,481601553,2024-10-31,cloud-storage-azure,backup_teknologi_202412_1950|481601553|revisi arsip periode
BCH-0000299,memo_keuangan_202509_5745.xlsx,2436821,2024-02-11,nas-lokal-03,memo_keuangan_202509_5745|2436821|draft approved arsip
BCH-0001413,memo_keuangan_202502_4717.csv,288120042,2024-03-27,server-arsip-medan,memo_keuangan_202502_4717|288120042|rekap pending data
BCH-0001725,laporan_operasional_202509_5110.docx,122181,2024-05-04,server-arsip-makassar,laporan_operasional_202509_5110|122181|revisi arsip total
BCH-0001795,laporan_sdm_202403_5890.xlsx,9197755,2024-01-06,nas-lokal-03,laporan_sdm_202403_5890|9197755|rekap approved data
BCH-0002656,invoice_manajemen_202502_6434.json,180011,2024-08-25,server-arsip-medan,invoice_manajemen_202502_6434|180011|arsip total final
BCH-0000671,backup_operasional_202508_1286.json,2033448,2024-07-19,nas-lokal-03,backup_operasional_202508_1286|2033448|revisi draft periode
BCH-0001685,kontrak_operasional_202409_2686.xls,3214558,2024-12-17,ftp-cabang,kontrak_operasional_202409_2686|3214558|arsip pending revisi
BCH-0001824,laporan_audit_202402_6996.csv,350249,2024-10-28,server-arsip-medan,laporan_audit_202402_6996|350249|pending total arsip
BCH-0000775,memo_manajemen_202501_0111.png,2140940,2024-08-05,server-arsip-medan,memo_manajemen_202501_0111|2140940|final pending rekap
BCH-0002201,presentasi_audit_202412_1356.rar,3862903,2024-12-29,portal-upload-mobile,presentasi_audit_202412_1356|3862903|approved data periode
BCH-0000742,invoice_teknologi_202409_5150.rar,309147,2024-11-23,portal-upload-mobile,invoice_teknologi_202409_5150|309147|approved data periode
BCH-0000894,backup_operasional_202508_2543.txt,1475065,2024-03-05,server-arsip-semarang,backup_operasional_202508_2543|1475065|arsip periode rekap
BCH-0003913,surat_audit_202407_0114.docx,356964,2024-05-20,server-arsip-makassar,surat_audit_202407_0114|356964|final total draft
BCH-0000147,backup_sdm_202409_9086.csv,61930,2024-01-01,nas-lokal-04,backup_sdm_202409_9086|61930|periode total revisi
BCH-0001966,surat_logistik_202504_4519.rar,3703621,2024-08-16,nas-lokal-03,surat_logistik_202504_4519|3703621|revisi arsip final
BCH-0000960,kontrak_operasional_202506_8624.doc,390336,2024-06-10,server-arsip-semarang,kontrak_operasional_202506_8624|390336|total periode approved
BCH-0003657,laporan_sdm_202401_8539.jpeg,470333825,2024-08-23,server-arsip-semarang,laporan_sdm_202401_8539|470333825|draft total data
BCH-0002825,gambar_teknologi_202505_8012.rar,932824,2024-05-17,nas-lokal-03,gambar_teknologi_202505_8012|932824|final draft data
BCH-0003691,gambar_keuangan_202504_0220.zip,14203849,2024-12-31,server-arsip-medan,gambar_keuangan_202504_0220|14203849|draft periode final
BCH-0000406,dataset_audit_202503_0137.jpeg,18375342,2024-02-07,cloud-storage-azure,dataset_audit_202503_0137|18375342|draft data periode
BCH-0004026,surat_pemasaran_202409_0409.png,4684532,2024-06-09,cloud-storage-azure,surat_pemasaran_202409_0409|4684532|periode rekap draft
BCH-0003048,memo_hukum_202402_6634.xlsx,24116971,2024-03-13,nas-lokal-03,memo_hukum_202402_6634|24116971|pending periode final
BCH-0000498,surat_operasional_202404_9642.jpeg,4404586,2024-02-16,server-arsip-makassar,surat_operasional_202404_9642|4404586|final total rekap
BCH-0002565,backup_logistik_202506_8490.docx,298929,2024-08-22,portal-upload-mobile,backup_logistik_202506_8490|298929|draft revisi approved
BCH-0000665,dataset_hukum_202404_0028.json,134088,2024-02-23,server-arsip-semarang,dataset_hukum_202404_0028|134088|arsip periode draft
BCH-0004481,backup_teknologi_202403_5494.zip,22232664,2024-04-24,nas-lokal-03,backup_teknologi_202403_5494|22232664|arsip final pending
BCH-0002243,invoice_hukum_202508_2223.txt,149338,2024-02-20,nas-lokal-03,invoice_hukum_202508_2223|149338|approved periode rekap
BCH-0001782,laporan_teknologi_202501_6273.rar,256849,2024-04-27,nas-lokal-03,laporan_teknologi_202501_6273|256849|total arsip final
BCH-0002818,dataset_logistik_202509_5973.png,376357,2024-12-27,nas-lokal-03,dataset_logistik_202509_5973|376357|approved periode data
BCH-0002664,kontrak_hukum_202502_5874.xml,46611,2024-03-14,server-arsip-makassar,kontrak_hukum_202502_5874|46611|revisi data periode
BCH-0003920,presentasi_operasional_202408_3891.pdf,4822848,2024-12-29,nas-lokal-03,presentasi_operasional_202408_3891|4822848|arsip final periode
BCH-0003166,log_riset_202407_9146.txt,4948305,2024-08-13,server-arsip-makassar,log_riset_202407_9146|4948305|revisi arsip approved
BCH-0000618,memo_hukum_202402_2281.zip,1806113,2024-12-25,server-arsip-semarang,memo_hukum_202402_2281|1806113|approved rekap periode
BCH-0001000,invoice_keuangan_202511_2934.txt,63398,2024-04-24,nas-lokal-03,invoice_keuangan_202511_2934|63398|rekap total pending
DUP-0000448,backup_manajemen_202408_1596.docx,354352583,2022-01-31,server-arsip-surabaya,backup|manajemen|354352583|arsip total pending data
BCH-0002746,laporan_hukum_202405_0766.jpeg,83907786,2024-12-04,server-arsip-makassar,laporan_hukum_202405_0766|83907786|data draft periode
BCH-0003642,laporan_audit_202503_2943.xls,345148,2024-05-09,cloud-storage-azure,laporan_audit_202503_2943|345148|draft data arsip
BCH-0003836,laporan_sdm_202509_3973.xml,4003506,2024-02-04,ftp-cabang,laporan_sdm_202509_3973|4003506|periode arsip pending
BCH-0002911,gambar_teknologi_202503_5489.xls,389426,2024-02-24,nas-lokal-03,gambar_teknologi_202503_5489|389426|draft revisi pending
BCH-0004236,log_manajemen_202411_5304.jpg,360665,2024-12-15,nas-lokal-04,log_manajemen_202411_5304|360665|approved arsip draft
BCH-0002752,surat_manajemen_202505_1883.txt,517680,2024-01-07,server-arsip-semarang,surat_manajemen_202505_1883|517680|approved pending revisi
BCH-0002204,kontrak_manajemen_202509_6428.zip,450468,2024-02-04,server-arsip-medan,kontrak_manajemen_202509_6428|450468|pending total revisi
DUP-0000500,laporan_sdm_202211_2844.pdf,535897,2024-04-26,ftp-pusat,laporan|sdm|535897|file pending approved arsip total
BCH-0003582,invoice_teknologi_202408_3624.xml,3450456,2024-11-27,server-arsip-semarang,invoice_teknologi_202408_3624|3450456|data arsip revisi
DUP-0000127,log_audit_202406_9932.xlsx,3125098,2024-11-11,cloud-storage-aws,log|audit|3125098|total data rekap revisi dokumen
DUP-0000185,dataset_logistik_202407_8756.docx,4520113,2024-11-03,nas-lokal-02,dataset|logistik|4520113|rekap draft arsip total dokumen
BCH-0001920,log_logistik_202405_9855.docx,199667,2024-04-15,portal-upload-mobile,log_logistik_202405_9855|199667|data total final
DUP-0000260,laporan_manajemen_202212_1190.docx,44299489,2024-01-03,ftp-pusat,laporan|manajemen|44299489|final data file
DUP-0000229,laporan_operasional_202403_1477.png,201292,2023-08-28,nas-lokal-01,laporan|operasional|201292|approved periode revisi data draft
BCH-0000767,backup_audit_202406_9001.csv,1636487,2024-04-30,cloud-storage-azure,backup_audit_202406_9001|1636487|arsip rekap revisi
BCH-0003083,backup_riset_202510_3517.json,79632,2024-08-22,nas-lokal-03,backup_riset_202510_3517|79632|total draft rekap
BCH-0001943,laporan_sdm_202509_4128.doc,3083214,2024-06-21,server-arsip-medan,laporan_sdm_202509_4128|3083214|periode approved total
BCH-0004122,memo_riset_202407_8298.xlsx,852568,2024-04-23,server-arsip-medan,memo_riset_202407_8298|852568|arsip periode pending
BCH-0000212,dataset_keuangan_202511_6442.docx,4442517,2024-05-10,server-arsip-medan,dataset_keuangan_202511_6442|4442517|pending revisi total
DUP-0000143,kontrak_sdm_202401_1218.jpg,992681,2022-04-10,server-arsip-jakarta,kontrak|sdm|992681|periode data revisi total
DUP-0000380,invoice_audit_202205_0407.pdf,298861,2024-04-02,portal-upload-web,invoice|audit|298861|pending draft total
DUP-0000376,log_logistik_202204_6999.xlsx,127604,2024-02-29,server-arsip-surabaya,log|logistik|127604|data final revisi approved
BCH-0003104,presentasi_riset_202402_4917.xlsx,309956507,2024-02-22,server-arsip-medan,presentasi_riset_202402_4917|309956507|periode total rekap
BCH-0000985,log_teknologi_202504_6571.zip,49963784,2024-05-18,server-arsip-semarang,log_teknologi_202504_6571|49963784|total approved rekap
BCH-0002940,backup_riset_202408_6333.xlsx,969642,2024-07-09,nas-lokal-04,backup_riset_202408_6333|969642|revisi pending rekap
DUP-0000451,invoice_audit_202206_6732.pdf,15791,2024-03-11,server-arsip-surabaya,invoice|audit|15791|periode arsip approved
BCH-0000275,memo_pemasaran_202411_0432.xml,1028759,2024-09-23,nas-lokal-03,memo_pemasaran_202411_0432|1028759|approved arsip total
BCH-0002068,presentasi_hukum_202405_9114.png,291942,2024-06-25,server-arsip-makassar,presentasi_hukum_202405_9114|291942|approved revisi rekap
BCH-0000364,presentasi_logistik_202406_4213.docx,254696,2024-10-13,ftp-cabang,presentasi_logistik_202406_4213|254696|final arsip draft
BCH-0001374,memo_hukum_202402_4833.zip,273196,2024-11-04,portal-upload-mobile,memo_hukum_202402_4833|273196|rekap draft revisi
BCH-0002392,log_manajemen_202501_8753.xml,46358015,2024-08-29,ftp-cabang,log_manajemen_202501_8753|46358015|pending total draft
BCH-0002918,dataset_riset_202411_5363.txt,136426,2024-09-01,cloud-storage-azure,dataset_riset_202411_5363|136426|pending final arsip
BCH-0001915,gambar_pemasaran_202404_8966.json,453875,2024-09-19,nas-lokal-04,gambar_pemasaran_202404_8966|453875|rekap data pending
BCH-0002842,log_hukum_202507_1790.jpg,2573030,2024-02-26,cloud-storage-azure,log_hukum_202507_1790|2573030|periode pending arsip
DUP-0000219,presentasi_operasional_202405_2737.xlsx,273893,2022-05-14,server-arsip-jakarta,presentasi|operasional|273893|final pending arsip dokumen
BCH-0000253,invoice_teknologi_202404_4169.jpg,2668091,2024-04-02,nas-lokal-03,invoice_teknologi_202404_4169|2668091|pending rekap arsip
DUP-0000349,gambar_sdm_202202_5543.pdf,4839836,2023-10-07,nas-lokal-02,gambar|sdm|4839836|approved rekap file
BCH-0004002,laporan_audit_202504_8355.doc,316254,2024-12-20,server-arsip-medan,laporan_audit_202504_8355|316254|revisi draft periode
BCH-0004287,laporan_pemasaran_202511_3981.docx,3277193,2024-03-03,server-arsip-semarang,laporan_pemasaran_202511_3981|3277193|final data draft
BCH-0000733,laporan_manajemen_202409_0018.doc,3891756,2024-11-12,server-arsip-makassar,laporan_manajemen_202409_0018|3891756|total approved revisi
BCH-0001375,gambar_riset_202408_8938.jpeg,2143369,2024-03-11,ftp-cabang,gambar_riset_202408_8938|2143369|pending rekap data
BCH-0002371,surat_audit_202401_1555.zip,126009,2024-10-12,portal-upload-mobile,surat_audit_202401_1555|126009|pending revisi approved
BCH-0004162,surat_sdm_202407_0357.pdf,379519,2024-05-07,portal-upload-mobile,surat_sdm_202407_0357|379519|total data revisi
BCH-0001692,invoice_pemasaran_202505_2449.jpeg,382404,2024-09-12,nas-lokal-03,invoice_pemasaran_202505_2449|382404|final approved draft
BCH-0003247,backup_operasional_202401_9652.jpg,63431,2024-02-17,server-arsip-semarang,backup_operasional_202401_9652|63431|rekap draft final
BCH-0002333,laporan_keuangan_202502_6990.xlsx,415293,2024-10-26,server-arsip-makassar,laporan_keuangan_202502_6990|415293|total periode final
BCH-0000199,log_hukum_202505_0475.zip,40181083,2024-03-23,ftp-cabang,log_hukum_202505_0475|40181083|pending rekap total
BCH-0002053,dataset_pemasaran_202412_1842.jpg,30863976,2024-02-26,server-arsip-semarang,dataset_pemasaran_202412_1842|30863976|revisi arsip periode
BCH-0003396,presentasi_sdm_202512_5383.pdf,231932,2024-04-01,server-arsip-medan,presentasi_sdm_202512_5383|231932|draft rekap pending
BCH-0000026,log_sdm_202410_1876.csv,329894564,2024-04-06,cloud-storage-azure,log_sdm_202410_1876|329894564|data rekap final
BCH-0001285,backup_sdm_202501_9702.json,258178,2024-08-04,cloud-storage-azure,backup_sdm_202501_9702|258178|data total revisi
BCH-0004355,invoice_teknologi_202505_4675.jpg,224493049,2024-10-09,portal-upload-mobile,invoice_teknologi_202505_4675|224493049|periode arsip draft
BCH-0000624,gambar_pemasaran_202510_8960.xml,331087,2024-03-24,server-arsip-medan,gambar_pemasaran_202510_8960|331087|data total revisi
BCH-0001989,gambar_teknologi_202504_6786.jpeg,13381193,2024-03-27,server-arsip-medan,gambar_teknologi_202504_6786|13381193|rekap pending draft
BCH-0000961,presentasi_logistik_202411_8564.zip,2514155,2024-12-24,nas-lokal-04,presentasi_logistik_202411_8564|2514155|pending total periode
BCH-0001548,invoice_keuangan_202402_8156.csv,32702395,2024-05-21,cloud-storage-azure,invoice_keuangan_202402_8156|32702395|periode draft revisi
DUP-0000388,kontrak_teknologi_202403_7224.docx,176003,2023-06-18,nas-lokal-01,kontrak|teknologi|176003|revisi arsip rekap
BCH-0000078,invoice_operasional_202410_1887.xls,398331,2024-09-22,nas-lokal-04,invoice_operasional_202410_1887|398331|final draft rekap
BCH-0001811,gambar_logistik_202501_3081.rar,467759,2024-08-19,server-arsip-medan,gambar_logistik_202501_3081|467759|revisi periode approved
BCH-0001514,invoice_riset_202511_4902.txt,4564154,2024-05-03,cloud-storage-azure,invoice_riset_202511_4902|4564154|rekap periode arsip
DUP-0000416,gambar_keuangan_202312_0956.json,3989269,2023-06-29,ftp-pusat,gambar|keuangan|3989269|file total final
BCH-0003738,kontrak_manajemen_202501_7028.jpg,865805,2024-12-19,nas-lokal-04,kontrak_manajemen_202501_7028|865805|draft rekap final
BCH-0002447,presentasi_pemasaran_202502_4057.xml,1904190,2024-04-19,portal-upload-mobile,presentasi_pemasaran_202502_4057|1904190|revisi pending periode
BCH-0003693,log_operasional_202407_1605.json,1778657,2024-03-18,server-arsip-semarang,log_operasional_202407_1605|1778657|arsip revisi draft
BCH-0001065,laporan_hukum_202410_1442.xlsx,264326262,2024-09-21,server-arsip-semarang,laporan_hukum_202410_1442|264326262|total pending rekap
BCH-0000727,backup_keuangan_202512_2850.xls,7262450,2024-03-12,server-arsip-makassar,backup_keuangan_202512_2850|7262450|approved periode total
BCH-0004042,memo_hukum_202408_4667.json,17584512,2024-04-25,server-arsip-medan,memo_hukum_202408_4667|17584512|pending draft data
BCH-0002756,surat_logistik_202501_4641.pdf,222719,2024-01-17,server-arsip-semarang,surat_logistik_202501_4641|222719|approved draft revisi
DUP-0000176,backup_riset_202306_9438.txt,149595,2022-07-03,server-arsip-bandung,backup|riset|149595|approved file draft dokumen revisi
BCH-0002374,surat_hukum_202508_5345.txt,15566315,2024-09-19,server-arsip-medan,surat_hukum_202508_5345|15566315|total pending approved
DUP-0000362,laporan_riset_202304_8190.png,437896,2024-07-22,server-arsip-surabaya,laporan|riset|437896|final periode rekap draft file
BCH-0001309,presentasi_teknologi_202411_0193.csv,25503815,2024-07-27,server-arsip-makassar,presentasi_teknologi_202411_0193|25503815|data revisi arsip
BCH-0003988,memo_teknologi_202503_6425.csv,80520,2024-04-11,server-arsip-makassar,memo_teknologi_202503_6425|80520|rekap periode data
BCH-0001209,gambar_operasional_202501_4218.xls,139556,2024-12-08,cloud-storage-azure,gambar_operasional_202501_4218|139556|pending data final
BCH-0000803,invoice_riset_202411_6094.xlsx,231169,2024-01-12,portal-upload-mobile,invoice_riset_202411_6094|231169|rekap total periode
BCH-0000681,kontrak_operasional_202404_3195.jpg,4600330,2024-05-18,nas-lokal-04,kontrak_operasional_202404_3195|4600330|data total final
BCH-0002837,backup_keuangan_202411_8432.xlsx,241664468,2024-08-21,server-arsip-makassar,backup_keuangan_202411_8432|241664468|arsip final pending
BCH-0002124,surat_pemasaran_202503_7230.csv,19333417,2024-07-04,portal-upload-mobile,surat_pemasaran_202503_7230|19333417|total pending arsip
BCH-0002787,log_sdm_202401_5191.zip,19908,2024-03-24,server-arsip-semarang,log_sdm_202401_5191|19908|revisi periode pending
BCH-0000806,invoice_logistik_202408_8934.json,352359,2024-12-30,nas-lokal-04,invoice_logistik_202408_8934|352359|approved revisi arsip
BCH-0002401,invoice_teknologi_202505_4010.jpg,27493,2024-05-28,server-arsip-medan,invoice_teknologi_202505_4010|27493|total draft final
BCH-0003026,gambar_riset_202505_6191.jpeg,2687910,2024-01-04,server-arsip-makassar,gambar_riset_202505_6191|2687910|pending arsip revisi
BCH-0002444,invoice_manajemen_202501_6099.png,4343148,2024-08-14,server-arsip-semarang,invoice_manajemen_202501_6099|4343148|total draft arsip
BCH-0002327,log_hukum_202405_1192.rar,4349899,2024-07-28,nas-lokal-04,log_hukum_202405_1192|4349899|approved pending rekap
BCH-0002306,invoice_pemasaran_202402_7767.xls,3268555,2024-11-26,ftp-cabang,invoice_pemasaran_202402_7767|3268555|arsip draft total
BCH-0001963,laporan_audit_202412_6809.doc,3412602,2024-03-27,server-arsip-makassar,laporan_audit_202412_6809|3412602|pending total periode
BCH-0001677,surat_keuangan_202504_4562.xls,3874712,2024-03-09,nas-lokal-04,surat_keuangan_202504_4562|3874712|data draft final
BCH-0003721,invoice_sdm_202403_5196.jpeg,542794,2024-05-14,server-arsip-semarang,invoice_sdm_202403_5196|542794|total final revisi
BCH-0001044,laporan_teknologi_202406_7011.csv,314485341,2024-08-06,server-arsip-medan,laporan_teknologi_202406_7011|314485341|rekap total data
BCH-0003826,gambar_logistik_202407_7521.xlsx,236895,2024-11-24,server-arsip-medan,gambar_logistik_202407_7521|236895|revisi pending arsip
BCH-0002827,log_pemasaran_202407_4177.pdf,433171,2024-05-25,cloud-storage-azure,log_pemasaran_202407_4177|433171|pending rekap draft
BCH-0004291,memo_logistik_202504_0035.txt,355396,2024-09-10,server-arsip-makassar,memo_logistik_202504_0035|355396|draft data periode
DUP-0000037,kontrak_hukum_202312_9903.xlsx,3988449,2024-05-21,portal-upload-web,kontrak|hukum|3988449|pending arsip approved
BCH-0000067,presentasi_logistik_202508_8569.jpg,32222665,2024-10-23,server-arsip-semarang,presentasi_logistik_202508_8569|32222665|draft approved periode
BCH-0004296,gambar_sdm_202406_6193.xls,12614548,2024-01-22,cloud-storage-azure,gambar_sdm_202406_6193|12614548|pending revisi approved
BCH-0000310,gambar_pemasaran_202406_7128.png,964133,2024-03-01,server-arsip-medan,gambar_pemasaran_202406_7128|964133|approved data total
BCH-0003646,surat_teknologi_202506_0919.json,3325514,2024-03-20,server-arsip-semarang,surat_teknologi_202506_0919|3325514|final revisi total
BCH-0000739,kontrak_pemasaran_202512_9379.xls,394999,2024-07-06,server-arsip-semarang,kontrak_pemasaran_202512_9379|394999|draft final periode
BCH-0004178,kontrak_logistik_202508_7221.png,1778187,2024-06-10,portal-upload-mobile,kontrak_logistik_202508_7221|1778187|draft arsip periode
BCH-0004036,log_sdm_202505_8023.pdf,24550114,2024-08-15,server-arsip-medan,log_sdm_202505_8023|24550114|pending periode arsip
DUP-0000331,gambar_manajemen_202306_4381.txt,20128837,2024-10-28,nas-lokal-02,gambar|manajemen|20128837|rekap total draft dokumen
BCH-0002715,invoice_audit_202403_6739.png,266283,2024-03-09,nas-lokal-04,invoice_audit_202403_6739|266283|rekap periode approved
DUP-0000487,dataset_manajemen_202203_8100.jpg,323247,2024-06-18,server-arsip-jakarta,dataset|manajemen|323247|data arsip final
BCH-0001333,laporan_pemasaran_202506_0338.doc,1774552,2024-08-18,cloud-storage-azure,laporan_pemasaran_202506_0338|1774552|periode final draft
BCH-0003755,dataset_hukum_202411_9151.png,33653,2024-12-29,server-arsip-makassar,dataset_hukum_202411_9151|33653|pending data revisi
BCH-0002812,invoice_pemasaran_202407_3070.doc,28595,2024-06-01,cloud-storage-azure,invoice_pemasaran_202407_3070|28595|periode arsip final
BCH-0000858,laporan_sdm_202411_3209.xlsx,40958870,2024-01-04,server-arsip-makassar,laporan_sdm_202411_3209|40958870|total approved revisi
BCH-0000708,presentasi_manajemen_202504_6338.jpg,427641619,2024-12-11,nas-lokal-04,presentasi_manajemen_202504_6338|427641619|periode pending arsip
DUP-0000472,log_sdm_202412_2237.xml,324246,2022-05-23,cloud-storage-gcp,log|sdm|324246|draft arsip final rekap
BCH-0003232,gambar_pemasaran_202405_3767.xlsx,4553826,2024-09-27,cloud-storage-azure,gambar_pemasaran_202405_3767|4553826|revisi data periode
BCH-0001156,surat_audit_202411_6669.jpeg,391447,2024-01-16,ftp-cabang,surat_audit_202411_6669|391447|draft data revisi
BCH-0002270,surat_manajemen_202401_0942.pdf,289164,2024-08-08,nas-lokal-04,surat_manajemen_202401_0942|289164|data arsip approved
BCH-0003723,log_teknologi_202409_4758.doc,1478688,2024-03-06,ftp-cabang,log_teknologi_202409_4758|1478688|approved periode rekap
DUP-0000371,presentasi_hukum_202205_9238.jpg,3594720,2023-09-15,portal-upload-web,presentasi|hukum|3594720|pending draft dokumen
BCH-0003471,invoice_keuangan_202508_5787.zip,105469992,2024-12-20,server-arsip-makassar,invoice_keuangan_202508_5787|105469992|draft rekap pending
BCH-0003923,invoice_riset_202511_7187.docx,3046390,2024-03-01,server-arsip-medan,invoice_riset_202511_7187|3046390|pending rekap revisi
BCH-0002966,backup_sdm_202411_5878.pdf,194963573,2024-05-22,cloud-storage-azure,backup_sdm_202411_5878|194963573|approved arsip periode
BCH-0000388,laporan_operasional_202504_2344.jpg,97886,2024-02-08,server-arsip-medan,laporan_operasional_202504_2344|97886|approved rekap draft
BCH-0000715,gambar_audit_202504_0524.txt,1442370,2024-08-08,server-arsip-semarang,gambar_audit_202504_0524|1442370|periode final rekap
BCH-0003527,dataset_riset_202409_8998.zip,39216012,2024-06-02,server-arsip-makassar,dataset_riset_202409_8998|39216012|rekap draft arsip
DUP-0000298,dataset_hukum_202304_2803.txt,2750387,2023-02-21,nas-lokal-01,dataset|hukum|2750387|final dokumen file rekap total
BCH-0001717,gambar_manajemen_202412_5213.txt,2721933,2024-03-15,server-arsip-medan,gambar_manajemen_202412_5213|2721933|draft total periode
BCH-0002200,kontrak_riset_202506_8311.xls,1215316,2024-06-12,nas-lokal-03,kontrak_riset_202506_8311|1215316|rekap revisi final
BCH-0004407,presentasi_teknologi_202412_5279.docx,87097685,2024-10-31,server-arsip-makassar,presentasi_teknologi_202412_5279|87097685|data approved arsip
BCH-0000952,dataset_manajemen_202404_1738.doc,17634763,2024-05-13,server-arsip-makassar,dataset_manajemen_202404_1738|17634763|approved periode draft
BCH-0003556,invoice_teknologi_202401_5004.xml,2278939,2024-04-03,ftp-cabang,invoice_teknologi_202401_5004|2278939|pending final rekap
BCH-0003555,laporan_pemasaran_202501_2097.csv,45101526,2024-08-19,server-arsip-semarang,laporan_pemasaran_202501_2097|45101526|revisi periode approved
BCH-0003567,presentasi_teknologi_202508_3714.xls,201579113,2024-06-04,server-arsip-semarang,presentasi_teknologi_202508_3714|201579113|periode draft total
BCH-0002588,log_teknologi_202405_6848.txt,2099312,2024-09-03,server-arsip-makassar,log_teknologi_202405_6848|2099312|total approved pending
BCH-0004177,kontrak_riset_202510_0236.rar,219445,2024-08-03,server-arsip-makassar,kontrak_riset_202510_0236|219445|periode rekap data
DUP-0000225,log_operasional_202205_1600.xlsx,42463393,2024-08-22,server-arsip-surabaya,log|operasional|42463393|final arsip periode draft total
BCH-0003362,surat_manajemen_202412_0162.json,23161,2024-06-05,cloud-storage-azure,surat_manajemen_202412_0162|23161|data rekap arsip
BCH-0003256,gambar_sdm_202507_3524.csv,326227,2024-03-27,ftp-cabang,gambar_sdm_202507_3524|326227|rekap draft final
BCH-0002509,backup_sdm_202412_7138.json,17825480,2024-03-08,nas-lokal-04,backup_sdm_202412_7138|17825480|arsip draft approved
BCH-0000002,dataset_operasional_202508_3327.rar,4380310,2024-05-11,portal-upload-mobile,dataset_operasional_202508_3327|4380310|total revisi draft
BCH-0000174,log_keuangan_202405_1337.xls,352770,2024-05-29,ftp-cabang,log_keuangan_202405_1337|352770|approved revisi arsip
BCH-0003770,gambar_riset_202412_4011.jpeg,77352,2024-10-28,cloud-storage-azure,gambar_riset_202412_4011|77352|final approved pending
BCH-0001932,presentasi_riset_202505_9675.pdf,18344,2024-06-17,server-arsip-medan,presentasi_riset_202505_9675|18344|revisi rekap total
BCH-0001094,kontrak_hukum_202505_5027.pdf,277758,2024-03-05,ftp-cabang,kontrak_hukum_202505_5027|277758|arsip rekap periode
BCH-0001985,surat_audit_202505_0293.docx,3413311,2024-06-18,ftp-cabang,surat_audit_202505_0293|3413311|periode draft final
BCH-0002376,gambar_pemasaran_202511_6347.xlsx,45828420,2024-04-07,portal-upload-mobile,gambar_pemasaran_202511_6347|45828420|draft total data
BCH-0003046,gambar_logistik_202505_1648.jpg,3335993,2024-01-08,ftp-cabang,gambar_logistik_202505_1648|3335993|total data periode
BCH-0002014,gambar_audit_202412_2322.docx,874817,2024-08-18,server-arsip-medan,gambar_audit_202412_2322|874817|revisi pending total
BCH-0001383,invoice_hukum_202506_5548.doc,72047,2024-05-03,nas-lokal-04,invoice_hukum_202506_5548|72047|arsip approved periode
BCH-0003263,laporan_operasional_202504_1490.xml,29875417,2024-07-13,nas-lokal-03,laporan_operasional_202504_1490|29875417|draft data revisi
BCH-0001596,presentasi_keuangan_202510_1716.csv,1607567,2024-07-05,nas-lokal-03,presentasi_keuangan_202510_1716|1607567|arsip approved draft
BCH-0001099,invoice_pemasaran_202511_8471.jpg,1939398,2024-10-06,server-arsip-medan,invoice_pemasaran_202511_8471|1939398|pending data periode
BCH-0003126,presentasi_hukum_202405_8638.doc,2733471,2024-10-26,ftp-cabang,presentasi_hukum_202405_8638|2733471|arsip total rekap
BCH-0002298,gambar_keuangan_202402_1027.txt,22479201,2024-07-24,nas-lokal-03,gambar_keuangan_202402_1027|22479201|revisi pending rekap
BCH-0002013,backup_riset_202505_6413.xlsx,4686883,2024-09-17,ftp-cabang,backup_riset_202505_6413|4686883|data arsip approved
BCH-0001776,laporan_keuangan_202402_5930.rar,362442,2024-04-03,cloud-storage-azure,laporan_keuangan_202402_5930|362442|data total approved
BCH-0001146,kontrak_logistik_202501_0036.rar,506388,2024-10-26,ftp-cabang,kontrak_logistik_202501_0036|506388|arsip rekap final
BCH-0002877,dataset_audit_202508_1023.docx,7359886,2024-10-03,server-arsip-semarang,dataset_audit_202508_1023|7359886|periode total data
DUP-0000125,log_operasional_202409_4008.png,378511,2024-02-23,server-arsip-jakarta,log|operasional|378511|file approved draft arsip
BCH-0000203,surat_riset_202402_5198.zip,3979981,2024-12-29,cloud-storage-azure,surat_riset_202402_5198|3979981|total pending revisi
BCH-0000685,laporan_riset_202403_9065.pdf,46604806,2024-04-16,nas-lokal-04,laporan_riset_202403_9065|46604806|total data rekap
BCH-0001304,gambar_teknologi_202504_6197.txt,3763423,2024-12-26,server-arsip-makassar,gambar_teknologi_202504_6197|3763423|pending final arsip
BCH-0000428,invoice_sdm_202411_0369.xlsx,72084,2024-06-05,cloud-storage-azure,invoice_sdm_202411_0369|72084|periode final data
BCH-0002798,backup_logistik_202404_1686.rar,31045780,2024-07-01,server-arsip-medan,backup_logistik_202404_1686|31045780|pending rekap total
BCH-0001479,gambar_audit_202409_9695.rar,1212394,2024-09-20,nas-lokal-04,gambar_audit_202409_9695|1212394|total arsip data
BCH-0000133,gambar_hukum_202408_8184.jpeg,186750,2024-02-18,server-arsip-medan,gambar_hukum_202408_8184|186750|total draft rekap
DUP-0000059,gambar_pemasaran_202205_9446.xlsx,136689881,2024-01-15,nas-lokal-01,gambar|pemasaran|136689881|total periode pending
BCH-0001871,log_pemasaran_202402_6397.json,10764258,2024-04-11,portal-upload-mobile,log_pemasaran_202402_6397|10764258|pending draft arsip
BCH-0001821,laporan_keuangan_202402_2183.jpeg,294941461,2024-05-26,cloud-storage-azure,laporan_keuangan_202402_2183|294941461|revisi data draft
BCH-0000683,memo_logistik_202409_4081.rar,3122023,2024-06-18,ftp-cabang,memo_logistik_202409_4081|3122023|final draft revisi
BCH-0000714,laporan_logistik_202510_6062.jpeg,371771,2024-09-09,server-arsip-medan,laporan_logistik_202510_6062|371771|revisi draft data
BCH-0000977,surat_pemasaran_202506_0564.xlsx,4470597,2024-08-14,cloud-storage-azure,surat_pemasaran_202506_0564|4470597|final draft arsip
BCH-0002210,presentasi_riset_202504_0091.doc,53594,2024-09-01,portal-upload-mobile,presentasi_riset_202504_0091|53594|revisi total periode
BCH-0004434,gambar_audit_202404_4460.xml,215303824,2024-10-16,nas-lokal-04,gambar_audit_202404_4460|215303824|final draft total
BCH-0004012,gambar_teknologi_202503_7367.csv,414177,2024-05-11,ftp-cabang,gambar_teknologi_202503_7367|414177|pending periode revisi
BCH-0002341,surat_pemasaran_202406_4893.png,307895,2024-04-17,nas-lokal-04,surat_pemasaran_202406_4893|307895|draft arsip data
BCH-0000638,log_pemasaran_202405_1870.pdf,351955,2024-06-28,ftp-cabang,log_pemasaran_202405_1870|351955|periode draft data
BCH-0004495,laporan_pemasaran_202508_0927.jpg,130932,2024-02-25,ftp-cabang,laporan_pemasaran_202508_0927|130932|draft total data
BCH-0004150,log_manajemen_202502_6307.txt,941709,2024-11-08,ftp-cabang,log_manajemen_202502_6307|941709|rekap revisi pending
BCH-0003066,invoice_keuangan_202504_1948.csv,710742,2024-06-14,server-arsip-medan,invoice_keuangan_202504_1948|710742|periode final arsip
BCH-0003224,backup_manajemen_202411_2393.jpeg,23494,2024-09-29,cloud-storage-azure,backup_manajemen_202411_2393|23494|rekap periode revisi
BCH-0003564,log_pemasaran_202411_3008.zip,262834,2024-02-04,nas-lokal-04,log_pemasaran_202411_3008|262834|final pending draft
BCH-0000170,kontrak_logistik_202511_0352.xlsx,41035976,2024-06-02,server-arsip-semarang,kontrak_logistik_202511_0352|41035976|total approved draft
BCH-0001397,surat_hukum_202507_6302.doc,1196214,2024-11-15,cloud-storage-azure,surat_hukum_202507_6302|1196214|pending periode revisi
BCH-0003808,gambar_pemasaran_202407_6660.jpeg,231138,2024-08-10,ftp-cabang,gambar_pemasaran_202407_6660|231138|data approved rekap
BCH-0001798,surat_operasional_202510_9094.pdf,6626151,2024-08-30,ftp-cabang,surat_operasional_202510_9094|6626151|total arsip final
BCH-0002143,log_keuangan_202512_0446.json,32816399,2024-09-13,server-arsip-makassar,log_keuangan_202512_0446|32816399|approved final rekap
DUP-0000399,presentasi_logistik_202305_4624.zip,4143412,2024-09-22,server-arsip-bandung,presentasi|logistik|4143412|revisi dokumen periode arsip
BCH-0003064,gambar_keuangan_202501_7432.json,2992523,2024-06-04,server-arsip-semarang,gambar_keuangan_202501_7432|2992523|arsip approved total
BCH-0003377,laporan_operasional_202401_6401.xlsx,266842,2024-11-20,nas-lokal-04,laporan_operasional_202401_6401|266842|approved periode pending
BCH-0001252,invoice_hukum_202411_2643.docx,479847,2024-12-27,server-arsip-makassar,invoice_hukum_202411_2643|479847|periode revisi final
BCH-0002667,dataset_teknologi_202407_0754.json,9836916,2024-08-02,nas-lokal-03,dataset_teknologi_202407_0754|9836916|rekap draft data
BCH-0000110,dataset_audit_202411_3864.zip,113985,2024-12-07,server-arsip-makassar,dataset_audit_202411_3864|113985|rekap total periode
BCH-0004211,memo_pemasaran_202509_0309.jpg,499173,2024-06-18,server-arsip-medan,memo_pemasaran_202509_0309|499173|final arsip total
BCH-0003998,surat_logistik_202506_8848.docx,115942,2024-08-14,portal-upload-mobile,surat_logistik_202506_8848|115942|data approved final
BCH-0000265,backup_manajemen_202408_4737.rar,457502,2024-05-07,ftp-cabang,backup_manajemen_202408_4737|457502|draft final periode
BCH-0001646,dataset_pemasaran_202410_8597.rar,17577188,2024-10-25,server-arsip-makassar,dataset_pemasaran_202410_8597|17577188|revisi draft final
DUP-0000286,kontrak_manajemen_202301_9277.csv,1581579,2022-05-05,cloud-storage-aws,kontrak|manajemen|1581579|approved pending arsip dokumen total
BCH-0003631,kontrak_audit_202511_7759.doc,2654723,2024-07-30,nas-lokal-04,kontrak_audit_202511_7759|2654723|revisi pending draft
DUP-0000320,gambar_operasional_202312_0579.csv,32152173,2023-01-24,nas-lokal-01,gambar|operasional|32152173|file revisi arsip pending draft
BCH-0000877,log_manajemen_202506_3719.jpeg,22020686,2024-01-24,server-arsip-semarang,log_manajemen_202506_3719|22020686|approved total data
BCH-0001121,kontrak_pemasaran_202504_2793.rar,272990164,2024-07-27,ftp-cabang,kontrak_pemasaran_202504_2793|272990164|rekap total draft
BCH-0003353,surat_keuangan_202403_0259.xls,11060,2024-07-04,ftp-cabang,surat_keuangan_202403_0259|11060|pending total periode
BCH-0001559,backup_teknologi_202401_3460.txt,53680,2024-05-03,server-arsip-semarang,backup_teknologi_202401_3460|53680|data arsip periode
BCH-0004221,dataset_audit_202503_8444.xls,225909,2024-09-02,ftp-cabang,dataset_audit_202503_8444|225909|data rekap total
BCH-0001604,laporan_teknologi_202401_0907.pdf,406471,2024-09-15,portal-upload-mobile,laporan_teknologi_202401_0907|406471|revisi final total
BCH-0002282,dataset_sdm_202401_9648.zip,125236247,2024-02-20,server-arsip-makassar,dataset_sdm_202401_9648|125236247|draft pending final
BCH-0001200,laporan_audit_202506_9601.zip,164082177,2024-02-27,cloud-storage-azure,laporan_audit_202506_9601|164082177|periode rekap final
BCH-0001929,dataset_hukum_202406_4598.txt,3064014,2024-01-08,portal-upload-mobile,dataset_hukum_202406_4598|3064014|data periode total
BCH-0001603,kontrak_audit_202402_7159.xlsx,15647313,2024-01-29,server-arsip-medan,kontrak_audit_202402_7159|15647313|approved final rekap
BCH-0003804,kontrak_audit_202403_4659.png,162446,2024-09-03,ftp-cabang,kontrak_audit_202403_4659|162446|total pending arsip
DUP-0000478,backup_keuangan_202204_1264.jpg,34521103,2024-11-19,cloud-storage-gcp,backup|keuangan|34521103|periode file data
BCH-0002475,kontrak_audit_202511_3819.xlsx,12743858,2024-07-16,cloud-storage-azure,kontrak_audit_202511_3819|12743858|final arsip rekap
BCH-0002692,log_manajemen_202409_0905.json,404742,2024-09-01,nas-lokal-03,log_manajemen_202409_0905|404742|periode arsip rekap
BCH-0003473,surat_teknologi_202505_4554.json,2669766,2024-04-29,nas-lokal-03,surat_teknologi_202505_4554|2669766|total draft approved
BCH-0004216,laporan_teknologi_202410_6142.xls,480699,2024-01-22,server-arsip-makassar,laporan_teknologi_202410_6142|480699|final total pending
BCH-0001904,invoice_riset_202411_1801.pdf,361786,2024-06-29,nas-lokal-04,invoice_riset_202411_1801|361786|approved total draft
BCH-0002030,presentasi_operasional_202411_4998.xlsx,2449056,2024-07-25,nas-lokal-04,presentasi_operasional_202411_4998|2449056|approved draft final
BCH-0000972,kontrak_pemasaran_202407_6760.pdf,238021,2024-05-09,server-arsip-semarang,kontrak_pemasaran_202407_6760|238021|revisi data draft
BCH-0001537,laporan_keuangan_202401_4907.jpeg,1004240,2024-03-27,ftp-cabang,laporan_keuangan_202401_4907|1004240|rekap arsip data
DUP-0000148,dataset_sdm_202306_3468.png,146396,2024-07-20,nas-lokal-01,dataset|sdm|146396|approved final file data
BCH-0000228,kontrak_operasional_202410_5311.jpg,3997760,2024-08-21,ftp-cabang,kontrak_operasional_202410_5311|3997760|data periode pending
BCH-0001619,surat_operasional_202507_0570.png,249823992,2024-06-07,ftp-cabang,surat_operasional_202507_0570|249823992|data revisi pending
BCH-0000059,gambar_audit_202504_1981.jpg,274363,2024-06-10,ftp-cabang,gambar_audit_202504_1981|274363|periode final approved
BCH-0000005,dataset_operasional_202403_6212.xls,298577,2024-11-02,ftp-cabang,dataset_operasional_202403_6212|298577|periode draft approved
BCH-0003394,backup_hukum_202401_1716.csv,9144667,2024-05-09,server-arsip-makassar,backup_hukum_202401_1716|9144667|final revisi approved
BCH-0000488,log_pemasaran_202503_8784.xlsx,2968035,2024-11-24,portal-upload-mobile,log_pemasaran_202503_8784|2968035|periode arsip approved
BCH-0003523,backup_audit_202503_0762.json,84646,2024-04-12,nas-lokal-04,backup_audit_202503_0762|84646|total final revisi
DUP-0000068,memo_pemasaran_202311_7983.xlsx,443178497,2023-10-12,server-arsip-surabaya,memo|pemasaran|443178497|arsip dokumen draft revisi periode
BCH-0002979,backup_audit_202407_1735.docx,359510,2024-09-16,nas-lokal-03,backup_audit_202407_1735|359510|approved rekap total
BCH-0003398,laporan_logistik_202508_0514.xlsx,469422,2024-12-08,portal-upload-mobile,laporan_logistik_202508_0514|469422|approved final rekap
DUP-0000237,backup_teknologi_202201_7382.json,4705774,2022-07-31,nas-lokal-01,backup|teknologi|4705774|total arsip periode rekap revisi
BCH-0002208,memo_operasional_202503_7292.jpg,388921887,2024-07-23,server-arsip-semarang,memo_operasional_202503_7292|388921887|data revisi final
BCH-0002627,dataset_teknologi_202410_9330.jpg,121898419,2024-12-14,server-arsip-makassar,dataset_teknologi_202410_9330|121898419|pending final periode
BCH-0000322,kontrak_pemasaran_202412_9667.docx,15197431,2024-09-22,portal-upload-mobile,kontrak_pemasaran_202412_9667|15197431|periode data revisi
BCH-0004114,backup_logistik_202403_1991.jpeg,220367460,2024-10-08,ftp-cabang,backup_logistik_202403_1991|220367460|draft revisi rekap
BCH-0003291,laporan_riset_202502_1429.xls,6965009,2024-01-06,server-arsip-semarang,laporan_riset_202502_1429|6965009|draft approved periode
BCH-0004095,log_riset_202404_6414.xls,61354,2024-04-19,nas-lokal-03,log_riset_202404_6414|61354|total approved rekap
BCH-0002146,kontrak_audit_202512_9118.doc,346879117,2024-02-10,nas-lokal-04,kontrak_audit_202512_9118|346879117|rekap pending periode
BCH-0003817,backup_logistik_202402_6555.csv,4247658,2024-06-07,cloud-storage-azure,backup_logistik_202402_6555|4247658|pending final periode
BCH-0002932,presentasi_teknologi_202403_5814.json,33786581,2024-12-03,server-arsip-medan,presentasi_teknologi_202403_5814|33786581|approved draft revisi
BCH-0001521,memo_audit_202411_9689.doc,23670,2024-11-10,server-arsip-medan,memo_audit_202411_9689|23670|arsip pending periode
BCH-0002396,dataset_operasional_202403_7576.json,138810,2024-09-09,server-arsip-semarang,dataset_operasional_202403_7576|138810|rekap arsip total
BCH-0002523,gambar_hukum_202510_7737.png,68071,2024-03-17,server-arsip-semarang,gambar_hukum_202510_7737|68071|pending approved final
BCH-0003036,invoice_audit_202411_7858.xls,481735413,2024-05-02,portal-upload-mobile,invoice_audit_202411_7858|481735413|total revisi draft
BCH-0001967,laporan_pemasaran_202510_4156.pdf,4783683,2024-01-20,server-arsip-makassar,laporan_pemasaran_202510_4156|4783683|revisi final draft
BCH-0004159,invoice_keuangan_202506_2746.pdf,2372739,2024-05-16,server-arsip-medan,invoice_keuangan_202506_2746|2372739|final periode revisi
BCH-0000752,log_audit_202510_2336.xml,151258,2024-07-20,portal-upload-mobile,log_audit_202510_2336|151258|pending periode total
BCH-0001290,kontrak_sdm_202412_0073.docx,4956770,2024-09-12,server-arsip-semarang,kontrak_sdm_202412_0073|4956770|final pending data
BCH-0003583,kontrak_operasional_202505_4313.txt,412754,2024-08-30,cloud-storage-azure,kontrak_operasional_202505_4313|412754|pending rekap data
BCH-0003635,laporan_teknologi_202401_6014.zip,1301592,2024-08-18,cloud-storage-azure,laporan_teknologi_202401_6014|1301592|draft total arsip
BCH-0001554,surat_hukum_202408_3093.json,218401,2024-02-11,cloud-storage-azure,surat_hukum_202408_3093|218401|approved draft rekap
BCH-0002844,backup_logistik_202512_5779.png,207929,2024-07-29,server-arsip-medan,backup_logistik_202512_5779|207929|data total pending
BCH-0002154,laporan_keuangan_202407_7688.xml,163765384,2024-11-18,nas-lokal-03,laporan_keuangan_202407_7688|163765384|arsip approved rekap
BCH-0000595,kontrak_logistik_202504_9969.jpeg,143688,2024-07-07,cloud-storage-azure,kontrak_logistik_202504_9969|143688|final rekap periode
BCH-0003002,memo_manajemen_202403_9202.png,64550,2024-03-26,server-arsip-medan,memo_manajemen_202403_9202|64550|revisi arsip final
BCH-0001948,backup_logistik_202401_4022.docx,40000,2024-11-30,cloud-storage-azure,backup_logistik_202401_4022|40000|rekap arsip draft
DUP-0000218,laporan_teknologi_202303_4631.pdf,76435,2022-03-31,nas-lokal-01,laporan|teknologi|76435|dokumen data revisi final
BCH-0002580,surat_hukum_202407_1768.jpg,564375,2024-08-30,cloud-storage-azure,surat_hukum_202407_1768|564375|total pending rekap
BCH-0004412,kontrak_teknologi_202509_8137.xml,253251,2024-04-16,portal-upload-mobile,kontrak_teknologi_202509_8137|253251|approved rekap data
BCH-0000024,dataset_audit_202401_7009.pdf,445298,2024-03-10,server-arsip-medan,dataset_audit_202401_7009|445298|approved periode rekap
BCH-0002241,presentasi_logistik_202402_8229.rar,467832756,2024-05-02,server-arsip-makassar,presentasi_logistik_202402_8229|467832756|rekap final pending
BCH-0003850,surat_keuangan_202402_2046.xml,2185531,2024-04-01,cloud-storage-azure,surat_keuangan_202402_2046|2185531|approved total arsip
BCH-0001848,laporan_logistik_202406_2581.jpeg,414479,2024-02-29,portal-upload-mobile,laporan_logistik_202406_2581|414479|revisi rekap approved
BCH-0001500,gambar_operasional_202404_7208.zip,1363001,2024-05-02,nas-lokal-04,gambar_operasional_202404_7208|1363001|pending total final
DUP-0000497,dataset_teknologi_202406_1766.png,17789525,2024-04-28,server-arsip-jakarta,dataset|teknologi|17789525|data dokumen total pending arsip
BCH-0001468,gambar_manajemen_202412_0634.csv,161568210,2024-08-13,server-arsip-medan,gambar_manajemen_202412_0634|161568210|approved periode rekap
BCH-0003267,presentasi_operasional_202406_4399.jpeg,108823667,2024-12-13,server-arsip-medan,presentasi_operasional_202406_4399|108823667|revisi data periode
BCH-0003165,laporan_logistik_202505_5761.zip,248121588,2024-08-28,nas-lokal-03,laporan_logistik_202505_5761|248121588|total data revisi
BCH-0004120,dataset_manajemen_202509_3771.txt,324954,2024-01-24,server-arsip-makassar,dataset_manajemen_202509_3771|324954|rekap periode total
BCH-0003128,presentasi_riset_202509_8191.pdf,128074,2024-02-23,cloud-storage-azure,presentasi_riset_202509_8191|128074|periode approved pending
BCH-0000102,dataset_operasional_202411_7068.xls,460322,2024-02-06,server-arsip-semarang,dataset_operasional_202411_7068|460322|rekap pending total
BCH-0002899,kontrak_audit_202401_5916.doc,400788,2024-05-07,ftp-cabang,kontrak_audit_202401_5916|400788|periode total data
DUP-0000122,gambar_hukum_202210_1741.xlsx,4117618,2024-06-23,cloud-storage-gcp,gambar|hukum|4117618|rekap total data
BCH-0001308,memo_keuangan_202501_3700.rar,2499168,2024-12-23,server-arsip-medan,memo_keuangan_202501_3700|2499168|approved data rekap
BCH-0002724,dataset_manajemen_202409_8279.png,21504956,2024-06-13,server-arsip-medan,dataset_manajemen_202409_8279|21504956|arsip pending periode
BCH-0004218,gambar_pemasaran_202403_2251.xlsx,10592776,2024-06-03,server-arsip-makassar,gambar_pemasaran_202403_2251|10592776|revisi periode final
BCH-0000907,gambar_manajemen_202508_3967.pdf,3192373,2024-06-28,cloud-storage-azure,gambar_manajemen_202508_3967|3192373|data revisi final
BCH-0003540,dataset_audit_202403_2705.docx,4304162,2024-06-26,ftp-cabang,dataset_audit_202403_2705|4304162|pending rekap approved
BCH-0002470,log_riset_202402_1905.txt,72777,2024-08-08,server-arsip-medan,log_riset_202402_1905|72777|rekap revisi periode
BCH-0001331,invoice_pemasaran_202403_7039.docx,31012,2024-09-07,server-arsip-medan,invoice_pemasaran_202403_7039|31012|data periode total
BCH-0003162,laporan_teknologi_202503_5594.txt,377463,2024-02-01,server-arsip-medan,laporan_teknologi_202503_5594|377463|revisi pending final
BCH-0003227,memo_hukum_202506_3902.xls,4186976,2024-09-12,nas-lokal-03,memo_hukum_202506_3902|4186976|final arsip pending
BCH-0001273,backup_sdm_202408_5677.xml,432666,2024-06-24,ftp-cabang,backup_sdm_202408_5677|432666|arsip data draft
BCH-0002783,laporan_audit_202504_5793.xlsx,250973,2024-01-26,server-arsip-medan,laporan_audit_202504_5793|250973|data pending final
BCH-0004135,backup_logistik_202508_0422.png,23567520,2024-04-04,nas-lokal-03,backup_logistik_202508_0422|23567520|arsip total approved
BCH-0000470,invoice_teknologi_202407_1696.csv,3373133,2024-09-22,cloud-storage-azure,invoice_teknologi_202407_1696|3373133|periode revisi total
BCH-0003472,gambar_keuangan_202502_2246.json,7889528,2024-03-06,server-arsip-makassar,gambar_keuangan_202502_2246|7889528|data rekap approved
BCH-0000660,kontrak_keuangan_202509_9241.txt,35343744,2024-11-02,server-arsip-makassar,kontrak_keuangan_202509_9241|35343744|periode revisi final
BCH-0004433,presentasi_teknologi_202407_0387.docx,382665,2024-03-05,ftp-cabang,presentasi_teknologi_202407_0387|382665|revisi arsip periode
BCH-0003464,invoice_sdm_202502_1060.jpg,386575,2024-01-09,server-arsip-makassar,invoice_sdm_202502_1060|386575|draft rekap periode
BCH-0001264,invoice_teknologi_202512_5290.jpeg,81258,2024-03-04,server-arsip-medan,invoice_teknologi_202512_5290|81258|revisi draft pending
BCH-0002835,log_audit_202410_0922.zip,2454804,2024-08-31,nas-lokal-04,log_audit_202410_0922|2454804|draft revisi pending
BCH-0001459,laporan_sdm_202411_5774.xls,45141408,2024-05-27,nas-lokal-03,laporan_sdm_202411_5774|45141408|data total periode
BCH-0003950,invoice_pemasaran_202410_1746.csv,2609307,2024-04-03,server-arsip-makassar,invoice_pemasaran_202410_1746|2609307|revisi total approved
BCH-0002404,backup_keuangan_202412_8557.pdf,328928,2024-11-26,nas-lokal-03,backup_keuangan_202412_8557|328928|total arsip draft
BCH-0004336,surat_manajemen_202407_5624.pdf,3992933,2024-08-08,server-arsip-semarang,surat_manajemen_202407_5624|3992933|total arsip draft
BCH-0003728,gambar_logistik_202506_0846.xml,4774456,2024-06-11,nas-lokal-03,gambar_logistik_202506_0846|4774456|total data rekap
BCH-0003630,memo_logistik_202407_7004.rar,3112494,2024-09-28,cloud-storage-azure,memo_logistik_202407_7004|3112494|final pending revisi
BCH-0001933,dataset_logistik_202508_3472.docx,385938,2024-09-30,nas-lokal-04,dataset_logistik_202508_3472|385938|approved rekap arsip
BCH-0000643,surat_logistik_202503_6259.txt,21384583,2024-06-18,nas-lokal-03,surat_logistik_202503_6259|21384583|approved arsip total
BCH-0000044,dataset_pemasaran_202501_7467.json,25324871,2024-08-30,nas-lokal-04,dataset_pemasaran_202501_7467|25324871|arsip final approved
BCH-0001723,surat_hukum_202512_8667.xlsx,38161962,2024-01-05,portal-upload-mobile,surat_hukum_202512_8667|38161962|revisi pending final
BCH-0002641,backup_manajemen_202403_0195.csv,472504,2024-04-01,ftp-cabang,backup_manajemen_202403_0195|472504|arsip data draft
BCH-0003623,invoice_logistik_202512_5587.rar,628862,2024-08-08,ftp-cabang,invoice_logistik_202512_5587|628862|draft periode rekap
BCH-0000159,gambar_operasional_202511_8076.txt,328252,2024-12-24,server-arsip-medan,gambar_operasional_202511_8076|328252|revisi final arsip
DUP-0000252,invoice_logistik_202408_0823.txt,374858,2023-05-26,server-arsip-bandung,invoice|logistik|374858|periode pending arsip dokumen
BCH-0002763,log_riset_202512_4239.xml,3855111,2024-09-02,cloud-storage-azure,log_riset_202512_4239|3855111|revisi arsip rekap
BCH-0004311,kontrak_logistik_202404_5915.csv,1085697,2024-09-06,server-arsip-makassar,kontrak_logistik_202404_5915|1085697|periode rekap arsip
BCH-0003625,log_teknologi_202512_0632.doc,3464929,2024-07-27,server-arsip-makassar,log_teknologi_202512_0632|3464929|draft revisi total
BCH-0001346,dataset_teknologi_202403_7424.rar,2467968,2024-10-17,nas-lokal-04,dataset_teknologi_202403_7424|2467968|final revisi total
BCH-0001173,laporan_audit_202501_8856.docx,22932954,2024-04-18,nas-lokal-03,laporan_audit_202501_8856|22932954|total draft data
BCH-0002682,invoice_hukum_202505_4272.png,1045840,2024-04-03,server-arsip-makassar,invoice_hukum_202505_4272|1045840|approved data periode
BCH-0000570,kontrak_manajemen_202507_2569.txt,1968790,2024-08-16,nas-lokal-04,kontrak_manajemen_202507_2569|1968790|approved final pending
BCH-0003410,surat_keuangan_202401_6065.jpg,77868,2024-03-09,nas-lokal-04,surat_keuangan_202401_6065|77868|data rekap revisi
BCH-0000872,invoice_hukum_202408_0674.pdf,24856902,2024-04-22,portal-upload-mobile,invoice_hukum_202408_0674|24856902|data rekap approved
BCH-0004319,log_teknologi_202510_1025.csv,42212026,2024-11-06,portal-upload-mobile,log_teknologi_202510_1025|42212026|final approved arsip
BCH-0002010,log_audit_202403_8805.xlsx,179799,2024-08-23,cloud-storage-azure,log_audit_202403_8805|179799|total rekap final
BCH-0001118,dataset_teknologi_202409_8382.pdf,1257485,2024-04-09,server-arsip-semarang,dataset_teknologi_202409_8382|1257485|final approved periode
BCH-0000828,dataset_teknologi_202406_8464.doc,41103123,2024-05-31,server-arsip-makassar,dataset_teknologi_202406_8464|41103123|approved pending rekap
BCH-0002059,backup_operasional_202406_6377.rar,14739425,2024-06-10,server-arsip-medan,backup_operasional_202406_6377|14739425|final rekap data
BCH-0003512,kontrak_logistik_202403_3935.docx,213586,2024-01-05,server-arsip-semarang,kontrak_logistik_202403_3935|213586|pending revisi draft
BCH-0003289,backup_manajemen_202409_0090.rar,376278,2024-02-23,server-arsip-semarang,backup_manajemen_202409_0090|376278|draft approved final
BCH-0002736,laporan_keuangan_202405_5846.jpeg,335636,2024-09-24,server-arsip-semarang,laporan_keuangan_202405_5846|335636|periode total draft
DUP-0000424,surat_keuangan_202403_0591.zip,2443397,2024-01-07,cloud-storage-aws,surat|keuangan|2443397|rekap periode total final approved
BCH-0001002,memo_hukum_202510_5079.txt,163772,2024-06-01,server-arsip-semarang,memo_hukum_202510_5079|163772|rekap approved revisi
BCH-0003975,surat_pemasaran_202501_2362.doc,2358768,2024-11-24,server-arsip-medan,surat_pemasaran_202501_2362|2358768|arsip total approved
BCH-0004249,memo_operasional_202501_4131.doc,137298,2024-02-05,server-arsip-medan,memo_operasional_202501_4131|137298|periode revisi data
BCH-0001276,invoice_audit_202407_2499.jpg,1564222,2024-04-24,nas-lokal-04,invoice_audit_202407_2499|1564222|data total revisi
BCH-0004143,gambar_pemasaran_202509_3886.xlsx,3570350,2024-11-21,server-arsip-semarang,gambar_pemasaran_202509_3886|3570350|draft periode rekap
BCH-0002172,invoice_hukum_202407_6625.pdf,2051456,2024-12-28,server-arsip-makassar,invoice_hukum_202407_6625|2051456|arsip rekap final
BCH-0001223,surat_sdm_202511_0259.xls,471423,2024-10-18,server-arsip-semarang,surat_sdm_202511_0259|471423|approved periode draft
BCH-0003251,kontrak_manajemen_202507_9777.zip,114813,2024-09-10,portal-upload-mobile,kontrak_manajemen_202507_9777|114813|final periode pending
BCH-0002085,backup_riset_202406_2877.docx,104328126,2024-12-07,nas-lokal-04,backup_riset_202406_2877|104328126|revisi final draft
BCH-0000369,backup_sdm_202404_7302.xlsx,40706,2024-12-16,ftp-cabang,backup_sdm_202404_7302|40706|arsip total data
BCH-0003250,kontrak_operasional_202505_2315.rar,132942,2024-07-25,ftp-cabang,kontrak_operasional_202505_2315|132942|arsip approved pending
DUP-0000360,memo_manajemen_202405_9960.txt,1363358,2022-06-03,portal-upload-web,memo|manajemen|1363358|approved data file draft arsip
BCH-0004158,surat_teknologi_202511_7215.csv,317533239,2024-10-22,server-arsip-semarang,surat_teknologi_202511_7215|317533239|revisi periode draft
BCH-0000586,invoice_hukum_202402_6418.png,2778148,2024-10-18,nas-lokal-03,invoice_hukum_202402_6418|2778148|rekap approved draft
BCH-0001437,log_logistik_202512_2974.rar,1674026,2024-04-17,nas-lokal-04,log_logistik_202512_2974|1674026|periode revisi draft
BCH-0002819,backup_operasional_202410_5567.xlsx,125638,2024-11-02,server-arsip-semarang,backup_operasional_202410_5567|125638|periode data total
DUP-0000382,dataset_riset_202211_9737.docx,498813,2022-06-28,nas-lokal-01,dataset|riset|498813|rekap total arsip final
BCH-0003052,memo_pemasaran_202505_3885.json,10824693,2024-07-19,server-arsip-makassar,memo_pemasaran_202505_3885|10824693|arsip data total
BCH-0002608,presentasi_operasional_202512_7117.xml,265595,2024-06-06,nas-lokal-04,presentasi_operasional_202512_7117|265595|periode final total
BCH-0002366,log_pemasaran_202503_7313.png,340892359,2024-05-01,portal-upload-mobile,log_pemasaran_202503_7313|340892359|total rekap arsip
BCH-0002605,backup_manajemen_202506_1540.json,263328,2024-11-23,server-arsip-medan,backup_manajemen_202506_1540|263328|arsip periode rekap
BCH-0002867,backup_keuangan_202401_7935.jpeg,1434007,2024-07-06,nas-lokal-04,backup_keuangan_202401_7935|1434007|revisi draft final
BCH-0003062,laporan_audit_202507_7459.docx,2839249,2024-09-19,server-arsip-makassar,laporan_audit_202507_7459|2839249|data pending total
BCH-0001372,memo_logistik_202404_8294.rar,470347,2024-02-21,server-arsip-medan,memo_logistik_202404_8294|470347|pending periode final
BCH-0003207,presentasi_audit_202402_5605.docx,411666,2024-09-23,server-arsip-makassar,presentasi_audit_202402_5605|411666|total draft arsip
BCH-0002242,presentasi_hukum_202403_5529.jpeg,2341191,2024-06-16,server-arsip-makassar,presentasi_hukum_202403_5529|2341191|data approved rekap
DUP-0000422,memo_hukum_202306_2101.txt,4586850,2023-04-26,server-arsip-bandung,memo|hukum|4586850|dokumen total revisi draft
BCH-0000339,kontrak_audit_202402_9543.csv,40924849,2024-01-06,nas-lokal-04,kontrak_audit_202402_9543|40924849|data final periode
BCH-0002520,gambar_logistik_202510_6669.zip,1921513,2024-02-16,portal-upload-mobile,gambar_logistik_202510_6669|1921513|draft rekap pending
BCH-0002986,backup_audit_202504_2103.xls,980857,2024-06-11,nas-lokal-04,backup_audit_202504_2103|980857|pending final revisi
BCH-0002927,backup_operasional_202401_5718.json,370736,2024-09-30,server-arsip-makassar,backup_operasional_202401_5718|370736|total rekap final
BCH-0003392,dataset_riset_202410_4869.rar,899046,2024-10-25,nas-lokal-04,dataset_riset_202410_4869|899046|data final revisi
BCH-0002024,memo_riset_202406_6299.png,2568836,2024-08-10,server-arsip-medan,memo_riset_202406_6299|2568836|total rekap data
BCH-0004179,gambar_pemasaran_202505_6588.xml,904522,2024-07-13,server-arsip-makassar,gambar_pemasaran_202505_6588|904522|final approved draft
DUP-0000017,surat_logistik_202412_5433.csv,14013112,2024-09-09,backup-eksternal,surat|logistik|14013112|draft final pending arsip
BCH-0002598,kontrak_hukum_202403_8386.docx,125440,2024-01-16,server-arsip-semarang,kontrak_hukum_202403_8386|125440|periode arsip draft
BCH-0004184,presentasi_manajemen_202404_2479.xml,3660240,2024-09-21,ftp-cabang,presentasi_manajemen_202404_2479|3660240|rekap approved revisi
BCH-0000391,invoice_teknologi_202509_6368.png,449282,2024-08-31,portal-upload-mobile,invoice_teknologi_202509_6368|449282|periode pending final
BCH-0001976,backup_teknologi_202509_5534.xlsx,45143429,2024-09-04,server-arsip-semarang,backup_teknologi_202509_5534|45143429|data approved revisi
BCH-0001389,presentasi_keuangan_202412_6043.xml,58834082,2024-06-01,nas-lokal-03,presentasi_keuangan_202412_6043|58834082|revisi approved draft
BCH-0001149,presentasi_pemasaran_202404_0301.rar,324860,2024-11-15,nas-lokal-04,presentasi_pemasaran_202404_0301|324860|revisi total data
DUP-0000132,dataset_audit_202212_0995.jpg,4592815,2024-12-17,server-arsip-jakarta,dataset|audit|4592815|dokumen draft arsip total
BCH-0002006,invoice_logistik_202402_7552.xml,84998,2024-02-19,server-arsip-makassar,invoice_logistik_202402_7552|84998|pending approved data
BCH-0000944,surat_riset_202506_0277.xls,248117,2024-07-27,server-arsip-semarang,surat_riset_202506_0277|248117|rekap final draft
BCH-0003842,gambar_logistik_202505_2469.xlsx,3225285,2024-10-18,nas-lokal-04,gambar_logistik_202505_2469|3225285|draft total arsip
DUP-0000455,backup_pemasaran_202212_6898.pdf,37472,2024-12-13,server-arsip-bandung,backup|pemasaran|37472|total pending data draft file
BCH-0004190,laporan_operasional_202512_3117.pdf,221850094,2024-12-17,ftp-cabang,laporan_operasional_202512_3117|221850094|total revisi arsip
DUP-0000494,laporan_keuangan_202201_4986.csv,7890794,2022-06-03,cloud-storage-gcp,laporan|keuangan|7890794|file dokumen approved final
BCH-0000013,invoice_audit_202505_2705.zip,40029916,2024-02-03,nas-lokal-04,invoice_audit_202505_2705|40029916|draft final rekap
BCH-0000268,backup_audit_202401_9512.docx,336039031,2024-06-07,nas-lokal-03,backup_audit_202401_9512|336039031|pending revisi arsip
BCH-0001825,laporan_pemasaran_202506_2472.csv,77987,2024-09-13,server-arsip-semarang,laporan_pemasaran_202506_2472|77987|data arsip approved
BCH-0001180,backup_keuangan_202512_9946.xls,26299,2024-03-25,server-arsip-semarang,backup_keuangan_202512_9946|26299|revisi rekap pending
DUP-0000084,gambar_riset_202205_1754.png,10681376,2023-11-14,portal-upload-web,gambar|riset|10681376|final dokumen pending
BCH-0001720,memo_hukum_202410_8084.doc,34675445,2024-09-02,ftp-cabang,memo_hukum_202410_8084|34675445|data final total
BCH-0001177,log_operasional_202507_6640.jpg,4149390,2024-05-18,cloud-storage-azure,log_operasional_202507_6640|4149390|draft periode rekap
BCH-0002753,log_hukum_202408_7794.jpeg,1202890,2024-07-09,ftp-cabang,log_hukum_202408_7794|1202890|final rekap draft
BCH-0004053,memo_sdm_202506_3343.txt,324533,2024-03-16,server-arsip-semarang,memo_sdm_202506_3343|324533|arsip total rekap
BCH-0003260,dataset_sdm_202512_6092.docx,293041,2024-02-15,nas-lokal-03,dataset_sdm_202512_6092|293041|rekap data revisi
DUP-0000273,kontrak_manajemen_202210_9717.jpg,479551,2024-01-28,backup-eksternal,kontrak|manajemen|479551|draft pending periode arsip
BCH-0000152,dataset_operasional_202511_0720.txt,197192,2024-02-24,server-arsip-semarang,dataset_operasional_202511_0720|197192|data final revisi
BCH-0001241,gambar_audit_202403_6928.jpeg,1571373,2024-03-26,nas-lokal-04,gambar_audit_202403_6928|1571373|revisi pending rekap
BCH-0001532,backup_riset_202405_6030.docx,4116964,2024-07-14,server-arsip-medan,backup_riset_202405_6030|4116964|rekap arsip final
BCH-0001588,dataset_manajemen_202409_1729.png,36919,2024-11-20,cloud-storage-azure,dataset_manajemen_202409_1729|36919|data periode final
BCH-0000987,dataset_operasional_202509_5051.docx,808120,2024-07-28,server-arsip-medan,dataset_operasional_202509_5051|808120|periode data revisi
BCH-0001400,surat_sdm_202412_8375.xlsx,3331667,2024-10-08,nas-lokal-04,surat_sdm_202412_8375|3331667|periode pending approved
BCH-0000911,log_teknologi_202407_9161.docx,96763,2024-08-06,ftp-cabang,log_teknologi_202407_9161|96763|rekap total approved
BCH-0000818,log_hukum_202509_2216.pdf,320044,2024-10-28,ftp-cabang,log_hukum_202509_2216|320044|rekap periode final
BCH-0002909,gambar_pemasaran_202512_3119.zip,29776462,2024-09-28,ftp-cabang,gambar_pemasaran_202512_3119|29776462|pending draft final
BCH-0003695,memo_keuangan_202407_5764.xlsx,296709,2024-02-23,server-arsip-makassar,memo_keuangan_202407_5764|296709|periode rekap data
BCH-0001280,gambar_riset_202402_6617.jpeg,368100,2024-08-24,server-arsip-semarang,gambar_riset_202402_6617|368100|arsip rekap final
DUP-0000190,laporan_logistik_202205_2257.json,505384,2023-12-19,cloud-storage-gcp,laporan|logistik|505384|data arsip periode total final
BCH-0003673,laporan_pemasaran_202502_6949.txt,3529765,2024-11-28,nas-lokal-03,laporan_pemasaran_202502_6949|3529765|revisi rekap approved
BCH-0003571,kontrak_riset_202512_6977.csv,25094,2024-03-20,server-arsip-makassar,kontrak_riset_202512_6977|25094|arsip total approved
BCH-0001181,presentasi_teknologi_202409_3897.jpg,14087572,2024-04-01,cloud-storage-azure,presentasi_teknologi_202409_3897|14087572|data periode revisi
BCH-0002440,laporan_audit_202409_1439.png,22998362,2024-05-21,nas-lokal-04,laporan_audit_202409_1439|22998362|draft revisi total
BCH-0004395,gambar_manajemen_202512_8866.json,17125678,2024-05-14,server-arsip-semarang,gambar_manajemen_202512_8866|17125678|arsip data approved
BCH-0000615,memo_riset_202502_4610.pdf,4709557,2024-10-07,nas-lokal-04,memo_riset_202502_4610|4709557|arsip total data
BCH-0001370,backup_manajemen_202408_1576.xls,24773194,2024-06-14,nas-lokal-04,backup_manajemen_202408_1576|24773194|total arsip data
BCH-0003676,invoice_manajemen_202409_6386.json,472331,2024-02-21,cloud-storage-azure,invoice_manajemen_202409_6386|472331|approved rekap data
BCH-0001327,log_logistik_202501_0451.jpg,2854837,2024-06-19,server-arsip-semarang,log_logistik_202501_0451|2854837|revisi rekap approved
BCH-0000783,presentasi_teknologi_202401_7614.jpg,10318230,2024-03-12,portal-upload-mobile,presentasi_teknologi_202401_7614|10318230|rekap draft approved
BCH-0002315,log_audit_202508_5987.txt,102613,2024-10-29,cloud-storage-azure,log_audit_202508_5987|102613|data final rekap
BCH-0003602,gambar_hukum_202504_6523.rar,2875506,2024-05-27,portal-upload-mobile,gambar_hukum_202504_6523|2875506|rekap total final
DUP-0000099,invoice_pemasaran_202203_8336.docx,158958,2023-07-13,portal-upload-web,invoice|pemasaran|158958|dokumen revisi file rekap periode
DUP-0000282,surat_riset_202411_8929.zip,114248,2024-05-09,cloud-storage-aws,surat|riset|114248|dokumen final rekap periode
BCH-0002299,dataset_operasional_202501_0276.docx,631900,2024-08-20,cloud-storage-azure,dataset_operasional_202501_0276|631900|arsip approved final
BCH-0000543,invoice_pemasaran_202411_4306.xml,349774497,2024-08-31,ftp-cabang,invoice_pemasaran_202411_4306|349774497|draft total data
BCH-0003941,dataset_sdm_202501_3094.docx,276046,2024-02-06,ftp-cabang,dataset_sdm_202501_3094|276046|draft data final
BCH-0002600,gambar_manajemen_202511_0109.xls,222855,2024-09-06,cloud-storage-azure,gambar_manajemen_202511_0109|222855|draft data approved
BCH-0002413,surat_riset_202403_7583.xml,321275,2024-09-07,portal-upload-mobile,surat_riset_202403_7583|321275|rekap data total
BCH-0002157,invoice_pemasaran_202407_2763.rar,9862735,2024-05-10,cloud-storage-azure,invoice_pemasaran_202407_2763|9862735|pending arsip total
BCH-0004347,invoice_teknologi_202411_6868.json,462609476,2024-03-14,server-arsip-semarang,invoice_teknologi_202411_6868|462609476|draft revisi approved
BCH-0003553,memo_sdm_202501_4903.docx,37920798,2024-09-08,portal-upload-mobile,memo_sdm_202501_4903|37920798|arsip approved draft
BCH-0000215,surat_teknologi_202410_0653.png,1811092,2024-07-27,nas-lokal-04,surat_teknologi_202410_0653|1811092|data periode pending
BCH-0002009,dataset_manajemen_202508_6070.jpg,2338256,2024-05-30,server-arsip-semarang,dataset_manajemen_202508_6070|2338256|approved rekap arsip
BCH-0000043,laporan_keuangan_202410_5436.pdf,241288429,2024-04-27,server-arsip-semarang,laporan_keuangan_202410_5436|241288429|final rekap periode
BCH-0001440,laporan_audit_202411_5400.pdf,425376,2024-09-04,server-arsip-semarang,laporan_audit_202411_5400|425376|total data revisi
BCH-0000900,invoice_sdm_202505_1210.png,2692367,2024-07-22,nas-lokal-04,invoice_sdm_202505_1210|2692367|final pending data
BCH-0003863,laporan_teknologi_202509_5644.rar,422649,2024-06-24,portal-upload-mobile,laporan_teknologi_202509_5644|422649|data arsip periode
BCH-0000084,dataset_manajemen_202506_0325.docx,299360,2024-06-27,nas-lokal-03,dataset_manajemen_202506_0325|299360|pending revisi data
BCH-0003261,kontrak_logistik_202403_0050.jpeg,72214,2024-10-01,server-arsip-medan,kontrak_logistik_202403_0050|72214|draft arsip total
BCH-0000812,dataset_audit_202509_0759.xml,419980,2024-02-14,server-arsip-medan,dataset_audit_202509_0759|419980|rekap draft final
BCH-0004052,presentasi_operasional_202505_8373.doc,4552653,2024-04-22,nas-lokal-03,presentasi_operasional_202505_8373|4552653|approved draft final
BCH-0001686,kontrak_logistik_202404_2367.docx,44774,2024-03-08,portal-upload-mobile,kontrak_logistik_202404_2367|44774|data final rekap
BCH-0003528,kontrak_sdm_202501_6498.txt,4723290,2024-02-22,cloud-storage-azure,kontrak_sdm_202501_6498|4723290|pending rekap approved
BCH-0003568,presentasi_teknologi_202511_4263.xlsx,31824435,2024-03-26,server-arsip-semarang,presentasi_teknologi_202511_4263|31824435|pending data revisi
BCH-0001334,memo_keuangan_202505_9139.doc,48919016,2024-03-12,server-arsip-semarang,memo_keuangan_202505_9139|48919016|data approved total
DUP-0000083,log_pemasaran_202310_0641.zip,35883806,2022-07-06,cloud-storage-gcp,log|pemasaran|35883806|pending draft final approved periode
BCH-0004175,backup_logistik_202511_0033.docx,4541114,2024-04-06,server-arsip-medan,backup_logistik_202511_0033|4541114|pending approved arsip
BCH-0004479,laporan_riset_202401_1490.jpg,4611216,2024-09-28,cloud-storage-azure,laporan_riset_202401_1490|4611216|pending draft arsip
BCH-0004237,memo_manajemen_202410_5648.pdf,483670,2024-08-15,server-arsip-makassar,memo_manajemen_202410_5648|483670|arsip approved data
DUP-0000342,memo_operasional_202210_3532.png,236129,2023-08-03,cloud-storage-aws,memo|operasional|236129|periode approved file rekap
BCH-0001799,presentasi_keuangan_202411_5934.png,400008173,2024-12-22,server-arsip-makassar,presentasi_keuangan_202411_5934|400008173|rekap approved final
BCH-0004411,memo_teknologi_202508_2879.jpg,1446549,2024-07-25,server-arsip-makassar,memo_teknologi_202508_2879|1446549|draft rekap revisi
BCH-0003100,laporan_keuangan_202403_6855.xml,226902,2024-01-19,server-arsip-makassar,laporan_keuangan_202403_6855|226902|revisi pending arsip
BCH-0003118,surat_pemasaran_202401_4246.xlsx,192738,2024-09-11,ftp-cabang,surat_pemasaran_202401_4246|192738|data periode final
BCH-0002649,log_manajemen_202502_8400.png,4536331,2024-05-18,cloud-storage-azure,log_manajemen_202502_8400|4536331|draft arsip pending
BCH-0001251,surat_sdm_202405_6637.xls,4143498,2024-05-03,ftp-cabang,surat_sdm_202405_6637|4143498|revisi final arsip
BCH-0002202,presentasi_keuangan_202401_3538.txt,2193362,2024-12-28,server-arsip-makassar,presentasi_keuangan_202401_3538|2193362|revisi rekap data
BCH-0003515,invoice_hukum_202506_3833.pdf,225137,2024-05-17,cloud-storage-azure,invoice_hukum_202506_3833|225137|rekap arsip periode
BCH-0004498,dataset_hukum_202508_6308.doc,88936168,2024-09-16,nas-lokal-03,dataset_hukum_202508_6308|88936168|data periode approved
BCH-0000240,dataset_keuangan_202503_2358.jpeg,166093614,2024-07-02,nas-lokal-04,dataset_keuangan_202503_2358|166093614|final total draft
BCH-0001702,laporan_audit_202410_6972.txt,4289602,2024-08-29,portal-upload-mobile,laporan_audit_202410_6972|4289602|arsip draft pending
BCH-0001513,presentasi_manajemen_202507_0526.pdf,7758093,2024-07-16,server-arsip-medan,presentasi_manajemen_202507_0526|7758093|draft final data
BCH-0002478,laporan_teknologi_202507_4520.jpeg,218847,2024-06-15,cloud-storage-azure,laporan_teknologi_202507_4520|218847|total data pending
BCH-0002938,invoice_keuangan_202401_3085.pdf,1192386,2024-08-22,portal-upload-mobile,invoice_keuangan_202401_3085|1192386|data pending arsip
BCH-0002209,memo_sdm_202412_7229.txt,22231,2024-01-26,nas-lokal-03,memo_sdm_202412_7229|22231|total arsip periode
BCH-0000745,dataset_pemasaran_202403_1771.jpg,363195,2024-08-15,server-arsip-makassar,dataset_pemasaran_202403_1771|363195|approved draft arsip
BCH-0003897,surat_hukum_202509_0651.txt,429135,2024-09-02,server-arsip-makassar,surat_hukum_202509_0651|429135|rekap total data
BCH-0001100,presentasi_riset_202411_8597.jpeg,486865,2024-05-05,server-arsip-medan,presentasi_riset_202411_8597|486865|draft total revisi
BCH-0004486,kontrak_hukum_202512_7660.jpeg,193093,2024-12-01,portal-upload-mobile,kontrak_hukum_202512_7660|193093|data final total
BCH-0001386,surat_hukum_202510_0106.xlsx,4392987,2024-02-18,nas-lokal-04,surat_hukum_202510_0106|4392987|rekap data arsip
BCH-0001909,surat_logistik_202402_5061.docx,4737182,2024-07-03,server-arsip-medan,surat_logistik_202402_5061|4737182|periode approved revisi
DUP-0000353,memo_hukum_202312_9703.csv,56734,2023-01-21,server-arsip-bandung,memo|hukum|56734|draft periode file approved rekap
BCH-0000928,backup_pemasaran_202511_1988.jpg,12716022,2024-09-20,nas-lokal-04,backup_pemasaran_202511_1988|12716022|periode approved draft
BCH-0002103,log_sdm_202403_7080.txt,2714218,2024-07-23,cloud-storage-azure,log_sdm_202403_7080|2714218|draft data revisi
BCH-0002653,surat_audit_202407_6346.pdf,40212,2024-09-04,ftp-cabang,surat_audit_202407_6346|40212|arsip periode data
BCH-0002056,dataset_sdm_202502_7711.xls,233513,2024-04-18,server-arsip-makassar,dataset_sdm_202502_7711|233513|draft revisi data
BCH-0000965,surat_keuangan_202407_1844.xml,124097,2024-05-01,cloud-storage-azure,surat_keuangan_202407_1844|124097|pending periode data
BCH-0003762,presentasi_manajemen_202408_3967.docx,77212,2024-12-16,cloud-storage-azure,presentasi_manajemen_202408_3967|77212|periode draft total
BCH-0002235,surat_riset_202402_4362.rar,9863246,2024-05-05,server-arsip-makassar,surat_riset_202402_4362|9863246|revisi data approved
BCH-0001019,dataset_operasional_202408_6880.docx,2129091,2024-12-17,ftp-cabang,dataset_operasional_202408_6880|2129091|final revisi rekap
BCH-0002614,surat_sdm_202404_4701.jpg,1556677,2024-05-16,cloud-storage-azure,surat_sdm_202404_4701|1556677|pending revisi data
BCH-0000008,invoice_keuangan_202509_5388.xlsx,420359,2024-10-04,nas-lokal-03,invoice_keuangan_202509_5388|420359|periode arsip final
BCH-0001235,invoice_teknologi_202401_9364.pdf,48344176,2024-03-13,nas-lokal-03,invoice_teknologi_202401_9364|48344176|approved periode pending
BCH-0004482,backup_pemasaran_202511_5761.docx,102712,2024-02-16,nas-lokal-03,backup_pemasaran_202511_5761|102712|approved rekap pending
BCH-0003055,memo_riset_202408_3567.jpg,345233,2024-03-21,portal-upload-mobile,memo_riset_202408_3567|345233|arsip approved draft
BCH-0003597,gambar_logistik_202404_3412.pdf,21575065,2024-11-17,server-arsip-makassar,gambar_logistik_202404_3412|21575065|periode pending data
BCH-0001996,memo_teknologi_202404_6592.docx,371145,2024-01-21,ftp-cabang,memo_teknologi_202404_6592|371145|draft approved arsip
BCH-0002191,memo_keuangan_202512_1742.docx,316018095,2024-03-04,server-arsip-makassar,memo_keuangan_202512_1742|316018095|final approved revisi
BCH-0002703,invoice_hukum_202503_9856.jpeg,265092,2024-02-21,server-arsip-semarang,invoice_hukum_202503_9856|265092|approved arsip periode
BCH-0000301,memo_riset_202510_2556.png,209100370,2024-04-15,portal-upload-mobile,memo_riset_202510_2556|209100370|data arsip revisi
BCH-0001001,kontrak_operasional_202406_3333.json,487923,2024-11-05,server-arsip-medan,kontrak_operasional_202406_3333|487923|arsip pending periode
DUP-0000290,log_logistik_202208_4400.txt,492836709,2023-10-24,cloud-storage-gcp,log|logistik|492836709|arsip dokumen periode pending
BCH-0000035,log_audit_202407_2463.png,210888,2024-04-30,nas-lokal-03,log_audit_202407_2463|210888|approved pending draft
DUP-0000058,kontrak_audit_202408_8807.zip,378019,2023-03-24,cloud-storage-aws,kontrak|audit|378019|dokumen total arsip pending draft
DUP-0000080,memo_audit_202403_2032.csv,34665164,2024-09-26,server-arsip-jakarta,memo|audit|34665164|final approved data periode
BCH-0001518,laporan_keuangan_202512_5293.jpeg,249151,2024-06-02,ftp-cabang,laporan_keuangan_202512_5293|249151|revisi approved periode
BCH-0002219,surat_operasional_202407_0236.jpg,1575965,2024-06-18,server-arsip-semarang,surat_operasional_202407_0236|1575965|pending rekap approved
BCH-0001196,kontrak_operasional_202506_4822.doc,61267,2024-05-19,server-arsip-semarang,kontrak_operasional_202506_4822|61267|revisi final draft
BCH-0001162,kontrak_operasional_202508_2066.doc,290625,2024-08-16,portal-upload-mobile,kontrak_operasional_202508_2066|290625|data final draft
BCH-0000328,laporan_logistik_202411_6600.zip,439903735,2024-07-24,nas-lokal-04,laporan_logistik_202411_6600|439903735|approved final revisi
BCH-0002954,presentasi_operasional_202510_5789.txt,55048,2024-11-29,nas-lokal-04,presentasi_operasional_202510_5789|55048|total arsip pending
BCH-0001133,log_manajemen_202507_6102.zip,4913226,2024-12-03,nas-lokal-04,log_manajemen_202507_6102|4913226|periode approved draft
BCH-0001213,log_keuangan_202512_2552.txt,345642,2024-02-15,server-arsip-makassar,log_keuangan_202512_2552|345642|pending periode revisi
BCH-0000247,backup_logistik_202409_2465.jpeg,233183726,2024-01-15,server-arsip-medan,backup_logistik_202409_2465|233183726|periode arsip rekap
BCH-0001103,presentasi_operasional_202506_7233.xlsx,449945,2024-02-28,cloud-storage-azure,presentasi_operasional_202506_7233|449945|draft rekap pending
BCH-0003158,dataset_teknologi_202503_1332.xml,258024,2024-03-18,server-arsip-semarang,dataset_teknologi_202503_1332|258024|data pending arsip
BCH-0001460,backup_audit_202501_4980.jpg,44685950,2024-04-28,ftp-cabang,backup_audit_202501_4980|44685950|data revisi approved
BCH-0001540,log_logistik_202502_3878.txt,26476688,2024-01-29,server-arsip-medan,log_logistik_202502_3878|26476688|total approved pending
DUP-0000031,dataset_riset_202208_9164.xml,13749330,2023-02-10,backup-eksternal,dataset|riset|13749330|data dokumen revisi arsip
BCH-0002690,backup_operasional_202501_2798.docx,1552366,2024-06-19,cloud-storage-azure,backup_operasional_202501_2798|1552366|final revisi total
BCH-0003282,laporan_keuangan_202401_8395.rar,465748,2024-08-01,server-arsip-semarang,laporan_keuangan_202401_8395|465748|revisi arsip periode
BCH-0002325,backup_logistik_202409_5649.rar,2564689,2024-06-13,server-arsip-makassar,backup_logistik_202409_5649|2564689|arsip draft data
BCH-0000744,log_hukum_202405_4329.txt,15962642,2024-08-17,portal-upload-mobile,log_hukum_202405_4329|15962642|data revisi arsip
DUP-0000139,laporan_hukum_202411_8352.docx,266491,2023-04-06,server-arsip-jakarta,laporan|hukum|266491|dokumen file pending final total
BCH-0001007,gambar_riset_202406_3376.doc,1171012,2024-06-14,ftp-cabang,gambar_riset_202406_3376|1171012|periode arsip revisi
BCH-0001492,invoice_logistik_202401_4988.jpg,4818921,2024-03-26,cloud-storage-azure,invoice_logistik_202401_4988|4818921|final draft total
BCH-0001553,gambar_operasional_202511_7092.zip,164968,2024-06-02,portal-upload-mobile,gambar_operasional_202511_7092|164968|rekap periode approved
BCH-0000164,memo_operasional_202412_1213.csv,17205880,2024-07-28,portal-upload-mobile,memo_operasional_202412_1213|17205880|arsip approved revisi
BCH-0002421,gambar_pemasaran_202507_8933.xls,17361832,2024-06-03,ftp-cabang,gambar_pemasaran_202507_8933|17361832|data total arsip
BCH-0002841,laporan_operasional_202412_6754.xls,3004492,2024-10-23,nas-lokal-04,laporan_operasional_202412_6754|3004492|pending draft rekap
BCH-0001464,memo_teknologi_202509_2372.csv,39053242,2024-08-11,portal-upload-mobile,memo_teknologi_202509_2372|39053242|data pending revisi
BCH-0001226,log_audit_202511_3616.xlsx,18859,2024-12-07,nas-lokal-03,log_audit_202511_3616|18859|pending draft total
BCH-0002683,invoice_teknologi_202509_8955.doc,494606,2024-06-04,portal-upload-mobile,invoice_teknologi_202509_8955|494606|arsip pending total
BCH-0003735,surat_pemasaran_202512_4584.json,2711728,2024-12-27,ftp-cabang,surat_pemasaran_202512_4584|2711728|approved total draft
BCH-0000068,presentasi_hukum_202407_7786.txt,901142,2024-01-01,server-arsip-medan,presentasi_hukum_202407_7786|901142|draft arsip approved
DUP-0000378,invoice_audit_202211_6888.pdf,104362,2024-02-06,nas-lokal-02,invoice|audit|104362|approved file total arsip
BCH-0003717,log_sdm_202403_6402.csv,562459,2024-08-28,ftp-cabang,log_sdm_202403_6402|562459|periode total pending
BCH-0002559,dataset_manajemen_202412_3741.pdf,879644,2024-06-20,portal-upload-mobile,dataset_manajemen_202412_3741|879644|approved revisi periode
BCH-0000925,memo_operasional_202404_6440.jpeg,21337698,2024-08-29,nas-lokal-03,memo_operasional_202404_6440|21337698|arsip pending periode
BCH-0000921,log_riset_202501_2246.xml,2341489,2024-08-07,portal-upload-mobile,log_riset_202501_2246|2341489|revisi final pending
BCH-0001431,memo_pemasaran_202405_7747.xml,37505915,2024-12-18,nas-lokal-03,memo_pemasaran_202405_7747|37505915|draft rekap data
BCH-0004322,invoice_hukum_202506_3919.xlsx,361325,2024-11-20,portal-upload-mobile,invoice_hukum_202506_3919|361325|approved rekap arsip
BCH-0000211,invoice_keuangan_202508_1174.xls,436980,2024-12-06,portal-upload-mobile,invoice_keuangan_202508_1174|436980|revisi draft final
BCH-0004007,kontrak_teknologi_202505_4734.doc,3806227,2024-07-18,portal-upload-mobile,kontrak_teknologi_202505_4734|3806227|arsip pending draft
BCH-0001650,kontrak_hukum_202510_8730.rar,4819885,2024-02-07,ftp-cabang,kontrak_hukum_202510_8730|4819885|draft data approved
BCH-0001472,presentasi_logistik_202410_1798.png,38797122,2024-03-10,ftp-cabang,presentasi_logistik_202410_1798|38797122|rekap periode approved
BCH-0001164,gambar_riset_202502_6913.docx,2135776,2024-06-06,server-arsip-medan,gambar_riset_202502_6913|2135776|rekap data pending
BCH-0000494,backup_teknologi_202409_4736.xlsx,2830724,2024-09-15,server-arsip-medan,backup_teknologi_202409_4736|2830724|approved arsip periode
BCH-0001073,presentasi_sdm_202404_9249.jpeg,2294257,2024-09-22,ftp-cabang,presentasi_sdm_202404_9249|2294257|data final approved
BCH-0000163,memo_logistik_202506_2667.doc,459489,2024-07-08,cloud-storage-azure,memo_logistik_202506_2667|459489|arsip rekap total
BCH-0003443,memo_hukum_202406_2547.xlsx,856455,2024-01-24,ftp-cabang,memo_hukum_202406_2547|856455|draft arsip periode
BCH-0002482,memo_logistik_202403_3080.xls,161443,2024-11-28,server-arsip-makassar,memo_logistik_202403_3080|161443|rekap approved revisi
BCH-0002254,gambar_pemasaran_202503_0510.csv,4797249,2024-07-03,portal-upload-mobile,gambar_pemasaran_202503_0510|4797249|approved pending rekap
BCH-0002105,kontrak_riset_202406_1274.pdf,21372531,2024-06-09,portal-upload-mobile,kontrak_riset_202406_1274|21372531|draft data pending
BCH-0001096,memo_audit_202411_6907.png,431075,2024-02-06,cloud-storage-azure,memo_audit_202411_6907|431075|draft pending total
BCH-0002547,presentasi_sdm_202402_3004.jpg,2787020,2024-04-03,nas-lokal-03,presentasi_sdm_202402_3004|2787020|arsip total periode
BCH-0004255,log_operasional_202410_7015.docx,279939,2024-01-22,ftp-cabang,log_operasional_202410_7015|279939|arsip draft revisi
BCH-0000982,gambar_audit_202510_5150.xml,257035,2024-02-20,nas-lokal-04,gambar_audit_202510_5150|257035|rekap pending final
BCH-0003733,dataset_pemasaran_202508_5678.xml,428256,2024-08-14,server-arsip-medan,dataset_pemasaran_202508_5678|428256|periode data approved
BCH-0000853,invoice_logistik_202405_8602.csv,2620523,2024-05-14,cloud-storage-azure,invoice_logistik_202405_8602|2620523|final draft arsip
BCH-0002086,log_sdm_202405_0924.csv,282688,2024-11-30,nas-lokal-03,log_sdm_202405_0924|282688|arsip data draft
BCH-0003299,laporan_hukum_202505_6985.jpeg,4556329,2024-04-29,server-arsip-medan,laporan_hukum_202505_6985|4556329|draft periode arsip
BCH-0002479,surat_manajemen_202405_6256.pdf,4497767,2024-07-19,ftp-cabang,surat_manajemen_202405_6256|4497767|rekap pending arsip
BCH-0002587,invoice_operasional_202409_6572.xlsx,407065,2024-09-06,server-arsip-semarang,invoice_operasional_202409_6572|407065|approved data periode
BCH-0000467,backup_audit_202508_9071.json,24215271,2024-03-23,cloud-storage-azure,backup_audit_202508_9071|24215271|draft pending data
BCH-0002187,log_manajemen_202507_8944.jpg,791706,2024-01-30,server-arsip-makassar,log_manajemen_202507_8944|791706|draft final pending
DUP-0000319,dataset_logistik_202409_6878.xlsx,116088,2022-11-03,portal-upload-web,dataset|logistik|116088|periode pending dokumen
BCH-0003881,backup_manajemen_202504_1806.zip,190143,2024-12-20,server-arsip-semarang,backup_manajemen_202504_1806|190143|total final rekap
BCH-0003108,gambar_keuangan_202408_7954.docx,3260796,2024-04-06,ftp-cabang,gambar_keuangan_202408_7954|3260796|revisi pending final
BCH-0001591,surat_riset_202502_4805.xml,146715445,2024-05-26,server-arsip-semarang,surat_riset_202502_4805|146715445|periode rekap final
BCH-0001231,dataset_keuangan_202510_3182.json,2293432,2024-12-03,server-arsip-makassar,dataset_keuangan_202510_3182|2293432|rekap draft revisi
BCH-0003928,kontrak_hukum_202509_4286.docx,587619,2024-05-25,server-arsip-medan,kontrak_hukum_202509_4286|587619|draft approved pending
BCH-0000437,invoice_operasional_202401_2089.png,4912188,2024-12-26,portal-upload-mobile,invoice_operasional_202401_2089|4912188|total approved revisi
BCH-0003237,dataset_teknologi_202508_1288.xml,3622168,2024-10-12,cloud-storage-azure,dataset_teknologi_202508_1288|3622168|approved draft revisi
BCH-0001714,surat_pemasaran_202506_2029.pdf,118344,2024-10-15,server-arsip-medan,surat_pemasaran_202506_2029|118344|revisi pending rekap
BCH-0002178,invoice_hukum_202504_7257.xml,4708122,2024-03-24,server-arsip-medan,invoice_hukum_202504_7257|4708122|periode approved pending
BCH-0000492,log_pemasaran_202510_3253.jpeg,4374141,2024-06-09,ftp-cabang,log_pemasaran_202510_3253|4374141|rekap draft arsip
BCH-0000621,memo_hukum_202503_1035.csv,271024,2024-03-09,server-arsip-semarang,memo_hukum_202503_1035|271024|total arsip data
BCH-0001900,surat_logistik_202509_9685.docx,4731480,2024-04-29,ftp-cabang,surat_logistik_202509_9685|4731480|data draft rekap
DUP-0000283,invoice_audit_202408_1594.zip,436168,2024-07-22,cloud-storage-gcp,invoice|audit|436168|data pending file revisi arsip
BCH-0004452,dataset_keuangan_202406_8551.xlsx,4831621,2024-04-19,portal-upload-mobile,dataset_keuangan_202406_8551|4831621|final arsip total
BCH-0004488,backup_keuangan_202403_8586.xls,19044174,2024-07-11,server-arsip-semarang,backup_keuangan_202403_8586|19044174|rekap final revisi
BCH-0003552,kontrak_manajemen_202402_8715.doc,1397858,2024-02-22,ftp-cabang,kontrak_manajemen_202402_8715|1397858|data approved arsip
BCH-0002039,laporan_logistik_202507_3698.xls,251589,2024-06-25,nas-lokal-04,laporan_logistik_202507_3698|251589|pending periode rekap
BCH-0003908,invoice_riset_202506_3337.xml,93573568,2024-01-31,server-arsip-medan,invoice_riset_202506_3337|93573568|data pending arsip
BCH-0003970,log_manajemen_202512_4313.rar,328184652,2024-12-25,server-arsip-makassar,log_manajemen_202512_4313|328184652|approved arsip draft
BCH-0003278,presentasi_riset_202412_4709.txt,369395,2024-12-23,server-arsip-semarang,presentasi_riset_202412_4709|369395|revisi periode pending
DUP-0000390,surat_riset_202307_6826.csv,894096,2023-10-03,ftp-pusat,surat|riset|894096|rekap final revisi
BCH-0001255,gambar_manajemen_202506_7004.docx,297683,2024-01-09,server-arsip-medan,gambar_manajemen_202506_7004|297683|draft arsip total
BCH-0001781,kontrak_keuangan_202405_5854.json,3031511,2024-01-19,server-arsip-medan,kontrak_keuangan_202405_5854|3031511|data draft revisi
BCH-0002454,backup_pemasaran_202512_8249.zip,258686,2024-05-20,server-arsip-semarang,backup_pemasaran_202512_8249|258686|arsip revisi data
BCH-0000585,surat_pemasaran_202402_6347.xls,3478881,2024-03-16,ftp-cabang,surat_pemasaran_202402_6347|3478881|total arsip pending
BCH-0001794,memo_audit_202411_4076.png,298652,2024-01-05,ftp-cabang,memo_audit_202411_4076|298652|arsip draft pending
DUP-0000216,laporan_riset_202406_8168.png,2073557,2024-06-24,server-arsip-jakarta,laporan|riset|2073557|final arsip periode
BCH-0003492,dataset_logistik_202411_7950.json,426601,2024-12-27,ftp-cabang,dataset_logistik_202411_7950|426601|pending draft rekap
BCH-0003576,backup_sdm_202407_7858.pdf,152019,2024-08-05,nas-lokal-03,backup_sdm_202407_7858|152019|pending rekap approved
BCH-0000610,backup_operasional_202408_4510.pdf,221335,2024-04-01,portal-upload-mobile,backup_operasional_202408_4510|221335|revisi draft final
BCH-0000712,backup_operasional_202508_4815.txt,10647131,2024-09-24,nas-lokal-04,backup_operasional_202508_4815|10647131|revisi total pending
BCH-0000814,presentasi_logistik_202512_6662.xls,183334,2024-02-19,server-arsip-semarang,presentasi_logistik_202512_6662|183334|pending final arsip
BCH-0003311,memo_hukum_202508_9807.docx,43680844,2024-03-27,server-arsip-semarang,memo_hukum_202508_9807|43680844|revisi arsip final
BCH-0000698,invoice_riset_202408_3499.png,18172429,2024-04-09,portal-upload-mobile,invoice_riset_202408_3499|18172429|final draft total
BCH-0004197,gambar_sdm_202507_2566.jpg,193401,2024-03-27,server-arsip-semarang,gambar_sdm_202507_2566|193401|revisi rekap approved
BCH-0003511,backup_operasional_202504_4302.jpg,3646890,2024-10-18,ftp-cabang,backup_operasional_202504_4302|3646890|data total final
BCH-0001965,laporan_logistik_202502_8654.xls,327494262,2024-10-07,nas-lokal-04,laporan_logistik_202502_8654|327494262|revisi pending periode
BCH-0002164,surat_logistik_202403_8647.csv,35349702,2024-07-11,portal-upload-mobile,surat_logistik_202403_8647|35349702|periode rekap total
BCH-0003796,presentasi_teknologi_202407_8641.docx,3643537,2024-07-07,nas-lokal-04,presentasi_teknologi_202407_8641|3643537|revisi periode approved
BCH-0000019,backup_teknologi_202403_4639.xlsx,898077,2024-02-05,portal-upload-mobile,backup_teknologi_202403_4639|898077|periode draft final
BCH-0000903,presentasi_manajemen_202503_7700.xlsx,24668563,2024-03-18,ftp-cabang,presentasi_manajemen_202503_7700|24668563|approved periode revisi
BCH-0002924,dataset_riset_202502_3383.xlsx,122390,2024-06-18,server-arsip-semarang,dataset_riset_202502_3383|122390|approved periode draft
BCH-0002686,log_operasional_202505_0269.xml,7658364,2024-05-13,nas-lokal-03,log_operasional_202505_0269|7658364|arsip total periode
BCH-0004038,surat_manajemen_202410_4420.json,47678552,2024-06-06,server-arsip-medan,surat_manajemen_202410_4420|47678552|total revisi draft
BCH-0001038,laporan_pemasaran_202409_4161.jpeg,298886853,2024-12-25,portal-upload-mobile,laporan_pemasaran_202409_4161|298886853|data periode final
BCH-0004040,memo_pemasaran_202504_6819.pdf,137602,2024-07-22,ftp-cabang,memo_pemasaran_202504_6819|137602|revisi rekap final
BCH-0000430,surat_teknologi_202403_7132.docx,475031,2024-06-07,portal-upload-mobile,surat_teknologi_202403_7132|475031|final approved arsip
DUP-0000206,invoice_pemasaran_202305_9574.jpg,4853227,2024-10-18,nas-lokal-02,invoice|pemasaran|4853227|file pending approved periode
BCH-0003868,gambar_manajemen_202510_9725.xlsx,3460033,2024-08-10,ftp-cabang,gambar_manajemen_202510_9725|3460033|revisi data arsip
BCH-0001654,memo_hukum_202501_1189.xls,386036,2024-08-22,server-arsip-medan,memo_hukum_202501_1189|386036|periode draft final
BCH-0001158,memo_pemasaran_202511_5886.xls,1488004,2024-11-25,ftp-cabang,memo_pemasaran_202511_5886|1488004|draft pending final
BCH-0004267,invoice_pemasaran_202501_8180.xml,407918359,2024-02-16,server-arsip-semarang,invoice_pemasaran_202501_8180|407918359|data total revisi
BCH-0001354,invoice_riset_202509_6181.pdf,340232,2024-10-12,portal-upload-mobile,invoice_riset_202509_6181|340232|rekap arsip approved
BCH-0000109,kontrak_teknologi_202506_3250.png,3394869,2024-11-24,cloud-storage-azure,kontrak_teknologi_202506_3250|3394869|approved periode arsip
BCH-0001242,log_audit_202409_2603.xls,263183,2024-05-11,server-arsip-medan,log_audit_202409_2603|263183|data periode final
BCH-0000664,backup_keuangan_202401_0437.xlsx,268452167,2024-06-27,server-arsip-makassar,backup_keuangan_202401_0437|268452167|total draft data
DUP-0000135,log_keuangan_202308_8509.pdf,384127,2024-07-24,server-arsip-surabaya,log|keuangan|384127|arsip periode draft dokumen data
BCH-0000817,memo_pemasaran_202505_9307.doc,9987191,2024-10-04,cloud-storage-azure,memo_pemasaran_202505_9307|9987191|draft data total
DUP-0000182,backup_operasional_202311_1235.json,158318337,2023-03-15,cloud-storage-gcp,backup|operasional|158318337|rekap final dokumen approved
DUP-0000330,gambar_manajemen_202305_8315.xml,742956,2023-03-17,nas-lokal-02,gambar|manajemen|742956|arsip draft final
BCH-0003321,log_manajemen_202404_4425.png,1491771,2024-07-21,portal-upload-mobile,log_manajemen_202404_4425|1491771|rekap draft pending
BCH-0002589,memo_pemasaran_202409_3946.txt,58791,2024-01-06,cloud-storage-azure,memo_pemasaran_202409_3946|58791|draft final pending
BCH-0000336,log_pemasaran_202412_0254.xls,304665,2024-01-18,server-arsip-semarang,log_pemasaran_202412_0254|304665|periode rekap draft
BCH-0003257,dataset_manajemen_202405_3051.doc,2177192,2024-12-21,portal-upload-mobile,dataset_manajemen_202405_3051|2177192|data revisi total
BCH-0000155,backup_keuangan_202411_6193.jpg,35674922,2024-09-22,server-arsip-medan,backup_keuangan_202411_6193|35674922|pending draft data
BCH-0004238,presentasi_manajemen_202402_4672.doc,172009,2024-06-20,server-arsip-semarang,presentasi_manajemen_202402_4672|172009|draft revisi rekap
BCH-0002131,laporan_keuangan_202507_3965.pdf,495467,2024-11-04,ftp-cabang,laporan_keuangan_202507_3965|495467|draft pending periode
BCH-0004139,memo_keuangan_202508_3821.jpg,29306638,2024-10-28,portal-upload-mobile,memo_keuangan_202508_3821|29306638|final periode revisi
BCH-0004443,presentasi_pemasaran_202401_9764.zip,27623525,2024-04-22,server-arsip-makassar,presentasi_pemasaran_202401_9764|27623525|periode revisi arsip
BCH-0001475,laporan_sdm_202510_8849.json,4388534,2024-07-23,server-arsip-makassar,laporan_sdm_202510_8849|4388534|final periode rekap
BCH-0000552,surat_sdm_202402_1136.rar,345143,2024-12-01,portal-upload-mobile,surat_sdm_202402_1136|345143|total arsip data
BCH-0000138,dataset_operasional_202509_5120.png,200498,2024-08-08,server-arsip-medan,dataset_operasional_202509_5120|200498|rekap final total
DUP-0000463,dataset_logistik_202405_2840.docx,25268398,2024-06-11,nas-lokal-01,dataset|logistik|25268398|periode data revisi final file
DUP-0000098,memo_hukum_202309_1047.pdf,235089,2023-06-23,portal-upload-web,memo|hukum|235089|total pending data arsip draft
BCH-0002316,dataset_operasional_202508_0145.txt,59535,2024-09-22,portal-upload-mobile,dataset_operasional_202508_0145|59535|final periode approved
DUP-0000134,gambar_operasional_202206_0613.txt,1968114,2023-02-18,server-arsip-bandung,gambar|operasional|1968114|arsip rekap pending file
BCH-0003618,gambar_manajemen_202408_0730.jpg,836641,2024-10-16,server-arsip-medan,gambar_manajemen_202408_0730|836641|revisi approved total
BCH-0002186,backup_teknologi_202401_7949.xlsx,37652110,2024-09-14,server-arsip-semarang,backup_teknologi_202401_7949|37652110|final total data
BCH-0002916,kontrak_operasional_202404_2420.pdf,52237,2024-04-23,server-arsip-semarang,kontrak_operasional_202404_2420|52237|arsip pending periode
BCH-0001716,kontrak_keuangan_202504_0185.doc,37817,2024-05-21,nas-lokal-03,kontrak_keuangan_202504_0185|37817|rekap data draft
BCH-0001126,log_pemasaran_202510_6651.json,1956867,2024-09-07,cloud-storage-azure,log_pemasaran_202510_6651|1956867|final draft total
BCH-0000136,gambar_manajemen_202408_8470.jpg,1774999,2024-08-23,server-arsip-medan,gambar_manajemen_202408_8470|1774999|draft pending rekap
BCH-0002037,invoice_hukum_202411_0230.doc,3619648,2024-11-05,ftp-cabang,invoice_hukum_202411_0230|3619648|approved revisi data
BCH-0000117,surat_operasional_202509_3915.jpeg,30181414,2024-05-08,portal-upload-mobile,surat_operasional_202509_3915|30181414|approved arsip data
BCH-0002781,memo_manajemen_202402_0572.xlsx,450934,2024-10-25,nas-lokal-03,memo_manajemen_202402_0572|450934|data arsip periode
BCH-0002139,backup_riset_202411_6635.xlsx,1928461,2024-12-21,ftp-cabang,backup_riset_202411_6635|1928461|approved data draft
BCH-0000824,kontrak_sdm_202503_3596.pdf,3416426,2024-07-26,server-arsip-makassar,kontrak_sdm_202503_3596|3416426|final rekap pending
BCH-0001878,dataset_riset_202510_2124.doc,1093452,2024-03-31,server-arsip-semarang,dataset_riset_202510_2124|1093452|rekap approved periode
BCH-0002336,laporan_riset_202508_0142.doc,37406307,2024-12-05,nas-lokal-04,laporan_riset_202508_0142|37406307|data revisi pending
DUP-0000278,invoice_teknologi_202301_8752.csv,104079,2022-09-17,cloud-storage-gcp,invoice|teknologi|104079|rekap arsip final
DUP-0000022,backup_audit_202406_3589.csv,20442984,2023-01-25,portal-upload-web,backup|audit|20442984|data file periode total
BCH-0001429,gambar_riset_202405_4619.jpg,90364290,2024-12-09,server-arsip-makassar,gambar_riset_202405_4619|90364290|pending arsip periode
BCH-0002359,dataset_riset_202410_1661.xlsx,471228,2024-03-08,server-arsip-medan,dataset_riset_202410_1661|471228|revisi total rekap
BCH-0000561,surat_logistik_202512_3025.json,321660,2024-09-14,portal-upload-mobile,surat_logistik_202512_3025|321660|draft arsip periode
BCH-0003672,dataset_hukum_202408_3686.json,4687578,2024-09-10,nas-lokal-03,dataset_hukum_202408_3686|4687578|draft data rekap
BCH-0000551,log_sdm_202506_3780.xls,660473,2024-08-14,server-arsip-makassar,log_sdm_202506_3780|660473|draft approved revisi
BCH-0001740,laporan_riset_202504_6377.xls,310218,2024-12-02,cloud-storage-azure,laporan_riset_202504_6377|310218|rekap arsip approved
BCH-0003666,log_riset_202402_2255.txt,420636,2024-03-11,ftp-cabang,log_riset_202402_2255|420636|rekap final approved
BCH-0000330,memo_riset_202502_7690.png,499409520,2024-03-29,server-arsip-semarang,memo_riset_202502_7690|499409520|approved data rekap
BCH-0000797,surat_keuangan_202511_8884.xml,4667385,2024-07-10,cloud-storage-azure,surat_keuangan_202511_8884|4667385|rekap approved data
BCH-0000691,log_pemasaran_202408_3157.pdf,3867299,2024-03-05,server-arsip-semarang,log_pemasaran_202408_3157|3867299|revisi arsip periode
BCH-0000978,log_manajemen_202407_3476.csv,244493,2024-05-03,server-arsip-medan,log_manajemen_202407_3476|244493|approved pending arsip
BCH-0003692,gambar_teknologi_202410_0204.zip,3503690,2024-11-15,server-arsip-makassar,gambar_teknologi_202410_0204|3503690|pending arsip periode
BCH-0002786,presentasi_manajemen_202407_1689.pdf,3676780,2024-08-21,ftp-cabang,presentasi_manajemen_202407_1689|3676780|pending approved arsip
BCH-0002480,presentasi_riset_202503_7934.xls,201642947,2024-08-04,server-arsip-medan,presentasi_riset_202503_7934|201642947|final revisi arsip
BCH-0001756,log_manajemen_202509_0888.pdf,3439431,2024-10-08,nas-lokal-03,log_manajemen_202509_0888|3439431|total pending draft
BCH-0003000,presentasi_audit_202503_4826.txt,298116,2024-08-05,server-arsip-medan,presentasi_audit_202503_4826|298116|pending data draft
BCH-0001337,presentasi_audit_202407_5316.txt,3611244,2024-07-15,ftp-cabang,presentasi_audit_202407_5316|3611244|pending arsip revisi
BCH-0000357,presentasi_sdm_202407_3244.doc,193305747,2024-04-10,ftp-cabang,presentasi_sdm_202407_3244|193305747|draft final revisi
BCH-0004227,surat_manajemen_202410_3967.xlsx,2855714,2024-05-31,ftp-cabang,surat_manajemen_202410_3967|2855714|revisi final arsip
BCH-0001359,invoice_pemasaran_202408_2460.csv,4703848,2024-12-05,server-arsip-makassar,invoice_pemasaran_202408_2460|4703848|revisi data approved
BCH-0000305,log_hukum_202512_7023.jpg,397003091,2024-02-06,cloud-storage-azure,log_hukum_202512_7023|397003091|data rekap revisi
BCH-0002800,kontrak_audit_202412_9143.txt,43340,2024-11-29,server-arsip-makassar,kontrak_audit_202412_9143|43340|pending data total
BCH-0000945,laporan_riset_202511_3023.jpeg,4349952,2024-09-08,server-arsip-medan,laporan_riset_202511_3023|4349952|periode arsip draft
BCH-0002921,presentasi_audit_202504_4390.jpg,137852,2024-08-30,nas-lokal-04,presentasi_audit_202504_4390|137852|rekap data revisi
BCH-0000700,log_pemasaran_202505_0875.zip,99733561,2024-06-02,cloud-storage-azure,log_pemasaran_202505_0875|99733561|pending draft approved
DUP-0000250,invoice_hukum_202406_7450.xml,2833927,2024-09-26,nas-lokal-01,invoice|hukum|2833927|rekap total pending draft data
BCH-0003022,gambar_keuangan_202501_1744.png,312946,2024-10-24,nas-lokal-03,gambar_keuangan_202501_1744|312946|revisi data rekap
BCH-0001135,memo_keuangan_202402_3912.pdf,1691250,2024-12-09,portal-upload-mobile,memo_keuangan_202402_3912|1691250|periode approved rekap
BCH-0000870,laporan_keuangan_202509_1082.jpeg,64966,2024-02-07,server-arsip-makassar,laporan_keuangan_202509_1082|64966|approved final arsip
BCH-0002592,kontrak_audit_202504_7641.zip,408975,2024-06-02,ftp-cabang,kontrak_audit_202504_7641|408975|arsip total revisi
BCH-0000829,surat_audit_202401_5187.doc,7166114,2024-02-04,nas-lokal-03,surat_audit_202401_5187|7166114|total data draft
BCH-0002773,dataset_sdm_202511_9954.zip,478988,2024-05-13,nas-lokal-04,dataset_sdm_202511_9954|478988|total arsip rekap
BCH-0000758,surat_operasional_202406_8230.jpg,328896,2024-06-02,cloud-storage-azure,surat_operasional_202406_8230|328896|periode data draft
BCH-0003670,dataset_sdm_202503_2294.jpg,4976708,2024-10-28,ftp-cabang,dataset_sdm_202503_2294|4976708|final rekap data
BCH-0002467,backup_keuangan_202506_5935.xls,371120,2024-02-25,cloud-storage-azure,backup_keuangan_202506_5935|371120|final arsip total
BCH-0000719,backup_logistik_202405_7923.zip,377268324,2024-11-28,nas-lokal-03,backup_logistik_202405_7923|377268324|rekap arsip approved
BCH-0000173,laporan_operasional_202403_8338.txt,360153,2024-05-27,ftp-cabang,laporan_operasional_202403_8338|360153|pending total rekap
BCH-0001945,invoice_keuangan_202403_2108.doc,3693866,2024-11-26,ftp-cabang,invoice_keuangan_202403_2108|3693866|revisi periode approved
BCH-0003824,kontrak_audit_202512_3018.pdf,375891,2024-12-18,nas-lokal-04,kontrak_audit_202512_3018|375891|data draft total
DUP-0000156,log_teknologi_202201_2303.docx,1307036,2022-01-11,nas-lokal-01,log|teknologi|1307036|dokumen arsip total draft
BCH-0000487,laporan_audit_202404_3359.txt,45181,2024-02-22,server-arsip-makassar,laporan_audit_202404_3359|45181|revisi pending approved
BCH-0001469,surat_riset_202404_6634.xml,1554832,2024-09-23,server-arsip-makassar,surat_riset_202404_6634|1554832|total revisi arsip
BCH-0002699,gambar_teknologi_202407_6426.csv,188521,2024-07-06,nas-lokal-04,gambar_teknologi_202407_6426|188521|final arsip periode
BCH-0001578,dataset_keuangan_202512_8124.xls,33645,2024-10-31,server-arsip-semarang,dataset_keuangan_202512_8124|33645|pending periode total
BCH-0002494,kontrak_riset_202412_9144.jpeg,187833,2024-04-01,server-arsip-makassar,kontrak_riset_202412_9144|187833|arsip final rekap
BCH-0004065,backup_sdm_202502_5562.zip,8035342,2024-02-24,nas-lokal-03,backup_sdm_202502_5562|8035342|revisi draft rekap
BCH-0001713,memo_pemasaran_202503_8724.xml,533131,2024-05-28,portal-upload-mobile,memo_pemasaran_202503_8724|533131|final revisi arsip
BCH-0001621,log_pemasaran_202505_0657.jpeg,335435070,2024-03-27,cloud-storage-azure,log_pemasaran_202505_0657|335435070|revisi final draft
BCH-0003025,laporan_teknologi_202411_8158.pdf,18840308,2024-08-19,nas-lokal-04,laporan_teknologi_202411_8158|18840308|final revisi rekap
BCH-0003865,memo_logistik_202409_9984.xml,38754281,2024-08-16,portal-upload-mobile,memo_logistik_202409_9984|38754281|revisi approved data
BCH-0002710,log_keuangan_202511_4410.zip,183450,2024-12-07,server-arsip-medan,log_keuangan_202511_4410|183450|arsip data final
BCH-0001703,backup_operasional_202501_8795.txt,2189822,2024-09-29,ftp-cabang,backup_operasional_202501_8795|2189822|rekap pending total
DUP-0000417,kontrak_audit_202308_7844.docx,43524798,2024-06-21,nas-lokal-01,kontrak|audit|43524798|rekap final pending
BCH-0000381,memo_audit_202508_7980.rar,42943275,2024-04-10,nas-lokal-04,memo_audit_202508_7980|42943275|approved total data
BCH-0000816,kontrak_sdm_202402_8556.xls,1787265,2024-12-28,server-arsip-makassar,kontrak_sdm_202402_8556|1787265|data revisi final
BCH-0000927,log_audit_202508_7393.pdf,3357576,2024-11-24,cloud-storage-azure,log_audit_202508_7393|3357576|periode final draft
BCH-0002386,surat_pemasaran_202401_5710.jpg,18031053,2024-01-21,nas-lokal-04,surat_pemasaran_202401_5710|18031053|periode approved rekap
DUP-0000402,memo_audit_202211_3569.csv,475315,2022-08-20,cloud-storage-aws,memo|audit|475315|approved draft rekap periode final
BCH-0000760,kontrak_operasional_202505_7543.txt,41036671,2024-02-07,server-arsip-makassar,kontrak_operasional_202505_7543|41036671|data periode total
BCH-0003393,kontrak_hukum_202504_7410.zip,33141,2024-06-12,server-arsip-makassar,kontrak_hukum_202504_7410|33141|final rekap data
BCH-0002435,invoice_audit_202408_2213.xlsx,4281887,2024-09-28,portal-upload-mobile,invoice_audit_202408_2213|4281887|revisi rekap data
BCH-0003039,backup_audit_202402_2971.json,4125007,2024-03-20,server-arsip-makassar,backup_audit_202402_2971|4125007|periode total data
BCH-0003132,laporan_riset_202403_1426.jpg,133365,2024-05-10,nas-lokal-04,laporan_riset_202403_1426|133365|total final periode
BCH-0002460,memo_keuangan_202501_2762.rar,363599,2024-07-01,ftp-cabang,memo_keuangan_202501_2762|363599|pending arsip revisi
DUP-0000228,laporan_hukum_202402_3315.jpg,3338621,2022-10-13,backup-eksternal,laporan|hukum|3338621|pending periode final draft file
BCH-0003003,gambar_riset_202401_0491.doc,363840,2024-10-28,nas-lokal-03,gambar_riset_202401_0491|363840|approved pending final
BCH-0004264,presentasi_hukum_202406_2400.txt,131735042,2024-12-14,nas-lokal-03,presentasi_hukum_202406_2400|131735042|data pending periode
BCH-0003198,memo_hukum_202403_6527.jpeg,3370284,2024-10-06,portal-upload-mobile,memo_hukum_202403_6527|3370284|arsip total revisi
BCH-0003948,presentasi_riset_202505_1224.xml,161128,2024-06-28,server-arsip-makassar,presentasi_riset_202505_1224|161128|arsip revisi periode
BCH-0002788,surat_manajemen_202404_6307.rar,3656636,2024-12-18,ftp-cabang,surat_manajemen_202404_6307|3656636|pending revisi data
BCH-0000593,surat_pemasaran_202502_8908.txt,1414521,2024-07-06,cloud-storage-azure,surat_pemasaran_202502_8908|1414521|pending arsip total
BCH-0000917,presentasi_logistik_202509_2998.xml,409073,2024-02-15,ftp-cabang,presentasi_logistik_202509_2998|409073|rekap data arsip
DUP-0000272,dataset_keuangan_202303_1403.zip,309192,2024-12-08,nas-lokal-01,dataset|keuangan|309192|arsip file data
BCH-0003798,laporan_hukum_202401_1056.xls,3774758,2024-06-04,server-arsip-medan,laporan_hukum_202401_1056|3774758|revisi approved rekap
BCH-0002161,laporan_teknologi_202410_1374.pdf,203818,2024-01-09,server-arsip-makassar,laporan_teknologi_202410_1374|203818|total rekap final
BCH-0002944,gambar_logistik_202410_0973.xml,33629348,2024-02-04,server-arsip-makassar,gambar_logistik_202410_0973|33629348|data approved rekap
BCH-0003438,gambar_riset_202504_1918.jpeg,3320777,2024-12-18,ftp-cabang,gambar_riset_202504_1918|3320777|final periode rekap
DUP-0000067,presentasi_operasional_202202_7584.zip,273949,2023-01-03,server-arsip-surabaya,presentasi|operasional|273949|rekap total approved final
BCH-0004011,presentasi_hukum_202503_5848.doc,210914,2024-11-21,server-arsip-makassar,presentasi_hukum_202503_5848|210914|approved pending rekap
BCH-0003759,laporan_audit_202507_3794.json,332912,2024-11-14,portal-upload-mobile,laporan_audit_202507_3794|332912|total pending data
DUP-0000385,presentasi_pemasaran_202407_7011.jpg,2237443,2022-09-05,cloud-storage-aws,presentasi|pemasaran|2237443|total draft data
BCH-0001447,log_riset_202509_1474.doc,246506,2024-02-04,portal-upload-mobile,log_riset_202509_1474|246506|total final draft
BCH-0000371,backup_pemasaran_202501_0686.json,1624770,2024-04-26,nas-lokal-04,backup_pemasaran_202501_0686|1624770|rekap approved arsip
BCH-0003135,invoice_pemasaran_202411_0098.jpeg,4959783,2024-06-21,server-arsip-medan,invoice_pemasaran_202411_0098|4959783|rekap total revisi
BCH-0000051,surat_sdm_202503_6960.pdf,459676,2024-05-19,server-arsip-semarang,surat_sdm_202503_6960|459676|final pending total
BCH-0004047,dataset_manajemen_202501_9282.docx,356932,2024-07-23,server-arsip-makassar,dataset_manajemen_202501_9282|356932|pending periode data
BCH-0002994,invoice_keuangan_202502_5875.xlsx,32160809,2024-04-04,nas-lokal-04,invoice_keuangan_202502_5875|32160809|draft total final
BCH-0000881,presentasi_operasional_202512_8737.csv,105339,2024-05-29,server-arsip-semarang,presentasi_operasional_202512_8737|105339|rekap revisi total
BCH-0000462,laporan_sdm_202408_8739.txt,485188,2024-12-21,nas-lokal-03,laporan_sdm_202408_8739|485188|rekap draft approved
BCH-0003592,invoice_teknologi_202407_5555.docx,46653427,2024-01-26,nas-lokal-04,invoice_teknologi_202407_5555|46653427|periode arsip data
BCH-0000753,backup_teknologi_202510_5074.pdf,1344498,2024-08-01,server-arsip-makassar,backup_teknologi_202510_5074|1344498|rekap revisi data
BCH-0001312,dataset_manajemen_202412_7064.json,344173,2024-06-15,cloud-storage-azure,dataset_manajemen_202412_7064|344173|periode final rekap
BCH-0002111,laporan_logistik_202407_0482.xml,3263875,2024-06-17,server-arsip-semarang,laporan_logistik_202407_0482|3263875|rekap final revisi
DUP-0000141,log_logistik_202401_3111.pdf,4829585,2023-08-20,backup-eksternal,log|logistik|4829585|final file pending periode
BCH-0000854,surat_operasional_202406_5385.json,18129111,2024-05-20,server-arsip-semarang,surat_operasional_202406_5385|18129111|data final revisi
BCH-0003270,log_sdm_202408_7461.json,45607688,2024-07-18,server-arsip-semarang,log_sdm_202408_7461|45607688|periode data arsip
BCH-0001853,invoice_audit_202509_0399.jpg,4626408,2024-10-31,server-arsip-semarang,invoice_audit_202509_0399|4626408|revisi periode final
BCH-0000784,invoice_audit_202409_1932.txt,2884929,2024-08-06,ftp-cabang,invoice_audit_202409_1932|2884929|arsip periode draft
BCH-0002445,kontrak_teknologi_202403_3131.xlsx,10067866,2024-10-02,server-arsip-semarang,kontrak_teknologi_202403_3131|10067866|revisi draft arsip
BCH-0004432,kontrak_teknologi_202403_5909.json,3024587,2024-01-25,ftp-cabang,kontrak_teknologi_202403_5909|3024587|revisi final pending
BCH-0001907,laporan_hukum_202503_3543.png,2643355,2024-04-19,ftp-cabang,laporan_hukum_202503_3543|2643355|rekap revisi pending
BCH-0001652,invoice_teknologi_202507_5757.rar,13510773,2024-09-04,nas-lokal-04,invoice_teknologi_202507_5757|13510773|final data revisi
BCH-0004185,presentasi_manajemen_202403_8423.json,143112172,2024-06-14,server-arsip-semarang,presentasi_manajemen_202403_8423|143112172|pending total data
BCH-0001950,invoice_pemasaran_202403_6747.csv,4351861,2024-09-23,nas-lokal-03,invoice_pemasaran_202403_6747|4351861|data revisi arsip
BCH-0003895,surat_pemasaran_202404_2669.txt,3613653,2024-03-31,server-arsip-medan,surat_pemasaran_202404_2669|3613653|draft approved rekap
BCH-0000724,invoice_logistik_202508_2675.rar,1449508,2024-10-16,nas-lokal-04,invoice_logistik_202508_2675|1449508|rekap final draft
BCH-0003137,dataset_audit_202508_2970.csv,373511,2024-01-27,portal-upload-mobile,dataset_audit_202508_2970|373511|periode rekap final
BCH-0003496,memo_audit_202503_9738.doc,144313,2024-10-26,portal-upload-mobile,memo_audit_202503_9738|144313|revisi rekap pending
BCH-0001467,log_teknologi_202409_4952.xlsx,247391,2024-08-29,server-arsip-makassar,log_teknologi_202409_4952|247391|total revisi rekap
BCH-0004286,backup_logistik_202504_8077.pdf,332732090,2024-12-11,nas-lokal-03,backup_logistik_202504_8077|332732090|revisi pending total
BCH-0003226,backup_audit_202404_0229.txt,389732,2024-09-12,portal-upload-mobile,backup_audit_202404_0229|389732|pending revisi approved
BCH-0004077,log_operasional_202405_0410.jpg,338388,2024-06-15,server-arsip-semarang,log_operasional_202405_0410|338388|data revisi final
DUP-0000133,surat_manajemen_202309_8603.pdf,39413136,2023-06-15,cloud-storage-gcp,surat|manajemen|39413136|final file arsip
BCH-0001599,log_riset_202408_7316.txt,7678749,2024-08-18,nas-lokal-03,log_riset_202408_7316|7678749|arsip pending total
BCH-0002088,memo_keuangan_202402_3916.xlsx,89508,2024-09-01,server-arsip-medan,memo_keuangan_202402_3916|89508|total final approved
BCH-0002525,presentasi_riset_202509_8834.txt,40164511,2024-11-20,cloud-storage-azure,presentasi_riset_202509_8834|40164511|rekap final draft
BCH-0001116,gambar_operasional_202511_5113.xls,400825,2024-08-31,ftp-cabang,gambar_operasional_202511_5113|400825|arsip final draft
BCH-0000929,surat_riset_202402_0624.json,366339,2024-05-21,server-arsip-semarang,surat_riset_202402_0624|366339|data total rekap
BCH-0003805,invoice_riset_202411_3762.json,31602871,2024-06-30,cloud-storage-azure,invoice_riset_202411_3762|31602871|revisi rekap pending
BCH-0001462,log_logistik_202504_1670.doc,405746,2024-03-03,portal-upload-mobile,log_logistik_202504_1670|405746|data draft total
BCH-0002332,memo_manajemen_202501_9663.jpeg,29983483,2024-03-03,ftp-cabang,memo_manajemen_202501_9663|29983483|periode pending final
BCH-0002776,surat_keuangan_202512_5589.doc,41277314,2024-01-22,cloud-storage-azure,surat_keuangan_202512_5589|41277314|draft pending revisi
BCH-0002279,gambar_teknologi_202412_7724.png,100076080,2024-03-06,server-arsip-medan,gambar_teknologi_202412_7724|100076080|total draft revisi
BCH-0000857,log_pemasaran_202404_2146.xml,2135006,2024-11-26,server-arsip-makassar,log_pemasaran_202404_2146|2135006|data final periode
BCH-0000937,backup_hukum_202505_4974.docx,4117147,2024-04-19,nas-lokal-04,backup_hukum_202505_4974|4117147|draft pending rekap
BCH-0002615,kontrak_keuangan_202402_6877.json,143581,2024-06-23,server-arsip-makassar,kontrak_keuangan_202402_6877|143581|data pending revisi
BCH-0003737,memo_logistik_202406_1385.jpg,949521,2024-04-01,nas-lokal-04,memo_logistik_202406_1385|949521|total pending rekap
BCH-0000033,presentasi_sdm_202406_7019.xml,9775426,2024-12-22,nas-lokal-04,presentasi_sdm_202406_7019|9775426|revisi draft final
BCH-0004476,log_hukum_202503_4643.xlsx,439817747,2024-12-27,server-arsip-makassar,log_hukum_202503_4643|439817747|final revisi rekap
BCH-0000875,invoice_sdm_202505_7857.doc,408945,2024-08-29,nas-lokal-04,invoice_sdm_202505_7857|408945|final draft data
BCH-0000914,invoice_audit_202502_6699.rar,3043255,2024-10-31,server-arsip-makassar,invoice_audit_202502_6699|3043255|periode final rekap
BCH-0004199,kontrak_audit_202512_9671.txt,138200,2024-04-12,nas-lokal-04,kontrak_audit_202512_9671|138200|total data draft
BCH-0002165,surat_keuangan_202508_4586.jpg,183928508,2024-03-31,server-arsip-medan,surat_keuangan_202508_4586|183928508|data draft revisi
BCH-0003271,backup_audit_202407_5855.csv,2194073,2024-04-06,cloud-storage-azure,backup_audit_202407_5855|2194073|approved total periode
BCH-0003283,invoice_operasional_202507_4374.jpeg,360187,2024-06-24,nas-lokal-03,invoice_operasional_202507_4374|360187|rekap pending draft
BCH-0004491,presentasi_sdm_202509_6682.docx,4582413,2024-12-27,server-arsip-semarang,presentasi_sdm_202509_6682|4582413|approved pending periode
BCH-0003973,log_operasional_202510_8765.rar,118816,2024-12-14,ftp-cabang,log_operasional_202510_8765|118816|final periode arsip
BCH-0000476,gambar_pemasaran_202408_5991.txt,1011992,2024-08-27,cloud-storage-azure,gambar_pemasaran_202408_5991|1011992|periode approved pending
BCH-0002922,laporan_riset_202402_1485.zip,4138601,2024-01-07,nas-lokal-03,laporan_riset_202402_1485|4138601|total draft data
BCH-0000782,gambar_manajemen_202512_0665.pdf,4280007,2024-10-02,server-arsip-makassar,gambar_manajemen_202512_0665|4280007|arsip revisi draft
DUP-0000474,presentasi_riset_202405_1451.pdf,287885463,2022-12-06,server-arsip-jakarta,presentasi|riset|287885463|data final arsip total dokumen
BCH-0002121,surat_audit_202505_1540.png,402694,2024-02-04,nas-lokal-04,surat_audit_202505_1540|402694|draft data approved
DUP-0000404,dataset_riset_202401_2280.csv,22184,2022-11-11,nas-lokal-01,dataset|riset|22184|data dokumen file approved arsip
DUP-0000136,kontrak_pemasaran_202209_6943.jpg,469845759,2024-07-14,server-arsip-jakarta,kontrak|pemasaran|469845759|pending dokumen final
BCH-0000032,surat_operasional_202411_7881.xls,2888393,2024-09-26,portal-upload-mobile,surat_operasional_202411_7881|2888393|draft periode revisi
BCH-0002257,presentasi_teknologi_202407_4591.txt,405584,2024-03-15,server-arsip-medan,presentasi_teknologi_202407_4591|405584|arsip pending periode
DUP-0000106,memo_pemasaran_202402_3534.json,243610,2024-06-28,nas-lokal-02,memo|pemasaran|243610|final periode approved dokumen
BCH-0003916,gambar_keuangan_202508_0293.rar,24536252,2024-05-31,cloud-storage-azure,gambar_keuangan_202508_0293|24536252|draft final pending
BCH-0001254,surat_sdm_202502_4961.rar,353483,2024-11-28,portal-upload-mobile,surat_sdm_202502_4961|353483|approved total revisi
BCH-0000385,laporan_riset_202402_7844.txt,2715046,2024-11-15,server-arsip-medan,laporan_riset_202402_7844|2715046|data rekap draft
DUP-0000002,surat_pemasaran_202201_0432.xml,2410549,2023-02-06,ftp-pusat,surat|pemasaran|2410549|approved data rekap arsip pending
DUP-0000392,dataset_sdm_202207_3010.txt,969736,2022-06-08,backup-eksternal,dataset|sdm|969736|draft data approved dokumen
DUP-0000113,invoice_riset_202211_9915.xlsx,1793476,2023-11-23,portal-upload-web,invoice|riset|1793476|rekap total file
BCH-0000901,dataset_riset_202405_1439.xml,423717,2024-01-15,ftp-cabang,dataset_riset_202405_1439|423717|periode approved pending
BCH-0003911,laporan_riset_202501_4477.csv,4226867,2024-02-08,server-arsip-semarang,laporan_riset_202501_4477|4226867|data final rekap
BCH-0003160,dataset_logistik_202510_0124.jpg,324311,2024-11-01,server-arsip-makassar,dataset_logistik_202510_0124|324311|pending total approved
BCH-0003482,memo_manajemen_202511_3159.rar,12302,2024-05-22,ftp-cabang,memo_manajemen_202511_3159|12302|approved periode revisi
BCH-0003639,gambar_sdm_202503_4069.jpeg,178519,2024-05-02,cloud-storage-azure,gambar_sdm_202503_4069|178519|arsip draft approved
BCH-0001705,backup_manajemen_202505_0086.txt,3910431,2024-06-24,nas-lokal-04,backup_manajemen_202505_0086|3910431|final arsip rekap
DUP-0000485,gambar_hukum_202311_5149.xml,1031302,2022-01-26,ftp-pusat,gambar|hukum|1031302|dokumen file revisi draft total
DUP-0000461,presentasi_logistik_202308_0520.csv,38446773,2023-11-08,server-arsip-bandung,presentasi|logistik|38446773|rekap final approved
BCH-0000931,laporan_riset_202409_9212.pdf,1876099,2024-09-12,server-arsip-makassar,laporan_riset_202409_9212|1876099|revisi draft pending
BCH-0002553,log_riset_202412_1296.xlsx,16787976,2024-08-18,nas-lokal-04,log_riset_202412_1296|16787976|periode data draft
BCH-0003269,gambar_sdm_202510_7855.rar,3638841,2024-12-13,nas-lokal-03,gambar_sdm_202510_7855|3638841|approved data rekap
BCH-0001163,surat_teknologi_202403_8112.txt,2638761,2024-11-02,server-arsip-semarang,surat_teknologi_202403_8112|2638761|periode pending arsip
BCH-0002764,invoice_hukum_202402_1322.txt,3287400,2024-12-09,server-arsip-medan,invoice_hukum_202402_1322|3287400|final pending data
BCH-0003306,invoice_logistik_202412_5023.csv,2930776,2024-02-20,nas-lokal-04,invoice_logistik_202412_5023|2930776|pending periode revisi
BCH-0004313,gambar_logistik_202501_3974.png,4946337,2024-01-07,portal-upload-mobile,gambar_logistik_202501_3974|4946337|total approved data
BCH-0001610,kontrak_logistik_202501_2057.rar,2214153,2024-04-15,server-arsip-semarang,kontrak_logistik_202501_2057|2214153|periode approved rekap
BCH-0001092,surat_sdm_202502_9325.xls,4878515,2024-04-07,cloud-storage-azure,surat_sdm_202502_9325|4878515|rekap periode total
BCH-0000798,invoice_riset_202401_8390.zip,2659539,2024-07-17,cloud-storage-azure,invoice_riset_202401_8390|2659539|data total periode
BCH-0001618,log_teknologi_202502_4628.jpg,74805,2024-03-15,cloud-storage-azure,log_teknologi_202502_4628|74805|rekap periode total
BCH-0000188,laporan_manajemen_202408_0593.rar,2364214,2024-11-02,server-arsip-makassar,laporan_manajemen_202408_0593|2364214|total draft final
BCH-0002354,log_sdm_202412_7364.rar,2932231,2024-01-12,cloud-storage-azure,log_sdm_202412_7364|2932231|rekap revisi periode
BCH-0003927,kontrak_pemasaran_202403_6657.xlsx,39976349,2024-04-11,server-arsip-makassar,kontrak_pemasaran_202403_6657|39976349|arsip data rekap
BCH-0002224,invoice_audit_202406_5583.rar,3935466,2024-07-18,server-arsip-medan,invoice_audit_202406_5583|3935466|total final arsip
BCH-0000283,invoice_sdm_202410_2417.doc,21021704,2024-04-02,server-arsip-medan,invoice_sdm_202410_2417|21021704|rekap draft pending
BCH-0002385,memo_manajemen_202407_7238.xls,272600,2024-11-02,cloud-storage-azure,memo_manajemen_202407_7238|272600|approved pending final
BCH-0003588,dataset_audit_202511_3898.json,1857680,2024-05-07,nas-lokal-04,dataset_audit_202511_3898|1857680|data total draft
BCH-0001219,log_teknologi_202410_3445.jpeg,230272,2024-11-19,server-arsip-semarang,log_teknologi_202410_3445|230272|pending revisi periode
BCH-0001061,laporan_riset_202408_2946.json,131977,2024-09-30,server-arsip-makassar,laporan_riset_202408_2946|131977|final periode total
BCH-0003107,laporan_teknologi_202401_0838.txt,4411009,2024-07-21,server-arsip-makassar,laporan_teknologi_202401_0838|4411009|final pending total
BCH-0002075,log_pemasaran_202409_9513.jpg,14373434,2024-01-16,nas-lokal-04,log_pemasaran_202409_9513|14373434|data pending arsip
BCH-0002076,presentasi_teknologi_202506_2489.zip,1410793,2024-03-24,nas-lokal-03,presentasi_teknologi_202506_2489|1410793|final periode approved
BCH-0002620,backup_audit_202403_9820.xml,34042203,2024-11-09,portal-upload-mobile,backup_audit_202403_9820|34042203|rekap total arsip
BCH-0000497,backup_audit_202505_0065.doc,1671613,2024-07-03,ftp-cabang,backup_audit_202505_0065|1671613|final draft pending
BCH-0000195,backup_sdm_202401_3673.jpeg,146939890,2024-12-02,server-arsip-makassar,backup_sdm_202401_3673|146939890|draft periode approved
BCH-0000416,memo_pemasaran_202501_7276.xls,125484,2024-05-17,server-arsip-medan,memo_pemasaran_202501_7276|125484|final data approved
BCH-0002283,memo_keuangan_202510_2234.doc,40445269,2024-03-12,portal-upload-mobile,memo_keuangan_202510_2234|40445269|arsip periode final
BCH-0002007,laporan_hukum_202403_1535.jpg,356514,2024-06-08,nas-lokal-04,laporan_hukum_202403_1535|356514|rekap pending periode
BCH-0001502,invoice_pemasaran_202403_6061.png,213234,2024-05-14,ftp-cabang,invoice_pemasaran_202403_6061|213234|final draft approved
BCH-0001752,invoice_operasional_202412_2193.png,152560697,2024-07-06,portal-upload-mobile,invoice_operasional_202412_2193|152560697|rekap arsip revisi
BCH-0000439,memo_operasional_202505_4933.jpg,386372,2024-10-07,server-arsip-makassar,memo_operasional_202505_4933|386372|final revisi total
BCH-0002721,surat_keuangan_202405_4109.txt,633210,2024-10-16,cloud-storage-azure,surat_keuangan_202405_4109|633210|periode draft total
BCH-0001655,invoice_sdm_202405_6239.json,4247541,2024-09-10,server-arsip-medan,invoice_sdm_202405_6239|4247541|approved periode final
BCH-0001633,gambar_sdm_202409_1691.txt,340910483,2024-12-19,nas-lokal-04,gambar_sdm_202409_1691|340910483|approved revisi arsip
BCH-0003910,memo_hukum_202407_5997.docx,33871454,2024-04-28,nas-lokal-03,memo_hukum_202407_5997|33871454|revisi approved data
BCH-0003045,log_hukum_202502_7335.json,208542,2024-05-08,server-arsip-semarang,log_hukum_202502_7335|208542|draft arsip approved
BCH-0000167,gambar_teknologi_202510_2113.pdf,29842317,2024-01-06,nas-lokal-03,gambar_teknologi_202510_2113|29842317|draft periode total
BCH-0002622,memo_pemasaran_202405_4588.csv,470319072,2024-01-27,nas-lokal-03,memo_pemasaran_202405_4588|470319072|final revisi data
DUP-0000452,kontrak_teknologi_202307_8871.jpg,62181748,2022-09-28,backup-eksternal,kontrak|teknologi|62181748|approved pending rekap final
BCH-0000721,dataset_manajemen_202402_3279.doc,235235,2024-10-01,server-arsip-semarang,dataset_manajemen_202402_3279|235235|data periode total
BCH-0004003,gambar_riset_202511_4696.jpeg,125597,2024-07-19,nas-lokal-04,gambar_riset_202511_4696|125597|draft total approved
BCH-0000020,laporan_sdm_202506_1799.doc,140424329,2024-05-14,ftp-cabang,laporan_sdm_202506_1799|140424329|approved periode pending
DUP-0000115,surat_sdm_202407_9567.pdf,2706824,2023-04-26,nas-lokal-01,surat|sdm|2706824|arsip data periode final
BCH-0000659,backup_sdm_202506_3487.docx,236837,2024-11-16,cloud-storage-azure,backup_sdm_202506_3487|236837|approved periode rekap
BCH-0002438,invoice_riset_202405_8257.doc,23165,2024-02-03,server-arsip-makassar,invoice_riset_202405_8257|23165|rekap arsip data
BCH-0000759,laporan_pemasaran_202510_5596.pdf,3798015,2024-12-06,ftp-cabang,laporan_pemasaran_202510_5596|3798015|pending rekap approved
BCH-0002134,invoice_audit_202503_3614.xls,336465,2024-07-04,server-arsip-medan,invoice_audit_202503_3614|336465|final total draft
BCH-0002521,surat_hukum_202403_7330.pdf,2776748,2024-02-03,nas-lokal-03,surat_hukum_202403_7330|2776748|total draft final
BCH-0002300,log_riset_202509_4096.xlsx,477098,2024-01-11,cloud-storage-azure,log_riset_202509_4096|477098|total data final
BCH-0002866,invoice_pemasaran_202407_5766.doc,133045,2024-10-17,server-arsip-semarang,invoice_pemasaran_202407_5766|133045|periode arsip data
BCH-0002575,invoice_hukum_202505_5700.zip,34245233,2024-03-24,ftp-cabang,invoice_hukum_202505_5700|34245233|total rekap final
BCH-0001393,log_hukum_202508_3960.json,267729,2024-07-10,server-arsip-medan,log_hukum_202508_3960|267729|final data periode
BCH-0000661,backup_sdm_202511_2907.zip,33609,2024-07-27,server-arsip-makassar,backup_sdm_202511_2907|33609|data final approved
BCH-0003415,presentasi_sdm_202505_2143.rar,4495322,2024-06-27,nas-lokal-04,presentasi_sdm_202505_2143|4495322|data pending periode
BCH-0001691,dataset_riset_202411_2400.zip,770666,2024-07-25,server-arsip-semarang,dataset_riset_202411_2400|770666|approved rekap pending
BCH-0000145,memo_audit_202402_7300.pdf,78028,2024-11-27,server-arsip-makassar,memo_audit_202402_7300|78028|total approved pending
BCH-0002362,laporan_operasional_202506_9224.csv,28003177,2024-01-01,server-arsip-semarang,laporan_operasional_202506_9224|28003177|approved final draft
BCH-0000427,gambar_manajemen_202509_4531.xls,454690,2024-11-09,server-arsip-makassar,gambar_manajemen_202509_4531|454690|periode draft revisi
BCH-0001497,laporan_manajemen_202506_3338.png,266344,2024-01-29,nas-lokal-04,laporan_manajemen_202506_3338|266344|rekap final periode
BCH-0002720,invoice_operasional_202501_6676.rar,196193,2024-03-21,nas-lokal-04,invoice_operasional_202501_6676|196193|approved pending data
BCH-0004387,backup_audit_202509_9156.rar,1651783,2024-07-26,cloud-storage-azure,backup_audit_202509_9156|1651783|arsip approved draft
BCH-0002991,backup_logistik_202505_1405.doc,308053951,2024-04-19,cloud-storage-azure,backup_logistik_202505_1405|308053951|data rekap pending
BCH-0000169,backup_teknologi_202407_8560.json,2261884,2024-06-11,server-arsip-medan,backup_teknologi_202407_8560|2261884|arsip data pending
BCH-0004027,gambar_riset_202502_9109.pdf,2806887,2024-02-02,ftp-cabang,gambar_riset_202502_9109|2806887|periode revisi rekap
BCH-0002472,presentasi_manajemen_202511_0500.zip,42557597,2024-12-27,server-arsip-makassar,presentasi_manajemen_202511_0500|42557597|total data periode
DUP-0000354,laporan_keuangan_202210_7890.zip,3591862,2022-06-13,server-arsip-surabaya,laporan|keuangan|3591862|file arsip final pending total
BCH-0002602,surat_logistik_202506_3451.xlsx,2980019,2024-03-12,nas-lokal-04,surat_logistik_202506_3451|2980019|data arsip revisi
BCH-0002928,invoice_manajemen_202511_8824.csv,4898000,2024-06-06,server-arsip-makassar,invoice_manajemen_202511_8824|4898000|revisi periode total
BCH-0002267,surat_teknologi_202510_2570.txt,416613,2024-11-05,server-arsip-makassar,surat_teknologi_202510_2570|416613|revisi approved final
BCH-0004062,presentasi_operasional_202505_8729.xls,4193597,2024-12-13,server-arsip-semarang,presentasi_operasional_202505_8729|4193597|approved periode total
BCH-0000779,invoice_manajemen_202411_9068.xlsx,2346061,2024-09-04,nas-lokal-04,invoice_manajemen_202411_9068|2346061|data total draft
BCH-0004473,memo_teknologi_202407_6855.xlsx,159237,2024-04-20,ftp-cabang,memo_teknologi_202407_6855|159237|final periode approved
BCH-0003961,dataset_audit_202412_6802.jpg,17896840,2024-10-16,nas-lokal-04,dataset_audit_202412_6802|17896840|rekap pending final
BCH-0002766,gambar_pemasaran_202405_6671.csv,12618265,2024-07-31,nas-lokal-03,gambar_pemasaran_202405_6671|12618265|approved final arsip
DUP-0000093,dataset_operasional_202202_4488.csv,1201215,2024-04-09,server-arsip-bandung,dataset|operasional|1201215|file pending approved arsip
BCH-0002288,backup_logistik_202408_2138.pdf,422825,2024-10-09,server-arsip-semarang,backup_logistik_202408_2138|422825|revisi total rekap
BCH-0003187,invoice_audit_202504_0941.docx,28519914,2024-04-28,server-arsip-makassar,invoice_audit_202504_0941|28519914|data final arsip
BCH-0003077,surat_manajemen_202402_8985.json,1632323,2024-02-26,cloud-storage-azure,surat_manajemen_202402_8985|1632323|final rekap revisi
BCH-0004375,invoice_audit_202407_4865.xml,73907,2024-04-17,server-arsip-semarang,invoice_audit_202407_4865|73907|pending rekap periode
BCH-0001416,dataset_logistik_202504_6058.docx,307021,2024-05-04,cloud-storage-azure,dataset_logistik_202504_6058|307021|pending total final
DUP-0000490,laporan_pemasaran_202406_6259.xml,22612,2023-06-11,server-arsip-bandung,laporan|pemasaran|22612|total arsip periode
BCH-0003993,backup_sdm_202406_0548.json,369654,2024-09-06,cloud-storage-azure,backup_sdm_202406_0548|369654|pending final draft
BCH-0001819,surat_hukum_202505_5917.doc,18574804,2024-09-27,ftp-cabang,surat_hukum_202505_5917|18574804|periode total revisi
BCH-0003189,presentasi_riset_202504_2701.zip,47577,2024-05-23,portal-upload-mobile,presentasi_riset_202504_2701|47577|final data revisi
BCH-0003514,gambar_keuangan_202408_9477.xlsx,214958,2024-12-08,nas-lokal-04,gambar_keuangan_202408_9477|214958|approved revisi rekap
BCH-0001647,log_audit_202504_1652.zip,2995359,2024-11-29,cloud-storage-azure,log_audit_202504_1652|2995359|draft pending data
BCH-0002384,log_sdm_202505_7990.json,3901470,2024-10-29,server-arsip-medan,log_sdm_202505_7990|3901470|approved final total
BCH-0003968,presentasi_operasional_202403_7569.jpeg,410161,2024-06-30,server-arsip-makassar,presentasi_operasional_202403_7569|410161|rekap revisi pending
BCH-0000871,backup_sdm_202512_3798.txt,304456,2024-12-13,server-arsip-semarang,backup_sdm_202512_3798|304456|periode revisi pending
BCH-0001899,presentasi_hukum_202407_2732.docx,323517,2024-12-26,nas-lokal-04,presentasi_hukum_202407_2732|323517|total rekap periode
BCH-0000594,laporan_manajemen_202404_9878.doc,175872941,2024-01-12,cloud-storage-azure,laporan_manajemen_202404_9878|175872941|final draft total
BCH-0004096,presentasi_audit_202406_7996.txt,370459,2024-02-13,server-arsip-makassar,presentasi_audit_202406_7996|370459|pending revisi data
BCH-0001005,kontrak_audit_202510_0507.zip,4353345,2024-12-22,nas-lokal-04,kontrak_audit_202510_0507|4353345|revisi pending draft
BCH-0001292,backup_sdm_202511_6147.json,508543,2024-03-16,nas-lokal-04,backup_sdm_202511_6147|508543|draft revisi arsip
DUP-0000291,kontrak_logistik_202204_0529.png,1873940,2024-04-16,server-arsip-jakarta,kontrak|logistik|1873940|approved revisi data dokumen
BCH-0001284,laporan_audit_202511_3285.jpeg,72982523,2024-07-20,server-arsip-semarang,laporan_audit_202511_3285|72982523|pending total rekap
BCH-0000047,log_riset_202409_9486.doc,20567935,2024-01-09,portal-upload-mobile,log_riset_202409_9486|20567935|total rekap pending
BCH-0000654,presentasi_riset_202408_7624.doc,365973035,2024-01-27,nas-lokal-03,presentasi_riset_202408_7624|365973035|total rekap draft
BCH-0003694,log_sdm_202511_6143.jpeg,322167,2024-04-23,server-arsip-semarang,log_sdm_202511_6143|322167|approved arsip periode
DUP-0000326,kontrak_riset_202203_2143.zip,9387412,2023-01-24,cloud-storage-aws,kontrak|riset|9387412|approved draft data file revisi
DUP-0000154,backup_hukum_202307_0505.csv,34371950,2024-08-28,server-arsip-surabaya,backup|hukum|34371950|revisi periode approved arsip final
BCH-0002506,memo_hukum_202501_0195.xml,230460,2024-06-28,server-arsip-medan,memo_hukum_202501_0195|230460|rekap data pending
BCH-0004149,dataset_manajemen_202410_2997.csv,155487796,2024-08-18,nas-lokal-03,dataset_manajemen_202410_2997|155487796|total periode revisi
BCH-0003965,backup_keuangan_202508_1233.xml,164813,2024-11-26,server-arsip-makassar,backup_keuangan_202508_1233|164813|draft periode data
BCH-0003277,gambar_sdm_202404_3935.json,28615900,2024-06-13,nas-lokal-04,gambar_sdm_202404_3935|28615900|draft rekap periode
DUP-0000230,backup_riset_202403_5022.jpg,3050828,2022-12-18,cloud-storage-gcp,backup|riset|3050828|pending draft final
BCH-0002742,presentasi_audit_202403_4899.xls,4117322,2024-12-25,nas-lokal-03,presentasi_audit_202403_4899|4117322|periode revisi rekap
BCH-0002407,backup_operasional_202411_4231.docx,1445632,2024-11-24,cloud-storage-azure,backup_operasional_202411_4231|1445632|data approved rekap
BCH-0001382,laporan_teknologi_202506_8538.zip,391902,2024-10-27,server-arsip-medan,laporan_teknologi_202506_8538|391902|arsip rekap data
BCH-0001749,invoice_pemasaran_202411_8757.pdf,14527593,2024-04-26,server-arsip-medan,invoice_pemasaran_202411_8757|14527593|final pending rekap
BCH-0002687,backup_hukum_202505_9606.xml,3726543,2024-11-29,server-arsip-semarang,backup_hukum_202505_9606|3726543|rekap final data
BCH-0000107,laporan_sdm_202401_1874.xlsx,902986,2024-12-01,server-arsip-semarang,laporan_sdm_202401_1874|902986|total approved rekap
DUP-0000123,kontrak_keuangan_202307_5576.xlsx,3629070,2022-11-30,server-arsip-bandung,kontrak|keuangan|3629070|periode arsip revisi
BCH-0000950,backup_logistik_202509_0343.txt,33387398,2024-10-17,cloud-storage-azure,backup_logistik_202509_0343|33387398|total approved revisi
BCH-0002275,laporan_keuangan_202512_7182.txt,2918630,2024-09-26,server-arsip-medan,laporan_keuangan_202512_7182|2918630|revisi pending final
BCH-0003408,presentasi_logistik_202508_9155.xlsx,26076267,2024-12-31,server-arsip-medan,presentasi_logistik_202508_9155|26076267|total final approved
BCH-0002188,surat_sdm_202407_0009.rar,2256966,2024-06-28,cloud-storage-azure,surat_sdm_202407_0009|2256966|arsip approved pending
BCH-0004187,gambar_riset_202406_2175.txt,20914,2024-03-09,server-arsip-semarang,gambar_riset_202406_2175|20914|rekap arsip data
BCH-0000029,memo_audit_202511_1270.xls,30366647,2024-08-25,portal-upload-mobile,memo_audit_202511_1270|30366647|pending rekap revisi
BCH-0001772,presentasi_keuangan_202412_4082.json,254657,2024-03-14,server-arsip-makassar,presentasi_keuangan_202412_4082|254657|final periode data
BCH-0002908,invoice_hukum_202511_5649.txt,28160057,2024-09-02,server-arsip-makassar,invoice_hukum_202511_5649|28160057|pending arsip periode
BCH-0001747,invoice_operasional_202508_6199.xml,1502623,2024-02-16,portal-upload-mobile,invoice_operasional_202508_6199|1502623|periode approved data
BCH-0003732,memo_logistik_202503_9131.png,38709250,2024-04-21,nas-lokal-03,memo_logistik_202503_9131|38709250|arsip draft final
BCH-0000947,backup_operasional_202412_2047.docx,2956878,2024-12-04,nas-lokal-03,backup_operasional_202412_2047|2956878|pending total periode
BCH-0001084,dataset_hukum_202509_6573.rar,370359,2024-03-14,ftp-cabang,dataset_hukum_202509_6573|370359|final rekap total
BCH-0001635,laporan_keuangan_202412_1237.jpeg,384298,2024-05-24,server-arsip-semarang,laporan_keuangan_202412_1237|384298|rekap draft approved
BCH-0004154,gambar_operasional_202508_2284.jpeg,1023854,2024-02-23,server-arsip-medan,gambar_operasional_202508_2284|1023854|final arsip periode
BCH-0003414,log_manajemen_202505_8794.doc,47466323,2024-08-06,server-arsip-semarang,log_manajemen_202505_8794|47466323|final arsip data
BCH-0000238,laporan_audit_202503_8944.csv,42485543,2024-08-28,ftp-cabang,laporan_audit_202503_8944|42485543|revisi data pending
BCH-0003725,kontrak_riset_202504_0632.xlsx,47182023,2024-12-27,nas-lokal-03,kontrak_riset_202504_0632|47182023|revisi pending arsip
BCH-0001075,kontrak_keuangan_202507_7003.pdf,333542,2024-01-11,nas-lokal-04,kontrak_keuangan_202507_7003|333542|total draft revisi
BCH-0003212,kontrak_sdm_202507_1043.rar,4837487,2024-04-29,server-arsip-semarang,kontrak_sdm_202507_1043|4837487|approved pending draft
BCH-0003347,kontrak_sdm_202409_2677.pdf,116929,2024-09-30,nas-lokal-04,kontrak_sdm_202409_2677|116929|arsip total draft
BCH-0004173,memo_manajemen_202406_7138.zip,2027306,2024-07-31,server-arsip-medan,memo_manajemen_202406_7138|2027306|draft arsip rekap
BCH-0000519,invoice_riset_202508_3127.csv,38903,2024-02-02,ftp-cabang,invoice_riset_202508_3127|38903|arsip periode total
BCH-0000062,presentasi_hukum_202404_0944.jpeg,3912069,2024-03-13,ftp-cabang,presentasi_hukum_202404_0944|3912069|rekap approved final
BCH-0002676,invoice_manajemen_202406_1887.xml,4856353,2024-01-23,nas-lokal-04,invoice_manajemen_202406_1887|4856353|draft rekap arsip
BCH-0004431,gambar_manajemen_202509_8544.jpg,232198,2024-10-28,cloud-storage-azure,gambar_manajemen_202509_8544|232198|total revisi rekap
BCH-0004125,gambar_riset_202406_9598.png,41940,2024-04-29,server-arsip-makassar,gambar_riset_202406_9598|41940|pending rekap approved
BCH-0001971,kontrak_teknologi_202504_7821.xlsx,3832293,2024-11-14,cloud-storage-azure,kontrak_teknologi_202504_7821|3832293|revisi rekap draft
BCH-0001192,laporan_pemasaran_202512_4874.docx,861474,2024-01-26,server-arsip-medan,laporan_pemasaran_202512_4874|861474|draft approved periode
BCH-0003638,backup_pemasaran_202412_5819.png,197346,2024-09-05,ftp-cabang,backup_pemasaran_202412_5819|197346|revisi arsip total
BCH-0002560,presentasi_keuangan_202412_0590.xls,2295460,2024-05-18,nas-lokal-04,presentasi_keuangan_202412_0590|2295460|draft final arsip
BCH-0003752,memo_sdm_202509_4092.zip,435411,2024-06-15,nas-lokal-03,memo_sdm_202509_4092|435411|data rekap periode
BCH-0000389,memo_logistik_202503_9685.png,4503181,2024-12-09,nas-lokal-03,memo_logistik_202503_9685|4503181|revisi approved data
BCH-0003726,log_manajemen_202409_8606.png,171866,2024-02-11,cloud-storage-azure,log_manajemen_202409_8606|171866|draft rekap arsip
BCH-0000938,kontrak_sdm_202504_2313.txt,406774,2024-11-18,nas-lokal-04,kontrak_sdm_202504_2313|406774|approved revisi pending
DUP-0000462,surat_logistik_202301_7142.txt,316756,2022-10-24,cloud-storage-aws,surat|logistik|316756|pending periode approved draft data
DUP-0000336,backup_riset_202208_2833.zip,1736881,2022-12-09,cloud-storage-aws,backup|riset|1736881|periode rekap approved
BCH-0000723,gambar_teknologi_202405_9699.docx,1855556,2024-05-15,server-arsip-medan,gambar_teknologi_202405_9699|1855556|revisi total arsip
BCH-0002021,gambar_pemasaran_202508_7848.csv,4946071,2024-07-06,nas-lokal-03,gambar_pemasaran_202508_7848|4946071|arsip data approved
BCH-0002582,dataset_manajemen_202502_8492.xml,158877,2024-08-16,nas-lokal-04,dataset_manajemen_202502_8492|158877|total draft revisi
BCH-0004113,presentasi_audit_202510_6265.doc,3176641,2024-06-02,nas-lokal-03,presentasi_audit_202510_6265|3176641|rekap revisi periode
BCH-0004085,laporan_operasional_202501_2684.docx,311828,2024-05-22,cloud-storage-azure,laporan_operasional_202501_2684|311828|final data revisi
BCH-0004144,memo_pemasaran_202403_9732.zip,260430,2024-08-06,portal-upload-mobile,memo_pemasaran_202403_9732|260430|draft approved arsip
BCH-0000696,surat_teknologi_202502_9730.png,60894,2024-07-14,nas-lokal-03,surat_teknologi_202502_9730|60894|rekap draft periode
BCH-0003142,log_teknologi_202501_6516.rar,46156433,2024-08-15,nas-lokal-04,log_teknologi_202501_6516|46156433|total rekap periode
BCH-0003494,dataset_riset_202506_6077.xml,24523682,2024-10-24,ftp-cabang,dataset_riset_202506_6077|24523682|pending total rekap
BCH-0002665,kontrak_teknologi_202408_4656.txt,482323,2024-09-25,server-arsip-makassar,kontrak_teknologi_202408_4656|482323|approved draft pending
BCH-0000504,kontrak_hukum_202404_9090.doc,36291420,2024-07-31,cloud-storage-azure,kontrak_hukum_202404_9090|36291420|data total rekap
BCH-0002638,kontrak_teknologi_202506_5831.jpg,3574381,2024-06-25,ftp-cabang,kontrak_teknologi_202506_5831|3574381|periode rekap draft
BCH-0001428,dataset_riset_202403_3993.rar,390348016,2024-09-30,server-arsip-makassar,dataset_riset_202403_3993|390348016|rekap final draft
BCH-0002414,invoice_riset_202412_3341.docx,456354,2024-07-21,server-arsip-makassar,invoice_riset_202412_3341|456354|draft data approved
BCH-0003584,laporan_manajemen_202405_5638.jpg,133791,2024-01-17,nas-lokal-04,laporan_manajemen_202405_5638|133791|arsip revisi draft
BCH-0002344,backup_teknologi_202503_6112.csv,368042,2024-06-02,ftp-cabang,backup_teknologi_202503_6112|368042|draft periode final
BCH-0003349,laporan_audit_202503_2277.pdf,34626,2024-05-01,server-arsip-medan,laporan_audit_202503_2277|34626|rekap arsip final
BCH-0001590,log_manajemen_202404_9754.csv,17530599,2024-01-25,nas-lokal-04,log_manajemen_202404_9754|17530599|rekap pending draft
BCH-0003779,gambar_operasional_202512_5142.pdf,1676165,2024-02-11,ftp-cabang,gambar_operasional_202512_5142|1676165|draft approved revisi
BCH-0002952,log_operasional_202508_5411.csv,14210609,2024-11-24,nas-lokal-03,log_operasional_202508_5411|14210609|draft final revisi
BCH-0003835,dataset_pemasaran_202502_6978.xml,2633188,2024-10-11,server-arsip-semarang,dataset_pemasaran_202502_6978|2633188|revisi final total
BCH-0002822,laporan_manajemen_202402_4960.json,1676880,2024-06-21,server-arsip-makassar,laporan_manajemen_202402_4960|1676880|final arsip pending
BCH-0003960,dataset_manajemen_202502_0249.xls,3392510,2024-12-12,portal-upload-mobile,dataset_manajemen_202502_0249|3392510|pending draft total
BCH-0000200,log_audit_202508_3520.xls,196678,2024-01-03,server-arsip-semarang,log_audit_202508_3520|196678|data arsip approved
BCH-0001706,presentasi_audit_202501_3225.xls,2575340,2024-06-19,server-arsip-medan,presentasi_audit_202501_3225|2575340|total data rekap
BCH-0001828,presentasi_keuangan_202511_0447.xml,1260172,2024-07-26,server-arsip-semarang,presentasi_keuangan_202511_0447|1260172|total revisi rekap
BCH-0001884,dataset_pemasaran_202503_6056.docx,7991033,2024-12-11,server-arsip-medan,dataset_pemasaran_202503_6056|7991033|pending revisi arsip
BCH-0000558,gambar_sdm_202512_4972.csv,1398443,2024-07-16,nas-lokal-03,gambar_sdm_202512_4972|1398443|arsip final data
BCH-0002671,kontrak_riset_202412_2484.txt,343416,2024-09-11,ftp-cabang,kontrak_riset_202412_2484|343416|arsip approved pending
BCH-0003254,presentasi_sdm_202409_4904.csv,18326774,2024-08-10,cloud-storage-azure,presentasi_sdm_202409_4904|18326774|arsip draft approved
BCH-0002456,invoice_hukum_202408_2847.rar,1627391,2024-02-19,server-arsip-medan,invoice_hukum_202408_2847|1627391|draft pending arsip
BCH-0003159,laporan_operasional_202409_4990.pdf,359427,2024-12-13,server-arsip-semarang,laporan_operasional_202409_4990|359427|approved draft total
BCH-0003425,gambar_audit_202407_9673.xlsx,399082,2024-01-19,portal-upload-mobile,gambar_audit_202407_9673|399082|draft periode rekap
BCH-0000963,dataset_audit_202511_8481.doc,3053537,2024-05-01,server-arsip-semarang,dataset_audit_202511_8481|3053537|rekap approved draft
BCH-0001834,invoice_logistik_202412_5681.xml,708831,2024-03-27,nas-lokal-03,invoice_logistik_202412_5681|708831|arsip periode approved
BCH-0002189,surat_audit_202408_1478.csv,4876580,2024-05-28,server-arsip-semarang,surat_audit_202408_1478|4876580|draft arsip final
BCH-0000800,memo_sdm_202507_1986.xls,129133,2024-02-27,ftp-cabang,memo_sdm_202507_1986|129133|pending data total
BCH-0003579,gambar_audit_202408_3826.csv,426526,2024-10-10,cloud-storage-azure,gambar_audit_202408_3826|426526|periode final pending
BCH-0003172,surat_keuangan_202403_3199.zip,284479972,2024-05-01,ftp-cabang,surat_keuangan_202403_3199|284479972|final revisi data
BCH-0001024,surat_teknologi_202404_7224.xlsx,221669,2024-05-21,cloud-storage-azure,surat_teknologi_202404_7224|221669|rekap pending periode
BCH-0000539,surat_hukum_202502_0985.txt,351359,2024-04-05,server-arsip-semarang,surat_hukum_202502_0985|351359|revisi final data
BCH-0000409,invoice_pemasaran_202409_9039.png,420783,2024-02-29,cloud-storage-azure,invoice_pemasaran_202409_9039|420783|total final periode
BCH-0001307,backup_pemasaran_202503_5950.pdf,436117,2024-12-02,server-arsip-semarang,backup_pemasaran_202503_5950|436117|rekap data approved
BCH-0002486,laporan_manajemen_202501_0958.xlsx,18035,2024-08-15,cloud-storage-azure,laporan_manajemen_202501_0958|18035|approved final pending
BCH-0002261,memo_manajemen_202508_7460.csv,376641,2024-03-17,nas-lokal-03,memo_manajemen_202508_7460|376641|data draft final
BCH-0003274,backup_audit_202507_0306.pdf,234279879,2024-04-09,ftp-cabang,backup_audit_202507_0306|234279879|revisi rekap approved
BCH-0002561,log_keuangan_202502_1420.csv,496821,2024-05-04,server-arsip-medan,log_keuangan_202502_1420|496821|pending total data
BCH-0003698,surat_keuangan_202412_7594.zip,720814,2024-10-13,portal-upload-mobile,surat_keuangan_202412_7594|720814|arsip data draft
BCH-0003041,memo_riset_202506_6969.csv,373079779,2024-06-07,nas-lokal-03,memo_riset_202506_6969|373079779|pending approved draft
BCH-0003501,log_teknologi_202510_5916.doc,192509,2024-03-31,server-arsip-medan,log_teknologi_202510_5916|192509|periode final pending
BCH-0000241,gambar_audit_202407_6467.pdf,3208656,2024-03-12,nas-lokal-04,gambar_audit_202407_6467|3208656|revisi final pending
BCH-0003793,surat_hukum_202502_2407.xls,119503385,2024-09-24,ftp-cabang,surat_hukum_202502_2407|119503385|revisi periode final
DUP-0000346,surat_keuangan_202212_3397.docx,337921,2024-04-29,nas-lokal-02,surat|keuangan|337921|draft file arsip
BCH-0001432,kontrak_logistik_202505_1924.xml,348920171,2024-07-25,server-arsip-makassar,kontrak_logistik_202505_1924|348920171|draft revisi total
BCH-0003343,dataset_riset_202501_6760.txt,313356,2024-03-03,nas-lokal-04,dataset_riset_202501_6760|313356|final periode pending
BCH-0000398,surat_audit_202501_4250.jpg,21232784,2024-02-06,cloud-storage-azure,surat_audit_202501_4250|21232784|periode draft approved
BCH-0002238,memo_keuangan_202401_9244.txt,55135,2024-08-14,nas-lokal-04,memo_keuangan_202401_9244|55135|periode arsip revisi
BCH-0003680,invoice_logistik_202504_9347.rar,3519157,2024-07-05,server-arsip-semarang,invoice_logistik_202504_9347|3519157|pending approved periode
BCH-0004294,laporan_keuangan_202411_8369.xls,4665714,2024-08-07,nas-lokal-03,laporan_keuangan_202411_8369|4665714|periode final total
DUP-0000124,dataset_riset_202310_9940.pdf,120196,2023-10-22,backup-eksternal,dataset|riset|120196|pending data revisi arsip
BCH-0000178,dataset_riset_202408_2486.png,9213134,2024-10-13,server-arsip-semarang,dataset_riset_202408_2486|9213134|approved rekap pending
BCH-0004156,presentasi_riset_202501_0126.pdf,4249109,2024-06-03,nas-lokal-04,presentasi_riset_202501_0126|4249109|approved total data
BCH-0001750,surat_keuangan_202407_9856.rar,705973,2024-10-20,ftp-cabang,surat_keuangan_202407_9856|705973|final arsip rekap
BCH-0002962,backup_pemasaran_202512_0806.json,2114684,2024-02-02,server-arsip-semarang,backup_pemasaran_202512_0806|2114684|final arsip draft
BCH-0003375,log_hukum_202510_9664.pdf,94037,2024-07-20,nas-lokal-04,log_hukum_202510_9664|94037|arsip approved final
BCH-0000994,presentasi_audit_202410_7464.docx,442127,2024-07-07,portal-upload-mobile,presentasi_audit_202410_7464|442127|periode pending total
BCH-0000484,gambar_manajemen_202412_7167.xls,39459138,2024-06-28,cloud-storage-azure,gambar_manajemen_202412_7167|39459138|arsip approved rekap
BCH-0003918,presentasi_keuangan_202503_2217.json,766765,2024-08-27,server-arsip-makassar,presentasi_keuangan_202503_2217|766765|approved data total
BCH-0002015,kontrak_riset_202511_1412.docx,13061381,2024-05-13,portal-upload-mobile,kontrak_riset_202511_1412|13061381|pending revisi total
BCH-0000015,gambar_riset_202411_4523.csv,2499744,2024-03-03,ftp-cabang,gambar_riset_202411_4523|2499744|approved data total
BCH-0004404,log_hukum_202502_4375.jpg,1476497,2024-08-20,ftp-cabang,log_hukum_202502_4375|1476497|rekap final draft
BCH-0004441,presentasi_operasional_202407_5618.docx,5567022,2024-07-07,portal-upload-mobile,presentasi_operasional_202407_5618|5567022|total data final
BCH-0001930,laporan_logistik_202510_6141.xml,4487235,2024-09-05,portal-upload-mobile,laporan_logistik_202510_6141|4487235|revisi rekap final
BCH-0003155,surat_riset_202409_2904.xlsx,634887,2024-07-21,server-arsip-semarang,surat_riset_202409_2904|634887|revisi rekap pending
BCH-0000197,dataset_logistik_202506_8847.xlsx,2225543,2024-03-28,nas-lokal-03,dataset_logistik_202506_8847|2225543|arsip data revisi
BCH-0004269,dataset_riset_202507_6378.jpg,1602116,2024-09-12,server-arsip-makassar,dataset_riset_202507_6378|1602116|pending arsip draft
BCH-0002893,dataset_pemasaran_202402_7420.zip,90790,2024-08-10,server-arsip-medan,dataset_pemasaran_202402_7420|90790|draft rekap pending
BCH-0003685,log_audit_202403_0791.txt,2942115,2024-06-12,portal-upload-mobile,log_audit_202403_0791|2942115|revisi approved draft
BCH-0000348,presentasi_logistik_202404_9505.csv,1883052,2024-11-13,server-arsip-medan,presentasi_logistik_202404_9505|1883052|arsip revisi rekap
BCH-0000182,memo_logistik_202504_3730.csv,143825,2024-05-30,portal-upload-mobile,memo_logistik_202504_3730|143825|total data approved
BCH-0001258,laporan_operasional_202505_2328.doc,256525,2024-01-29,nas-lokal-04,laporan_operasional_202505_2328|256525|final arsip total
BCH-0003775,gambar_pemasaran_202406_8668.png,2029743,2024-02-06,server-arsip-medan,gambar_pemasaran_202406_8668|2029743|total final pending
BCH-0000295,presentasi_manajemen_202409_7196.jpeg,283501,2024-12-24,server-arsip-makassar,presentasi_manajemen_202409_7196|283501|draft data total
BCH-0003230,log_teknologi_202403_1604.csv,402346,2024-02-24,server-arsip-makassar,log_teknologi_202403_1604|402346|arsip data draft
BCH-0000597,surat_sdm_202402_8280.rar,29666267,2024-08-12,ftp-cabang,surat_sdm_202402_8280|29666267|final periode total
BCH-0000771,kontrak_manajemen_202403_3857.txt,3876457,2024-06-24,server-arsip-medan,kontrak_manajemen_202403_3857|3876457|rekap draft periode
BCH-0002856,dataset_manajemen_202410_6866.csv,3016342,2024-02-14,nas-lokal-04,dataset_manajemen_202410_6866|3016342|approved revisi arsip
BCH-0001165,invoice_manajemen_202404_8105.jpeg,4901846,2024-06-09,ftp-cabang,invoice_manajemen_202404_8105|4901846|pending final rekap
BCH-0000461,log_logistik_202408_3821.xlsx,32534872,2024-10-03,server-arsip-makassar,log_logistik_202408_3821|32534872|final approved draft
BCH-0001066,invoice_audit_202405_9113.doc,19339,2024-10-07,server-arsip-medan,invoice_audit_202405_9113|19339|draft approved total
BCH-0002980,backup_riset_202501_3150.csv,4425611,2024-03-22,ftp-cabang,backup_riset_202501_3150|4425611|final arsip draft
BCH-0002964,laporan_manajemen_202508_6739.txt,449403,2024-07-04,nas-lokal-04,laporan_manajemen_202508_6739|449403|periode data pending
BCH-0000633,backup_audit_202411_3452.rar,4707039,2024-03-19,nas-lokal-04,backup_audit_202411_3452|4707039|periode revisi pending
BCH-0001495,dataset_logistik_202510_3173.xlsx,261071,2024-08-22,server-arsip-medan,dataset_logistik_202510_3173|261071|revisi final data
BCH-0004374,surat_operasional_202506_3343.zip,66742,2024-08-21,portal-upload-mobile,surat_operasional_202506_3343|66742|approved pending rekap
BCH-0000690,kontrak_operasional_202403_8220.docx,1703865,2024-03-20,nas-lokal-04,kontrak_operasional_202403_8220|1703865|draft revisi total
BCH-0001089,kontrak_teknologi_202508_2515.xls,20741884,2024-10-15,server-arsip-semarang,kontrak_teknologi_202508_2515|20741884|data arsip draft
BCH-0002794,surat_manajemen_202410_2356.png,346944103,2024-11-24,server-arsip-semarang,surat_manajemen_202410_2356|346944103|pending approved total
BCH-0004153,kontrak_audit_202504_1011.xls,101201086,2024-09-08,portal-upload-mobile,kontrak_audit_202504_1011|101201086|approved total rekap
BCH-0002907,gambar_riset_202411_1071.txt,1188213,2024-02-26,nas-lokal-03,gambar_riset_202411_1071|1188213|data total pending
BCH-0001243,gambar_teknologi_202407_1077.doc,151943,2024-02-28,server-arsip-makassar,gambar_teknologi_202407_1077|151943|periode revisi rekap
DUP-0000464,surat_manajemen_202208_2741.json,341716,2022-03-11,ftp-pusat,surat|manajemen|341716|dokumen approved final arsip
DUP-0000475,laporan_sdm_202203_2931.json,1759044,2022-04-16,nas-lokal-02,laporan|sdm|1759044|final pending file periode
BCH-0004160,invoice_keuangan_202410_6888.jpg,27543094,2024-10-10,server-arsip-semarang,invoice_keuangan_202410_6888|27543094|arsip final rekap
BCH-0003125,memo_audit_202510_0594.xls,71269,2024-12-11,server-arsip-makassar,memo_audit_202510_0594|71269|final pending draft
BCH-0004094,kontrak_keuangan_202506_4281.doc,38905,2024-12-05,ftp-cabang,kontrak_keuangan_202506_4281|38905|revisi rekap total
BCH-0000418,invoice_pemasaran_202406_4368.xls,309639961,2024-10-11,server-arsip-medan,invoice_pemasaran_202406_4368|309639961|arsip approved rekap
DUP-0000483,surat_sdm_202305_9087.png,73328,2024-08-20,server-arsip-bandung,surat|sdm|73328|rekap approved file
BCH-0004008,surat_riset_202501_8966.jpeg,274054,2024-08-16,ftp-cabang,surat_riset_202501_8966|274054|approved total draft
BCH-0004303,dataset_audit_202411_8658.jpg,299854977,2024-11-24,nas-lokal-03,dataset_audit_202411_8658|299854977|approved periode arsip
DUP-0000200,laporan_teknologi_202201_8175.png,4306440,2022-03-11,cloud-storage-gcp,laporan|teknologi|4306440|dokumen approved final total
BCH-0000788,kontrak_pemasaran_202408_4702.pdf,11976121,2024-06-01,ftp-cabang,kontrak_pemasaran_202408_4702|11976121|revisi draft approved
BCH-0002567,backup_riset_202403_5874.xlsx,1923382,2024-02-01,ftp-cabang,backup_riset_202403_5874|1923382|rekap draft pending
BCH-0003535,kontrak_manajemen_202401_4880.pdf,3732058,2024-03-08,server-arsip-medan,kontrak_manajemen_202401_4880|3732058|approved data total
BCH-0002854,backup_teknologi_202503_3755.rar,71397629,2024-09-15,portal-upload-mobile,backup_teknologi_202503_3755|71397629|pending rekap revisi
BCH-0000640,kontrak_keuangan_202410_2052.txt,109721,2024-03-29,server-arsip-semarang,kontrak_keuangan_202410_2052|109721|total periode data
BCH-0003621,backup_teknologi_202401_7178.xls,364066,2024-10-05,portal-upload-mobile,backup_teknologi_202401_7178|364066|data draft arsip
DUP-0000224,laporan_pemasaran_202207_1937.pdf,388017,2023-03-10,ftp-pusat,laporan|pemasaran|388017|data arsip periode revisi
DUP-0000412,kontrak_teknologi_202304_0527.xml,1177112,2024-08-27,nas-lokal-01,kontrak|teknologi|1177112|data file approved
BCH-0002677,invoice_operasional_202510_6594.csv,479691,2024-08-06,server-arsip-medan,invoice_operasional_202510_6594|479691|arsip total draft
BCH-0004301,invoice_logistik_202504_3850.csv,266461,2024-05-12,ftp-cabang,invoice_logistik_202504_3850|266461|rekap periode final
BCH-0004429,memo_keuangan_202504_6174.png,338848,2024-07-05,server-arsip-semarang,memo_keuangan_202504_6174|338848|revisi rekap data
BCH-0001274,kontrak_hukum_202412_6421.jpg,202763,2024-10-20,ftp-cabang,kontrak_hukum_202412_6421|202763|rekap data revisi
BCH-0002347,laporan_operasional_202402_8318.xml,282211,2024-08-31,server-arsip-medan,laporan_operasional_202402_8318|282211|periode approved revisi
BCH-0002526,backup_hukum_202501_5719.jpg,3791067,2024-07-28,server-arsip-makassar,backup_hukum_202501_5719|3791067|approved rekap data
BCH-0003365,kontrak_riset_202507_6650.jpg,19631812,2024-09-08,server-arsip-makassar,kontrak_riset_202507_6650|19631812|pending data final
BCH-0001060,surat_logistik_202501_5763.jpeg,3428868,2024-08-16,cloud-storage-azure,surat_logistik_202501_5763|3428868|rekap data approved
BCH-0000622,laporan_pemasaran_202505_6269.xls,33988458,2024-06-07,cloud-storage-azure,laporan_pemasaran_202505_6269|33988458|final approved data
BCH-0000605,kontrak_hukum_202405_5705.xlsx,31556959,2024-01-29,nas-lokal-03,kontrak_hukum_202405_5705|31556959|approved data final
BCH-0002566,dataset_sdm_202503_4826.json,2096106,2024-04-12,server-arsip-makassar,dataset_sdm_202503_4826|2096106|rekap revisi draft
BCH-0003945,kontrak_operasional_202403_8921.png,381251,2024-10-01,server-arsip-medan,kontrak_operasional_202403_8921|381251|data approved draft
BCH-0004418,memo_riset_202401_1966.pdf,473398670,2024-04-05,ftp-cabang,memo_riset_202401_1966|473398670|revisi total data
BCH-0001762,kontrak_hukum_202405_8849.jpg,4534024,2024-08-15,server-arsip-semarang,kontrak_hukum_202405_8849|4534024|revisi draft rekap
BCH-0003777,laporan_riset_202502_9673.pdf,456558,2024-10-07,portal-upload-mobile,laporan_riset_202502_9673|456558|approved draft total
BCH-0000878,laporan_audit_202404_3904.csv,4367261,2024-06-17,ftp-cabang,laporan_audit_202404_3904|4367261|arsip rekap total
DUP-0000403,kontrak_teknologi_202207_1831.csv,78271,2022-06-09,server-arsip-jakarta,kontrak|teknologi|78271|approved rekap revisi total
BCH-0001349,kontrak_operasional_202403_6905.jpg,3570485,2024-03-24,server-arsip-medan,kontrak_operasional_202403_6905|3570485|revisi data total
DUP-0000246,kontrak_teknologi_202310_4452.png,4242643,2023-10-15,portal-upload-web,kontrak|teknologi|4242643|dokumen approved data
BCH-0003367,backup_hukum_202507_1000.docx,19860737,2024-11-08,nas-lokal-04,backup_hukum_202507_1000|19860737|pending rekap draft
BCH-0000289,log_hukum_202507_3003.txt,35350,2024-05-29,server-arsip-semarang,log_hukum_202507_3003|35350|draft pending rekap
BCH-0002518,kontrak_teknologi_202508_1183.xlsx,4509694,2024-06-14,nas-lokal-03,kontrak_teknologi_202508_1183|4509694|total final approved
BCH-0003175,log_riset_202511_8748.png,66693,2024-05-20,ftp-cabang,log_riset_202511_8748|66693|periode approved revisi
BCH-0001172,log_hukum_202411_9064.jpg,21403529,2024-02-18,server-arsip-medan,log_hukum_202411_9064|21403529|data revisi rekap
BCH-0001076,backup_keuangan_202503_3822.jpg,4871088,2024-03-05,server-arsip-medan,backup_keuangan_202503_3822|4871088|arsip revisi rekap
BCH-0001078,presentasi_keuangan_202512_1377.xls,2420988,2024-04-05,nas-lokal-03,presentasi_keuangan_202512_1377|2420988|pending approved periode
BCH-0003951,surat_teknologi_202504_1612.zip,25473455,2024-12-21,server-arsip-makassar,surat_teknologi_202504_1612|25473455|approved revisi rekap
BCH-0001928,dataset_sdm_202502_6422.jpg,689172,2024-06-23,portal-upload-mobile,dataset_sdm_202502_6422|689172|periode arsip approved
BCH-0002514,presentasi_logistik_202504_1428.jpg,4514349,2024-07-19,cloud-storage-azure,presentasi_logistik_202504_1428|4514349|pending revisi rekap
BCH-0000021,gambar_logistik_202506_3461.doc,994447,2024-04-17,nas-lokal-04,gambar_logistik_202506_3461|994447|draft rekap final
BCH-0001663,gambar_pemasaran_202410_3346.doc,74894266,2024-09-27,nas-lokal-03,gambar_pemasaran_202410_3346|74894266|draft periode revisi
BCH-0000842,backup_manajemen_202501_9997.rar,286883,2024-09-29,cloud-storage-azure,backup_manajemen_202501_9997|286883|draft rekap revisi
BCH-0003460,log_sdm_202408_9855.jpeg,314121,2024-02-19,server-arsip-makassar,log_sdm_202408_9855|314121|revisi draft periode
BCH-0003478,laporan_riset_202406_7224.docx,9215874,2024-10-22,ftp-cabang,laporan_riset_202406_7224|9215874|draft pending data
DUP-0000235,presentasi_riset_202307_6722.json,4087550,2024-08-02,server-arsip-jakarta,presentasi|riset|4087550|rekap approved total periode final
BCH-0002639,dataset_audit_202508_7060.csv,389623135,2024-01-13,server-arsip-semarang,dataset_audit_202508_7060|389623135|arsip rekap revisi
BCH-0000396,kontrak_manajemen_202511_9272.json,2287473,2024-03-16,ftp-cabang,kontrak_manajemen_202511_9272|2287473|final approved revisi
BCH-0004220,log_keuangan_202510_0060.jpeg,395791,2024-04-24,server-arsip-medan,log_keuangan_202510_0060|395791|pending final periode
BCH-0000156,invoice_hukum_202503_3233.txt,4344733,2024-01-20,server-arsip-semarang,invoice_hukum_202503_3233|4344733|approved periode arsip
BCH-0003958,kontrak_audit_202403_9086.doc,66542442,2024-03-19,server-arsip-semarang,kontrak_audit_202403_9086|66542442|data rekap arsip
BCH-0002834,kontrak_riset_202505_7495.zip,224352,2024-07-10,nas-lokal-04,kontrak_riset_202505_7495|224352|approved draft data
BCH-0004020,memo_logistik_202501_8949.xml,34797502,2024-06-07,nas-lokal-03,memo_logistik_202501_8949|34797502|rekap revisi data
DUP-0000201,backup_manajemen_202210_1655.zip,11724577,2023-08-09,ftp-pusat,backup|manajemen|11724577|approved final file pending
BCH-0000787,backup_audit_202412_1024.json,222999,2024-02-10,cloud-storage-azure,backup_audit_202412_1024|222999|rekap periode total
BCH-0000751,gambar_sdm_202404_6726.zip,139901,2024-04-17,nas-lokal-03,gambar_sdm_202404_6726|139901|final approved arsip
BCH-0002905,gambar_pemasaran_202402_8355.json,4157119,2024-02-12,server-arsip-makassar,gambar_pemasaran_202402_8355|4157119|total revisi final
BCH-0002503,invoice_teknologi_202407_5351.jpeg,5921435,2024-11-05,server-arsip-medan,invoice_teknologi_202407_5351|5921435|pending arsip total
BCH-0002552,log_audit_202512_1912.png,213896,2024-03-08,cloud-storage-azure,log_audit_202512_1912|213896|approved rekap revisi
BCH-0003331,invoice_hukum_202407_3945.jpeg,54395,2024-12-06,server-arsip-semarang,invoice_hukum_202407_3945|54395|data pending arsip
BCH-0004061,memo_keuangan_202409_7250.txt,165874,2024-12-31,portal-upload-mobile,memo_keuangan_202409_7250|165874|total draft pending
BCH-0003444,laporan_logistik_202511_6353.doc,326671,2024-05-13,nas-lokal-04,laporan_logistik_202511_6353|326671|pending arsip data
DUP-0000491,dataset_logistik_202205_0690.json,481974840,2023-08-13,server-arsip-bandung,dataset|logistik|481974840|pending data final file
BCH-0004130,presentasi_hukum_202406_4577.xml,3337836,2024-02-20,server-arsip-makassar,presentasi_hukum_202406_4577|3337836|rekap data draft
BCH-0001104,log_pemasaran_202410_9343.rar,356333,2024-12-06,server-arsip-semarang,log_pemasaran_202410_9343|356333|revisi total periode
BCH-0003569,laporan_audit_202506_5513.docx,32173011,2024-04-13,portal-upload-mobile,laporan_audit_202506_5513|32173011|final revisi pending
DUP-0000203,kontrak_pemasaran_202408_1107.xlsx,3167301,2023-11-18,server-arsip-jakarta,kontrak|pemasaran|3167301|dokumen pending approved arsip revisi
BCH-0000890,presentasi_pemasaran_202403_7452.zip,2938180,2024-11-21,server-arsip-makassar,presentasi_pemasaran_202403_7452|2938180|approved final revisi
BCH-0001278,kontrak_riset_202501_3334.jpg,2429812,2024-02-27,nas-lokal-04,kontrak_riset_202501_3334|2429812|data total pending
BCH-0001602,kontrak_riset_202503_1397.json,323460,2024-06-03,ftp-cabang,kontrak_riset_202503_1397|323460|total revisi periode
BCH-0000923,presentasi_operasional_202502_5774.jpeg,418757,2024-05-09,server-arsip-medan,presentasi_operasional_202502_5774|418757|revisi pending rekap
BCH-0003596,kontrak_pemasaran_202509_7503.rar,3594536,2024-04-20,server-arsip-makassar,kontrak_pemasaran_202509_7503|3594536|rekap arsip approved
BCH-0004337,laporan_riset_202505_4965.txt,54832,2024-11-02,portal-upload-mobile,laporan_riset_202505_4965|54832|periode total pending
BCH-0002049,invoice_manajemen_202505_0194.doc,151944,2024-03-21,nas-lokal-04,invoice_manajemen_202505_0194|151944|arsip periode rekap
BCH-0000046,surat_keuangan_202410_0960.json,2753721,2024-05-31,server-arsip-semarang,surat_keuangan_202410_0960|2753721|final rekap pending
BCH-0001801,log_manajemen_202408_2230.zip,591137,2024-10-26,server-arsip-medan,log_manajemen_202408_2230|591137|draft periode approved
BCH-0000321,log_hukum_202405_2598.pdf,4596563,2024-11-29,portal-upload-mobile,log_hukum_202405_2598|4596563|rekap draft total
BCH-0003374,backup_audit_202507_6474.xml,9643419,2024-06-26,cloud-storage-azure,backup_audit_202507_6474|9643419|approved arsip draft
BCH-0002990,laporan_operasional_202408_7174.jpg,2971966,2024-02-26,nas-lokal-04,laporan_operasional_202408_7174|2971966|revisi draft final
BCH-0000269,kontrak_pemasaran_202502_3758.csv,2403278,2024-06-21,server-arsip-medan,kontrak_pemasaran_202502_3758|2403278|arsip approved total
BCH-0002122,memo_audit_202506_6689.docx,2075507,2024-08-31,nas-lokal-03,memo_audit_202506_6689|2075507|periode data revisi
BCH-0003420,presentasi_keuangan_202511_2128.jpeg,278321966,2024-09-18,server-arsip-semarang,presentasi_keuangan_202511_2128|278321966|approved final rekap
BCH-0001377,kontrak_operasional_202410_8684.zip,464960815,2024-05-18,server-arsip-semarang,kontrak_operasional_202410_8684|464960815|arsip approved pending
BCH-0003452,kontrak_operasional_202503_6826.zip,20502,2024-12-29,server-arsip-medan,kontrak_operasional_202503_6826|20502|final pending approved
BCH-0003465,presentasi_teknologi_202506_6581.txt,8506879,2024-06-01,ftp-cabang,presentasi_teknologi_202506_6581|8506879|rekap final draft
BCH-0004123,memo_sdm_202406_2350.jpeg,4106873,2024-12-05,ftp-cabang,memo_sdm_202406_2350|4106873|draft data total
DUP-0000492,log_hukum_202304_9039.docx,15755,2023-02-18,server-arsip-jakarta,log|hukum|15755|final total dokumen
BCH-0003221,presentasi_teknologi_202409_8712.pdf,40314713,2024-01-11,nas-lokal-03,presentasi_teknologi_202409_8712|40314713|pending total final
BCH-0003837,log_hukum_202405_3117.jpg,284520,2024-11-27,server-arsip-semarang,log_hukum_202405_3117|284520|periode arsip final
BCH-0000351,memo_hukum_202506_3724.pdf,4613671,2024-06-22,server-arsip-semarang,memo_hukum_202506_3724|4613671|total rekap revisi
BCH-0000472,kontrak_logistik_202501_7444.json,3656851,2024-08-04,nas-lokal-04,kontrak_logistik_202501_7444|3656851|periode pending total
BCH-0000373,surat_hukum_202408_8426.xlsx,327112,2024-08-24,server-arsip-semarang,surat_hukum_202408_8426|327112|final draft periode
BCH-0002775,gambar_logistik_202503_8242.jpeg,3932144,2024-03-06,portal-upload-mobile,gambar_logistik_202503_8242|3932144|revisi periode data
BCH-0001214,memo_pemasaran_202510_3575.zip,498779167,2024-10-11,portal-upload-mobile,memo_pemasaran_202510_3575|498779167|rekap pending approved
BCH-0002694,surat_manajemen_202507_4719.rar,73665,2024-09-21,server-arsip-medan,surat_manajemen_202507_4719|73665|total pending data
BCH-0000218,invoice_manajemen_202409_5364.txt,166657,2024-04-03,ftp-cabang,invoice_manajemen_202409_5364|166657|final total rekap
DUP-0000239,invoice_logistik_202408_3701.csv,3117304,2024-04-14,cloud-storage-gcp,invoice|logistik|3117304|revisi total pending draft
BCH-0000216,log_riset_202507_4803.txt,2391704,2024-07-03,nas-lokal-03,log_riset_202507_4803|2391704|arsip revisi draft
BCH-0004074,gambar_manajemen_202506_7999.png,4629552,2024-07-21,server-arsip-makassar,gambar_manajemen_202506_7999|4629552|draft revisi rekap
BCH-0001890,gambar_teknologi_202502_1022.xls,178943,2024-09-05,server-arsip-makassar,gambar_teknologi_202502_1022|178943|periode arsip approved
BCH-0001184,gambar_sdm_202508_0695.jpg,5741268,2024-08-19,ftp-cabang,gambar_sdm_202508_0695|5741268|draft approved revisi
BCH-0002904,memo_hukum_202404_5624.json,662760,2024-10-22,nas-lokal-03,memo_hukum_202404_5624|662760|approved data rekap
BCH-0004465,log_keuangan_202408_0347.docx,739037,2024-01-11,ftp-cabang,log_keuangan_202408_0347|739037|final draft approved
BCH-0004470,backup_keuangan_202406_7361.zip,302741,2024-10-25,nas-lokal-03,backup_keuangan_202406_7361|302741|final total arsip
BCH-0001160,dataset_pemasaran_202507_7602.txt,38659041,2024-02-06,server-arsip-semarang,dataset_pemasaran_202507_7602|38659041|total final arsip
BCH-0002328,dataset_riset_202403_2622.jpg,324060,2024-04-23,cloud-storage-azure,dataset_riset_202403_2622|324060|total arsip pending
BCH-0003493,memo_teknologi_202512_3519.rar,399895,2024-11-02,server-arsip-makassar,memo_teknologi_202512_3519|399895|revisi total arsip
BCH-0001737,laporan_keuangan_202409_3104.zip,17555,2024-03-03,nas-lokal-03,laporan_keuangan_202409_3104|17555|pending data arsip
BCH-0000650,laporan_logistik_202512_6093.jpeg,2943688,2024-06-23,server-arsip-makassar,laporan_logistik_202512_6093|2943688|total revisi pending
BCH-0003248,dataset_keuangan_202401_0857.png,2539872,2024-04-22,ftp-cabang,dataset_keuangan_202401_0857|2539872|draft final rekap
BCH-0000367,memo_manajemen_202411_0138.txt,282506515,2024-03-08,server-arsip-medan,memo_manajemen_202411_0138|282506515|pending total revisi
BCH-0000316,presentasi_hukum_202401_7570.xml,54589925,2024-06-22,nas-lokal-03,presentasi_hukum_202401_7570|54589925|final approved draft
BCH-0003236,kontrak_hukum_202506_1736.json,1493167,2024-11-12,server-arsip-semarang,kontrak_hukum_202506_1736|1493167|final data periode
BCH-0001438,invoice_operasional_202501_7520.doc,135544,2024-04-21,server-arsip-makassar,invoice_operasional_202501_7520|135544|revisi pending rekap
BCH-0004091,kontrak_pemasaran_202402_2735.pdf,255688,2024-11-30,cloud-storage-azure,kontrak_pemasaran_202402_2735|255688|rekap total data
BCH-0003704,memo_teknologi_202504_3274.csv,792134,2024-02-03,server-arsip-semarang,memo_teknologi_202504_3274|792134|periode approved draft
BCH-0002913,laporan_logistik_202405_4418.pdf,404040,2024-01-25,portal-upload-mobile,laporan_logistik_202405_4418|404040|arsip approved total
BCH-0000420,backup_hukum_202406_0037.jpg,10431011,2024-06-11,server-arsip-semarang,backup_hukum_202406_0037|10431011|approved periode pending
BCH-0001434,log_pemasaran_202405_7245.json,487566,2024-05-30,server-arsip-medan,log_pemasaran_202405_7245|487566|final draft total
BCH-0001582,memo_pemasaran_202512_2389.txt,15564812,2024-10-19,nas-lokal-03,memo_pemasaran_202512_2389|15564812|rekap pending total
BCH-0003469,log_hukum_202504_9519.csv,306924,2024-01-27,nas-lokal-04,log_hukum_202504_9519|306924|periode revisi arsip
BCH-0003101,dataset_pemasaran_202408_7814.xml,3437605,2024-03-21,portal-upload-mobile,dataset_pemasaran_202408_7814|3437605|total periode rekap
BCH-0001888,invoice_manajemen_202503_0502.txt,111934,2024-05-25,server-arsip-semarang,invoice_manajemen_202503_0502|111934|periode final revisi
BCH-0002199,surat_sdm_202405_0032.txt,188403,2024-10-20,server-arsip-medan,surat_sdm_202405_0032|188403|pending periode arsip
BCH-0002269,gambar_sdm_202503_5684.zip,25668,2024-05-12,server-arsip-semarang,gambar_sdm_202503_5684|25668|rekap final periode
BCH-0000748,dataset_logistik_202402_8734.xls,201977,2024-03-18,portal-upload-mobile,dataset_logistik_202402_8734|201977|periode pending rekap
BCH-0001324,log_keuangan_202508_0523.rar,2731276,2024-05-06,nas-lokal-04,log_keuangan_202508_0523|2731276|periode pending draft
BCH-0000764,backup_hukum_202411_9574.xml,3232185,2024-01-06,server-arsip-medan,backup_hukum_202411_9574|3232185|data periode arsip
BCH-0002679,kontrak_hukum_202506_3647.pdf,230304,2024-02-23,server-arsip-semarang,kontrak_hukum_202506_3647|230304|revisi pending data
DUP-0000359,dataset_manajemen_202409_8026.csv,4755667,2023-09-06,backup-eksternal,dataset|manajemen|4755667|draft file total
BCH-0002180,invoice_operasional_202408_7724.rar,282510,2024-03-07,portal-upload-mobile,invoice_operasional_202408_7724|282510|pending approved draft
BCH-0001823,surat_manajemen_202407_0749.jpg,28305776,2024-01-02,nas-lokal-03,surat_manajemen_202407_0749|28305776|total pending draft
BCH-0003433,log_operasional_202507_8051.xls,25213870,2024-11-08,server-arsip-semarang,log_operasional_202507_8051|25213870|total data rekap
BCH-0003364,surat_riset_202402_0033.xlsx,3127833,2024-07-01,portal-upload-mobile,surat_riset_202402_0033|3127833|periode data pending
BCH-0003653,laporan_sdm_202511_5836.docx,1456808,2024-05-12,server-arsip-medan,laporan_sdm_202511_5836|1456808|final data periode
BCH-0001376,kontrak_sdm_202508_8761.jpg,3140293,2024-08-13,server-arsip-semarang,kontrak_sdm_202508_8761|3140293|total periode approved
BCH-0004489,laporan_manajemen_202409_4223.txt,82320,2024-12-16,server-arsip-makassar,laporan_manajemen_202409_4223|82320|periode draft approved
BCH-0002973,invoice_operasional_202410_8599.zip,3933821,2024-04-24,nas-lokal-03,invoice_operasional_202410_8599|3933821|final periode total
BCH-0000103,laporan_audit_202509_6765.jpeg,263809,2024-01-27,nas-lokal-04,laporan_audit_202509_6765|263809|revisi pending arsip
DUP-0000324,surat_teknologi_202405_2250.jpg,304659,2022-08-12,portal-upload-web,surat|teknologi|304659|dokumen revisi data rekap file
BCH-0003197,laporan_operasional_202510_1215.doc,468490,2024-05-23,nas-lokal-03,laporan_operasional_202510_1215|468490|periode data total
BCH-0003616,invoice_riset_202507_2242.xlsx,331964,2024-05-06,nas-lokal-04,invoice_riset_202507_2242|331964|draft rekap total
BCH-0001050,backup_hukum_202511_0942.rar,2846132,2024-09-19,cloud-storage-azure,backup_hukum_202511_0942|2846132|periode total revisi
BCH-0002910,backup_manajemen_202412_1559.xlsx,442438,2024-08-03,cloud-storage-azure,backup_manajemen_202412_1559|442438|data arsip approved
DUP-0000479,presentasi_manajemen_202301_5923.pdf,465648426,2024-05-30,backup-eksternal,presentasi|manajemen|465648426|rekap revisi file
BCH-0003031,laporan_operasional_202505_8791.pdf,2184505,2024-08-19,server-arsip-medan,laporan_operasional_202505_8791|2184505|final revisi total
DUP-0000039,log_pemasaran_202208_1147.xlsx,550690,2023-01-30,server-arsip-jakarta,log|pemasaran|550690|periode revisi file total dokumen
BCH-0003223,invoice_hukum_202510_2841.xls,214600,2024-11-17,cloud-storage-azure,invoice_hukum_202510_2841|214600|total revisi periode
DUP-0000393,surat_teknologi_202307_1295.zip,3473268,2024-02-04,nas-lokal-02,surat|teknologi|3473268|dokumen revisi data final
BCH-0004363,laporan_operasional_202508_9828.jpg,1719935,2024-04-28,nas-lokal-04,laporan_operasional_202508_9828|1719935|periode data draft
DUP-0000032,dataset_hukum_202305_6153.json,478194,2022-09-05,server-arsip-jakarta,dataset|hukum|478194|revisi dokumen data
BCH-0000995,kontrak_logistik_202506_0998.png,73486208,2024-03-06,ftp-cabang,kontrak_logistik_202506_0998|73486208|final data draft
BCH-0003919,presentasi_operasional_202409_7173.doc,1389066,2024-03-28,ftp-cabang,presentasi_operasional_202409_7173|1389066|rekap total draft
BCH-0002252,backup_sdm_202509_9644.xml,3427017,2024-10-15,cloud-storage-azure,backup_sdm_202509_9644|3427017|data rekap periode
BCH-0002443,memo_pemasaran_202411_9790.doc,19433191,2024-12-07,server-arsip-medan,memo_pemasaran_202411_9790|19433191|final rekap periode
BCH-0000012,laporan_operasional_202508_5726.zip,80108709,2024-05-24,portal-upload-mobile,laporan_operasional_202508_5726|80108709|approved final periode
BCH-0001842,dataset_manajemen_202507_6972.png,201385776,2024-06-04,server-arsip-semarang,dataset_manajemen_202507_6972|201385776|total arsip pending
DUP-0000040,laporan_pemasaran_202201_2044.csv,3473538,2024-07-08,cloud-storage-gcp,laporan|pemasaran|3473538|file rekap pending draft revisi
BCH-0001042,invoice_logistik_202509_9826.zip,53354,2024-02-21,server-arsip-makassar,invoice_logistik_202509_9826|53354|periode data rekap
BCH-0002601,invoice_sdm_202406_8539.jpg,440637,2024-08-27,nas-lokal-03,invoice_sdm_202406_8539|440637|periode pending data
BCH-0001120,dataset_pemasaran_202505_0918.txt,22485400,2024-04-12,portal-upload-mobile,dataset_pemasaran_202505_0918|22485400|data periode total
BCH-0001137,laporan_pemasaran_202403_1953.jpeg,2820647,2024-11-24,portal-upload-mobile,laporan_pemasaran_202403_1953|2820647|arsip draft approved
BCH-0002684,presentasi_pemasaran_202502_3464.pdf,6682777,2024-01-16,server-arsip-semarang,presentasi_pemasaran_202502_3464|6682777|periode revisi arsip
BCH-0000849,kontrak_riset_202401_3419.rar,3139869,2024-01-25,portal-upload-mobile,kontrak_riset_202401_3419|3139869|rekap draft periode
BCH-0001088,invoice_operasional_202410_3411.xml,34825203,2024-11-08,ftp-cabang,invoice_operasional_202410_3411|34825203|draft periode rekap
BCH-0000635,kontrak_pemasaran_202509_3043.jpg,48319384,2024-05-06,portal-upload-mobile,kontrak_pemasaran_202509_3043|48319384|pending draft rekap
BCH-0002441,memo_keuangan_202411_8582.xml,178429673,2024-08-13,cloud-storage-azure,memo_keuangan_202411_8582|178429673|final total revisi
BCH-0000968,presentasi_keuangan_202510_7404.rar,66524,2024-12-31,nas-lokal-04,presentasi_keuangan_202510_7404|66524|pending arsip data
BCH-0000524,gambar_logistik_202406_2792.csv,467660772,2024-05-22,server-arsip-medan,gambar_logistik_202406_2792|467660772|approved total data
BCH-0000252,invoice_operasional_202402_1840.csv,1191908,2024-11-17,nas-lokal-03,invoice_operasional_202402_1840|1191908|draft revisi total
DUP-0000379,kontrak_operasional_202411_6150.docx,3116888,2024-03-23,cloud-storage-aws,kontrak|operasional|3116888|dokumen data revisi
BCH-0001589,dataset_operasional_202403_9406.doc,433199,2024-01-23,server-arsip-medan,dataset_operasional_202403_9406|433199|revisi final arsip
BCH-0002339,surat_sdm_202504_3323.json,447200,2024-12-04,portal-upload-mobile,surat_sdm_202504_3323|447200|rekap approved periode
DUP-0000426,memo_riset_202405_6952.xlsx,191175,2023-05-28,backup-eksternal,memo|riset|191175|revisi approved pending total
BCH-0003578,backup_manajemen_202408_2643.xls,36156163,2024-03-07,portal-upload-mobile,backup_manajemen_202408_2643|36156163|rekap revisi draft
DUP-0000329,surat_hukum_202411_0798.docx,4245020,2023-05-17,server-arsip-jakarta,surat|hukum|4245020|pending revisi arsip data
BCH-0003151,log_keuangan_202508_8334.png,106202809,2024-08-21,server-arsip-medan,log_keuangan_202508_8334|106202809|total periode approved
BCH-0000989,surat_manajemen_202408_2525.jpeg,955479,2024-11-28,nas-lokal-04,surat_manajemen_202408_2525|955479|pending arsip revisi
BCH-0001062,presentasi_audit_202402_1281.png,351490421,2024-07-26,nas-lokal-04,presentasi_audit_202402_1281|351490421|rekap arsip approved
DUP-0000389,laporan_keuangan_202205_2856.txt,101302,2023-11-27,ftp-pusat,laporan|keuangan|101302|periode revisi rekap
BCH-0000910,dataset_logistik_202511_0472.xls,1927923,2024-04-15,server-arsip-semarang,dataset_logistik_202511_0472|1927923|total final data
BCH-0004167,dataset_operasional_202404_6106.jpg,681390,2024-02-22,cloud-storage-azure,dataset_operasional_202404_6106|681390|draft data rekap
BCH-0002691,presentasi_audit_202510_1081.jpeg,4518885,2024-01-02,server-arsip-medan,presentasi_audit_202510_1081|4518885|approved total pending
BCH-0001059,backup_pemasaran_202405_3973.xml,289138222,2024-01-26,portal-upload-mobile,backup_pemasaran_202405_3973|289138222|arsip pending revisi
BCH-0000372,log_keuangan_202508_5044.xls,1041603,2024-05-09,server-arsip-makassar,log_keuangan_202508_5044|1041603|periode rekap data
BCH-0000113,dataset_pemasaran_202501_6732.xls,1611707,2024-01-23,ftp-cabang,dataset_pemasaran_202501_6732|1611707|revisi pending final
BCH-0002817,backup_keuangan_202507_8340.zip,26545447,2024-05-07,portal-upload-mobile,backup_keuangan_202507_8340|26545447|arsip final draft
BCH-0004261,gambar_pemasaran_202406_3177.csv,3151110,2024-05-28,nas-lokal-04,gambar_pemasaran_202406_3177|3151110|pending total data
BCH-0002415,log_sdm_202508_9801.zip,1109411,2024-08-24,nas-lokal-03,log_sdm_202508_9801|1109411|data final arsip
BCH-0000527,dataset_logistik_202402_2181.csv,124296,2024-02-26,server-arsip-medan,dataset_logistik_202402_2181|124296|draft total final
BCH-0003180,log_logistik_202411_1228.json,238719747,2024-06-10,nas-lokal-04,log_logistik_202411_1228|238719747|approved final draft
BCH-0000915,surat_logistik_202405_2573.rar,322327,2024-05-04,server-arsip-makassar,surat_logistik_202405_2573|322327|arsip rekap draft
BCH-0001718,kontrak_riset_202511_6053.xls,4214754,2024-01-27,portal-upload-mobile,kontrak_riset_202511_6053|4214754|final total data
BCH-0001525,gambar_teknologi_202509_6905.jpeg,1998484,2024-03-18,server-arsip-makassar,gambar_teknologi_202509_6905|1998484|rekap revisi final
DUP-0000208,invoice_operasional_202206_8729.zip,42979091,2024-05-27,nas-lokal-01,invoice|operasional|42979091|arsip data draft
BCH-0003203,surat_manajemen_202411_3248.xlsx,260215,2024-01-28,ftp-cabang,surat_manajemen_202411_3248|260215|total arsip revisi
DUP-0000496,backup_audit_202410_0108.png,1166097,2023-05-17,ftp-pusat,backup|audit|1166097|dokumen data arsip revisi
BCH-0000694,backup_logistik_202505_9731.jpg,21124908,2024-02-08,cloud-storage-azure,backup_logistik_202505_9731|21124908|pending revisi final
DUP-0000288,invoice_operasional_202304_0090.zip,32423817,2022-01-15,portal-upload-web,invoice|operasional|32423817|total arsip rekap approved revisi
BCH-0002349,log_sdm_202505_8804.txt,2484746,2024-04-17,portal-upload-mobile,log_sdm_202505_8804|2484746|draft pending rekap
BCH-0003572,laporan_teknologi_202507_9562.rar,476767,2024-11-06,nas-lokal-04,laporan_teknologi_202507_9562|476767|data approved rekap
BCH-0003899,gambar_audit_202502_1962.jpeg,22146717,2024-07-09,cloud-storage-azure,gambar_audit_202502_1962|22146717|arsip final approved
DUP-0000167,memo_audit_202304_4092.pdf,908230,2024-02-07,cloud-storage-aws,memo|audit|908230|total rekap approved
BCH-0001130,gambar_audit_202409_2998.png,2408394,2024-07-11,nas-lokal-03,gambar_audit_202409_2998|2408394|periode draft total
BCH-0002789,backup_logistik_202508_5755.pdf,27001151,2024-01-21,server-arsip-semarang,backup_logistik_202508_5755|27001151|arsip data periode
BCH-0003846,presentasi_sdm_202512_7729.pdf,202594,2024-08-16,cloud-storage-azure,presentasi_sdm_202512_7729|202594|arsip final draft
BCH-0003183,gambar_logistik_202401_1189.rar,594728,2024-10-11,server-arsip-semarang,gambar_logistik_202401_1189|594728|revisi total final
BCH-0004050,memo_manajemen_202404_1518.json,3119819,2024-12-15,cloud-storage-azure,memo_manajemen_202404_1518|3119819|approved revisi total
BCH-0003456,log_sdm_202507_9935.txt,10752671,2024-04-14,ftp-cabang,log_sdm_202507_9935|10752671|total periode approved
BCH-0003994,dataset_pemasaran_202403_9741.json,3459396,2024-06-21,cloud-storage-azure,dataset_pemasaran_202403_9741|3459396|pending arsip total
BCH-0003603,laporan_logistik_202503_6499.jpeg,276746,2024-11-13,portal-upload-mobile,laporan_logistik_202503_6499|276746|revisi final arsip
BCH-0003334,log_pemasaran_202410_8686.doc,197682,2024-01-10,portal-upload-mobile,log_pemasaran_202410_8686|197682|revisi arsip total
BCH-0000267,log_keuangan_202505_6486.json,63083,2024-07-09,server-arsip-makassar,log_keuangan_202505_6486|63083|rekap pending total
BCH-0001420,backup_audit_202411_2239.jpg,307243,2024-07-08,server-arsip-makassar,backup_audit_202411_2239|307243|revisi approved final
BCH-0003925,invoice_operasional_202412_9355.rar,460168251,2024-01-01,cloud-storage-azure,invoice_operasional_202412_9355|460168251|rekap data arsip
BCH-0003461,laporan_audit_202504_6941.xls,260064641,2024-07-19,server-arsip-makassar,laporan_audit_202504_6941|260064641|rekap draft periode
BCH-0000897,kontrak_riset_202506_7823.pdf,370744126,2024-09-10,ftp-cabang,kontrak_riset_202506_7823|370744126|pending periode revisi
BCH-0004023,laporan_hukum_202411_1353.docx,3460913,2024-06-04,nas-lokal-03,laporan_hukum_202411_1353|3460913|draft total approved
BCH-0002162,log_riset_202404_4227.rar,470459,2024-11-06,server-arsip-semarang,log_riset_202404_4227|470459|pending periode approved
BCH-0001188,laporan_riset_202507_9188.xls,487744,2024-06-27,portal-upload-mobile,laporan_riset_202507_9188|487744|approved arsip total
BCH-0001704,backup_sdm_202505_7463.png,580365,2024-11-20,cloud-storage-azure,backup_sdm_202505_7463|580365|arsip data pending
BCH-0004456,laporan_logistik_202406_7918.xlsx,24860606,2024-06-20,nas-lokal-03,laporan_logistik_202406_7918|24860606|final revisi pending
BCH-0001414,log_manajemen_202408_6645.xlsx,3646477,2024-04-14,portal-upload-mobile,log_manajemen_202408_6645|3646477|total draft periode
BCH-0002616,invoice_pemasaran_202407_5263.txt,854427,2024-02-24,ftp-cabang,invoice_pemasaran_202407_5263|854427|rekap approved periode
BCH-0001176,invoice_riset_202507_0759.jpg,445677,2024-06-10,server-arsip-makassar,invoice_riset_202507_0759|445677|periode pending approved
BCH-0004098,log_logistik_202404_1913.jpeg,365931,2024-09-18,nas-lokal-03,log_logistik_202404_1913|365931|pending final revisi
BCH-0000128,invoice_pemasaran_202405_3386.xls,66914681,2024-01-20,server-arsip-semarang,invoice_pemasaran_202405_3386|66914681|total data arsip
BCH-0002718,invoice_audit_202411_9539.pdf,18681843,2024-07-08,nas-lokal-04,invoice_audit_202411_9539|18681843|pending data total
BCH-0003220,log_hukum_202405_6607.xls,2460300,2024-02-26,server-arsip-medan,log_hukum_202405_6607|2460300|final draft periode
BCH-0000505,surat_operasional_202505_9434.zip,428109098,2024-03-20,cloud-storage-azure,surat_operasional_202505_9434|428109098|arsip data revisi
BCH-0002062,invoice_manajemen_202401_3965.jpg,25469928,2024-10-13,server-arsip-makassar,invoice_manajemen_202401_3965|25469928|pending rekap data
BCH-0004288,dataset_teknologi_202406_3042.doc,4214101,2024-06-07,server-arsip-makassar,dataset_teknologi_202406_3042|4214101|revisi approved total
BCH-0002885,surat_hukum_202503_3338.xls,364998,2024-02-28,ftp-cabang,surat_hukum_202503_3338|364998|draft pending total
BCH-0002427,memo_audit_202407_1502.csv,3762194,2024-10-27,server-arsip-medan,memo_audit_202407_1502|3762194|approved rekap arsip
DUP-0000343,surat_pemasaran_202411_6548.xlsx,871588,2023-11-11,nas-lokal-02,surat|pemasaran|871588|rekap total final
BCH-0000697,surat_teknologi_202506_9305.pdf,3997623,2024-11-26,server-arsip-makassar,surat_teknologi_202506_9305|3997623|revisi approved arsip
BCH-0000317,laporan_pemasaran_202508_0835.xls,46490,2024-12-01,cloud-storage-azure,laporan_pemasaran_202508_0835|46490|approved data pending
BCH-0000786,presentasi_teknologi_202403_4067.xml,263799,2024-04-20,nas-lokal-03,presentasi_teknologi_202403_4067|263799|periode pending total
BCH-0003855,kontrak_pemasaran_202401_3209.json,1446185,2024-10-07,server-arsip-semarang,kontrak_pemasaran_202401_3209|1446185|revisi data final
BCH-0003742,memo_logistik_202405_0193.pdf,40347793,2024-05-20,nas-lokal-04,memo_logistik_202405_0193|40347793|draft approved rekap
BCH-0004049,presentasi_keuangan_202409_1015.zip,277803091,2024-12-01,server-arsip-makassar,presentasi_keuangan_202409_1015|277803091|arsip total approved
BCH-0002152,gambar_audit_202503_2339.csv,389699887,2024-08-08,server-arsip-medan,gambar_audit_202503_2339|389699887|arsip approved draft
BCH-0000608,log_pemasaran_202403_2077.png,2056694,2024-07-02,cloud-storage-azure,log_pemasaran_202403_2077|2056694|periode arsip data
BCH-0000303,dataset_manajemen_202407_4783.doc,13353924,2024-11-28,nas-lokal-03,dataset_manajemen_202407_4783|13353924|pending data draft
BCH-0004189,presentasi_hukum_202409_3931.xml,13384304,2024-07-06,nas-lokal-04,presentasi_hukum_202409_3931|13384304|approved periode pending
BCH-0002802,kontrak_audit_202509_2878.jpeg,49754608,2024-04-04,ftp-cabang,kontrak_audit_202509_2878|49754608|rekap revisi total
BCH-0004068,memo_pemasaran_202404_1890.rar,2049551,2024-04-16,cloud-storage-azure,memo_pemasaran_202404_1890|2049551|arsip draft rekap
BCH-0001140,log_operasional_202507_8576.pdf,504525,2024-04-09,ftp-cabang,log_operasional_202507_8576|504525|revisi rekap approved
BCH-0000880,surat_sdm_202404_7581.pdf,406622034,2024-03-17,cloud-storage-azure,surat_sdm_202404_7581|406622034|approved draft arsip
BCH-0002057,laporan_sdm_202401_8862.jpg,47784493,2024-04-30,nas-lokal-03,laporan_sdm_202401_8862|47784493|final revisi approved
BCH-0000868,invoice_pemasaran_202504_9539.rar,4137299,2024-07-01,server-arsip-medan,invoice_pemasaran_202504_9539|4137299|approved rekap final
BCH-0002135,kontrak_pemasaran_202511_2762.jpg,498369,2024-01-19,nas-lokal-03,kontrak_pemasaran_202511_2762|498369|final draft approved
BCH-0001071,gambar_riset_202405_4975.xlsx,38133692,2024-03-28,cloud-storage-azure,gambar_riset_202405_4975|38133692|pending draft data
BCH-0003823,backup_audit_202412_7565.txt,411802742,2024-06-16,ftp-cabang,backup_audit_202412_7565|411802742|total data arsip
BCH-0003703,invoice_pemasaran_202512_2363.png,30966,2024-03-11,cloud-storage-azure,invoice_pemasaran_202512_2363|30966|periode pending total
BCH-0001695,gambar_pemasaran_202402_0705.zip,145913,2024-06-12,server-arsip-makassar,gambar_pemasaran_202402_0705|145913|final rekap revisi
BCH-0002719,memo_riset_202412_0344.docx,2693902,2024-03-30,nas-lokal-03,memo_riset_202412_0344|2693902|rekap approved total
DUP-0000168,kontrak_audit_202301_7234.xml,479329,2024-01-01,ftp-pusat,kontrak|audit|479329|pending file total periode
DUP-0000195,backup_teknologi_202312_2765.docx,156443359,2022-04-12,nas-lokal-02,backup|teknologi|156443359|approved dokumen final periode total
BCH-0003068,kontrak_sdm_202408_0706.pdf,4820360,2024-05-13,nas-lokal-03,kontrak_sdm_202408_0706|4820360|data approved draft
BCH-0004272,dataset_operasional_202405_2168.jpg,4659791,2024-01-09,cloud-storage-azure,dataset_operasional_202405_2168|4659791|draft pending approved
BCH-0003099,gambar_manajemen_202404_7530.xml,3749341,2024-05-07,nas-lokal-04,gambar_manajemen_202404_7530|3749341|total revisi draft
DUP-0000212,backup_operasional_202211_0015.png,270938,2022-03-19,nas-lokal-02,backup|operasional|270938|periode draft approved rekap
BCH-0003604,backup_operasional_202512_1137.rar,176919,2024-07-05,portal-upload-mobile,backup_operasional_202512_1137|176919|data pending total
BCH-0003381,memo_logistik_202502_3908.txt,2131091,2024-04-12,cloud-storage-azure,memo_logistik_202502_3908|2131091|total pending rekap
BCH-0002535,surat_riset_202511_6447.csv,145902,2024-02-10,nas-lokal-04,surat_riset_202511_6447|145902|total pending rekap
BCH-0003771,laporan_keuangan_202506_1619.xlsx,248151,2024-10-28,nas-lokal-04,laporan_keuangan_202506_1619|248151|revisi rekap data
BCH-0000014,backup_riset_202412_0263.txt,457496436,2024-04-27,ftp-cabang,backup_riset_202412_0263|457496436|final revisi approved
BCH-0002044,presentasi_keuangan_202509_1244.png,83744,2024-08-16,server-arsip-semarang,presentasi_keuangan_202509_1244|83744|arsip total pending
BCH-0001341,memo_manajemen_202410_3070.csv,3689006,2024-05-21,portal-upload-mobile,memo_manajemen_202410_3070|3689006|total approved final
BCH-0001020,surat_riset_202503_2563.pdf,40452,2024-02-04,server-arsip-medan,surat_riset_202503_2563|40452|rekap pending revisi
BCH-0004371,presentasi_hukum_202406_8733.rar,6279900,2024-04-22,portal-upload-mobile,presentasi_hukum_202406_8733|6279900|draft rekap revisi
BCH-0003834,gambar_hukum_202408_1852.jpeg,4809107,2024-11-18,cloud-storage-azure,gambar_hukum_202408_1852|4809107|total final approved
BCH-0003168,presentasi_manajemen_202401_5281.zip,510958,2024-01-18,nas-lokal-03,presentasi_manajemen_202401_5281|510958|periode final draft
DUP-0000365,kontrak_keuangan_202304_7517.xml,600508,2023-03-27,server-arsip-bandung,kontrak|keuangan|600508|final data dokumen draft rekap
BCH-0000852,memo_logistik_202401_5864.pdf,561101,2024-04-06,nas-lokal-03,memo_logistik_202401_5864|561101|periode total data
BCH-0002731,backup_operasional_202512_7262.json,627976,2024-10-10,nas-lokal-04,backup_operasional_202512_7262|627976|revisi periode final
BCH-0002669,log_pemasaran_202409_1016.csv,186851,2024-10-29,ftp-cabang,log_pemasaran_202409_1016|186851|total pending rekap
BCH-0003024,dataset_hukum_202504_7140.xml,2315381,2024-01-11,ftp-cabang,dataset_hukum_202504_7140|2315381|data periode pending
BCH-0001415,dataset_operasional_202506_4369.doc,31370278,2024-06-06,server-arsip-semarang,dataset_operasional_202506_4369|31370278|pending arsip total
BCH-0002378,invoice_pemasaran_202511_5584.png,167097,2024-03-23,nas-lokal-04,invoice_pemasaran_202511_5584|167097|draft approved total
BCH-0000320,memo_keuangan_202503_8232.txt,303272,2024-11-03,ftp-cabang,memo_keuangan_202503_8232|303272|rekap arsip approved
BCH-0002590,gambar_keuangan_202504_6059.docx,42301,2024-03-09,server-arsip-makassar,gambar_keuangan_202504_6059|42301|draft pending data
BCH-0003520,presentasi_manajemen_202409_4802.doc,46268806,2024-01-03,portal-upload-mobile,presentasi_manajemen_202409_4802|46268806|approved final draft
BCH-0003601,dataset_audit_202501_5434.json,1704091,2024-01-15,ftp-cabang,dataset_audit_202501_5434|1704091|approved final periode
BCH-0003253,presentasi_audit_202401_3532.zip,398724,2024-12-06,server-arsip-medan,presentasi_audit_202401_3532|398724|total pending rekap
BCH-0003304,log_keuangan_202402_3136.txt,1817742,2024-01-15,server-arsip-semarang,log_keuangan_202402_3136|1817742|pending rekap data
BCH-0004193,memo_teknologi_202508_5157.rar,29748,2024-01-30,nas-lokal-04,memo_teknologi_202508_5157|29748|data arsip revisi
BCH-0000208,laporan_teknologi_202406_4333.xml,492200,2024-10-07,ftp-cabang,laporan_teknologi_202406_4333|492200|periode total rekap
BCH-0001942,gambar_hukum_202410_7664.jpeg,3365024,2024-10-03,nas-lokal-03,gambar_hukum_202410_7664|3365024|pending draft periode
BCH-0000832,kontrak_manajemen_202409_7232.rar,497629,2024-11-06,ftp-cabang,kontrak_manajemen_202409_7232|497629|data total approved
BCH-0002163,surat_pemasaran_202405_7796.jpeg,362907,2024-01-10,portal-upload-mobile,surat_pemasaran_202405_7796|362907|rekap total approved
BCH-0000112,backup_manajemen_202512_8472.zip,12294406,2024-11-20,server-arsip-semarang,backup_manajemen_202512_8472|12294406|pending final rekap
DUP-0000257,log_teknologi_202212_1596.json,28879837,2023-11-10,nas-lokal-02,log|teknologi|28879837|arsip total file periode rekap
DUP-0000427,invoice_audit_202208_6309.pdf,361534,2023-01-20,backup-eksternal,invoice|audit|361534|draft revisi dokumen
BCH-0001637,dataset_logistik_202510_6433.rar,2283176,2024-11-03,server-arsip-makassar,dataset_logistik_202510_6433|2283176|final arsip periode
BCH-0002240,gambar_sdm_202403_4147.jpeg,2777069,2024-10-11,cloud-storage-azure,gambar_sdm_202403_4147|2777069|rekap arsip draft
BCH-0003551,memo_keuangan_202402_7814.txt,39988605,2024-11-15,server-arsip-makassar,memo_keuangan_202402_7814|39988605|arsip total pending
BCH-0002883,backup_keuangan_202409_7535.png,10450235,2024-08-31,nas-lokal-04,backup_keuangan_202409_7535|10450235|pending draft revisi
BCH-0001185,dataset_teknologi_202510_0700.json,452239,2024-12-23,server-arsip-medan,dataset_teknologi_202510_0700|452239|rekap periode draft
BCH-0000865,gambar_hukum_202401_2487.rar,401396,2024-07-05,nas-lokal-03,gambar_hukum_202401_2487|401396|revisi final arsip
BCH-0002393,presentasi_logistik_202508_6998.csv,2946527,2024-07-16,ftp-cabang,presentasi_logistik_202508_6998|2946527|rekap total data
BCH-0003094,dataset_manajemen_202510_6432.xml,382855,2024-05-25,server-arsip-medan,dataset_manajemen_202510_6432|382855|data pending draft
BCH-0001381,log_manajemen_202509_4969.zip,3565888,2024-02-23,server-arsip-medan,log_manajemen_202509_4969|3565888|total draft final
BCH-0001978,invoice_keuangan_202501_3417.docx,286907,2024-05-19,nas-lokal-03,invoice_keuangan_202501_3417|286907|revisi final pending
BCH-0004188,gambar_pemasaran_202508_0397.pdf,2109068,2024-02-15,nas-lokal-03,gambar_pemasaran_202508_0397|2109068|revisi data arsip
BCH-0000142,surat_manajemen_202503_4942.png,2006044,2024-01-06,nas-lokal-04,surat_manajemen_202503_4942|2006044|rekap total periode
BCH-0001112,surat_riset_202407_5370.xml,243358,2024-10-08,server-arsip-semarang,surat_riset_202407_5370|243358|data revisi approved
BCH-0000644,gambar_riset_202409_8322.jpg,22685457,2024-10-21,nas-lokal-04,gambar_riset_202409_8322|22685457|draft data final
BCH-0002662,backup_operasional_202403_9627.doc,1506347,2024-04-18,cloud-storage-azure,backup_operasional_202403_9627|1506347|draft rekap total
BCH-0003174,backup_keuangan_202512_6323.rar,3945465,2024-05-10,server-arsip-semarang,backup_keuangan_202512_6323|3945465|pending periode total
DUP-0000439,log_operasional_202405_5957.pdf,75387,2022-12-18,nas-lokal-02,log|operasional|75387|rekap revisi final file dokumen
BCH-0001868,log_logistik_202504_4455.pdf,469865,2024-07-26,server-arsip-semarang,log_logistik_202504_4455|469865|rekap arsip total
BCH-0001797,surat_keuangan_202502_6699.xlsx,29079679,2024-03-18,nas-lokal-03,surat_keuangan_202502_6699|29079679|draft data rekap
BCH-0001952,kontrak_pemasaran_202506_3600.pdf,453134,2024-03-27,server-arsip-medan,kontrak_pemasaran_202506_3600|453134|periode arsip approved
BCH-0001874,dataset_keuangan_202401_5786.csv,425792361,2024-04-10,server-arsip-makassar,dataset_keuangan_202401_5786|425792361|pending draft periode
BCH-0003054,invoice_teknologi_202403_9209.zip,90196,2024-04-12,cloud-storage-azure,invoice_teknologi_202403_9209|90196|draft arsip revisi
BCH-0001030,invoice_audit_202512_7557.pdf,48572921,2024-12-01,nas-lokal-03,invoice_audit_202512_7557|48572921|rekap pending final
BCH-0001880,laporan_audit_202503_1761.jpg,60492,2024-12-11,ftp-cabang,laporan_audit_202503_1761|60492|approved periode arsip
BCH-0001897,surat_riset_202408_7494.csv,1963257,2024-03-25,nas-lokal-03,surat_riset_202408_7494|1963257|total rekap final
BCH-0002579,invoice_sdm_202510_6584.json,9770989,2024-05-22,cloud-storage-azure,invoice_sdm_202510_6584|9770989|rekap pending final
BCH-0002675,gambar_manajemen_202402_2382.png,4476642,2024-10-19,nas-lokal-03,gambar_manajemen_202402_2382|4476642|rekap draft arsip
BCH-0002748,invoice_pemasaran_202408_7155.doc,1192370,2024-10-10,cloud-storage-azure,invoice_pemasaran_202408_7155|1192370|periode revisi arsip
DUP-0000131,gambar_operasional_202408_1495.xlsx,284013969,2024-08-20,nas-lokal-01,gambar|operasional|284013969|draft file total periode
DUP-0000482,presentasi_manajemen_202302_6637.xml,4003871,2022-02-12,nas-lokal-01,presentasi|manajemen|4003871|dokumen pending draft
BCH-0000455,gambar_riset_202405_8591.doc,33534555,2024-09-14,server-arsip-medan,gambar_riset_202405_8591|33534555|periode data arsip
BCH-0001090,presentasi_manajemen_202502_6916.xml,28974514,2024-06-11,nas-lokal-03,presentasi_manajemen_202502_6916|28974514|rekap draft revisi
BCH-0002345,gambar_operasional_202511_5554.jpg,153710,2024-04-03,server-arsip-semarang,gambar_operasional_202511_5554|153710|periode total final
BCH-0002491,gambar_sdm_202506_5640.jpeg,381236,2024-10-05,ftp-cabang,gambar_sdm_202506_5640|381236|periode data arsip
BCH-0003033,backup_pemasaran_202503_4255.xml,272133,2024-03-22,server-arsip-makassar,backup_pemasaran_202503_4255|272133|data rekap final
BCH-0000108,kontrak_hukum_202507_4644.xml,3263662,2024-02-29,server-arsip-semarang,kontrak_hukum_202507_4644|3263662|final approved draft
BCH-0000522,presentasi_manajemen_202409_0675.jpg,4489257,2024-07-24,ftp-cabang,presentasi_manajemen_202409_0675|4489257|draft final total
BCH-0001912,gambar_pemasaran_202509_1698.csv,10477083,2024-04-02,nas-lokal-03,gambar_pemasaran_202509_1698|10477083|revisi draft total
BCH-0001571,gambar_pemasaran_202410_5165.csv,2248874,2024-05-07,server-arsip-semarang,gambar_pemasaran_202410_5165|2248874|pending rekap draft
BCH-0004499,memo_keuangan_202408_5100.csv,486561,2024-03-23,nas-lokal-04,memo_keuangan_202408_5100|486561|periode pending total
BCH-0001960,dataset_riset_202507_7673.png,10253,2024-05-31,nas-lokal-03,dataset_riset_202507_7673|10253|data approved draft
BCH-0000600,gambar_operasional_202401_7051.xlsx,4232241,2024-03-04,ftp-cabang,gambar_operasional_202401_7051|4232241|pending periode final
BCH-0001262,surat_hukum_202410_1691.zip,2348329,2024-07-06,server-arsip-medan,surat_hukum_202410_1691|2348329|data pending revisi
BCH-0001027,log_manajemen_202402_4424.zip,478689,2024-04-25,portal-upload-mobile,log_manajemen_202402_4424|478689|pending rekap draft
BCH-0001011,log_riset_202404_4035.zip,1640928,2024-10-07,server-arsip-medan,log_riset_202404_4035|1640928|revisi approved pending
BCH-0003215,log_keuangan_202507_1176.xls,680122,2024-11-29,cloud-storage-azure,log_keuangan_202507_1176|680122|pending periode revisi
BCH-0003964,gambar_pemasaran_202501_3389.xml,1501366,2024-08-04,portal-upload-mobile,gambar_pemasaran_202501_3389|1501366|approved revisi rekap
BCH-0004273,surat_keuangan_202508_0047.json,3884097,2024-01-22,nas-lokal-03,surat_keuangan_202508_0047|3884097|rekap data final
BCH-0001983,memo_manajemen_202411_5313.xlsx,428457,2024-02-18,ftp-cabang,memo_manajemen_202411_5313|428457|rekap draft total
BCH-0003185,dataset_keuangan_202401_3010.xls,4899274,2024-12-16,server-arsip-semarang,dataset_keuangan_202401_3010|4899274|data periode final
BCH-0000036,invoice_pemasaran_202501_4271.json,2273287,2024-05-24,server-arsip-medan,invoice_pemasaran_202501_4271|2273287|rekap revisi draft
BCH-0002603,kontrak_manajemen_202512_1510.xml,23415730,2024-02-23,nas-lokal-04,kontrak_manajemen_202512_1510|23415730|draft total pending
BCH-0004106,kontrak_hukum_202502_1855.jpg,421914,2024-03-27,nas-lokal-03,kontrak_hukum_202502_1855|421914|draft pending data
BCH-0003724,surat_hukum_202510_2603.doc,458789620,2024-07-21,ftp-cabang,surat_hukum_202510_2603|458789620|draft pending approved
BCH-0003870,dataset_logistik_202411_5888.docx,80679,2024-12-08,nas-lokal-03,dataset_logistik_202411_5888|80679|approved pending periode
BCH-0003208,surat_operasional_202409_0795.json,22330243,2024-05-10,ftp-cabang,surat_operasional_202409_0795|22330243|data arsip approved
BCH-0001921,kontrak_sdm_202404_9334.json,443540,2024-10-15,nas-lokal-04,kontrak_sdm_202404_9334|443540|periode draft final
DUP-0000476,dataset_teknologi_202204_4499.xml,66001,2024-06-19,nas-lokal-02,dataset|teknologi|66001|dokumen rekap pending arsip
BCH-0002291,log_logistik_202506_1192.pdf,57273,2024-04-14,server-arsip-medan,log_logistik_202506_1192|57273|periode pending total
DUP-0000112,laporan_logistik_202301_0152.png,402693,2023-09-04,portal-upload-web,laporan|logistik|402693|total draft final pending arsip
BCH-0002144,surat_manajemen_202506_0240.jpeg,423749,2024-12-28,server-arsip-medan,surat_manajemen_202506_0240|423749|pending revisi final
BCH-0002130,dataset_keuangan_202510_2748.doc,202520,2024-06-14,server-arsip-makassar,dataset_keuangan_202510_2748|202520|revisi approved pending
BCH-0001775,log_keuangan_202412_1036.csv,205309708,2024-08-10,ftp-cabang,log_keuangan_202412_1036|205309708|rekap final approved
DUP-0000056,dataset_operasional_202212_9386.csv,392117,2024-03-12,portal-upload-web,dataset|operasional|392117|periode dokumen draft
BCH-0003537,invoice_manajemen_202504_9523.xls,2322939,2024-01-20,nas-lokal-03,invoice_manajemen_202504_9523|2322939|total periode pending
BCH-0001167,backup_hukum_202502_8641.jpg,216643622,2024-08-02,nas-lokal-03,backup_hukum_202502_8641|216643622|data approved pending
BCH-0000850,dataset_riset_202510_9371.txt,95012267,2024-09-16,ftp-cabang,dataset_riset_202510_9371|95012267|revisi final periode
DUP-0000397,dataset_audit_202206_3518.pdf,233694,2023-01-19,cloud-storage-gcp,dataset|audit|233694|pending periode rekap revisi
BCH-0003684,laporan_sdm_202411_5864.pdf,259605,2024-08-24,cloud-storage-azure,laporan_sdm_202411_5864|259605|arsip rekap revisi
BCH-0004487,log_operasional_202510_9228.txt,138521,2024-01-03,ftp-cabang,log_operasional_202510_9228|138521|revisi data rekap
BCH-0003671,laporan_hukum_202506_7676.csv,6718606,2024-04-02,server-arsip-medan,laporan_hukum_202506_7676|6718606|pending arsip draft
BCH-0002473,log_teknologi_202506_2500.xlsx,12476020,2024-09-01,portal-upload-mobile,log_teknologi_202506_2500|12476020|arsip total final
BCH-0000693,kontrak_manajemen_202507_7372.csv,467148,2024-10-19,cloud-storage-azure,kontrak_manajemen_202507_7372|467148|rekap total data
DUP-0000196,memo_manajemen_202406_8857.txt,173251,2024-06-27,server-arsip-jakarta,memo|manajemen|173251|rekap pending file
BCH-0003231,surat_keuangan_202502_2244.jpeg,32833884,2024-04-23,server-arsip-medan,surat_keuangan_202502_2244|32833884|rekap revisi final
BCH-0004420,surat_logistik_202512_1975.zip,475419126,2024-08-06,server-arsip-medan,surat_logistik_202512_1975|475419126|final draft data
BCH-0000930,memo_hukum_202501_2785.docx,1042967,2024-08-09,server-arsip-semarang,memo_hukum_202501_2785|1042967|total periode pending
BCH-0001406,surat_audit_202512_0162.zip,1381867,2024-07-03,server-arsip-medan,surat_audit_202512_0162|1381867|data revisi final
BCH-0000653,laporan_manajemen_202408_6742.xls,116505377,2024-10-05,cloud-storage-azure,laporan_manajemen_202408_6742|116505377|data draft total
BCH-0001269,dataset_operasional_202512_5789.xlsx,27069379,2024-10-26,nas-lokal-03,dataset_operasional_202512_5789|27069379|arsip draft pending
BCH-0000450,gambar_manajemen_202507_1273.zip,2368029,2024-06-16,portal-upload-mobile,gambar_manajemen_202507_1273|2368029|periode data arsip
BCH-0001700,laporan_teknologi_202402_2491.rar,46110965,2024-02-18,ftp-cabang,laporan_teknologi_202402_2491|46110965|total final approved
BCH-0002380,memo_keuangan_202404_4255.xml,2859678,2024-04-25,cloud-storage-azure,memo_keuangan_202404_4255|2859678|approved draft rekap
BCH-0002067,dataset_keuangan_202408_4355.pdf,1686513,2024-02-23,portal-upload-mobile,dataset_keuangan_202408_4355|1686513|periode arsip draft
DUP-0000025,dataset_hukum_202405_1654.zip,420196,2022-08-30,backup-eksternal,dataset|hukum|420196|rekap dokumen arsip
BCH-0004365,gambar_manajemen_202406_9734.jpg,3522701,2024-08-31,server-arsip-semarang,gambar_manajemen_202406_9734|3522701|total pending periode
BCH-0003010,log_sdm_202401_2892.jpeg,618494,2024-03-21,server-arsip-semarang,log_sdm_202401_2892|618494|approved draft periode
BCH-0000984,kontrak_audit_202501_7266.jpeg,128263,2024-04-18,nas-lokal-03,kontrak_audit_202501_7266|128263|revisi data periode
BCH-0001658,dataset_hukum_202512_8675.zip,3133219,2024-04-10,server-arsip-semarang,dataset_hukum_202512_8675|3133219|pending data final
DUP-0000215,log_logistik_202203_2549.xlsx,66559,2023-12-06,ftp-pusat,log|logistik|66559|data revisi rekap
DUP-0000104,laporan_logistik_202201_1660.xlsx,4142337,2023-11-10,cloud-storage-aws,laporan|logistik|4142337|approved arsip data
BCH-0002074,laporan_teknologi_202507_3709.jpg,242681,2024-02-20,server-arsip-medan,laporan_teknologi_202507_3709|242681|draft arsip final
BCH-0002181,memo_keuangan_202404_3171.rar,170214,2024-12-06,ftp-cabang,memo_keuangan_202404_3171|170214|data total periode
BCH-0001743,kontrak_hukum_202502_2014.csv,260388,2024-04-30,server-arsip-semarang,kontrak_hukum_202502_2014|260388|pending periode data
BCH-0000557,gambar_riset_202409_2381.jpeg,187798,2024-09-05,server-arsip-medan,gambar_riset_202409_2381|187798|periode final pending
BCH-0002824,gambar_pemasaran_202407_3292.docx,152453,2024-03-26,server-arsip-medan,gambar_pemasaran_202407_3292|152453|final revisi data
DUP-0000311,surat_operasional_202403_0469.png,1601233,2022-03-13,nas-lokal-01,surat|operasional|1601233|pending file arsip final
BCH-0004088,presentasi_logistik_202406_0334.docx,14018792,2024-10-02,portal-upload-mobile,presentasi_logistik_202406_0334|14018792|arsip draft pending
BCH-0003122,kontrak_sdm_202408_4798.jpg,10289252,2024-09-03,server-arsip-semarang,kontrak_sdm_202408_4798|10289252|revisi final periode
BCH-0004399,memo_riset_202509_2872.png,48724,2024-04-05,cloud-storage-azure,memo_riset_202509_2872|48724|pending draft final
BCH-0000955,memo_sdm_202502_8844.docx,1296217,2024-01-18,portal-upload-mobile,memo_sdm_202502_8844|1296217|total periode draft
BCH-0004164,presentasi_hukum_202506_4155.png,51332,2024-07-26,ftp-cabang,presentasi_hukum_202506_4155|51332|approved data pending
BCH-0000958,backup_sdm_202407_7828.docx,3690752,2024-04-21,ftp-cabang,backup_sdm_202407_7828|3690752|revisi draft approved
BCH-0003599,backup_riset_202410_8038.xls,4129088,2024-01-09,server-arsip-medan,backup_riset_202410_8038|4129088|pending data approved
BCH-0002693,surat_hukum_202507_9002.jpeg,372292,2024-02-02,portal-upload-mobile,surat_hukum_202507_9002|372292|arsip draft final
DUP-0000227,invoice_hukum_202407_2796.xml,2918774,2022-12-28,nas-lokal-01,invoice|hukum|2918774|file periode revisi
BCH-0003589,dataset_riset_202511_4088.txt,293149,2024-02-26,nas-lokal-04,dataset_riset_202511_4088|293149|data rekap periode
BCH-0001838,presentasi_manajemen_202407_0328.csv,77110,2024-09-20,ftp-cabang,presentasi_manajemen_202407_0328|77110|pending arsip data
BCH-0001731,dataset_operasional_202408_3680.rar,3864176,2024-10-18,cloud-storage-azure,dataset_operasional_202408_3680|3864176|total approved pending
BCH-0004354,kontrak_hukum_202508_6137.rar,1100955,2024-05-19,server-arsip-makassar,kontrak_hukum_202508_6137|1100955|revisi total final
BCH-0001973,laporan_hukum_202402_4956.txt,343309,2024-11-06,cloud-storage-azure,laporan_hukum_202402_4956|343309|periode draft revisi
BCH-0000988,kontrak_pemasaran_202506_1517.png,3076006,2024-03-19,nas-lokal-04,kontrak_pemasaran_202506_1517|3076006|draft rekap approved
BCH-0003169,kontrak_hukum_202505_8749.jpeg,724573,2024-06-17,ftp-cabang,kontrak_hukum_202505_8749|724573|arsip periode draft
BCH-0003448,backup_audit_202505_7762.xls,486564,2024-01-12,ftp-cabang,backup_audit_202505_7762|486564|data rekap periode
BCH-0000648,invoice_operasional_202409_6643.xml,2166904,2024-10-31,portal-upload-mobile,invoice_operasional_202409_6643|2166904|periode revisi arsip
BCH-0004116,dataset_keuangan_202508_1133.xls,467665,2024-06-25,ftp-cabang,dataset_keuangan_202508_1133|467665|data final draft
BCH-0004274,gambar_teknologi_202504_9635.xlsx,1926018,2024-07-26,portal-upload-mobile,gambar_teknologi_202504_9635|1926018|total pending draft
BCH-0003061,kontrak_pemasaran_202504_8107.zip,4042730,2024-09-13,ftp-cabang,kontrak_pemasaran_202504_8107|4042730|periode total data
BCH-0002992,laporan_sdm_202402_5758.xlsx,164523,2024-06-18,nas-lokal-03,laporan_sdm_202402_5758|164523|draft arsip pending
BCH-0004435,surat_logistik_202412_3220.jpeg,433453,2024-05-11,nas-lokal-04,surat_logistik_202412_3220|433453|data total rekap
BCH-0003744,memo_sdm_202507_7188.zip,2113771,2024-04-15,portal-upload-mobile,memo_sdm_202507_7188|2113771|final rekap draft
BCH-0004024,laporan_operasional_202412_4981.pdf,2510366,2024-10-23,server-arsip-makassar,laporan_operasional_202412_4981|2510366|data periode draft
BCH-0002311,kontrak_keuangan_202402_0183.txt,130703,2024-01-05,nas-lokal-03,kontrak_keuangan_202402_0183|130703|total final pending
BCH-0004317,gambar_keuangan_202503_4734.zip,493095913,2024-06-07,portal-upload-mobile,gambar_keuangan_202503_4734|493095913|revisi arsip pending
BCH-0004214,gambar_riset_202409_2793.csv,383269,2024-09-14,portal-upload-mobile,gambar_riset_202409_2793|383269|revisi total data
BCH-0001766,laporan_pemasaran_202406_3554.xls,4223391,2024-01-07,portal-upload-mobile,laporan_pemasaran_202406_3554|4223391|rekap data approved
BCH-0004101,laporan_hukum_202512_3298.docx,2345973,2024-05-31,cloud-storage-azure,laporan_hukum_202512_3298|2345973|final total pending
BCH-0003476,presentasi_pemasaran_202504_9367.csv,1844185,2024-05-12,server-arsip-medan,presentasi_pemasaran_202504_9367|1844185|final pending draft
DUP-0000075,surat_teknologi_202303_1748.txt,46513336,2022-09-03,server-arsip-bandung,surat|teknologi|46513336|data pending dokumen rekap arsip
BCH-0004219,presentasi_teknologi_202404_6005.doc,39886849,2024-05-03,server-arsip-makassar,presentasi_teknologi_202404_6005|39886849|final total approved
BCH-0003295,backup_sdm_202507_2510.csv,2686845,2024-10-17,portal-upload-mobile,backup_sdm_202507_2510|2686845|arsip approved rekap
BCH-0002083,log_teknologi_202505_7612.json,180110,2024-09-06,server-arsip-medan,log_teknologi_202505_7612|180110|total approved arsip
BCH-0004145,surat_audit_202404_9293.txt,197109,2024-11-23,ftp-cabang,surat_audit_202404_9293|197109|final arsip pending
BCH-0002895,gambar_operasional_202411_6635.csv,816757,2024-07-14,ftp-cabang,gambar_operasional_202411_6635|816757|arsip draft final
BCH-0003457,surat_hukum_202507_2579.xls,2152296,2024-06-20,ftp-cabang,surat_hukum_202507_2579|2152296|pending rekap approved
BCH-0003605,dataset_riset_202503_7583.json,1111663,2024-11-22,server-arsip-makassar,dataset_riset_202503_7583|1111663|periode pending rekap
BCH-0002604,surat_hukum_202409_4212.txt,20502813,2024-05-15,portal-upload-mobile,surat_hukum_202409_4212|20502813|final revisi arsip
BCH-0004321,memo_logistik_202504_1922.txt,73194,2024-07-31,server-arsip-medan,memo_logistik_202504_1922|73194|periode pending data
BCH-0000346,backup_teknologi_202411_6691.docx,599151,2024-02-02,server-arsip-semarang,backup_teknologi_202411_6691|599151|arsip final periode
BCH-0000569,kontrak_operasional_202409_6991.docx,1974168,2024-08-09,server-arsip-medan,kontrak_operasional_202409_6991|1974168|final revisi periode
BCH-0003982,backup_keuangan_202502_7858.txt,1857193,2024-02-05,server-arsip-semarang,backup_keuangan_202502_7858|1857193|approved rekap data
BCH-0001355,memo_hukum_202407_0694.zip,165149,2024-09-18,nas-lokal-04,memo_hukum_202407_0694|165149|total arsip periode
BCH-0001863,memo_keuangan_202406_7291.txt,7705488,2024-08-06,server-arsip-semarang,memo_keuangan_202406_7291|7705488|final data total
BCH-0002245,surat_keuangan_202509_4203.rar,15555,2024-02-04,server-arsip-makassar,surat_keuangan_202509_4203|15555|pending rekap final
DUP-0000307,memo_sdm_202205_6673.xlsx,56991,2022-12-13,server-arsip-jakarta,memo|sdm|56991|draft periode rekap dokumen final
BCH-0001858,presentasi_hukum_202510_3868.csv,3542356,2024-08-01,cloud-storage-azure,presentasi_hukum_202510_3868|3542356|revisi periode rekap
BCH-0002950,kontrak_operasional_202407_9946.pdf,28085848,2024-03-21,portal-upload-mobile,kontrak_operasional_202407_9946|28085848|rekap final total
BCH-0002942,dataset_audit_202502_5951.jpg,419044585,2024-07-09,server-arsip-medan,dataset_audit_202502_5951|419044585|pending periode final
BCH-0003021,surat_audit_202404_9448.csv,159791,2024-04-09,cloud-storage-azure,surat_audit_202404_9448|159791|approved periode rekap
BCH-0003636,laporan_hukum_202404_7226.json,4768181,2024-05-26,portal-upload-mobile,laporan_hukum_202404_7226|4768181|final periode arsip
BCH-0003904,invoice_teknologi_202505_7040.xlsx,164641,2024-02-15,server-arsip-makassar,invoice_teknologi_202505_7040|164641|pending revisi total
BCH-0002080,gambar_sdm_202407_8740.xls,4733676,2024-12-19,nas-lokal-03,gambar_sdm_202407_8740|4733676|revisi pending total
BCH-0002290,gambar_pemasaran_202405_2356.png,2892105,2024-07-27,cloud-storage-azure,gambar_pemasaran_202405_2356|2892105|periode total draft
BCH-0001956,presentasi_keuangan_202410_3293.pdf,87256166,2024-01-30,server-arsip-semarang,presentasi_keuangan_202410_3293|87256166|total pending approved
DUP-0000052,dataset_keuangan_202407_6371.zip,35170469,2022-01-10,cloud-storage-aws,dataset|keuangan|35170469|final total dokumen
BCH-0001124,dataset_keuangan_202408_8086.json,917842,2024-12-17,portal-upload-mobile,dataset_keuangan_202408_8086|917842|rekap total data
BCH-0003719,surat_manajemen_202501_1746.xlsx,321951,2024-08-17,nas-lokal-03,surat_manajemen_202501_1746|321951|final periode data
BCH-0003266,gambar_teknologi_202509_5226.doc,439844,2024-09-13,nas-lokal-04,gambar_teknologi_202509_5226|439844|arsip draft data
BCH-0003346,gambar_keuangan_202405_0570.xlsx,304326,2024-04-17,server-arsip-semarang,gambar_keuangan_202405_0570|304326|draft approved rekap
BCH-0004046,log_sdm_202504_7522.xml,129582587,2024-06-20,server-arsip-medan,log_sdm_202504_7522|129582587|periode pending draft
BCH-0002890,kontrak_hukum_202401_8436.docx,483164112,2024-04-29,server-arsip-semarang,kontrak_hukum_202401_8436|483164112|draft rekap revisi
BCH-0002399,memo_audit_202409_5225.zip,4008278,2024-02-16,server-arsip-medan,memo_audit_202409_5225|4008278|data rekap pending
BCH-0003150,gambar_keuangan_202505_2515.txt,21904318,2024-07-09,portal-upload-mobile,gambar_keuangan_202505_2515|21904318|approved revisi periode
BCH-0001854,kontrak_riset_202406_2089.xlsx,175174,2024-10-07,server-arsip-medan,kontrak_riset_202406_2089|175174|revisi approved arsip
BCH-0002277,gambar_operasional_202510_5124.csv,1679940,2024-12-29,cloud-storage-azure,gambar_operasional_202510_5124|1679940|data rekap draft
BCH-0002408,laporan_sdm_202409_9521.csv,185374289,2024-10-16,nas-lokal-04,laporan_sdm_202409_9521|185374289|arsip pending periode
DUP-0000323,invoice_teknologi_202209_6314.jpg,390198,2023-01-24,cloud-storage-aws,invoice|teknologi|390198|data revisi dokumen periode approved
BCH-0002936,backup_operasional_202404_8221.txt,15553243,2024-09-30,nas-lokal-03,backup_operasional_202404_8221|15553243|final approved draft
DUP-0000241,invoice_logistik_202210_4226.txt,386739511,2023-10-17,server-arsip-bandung,invoice|logistik|386739511|approved arsip file
BCH-0002129,dataset_riset_202412_7102.pdf,12673924,2024-05-06,server-arsip-makassar,dataset_riset_202412_7102|12673924|rekap data approved
BCH-0001670,surat_audit_202501_9820.jpg,622610,2024-08-08,server-arsip-medan,surat_audit_202501_9820|622610|revisi pending total
DUP-0000159,gambar_hukum_202211_9543.pdf,404159,2022-03-27,server-arsip-bandung,gambar|hukum|404159|arsip rekap approved
BCH-0003889,dataset_manajemen_202406_3172.png,87023,2024-10-29,server-arsip-medan,dataset_manajemen_202406_3172|87023|periode rekap arsip
DUP-0000210,presentasi_logistik_202201_3049.json,2593895,2024-10-19,ftp-pusat,presentasi|logistik|2593895|arsip total final dokumen
BCH-0003385,surat_riset_202402_6438.docx,26944950,2024-04-09,portal-upload-mobile,surat_riset_202402_6438|26944950|total pending arsip
BCH-0000435,invoice_pemasaran_202410_4531.jpg,2868304,2024-07-21,ftp-cabang,invoice_pemasaran_202410_4531|2868304|periode pending final
BCH-0002688,surat_logistik_202410_0379.csv,414598,2024-12-05,server-arsip-semarang,surat_logistik_202410_0379|414598|final arsip data
BCH-0002516,log_manajemen_202511_1381.txt,254867309,2024-02-09,server-arsip-medan,log_manajemen_202511_1381|254867309|pending final revisi
BCH-0003664,laporan_teknologi_202505_5203.json,1304777,2024-12-20,ftp-cabang,laporan_teknologi_202505_5203|1304777|periode approved pending
BCH-0001583,kontrak_hukum_202509_4650.xlsx,3352256,2024-10-20,server-arsip-semarang,kontrak_hukum_202509_4650|3352256|rekap draft pending
BCH-0003281,laporan_pemasaran_202506_4699.jpeg,7331729,2024-05-06,nas-lokal-03,laporan_pemasaran_202506_4699|7331729|data arsip total
DUP-0000033,log_manajemen_202301_3395.pdf,455868,2022-10-23,nas-lokal-02,log|manajemen|455868|final periode dokumen
DUP-0000027,kontrak_hukum_202403_4714.docx,2538837,2022-01-29,nas-lokal-01,kontrak|hukum|2538837|total final pending dokumen rekap
BCH-0000125,gambar_keuangan_202511_9819.jpeg,410850666,2024-10-12,ftp-cabang,gambar_keuangan_202511_9819|410850666|revisi pending arsip
BCH-0002972,laporan_teknologi_202510_6157.docx,698794,2024-12-31,server-arsip-makassar,laporan_teknologi_202510_6157|698794|draft arsip approved
BCH-0003838,gambar_hukum_202411_1342.txt,28414523,2024-08-15,portal-upload-mobile,gambar_hukum_202411_1342|28414523|total final draft
BCH-0002892,surat_hukum_202410_0201.xml,3471009,2024-04-04,cloud-storage-azure,surat_hukum_202410_0201|3471009|pending periode final
BCH-0000340,dataset_audit_202409_2561.png,97229045,2024-12-06,server-arsip-makassar,dataset_audit_202409_2561|97229045|periode data approved
BCH-0004497,presentasi_audit_202510_9858.png,4303723,2024-05-15,server-arsip-makassar,presentasi_audit_202510_9858|4303723|rekap total pending
BCH-0002723,presentasi_sdm_202503_9403.rar,19690,2024-09-16,portal-upload-mobile,presentasi_sdm_202503_9403|19690|revisi draft arsip
BCH-0003113,log_hukum_202512_7380.rar,88629,2024-06-23,ftp-cabang,log_hukum_202512_7380|88629|approved total pending
DUP-0000457,log_keuangan_202212_4056.png,4066457,2023-09-02,server-arsip-jakarta,log|keuangan|4066457|final draft total pending
BCH-0002055,invoice_teknologi_202402_3668.doc,818904,2024-05-02,nas-lokal-04,invoice_teknologi_202402_3668|818904|approved final rekap
BCH-0000856,invoice_pemasaran_202505_4816.xls,2225411,2024-09-22,nas-lokal-03,invoice_pemasaran_202505_4816|2225411|periode pending final
BCH-0002136,backup_riset_202408_8547.png,318978,2024-06-10,nas-lokal-04,backup_riset_202408_8547|318978|final pending draft
BCH-0003434,kontrak_logistik_202401_3045.docx,6112417,2024-11-24,server-arsip-semarang,kontrak_logistik_202401_3045|6112417|periode total pending
BCH-0003548,backup_riset_202403_5588.docx,11194977,2024-05-18,server-arsip-medan,backup_riset_202403_5588|11194977|final total arsip
BCH-0000254,backup_riset_202403_7823.json,229357,2024-09-16,nas-lokal-04,backup_riset_202403_7823|229357|approved revisi pending
BCH-0004346,gambar_hukum_202404_3779.xlsx,17437009,2024-10-06,server-arsip-semarang,gambar_hukum_202404_3779|17437009|draft total data
BCH-0003298,log_manajemen_202404_7454.xls,232366,2024-09-28,portal-upload-mobile,log_manajemen_202404_7454|232366|data periode final
BCH-0004223,surat_pemasaran_202502_3858.txt,2054091,2024-10-05,nas-lokal-03,surat_pemasaran_202502_3858|2054091|draft final pending
DUP-0000256,invoice_riset_202302_4299.xlsx,113323,2024-09-29,ftp-pusat,invoice|riset|113323|draft dokumen approved data total
BCH-0000354,surat_keuangan_202409_5029.zip,330338,2024-12-10,cloud-storage-azure,surat_keuangan_202409_5029|330338|draft data final
BCH-0001442,gambar_audit_202407_0279.png,35437533,2024-02-28,nas-lokal-03,gambar_audit_202407_0279|35437533|data draft revisi
BCH-0004463,memo_riset_202409_8263.png,225492,2024-08-07,cloud-storage-azure,memo_riset_202409_8263|225492|data periode approved
BCH-0000421,backup_pemasaran_202508_0831.rar,62312014,2024-06-22,nas-lokal-03,backup_pemasaran_202508_0831|62312014|periode revisi data
BCH-0003701,memo_audit_202410_1296.xls,434804,2024-01-26,cloud-storage-azure,memo_audit_202410_1296|434804|total draft data
BCH-0001549,surat_keuangan_202504_1340.json,158812,2024-07-14,server-arsip-medan,surat_keuangan_202504_1340|158812|total periode data
BCH-0004457,surat_hukum_202407_4685.jpeg,87101,2024-04-27,nas-lokal-04,surat_hukum_202407_4685|87101|data total draft
BCH-0003702,log_sdm_202506_6992.csv,425644,2024-01-26,ftp-cabang,log_sdm_202506_6992|425644|final draft total
BCH-0001771,gambar_teknologi_202403_5294.xml,2148211,2024-07-12,nas-lokal-04,gambar_teknologi_202403_5294|2148211|total pending data
BCH-0004340,kontrak_manajemen_202405_0191.docx,48660216,2024-11-03,server-arsip-makassar,kontrak_manajemen_202405_0191|48660216|periode data revisi
BCH-0001402,dataset_pemasaran_202409_9396.jpeg,420169,2024-12-19,server-arsip-semarang,dataset_pemasaran_202409_9396|420169|data approved revisi
BCH-0004203,kontrak_logistik_202501_4570.png,163717,2024-02-25,portal-upload-mobile,kontrak_logistik_202501_4570|163717|rekap arsip data
BCH-0001435,backup_sdm_202507_9113.zip,198005,2024-02-20,cloud-storage-azure,backup_sdm_202507_9113|198005|periode data revisi
BCH-0002771,gambar_teknologi_202412_8242.txt,282770,2024-02-19,cloud-storage-azure,gambar_teknologi_202412_8242|282770|total final periode
BCH-0000523,surat_audit_202406_9496.jpeg,16711849,2024-12-03,portal-upload-mobile,surat_audit_202406_9496|16711849|pending rekap revisi
DUP-0000458,presentasi_pemasaran_202209_4941.xlsx,293045,2022-09-06,server-arsip-jakarta,presentasi|pemasaran|293045|pending periode file draft
DUP-0000150,kontrak_hukum_202203_4727.csv,240118,2023-06-16,portal-upload-web,kontrak|hukum|240118|revisi data final
BCH-0002501,invoice_teknologi_202404_5030.json,1839835,2024-10-25,nas-lokal-04,invoice_teknologi_202404_5030|1839835|periode final approved
BCH-0003655,gambar_sdm_202501_3562.xlsx,216065447,2024-06-04,server-arsip-medan,gambar_sdm_202501_3562|216065447|arsip revisi pending
BCH-0004031,presentasi_riset_202501_9593.xml,104931,2024-05-02,cloud-storage-azure,presentasi_riset_202501_9593|104931|total pending arsip
BCH-0002829,dataset_operasional_202405_9212.xls,361542,2024-05-31,server-arsip-semarang,dataset_operasional_202405_9212|361542|total draft pending
DUP-0000244,presentasi_manajemen_202212_5816.zip,879482,2024-07-08,nas-lokal-02,presentasi|manajemen|879482|pending approved final file periode
BCH-0000535,invoice_keuangan_202509_3884.png,4145139,2024-06-02,server-arsip-medan,invoice_keuangan_202509_3884|4145139|arsip pending rekap
BCH-0001623,memo_sdm_202402_7749.jpeg,961920,2024-09-13,server-arsip-semarang,memo_sdm_202402_7749|961920|approved arsip final
BCH-0000841,backup_teknologi_202408_2112.jpeg,10215623,2024-09-02,nas-lokal-04,backup_teknologi_202408_2112|10215623|data final total
BCH-0004302,log_keuangan_202511_7469.txt,4386081,2024-02-15,cloud-storage-azure,log_keuangan_202511_7469|4386081|rekap draft pending
BCH-0000603,invoice_pemasaran_202407_5159.xlsx,1359183,2024-03-12,server-arsip-semarang,invoice_pemasaran_202407_5159|1359183|total draft data
BCH-0004119,gambar_hukum_202509_9212.json,72172209,2024-10-12,server-arsip-medan,gambar_hukum_202509_9212|72172209|pending rekap total
BCH-0003317,presentasi_riset_202404_6859.xlsx,4628519,2024-09-25,cloud-storage-azure,presentasi_riset_202404_6859|4628519|periode approved rekap
BCH-0004230,laporan_pemasaran_202504_1511.png,15166,2024-04-23,cloud-storage-azure,laporan_pemasaran_202504_1511|15166|revisi final approved
DUP-0000189,presentasi_keuangan_202202_0202.png,2114651,2022-05-19,portal-upload-web,presentasi|keuangan|2114651|dokumen periode arsip
BCH-0003509,presentasi_keuangan_202502_4688.csv,179287,2024-05-25,server-arsip-makassar,presentasi_keuangan_202502_4688|179287|rekap approved revisi
BCH-0000116,gambar_riset_202512_2865.jpeg,41633,2024-01-28,server-arsip-semarang,gambar_riset_202512_2865|41633|data revisi arsip
BCH-0001138,presentasi_audit_202501_2980.xlsx,2515856,2024-07-27,portal-upload-mobile,presentasi_audit_202501_2980|2515856|revisi periode arsip
DUP-0000287,invoice_keuangan_202304_6238.csv,48581245,2024-11-07,server-arsip-bandung,invoice|keuangan|48581245|pending dokumen arsip total
BCH-0000296,memo_sdm_202505_0783.rar,4878713,2024-08-22,portal-upload-mobile,memo_sdm_202505_0783|4878713|draft rekap data
BCH-0002077,memo_sdm_202511_6509.json,31484006,2024-05-06,cloud-storage-azure,memo_sdm_202511_6509|31484006|rekap draft pending
BCH-0002791,invoice_pemasaran_202509_2990.png,37188698,2024-04-24,nas-lokal-03,invoice_pemasaran_202509_2990|37188698|total arsip rekap
BCH-0002303,memo_hukum_202510_3257.csv,42021025,2024-05-02,portal-upload-mobile,memo_hukum_202510_3257|42021025|final total pending
BCH-0004474,backup_hukum_202412_1709.xml,183456765,2024-12-27,nas-lokal-04,backup_hukum_202412_1709|183456765|periode rekap data
DUP-0000163,gambar_logistik_202202_4570.zip,456542,2024-07-12,cloud-storage-aws,gambar|logistik|456542|dokumen file approved draft
BCH-0002148,memo_manajemen_202404_1534.zip,234588,2024-03-08,server-arsip-makassar,memo_manajemen_202404_1534|234588|draft rekap total
BCH-0002387,invoice_keuangan_202407_0238.txt,42279309,2024-07-25,ftp-cabang,invoice_keuangan_202407_0238|42279309|total final arsip
BCH-0004338,kontrak_hukum_202505_1003.xml,3249229,2024-11-20,server-arsip-medan,kontrak_hukum_202505_1003|3249229|data arsip total
BCH-0002538,surat_pemasaran_202504_8592.xml,651351,2024-11-08,ftp-cabang,surat_pemasaran_202504_8592|651351|arsip final total
BCH-0002599,kontrak_keuangan_202402_3542.xls,4376385,2024-03-04,nas-lokal-04,kontrak_keuangan_202402_3542|4376385|arsip periode rekap
BCH-0000549,backup_riset_202410_7945.pdf,175072,2024-05-27,cloud-storage-azure,backup_riset_202410_7945|175072|periode final pending
DUP-0000214,invoice_hukum_202201_8876.jpg,3984461,2022-11-07,server-arsip-bandung,invoice|hukum|3984461|dokumen approved revisi final draft
BCH-0001891,surat_manajemen_202504_0620.json,457646,2024-10-10,nas-lokal-04,surat_manajemen_202504_0620|457646|approved periode total
BCH-0002281,kontrak_sdm_202507_3182.xml,2837299,2024-04-29,ftp-cabang,kontrak_sdm_202507_3182|2837299|arsip final revisi
BCH-0002765,gambar_audit_202507_8362.pdf,301035,2024-02-09,ftp-cabang,gambar_audit_202507_8362|301035|final revisi arsip
BCH-0000229,log_keuangan_202407_5950.xlsx,399343,2024-10-15,portal-upload-mobile,log_keuangan_202407_5950|399343|data total final
BCH-0004278,log_riset_202411_7231.doc,4161404,2024-07-09,portal-upload-mobile,log_riset_202411_7231|4161404|total final arsip
BCH-0003322,dataset_manajemen_202510_1679.pdf,43489115,2024-05-25,portal-upload-mobile,dataset_manajemen_202510_1679|43489115|arsip rekap total
DUP-0000014,surat_pemasaran_202206_2955.xml,295656794,2022-06-15,backup-eksternal,surat|pemasaran|295656794|data periode draft rekap
BCH-0003764,surat_hukum_202402_4869.doc,387467,2024-01-03,ftp-cabang,surat_hukum_202402_4869|387467|data pending rekap
BCH-0000946,backup_operasional_202408_4385.json,234131932,2024-06-14,server-arsip-medan,backup_operasional_202408_4385|234131932|rekap periode draft
DUP-0000092,presentasi_keuangan_202307_5864.txt,24454624,2022-05-20,server-arsip-surabaya,presentasi|keuangan|24454624|total arsip dokumen revisi
BCH-0001852,gambar_operasional_202507_7543.zip,37713179,2024-02-25,server-arsip-semarang,gambar_operasional_202507_7543|37713179|final total periode
BCH-0001418,laporan_teknologi_202511_0574.rar,6641601,2024-11-12,server-arsip-semarang,laporan_teknologi_202511_0574|6641601|revisi total draft
BCH-0003783,laporan_audit_202411_6555.jpeg,498725379,2024-05-16,nas-lokal-04,laporan_audit_202411_6555|498725379|arsip rekap revisi
BCH-0004213,invoice_manajemen_202501_4874.jpeg,31328866,2024-12-20,nas-lokal-03,invoice_manajemen_202501_4874|31328866|revisi rekap final
BCH-0001210,presentasi_manajemen_202512_9018.png,2636614,2024-01-12,nas-lokal-04,presentasi_manajemen_202512_9018|2636614|arsip revisi draft
BCH-0001362,presentasi_teknologi_202503_3663.rar,186985,2024-04-18,portal-upload-mobile,presentasi_teknologi_202503_3663|186985|approved arsip revisi
BCH-0001649,invoice_sdm_202504_4098.json,173980,2024-05-23,nas-lokal-03,invoice_sdm_202504_4098|173980|approved data rekap
DUP-0000069,log_riset_202311_1639.txt,2933000,2024-10-06,nas-lokal-01,log|riset|2933000|final approved data total pending
BCH-0002004,surat_keuangan_202501_5316.xls,3832241,2024-05-28,nas-lokal-03,surat_keuangan_202501_5316|3832241|total rekap approved
BCH-0000584,kontrak_audit_202506_5374.csv,1462296,2024-01-26,portal-upload-mobile,kontrak_audit_202506_5374|1462296|approved rekap periode
BCH-0001680,gambar_teknologi_202507_0485.rar,413394,2024-04-17,nas-lokal-04,gambar_teknologi_202507_0485|413394|final periode approved
BCH-0003470,backup_operasional_202401_5720.xls,2592858,2024-09-14,server-arsip-semarang,backup_operasional_202401_5720|2592858|final arsip draft
BCH-0001561,backup_teknologi_202510_9750.docx,149692,2024-10-19,server-arsip-semarang,backup_teknologi_202510_9750|149692|rekap draft periode
BCH-0002861,memo_audit_202501_9810.zip,4050521,2024-12-12,nas-lokal-04,memo_audit_202501_9810|4050521|data rekap periode
BCH-0000225,laporan_keuangan_202401_1300.jpg,2784648,2024-10-04,portal-upload-mobile,laporan_keuangan_202401_1300|2784648|pending final approved
BCH-0004382,memo_audit_202503_4614.csv,325950412,2024-08-26,portal-upload-mobile,memo_audit_202503_4614|325950412|draft rekap approved
BCH-0003787,kontrak_audit_202412_6494.png,62856,2024-10-05,portal-upload-mobile,kontrak_audit_202412_6494|62856|periode revisi total
BCH-0002933,memo_logistik_202505_0444.zip,1009151,2024-05-06,nas-lokal-03,memo_logistik_202505_0444|1009151|arsip total periode
BCH-0000481,memo_manajemen_202512_9070.xls,3937598,2024-02-19,server-arsip-makassar,memo_manajemen_202512_9070|3937598|revisi final draft
BCH-0004467,gambar_riset_202507_4608.xls,197657,2024-01-25,nas-lokal-04,gambar_riset_202507_4608|197657|draft rekap arsip
BCH-0000017,laporan_logistik_202404_4354.jpeg,345251,2024-03-09,server-arsip-medan,laporan_logistik_202404_4354|345251|rekap data pending
BCH-0004348,invoice_teknologi_202403_4647.pdf,92837,2024-06-02,server-arsip-makassar,invoice_teknologi_202403_4647|92837|revisi data rekap
BCH-0001411,laporan_riset_202409_2189.rar,39012197,2024-10-26,nas-lokal-04,laporan_riset_202409_2189|39012197|final total data
BCH-0002321,invoice_audit_202510_0225.txt,2097316,2024-04-26,server-arsip-makassar,invoice_audit_202510_0225|2097316|data arsip final
BCH-0004451,memo_operasional_202507_5226.txt,496385120,2024-10-18,ftp-cabang,memo_operasional_202507_5226|496385120|approved draft final
BCH-0000521,dataset_audit_202404_8624.xml,41898971,2024-06-28,server-arsip-semarang,dataset_audit_202404_8624|41898971|final revisi total
BCH-0000131,kontrak_pemasaran_202507_9864.zip,4785452,2024-11-05,server-arsip-semarang,kontrak_pemasaran_202507_9864|4785452|final rekap revisi
BCH-0001924,dataset_logistik_202509_3630.rar,249220,2024-07-18,ftp-cabang,dataset_logistik_202509_3630|249220|periode rekap total
DUP-0000232,presentasi_pemasaran_202205_7448.zip,4494819,2022-03-20,ftp-pusat,presentasi|pemasaran|4494819|pending periode revisi
BCH-0001161,invoice_manajemen_202403_3088.docx,39767,2024-12-17,nas-lokal-04,invoice_manajemen_202403_3088|39767|periode data arsip
BCH-0003459,laporan_keuangan_202511_9772.xlsx,409572712,2024-10-11,nas-lokal-04,laporan_keuangan_202511_9772|409572712|revisi final data
BCH-0002511,laporan_audit_202505_9804.jpeg,323779,2024-07-05,server-arsip-medan,laporan_audit_202505_9804|323779|rekap periode approved
BCH-0004057,laporan_audit_202504_4621.json,207563665,2024-12-23,nas-lokal-03,laporan_audit_202504_4621|207563665|rekap total draft
BCH-0002549,kontrak_hukum_202409_6663.csv,1361492,2024-04-29,nas-lokal-04,kontrak_hukum_202409_6663|1361492|draft approved arsip
DUP-0000374,surat_riset_202307_2593.pdf,65206,2024-03-28,server-arsip-bandung,surat|riset|65206|approved pending total
DUP-0000443,gambar_operasional_202206_6250.docx,3750814,2024-01-27,server-arsip-surabaya,gambar|operasional|3750814|rekap final pending dokumen
BCH-0002623,surat_audit_202507_1755.xls,392486,2024-11-08,nas-lokal-03,surat_audit_202507_1755|392486|arsip draft periode
BCH-0003412,log_keuangan_202408_0101.pdf,1967930,2024-09-20,server-arsip-makassar,log_keuangan_202408_0101|1967930|draft total pending
BCH-0001006,log_riset_202501_3074.csv,100321,2024-01-29,portal-upload-mobile,log_riset_202501_3074|100321|revisi data rekap
BCH-0002215,log_keuangan_202402_3606.csv,86253,2024-07-15,nas-lokal-03,log_keuangan_202402_3606|86253|approved final data
BCH-0003946,kontrak_riset_202512_2601.json,552577,2024-04-17,server-arsip-semarang,kontrak_riset_202512_2601|552577|draft data revisi
BCH-0000175,memo_pemasaran_202411_9653.csv,21557200,2024-06-06,server-arsip-semarang,memo_pemasaran_202411_9653|21557200|rekap revisi draft
BCH-0004455,gambar_logistik_202504_1869.pdf,348013,2024-03-17,server-arsip-semarang,gambar_logistik_202504_1869|348013|final arsip periode
BCH-0001931,backup_keuangan_202406_5943.rar,782783,2024-02-09,server-arsip-medan,backup_keuangan_202406_5943|782783|final periode arsip
BCH-0002625,kontrak_sdm_202410_4325.png,445578684,2024-01-02,cloud-storage-azure,kontrak_sdm_202410_4325|445578684|approved total revisi
BCH-0003144,presentasi_sdm_202511_4890.txt,393967,2024-08-20,nas-lokal-04,presentasi_sdm_202511_4890|393967|total revisi draft
BCH-0002073,invoice_pemasaran_202409_2858.json,382563137,2024-10-26,ftp-cabang,invoice_pemasaran_202409_2858|382563137|pending draft total
BCH-0000941,gambar_logistik_202501_2785.jpeg,4859924,2024-01-24,ftp-cabang,gambar_logistik_202501_2785|4859924|approved total periode
BCH-0003455,presentasi_sdm_202505_9044.zip,1047188,2024-01-03,server-arsip-makassar,presentasi_sdm_202505_9044|1047188|arsip approved draft
BCH-0001487,presentasi_manajemen_202504_4122.rar,46235662,2024-07-01,ftp-cabang,presentasi_manajemen_202504_4122|46235662|final arsip revisi
DUP-0000118,backup_keuangan_202209_4107.csv,14709846,2022-12-24,server-arsip-bandung,backup|keuangan|14709846|rekap periode file draft revisi
BCH-0004136,log_audit_202505_9468.jpg,4437455,2024-06-14,server-arsip-makassar,log_audit_202505_9468|4437455|periode total revisi
BCH-0000090,laporan_sdm_202404_9369.xml,80280,2024-01-31,portal-upload-mobile,laporan_sdm_202404_9369|80280|pending rekap data
BCH-0000392,backup_teknologi_202511_1590.xlsx,2254891,2024-07-24,server-arsip-semarang,backup_teknologi_202511_1590|2254891|periode data draft
BCH-0003848,memo_logistik_202409_1391.doc,2450932,2024-05-23,server-arsip-medan,memo_logistik_202409_1391|2450932|draft total rekap
DUP-0000413,surat_operasional_202303_7493.pdf,291861,2024-10-11,ftp-pusat,surat|operasional|291861|total dokumen file final draft
BCH-0001746,dataset_pemasaran_202506_8514.json,18804819,2024-05-31,portal-upload-mobile,dataset_pemasaran_202506_8514|18804819|approved arsip data
BCH-0000402,presentasi_audit_202401_8660.jpeg,3338837,2024-01-27,server-arsip-makassar,presentasi_audit_202401_8660|3338837|arsip approved data
BCH-0004279,surat_teknologi_202406_0042.xml,321570,2024-07-22,cloud-storage-azure,surat_teknologi_202406_0042|321570|arsip approved rekap
BCH-0001850,log_pemasaran_202503_3355.rar,1535672,2024-10-08,nas-lokal-03,log_pemasaran_202503_3355|1535672|draft total arsip
BCH-0000513,backup_teknologi_202403_6850.png,24483352,2024-04-11,nas-lokal-04,backup_teknologi_202403_6850|24483352|approved draft revisi
BCH-0000010,gambar_logistik_202511_4925.doc,2435630,2024-09-17,server-arsip-medan,gambar_logistik_202511_4925|2435630|pending data revisi
BCH-0000673,gambar_riset_202512_7363.json,313082,2024-07-10,nas-lokal-04,gambar_riset_202512_7363|313082|pending approved data
BCH-0000347,invoice_audit_202410_3007.docx,96789,2024-08-03,server-arsip-medan,invoice_audit_202410_3007|96789|total approved periode
DUP-0000165,kontrak_manajemen_202406_0519.docx,25688416,2023-07-11,nas-lokal-02,kontrak|manajemen|25688416|pending revisi draft
BCH-0002271,invoice_keuangan_202511_2394.zip,267232,2024-09-09,server-arsip-semarang,invoice_keuangan_202511_2394|267232|draft revisi approved
BCH-0001021,dataset_operasional_202503_6428.jpg,62691,2024-05-31,nas-lokal-04,dataset_operasional_202503_6428|62691|total arsip final
BCH-0003661,log_audit_202404_7045.xml,187313,2024-09-11,ftp-cabang,log_audit_202404_7045|187313|pending data periode
BCH-0002886,backup_teknologi_202504_7285.jpeg,197650,2024-09-10,server-arsip-makassar,backup_teknologi_202504_7285|197650|rekap pending revisi
BCH-0004400,laporan_operasional_202504_4620.json,429691,2024-02-07,nas-lokal-04,laporan_operasional_202504_4620|429691|revisi total approved
BCH-0004112,log_manajemen_202507_3443.docx,441848,2024-11-02,nas-lokal-03,log_manajemen_202507_3443|441848|approved pending arsip
DUP-0000396,invoice_riset_202402_5784.pdf,34875308,2024-02-10,portal-upload-web,invoice|riset|34875308|approved periode rekap total
DUP-0000152,surat_hukum_202411_5504.pdf,20591273,2024-04-23,portal-upload-web,surat|hukum|20591273|data file draft pending
BCH-0003182,gambar_manajemen_202402_6238.doc,741936,2024-04-14,cloud-storage-azure,gambar_manajemen_202402_6238|741936|rekap arsip total
BCH-0004324,dataset_audit_202403_2479.xlsx,4630425,2024-05-20,server-arsip-medan,dataset_audit_202403_2479|4630425|data periode final
BCH-0001444,kontrak_keuangan_202403_5052.xls,29832299,2024-01-14,nas-lokal-04,kontrak_keuangan_202403_5052|29832299|data revisi periode
BCH-0002492,log_audit_202505_6599.txt,378627,2024-05-09,cloud-storage-azure,log_audit_202505_6599|378627|approved arsip data
BCH-0003687,invoice_sdm_202503_3698.json,457533,2024-03-21,nas-lokal-03,invoice_sdm_202503_3698|457533|data arsip final
BCH-0004070,log_audit_202505_4856.txt,4431399,2024-01-16,server-arsip-semarang,log_audit_202505_4856|4431399|pending revisi approved
BCH-0000678,backup_logistik_202401_4659.png,86862,2024-08-21,server-arsip-semarang,backup_logistik_202401_4659|86862|approved total arsip
BCH-0000483,invoice_audit_202506_1710.txt,2651448,2024-05-05,server-arsip-medan,invoice_audit_202506_1710|2651448|approved total rekap
BCH-0003983,gambar_hukum_202412_4066.xlsx,138492,2024-12-31,server-arsip-semarang,gambar_hukum_202412_4066|138492|revisi pending rekap
BCH-0003784,kontrak_hukum_202503_0483.xls,1196022,2024-11-16,nas-lokal-03,kontrak_hukum_202503_0483|1196022|arsip draft pending
BCH-0003929,surat_riset_202409_8700.rar,430424054,2024-06-10,server-arsip-makassar,surat_riset_202409_8700|430424054|draft pending revisi
BCH-0002158,laporan_riset_202412_0628.xlsx,435422833,2024-06-01,server-arsip-medan,laporan_riset_202412_0628|435422833|rekap approved periode
BCH-0001344,dataset_manajemen_202408_4598.zip,428429,2024-07-03,nas-lokal-04,dataset_manajemen_202408_4598|428429|draft data rekap
BCH-0002898,dataset_riset_202402_1366.jpg,542583,2024-04-28,server-arsip-makassar,dataset_riset_202402_1366|542583|periode revisi pending
BCH-0000069,memo_audit_202502_4525.rar,427759,2024-02-15,server-arsip-medan,memo_audit_202502_4525|427759|draft pending final
BCH-0003427,surat_pemasaran_202512_6444.zip,28961560,2024-12-25,server-arsip-medan,surat_pemasaran_202512_6444|28961560|arsip data approved
BCH-0002630,invoice_riset_202505_7070.json,2121228,2024-02-17,nas-lokal-04,invoice_riset_202505_7070|2121228|data total draft
DUP-0000038,kontrak_teknologi_202405_5364.json,443226303,2022-10-21,server-arsip-bandung,kontrak|teknologi|443226303|data periode revisi rekap pending
BCH-0000270,surat_teknologi_202504_2141.pdf,3655570,2024-06-17,server-arsip-semarang,surat_teknologi_202504_2141|3655570|periode rekap total
BCH-0000003,dataset_riset_202512_7872.png,13108735,2024-05-25,ftp-cabang,dataset_riset_202512_7872|13108735|total approved periode
BCH-0003529,surat_audit_202406_3618.doc,1760290,2024-10-21,nas-lokal-03,surat_audit_202406_3618|1760290|final arsip data
BCH-0000546,dataset_keuangan_202506_2401.csv,3793879,2024-11-29,nas-lokal-04,dataset_keuangan_202506_2401|3793879|arsip revisi approved
BCH-0003272,gambar_logistik_202410_9914.jpg,3883984,2024-06-28,ftp-cabang,gambar_logistik_202410_9914|3883984|pending data rekap
BCH-0000054,backup_riset_202511_5979.pdf,14063,2024-11-10,cloud-storage-azure,backup_riset_202511_5979|14063|approved revisi final
BCH-0004102,gambar_operasional_202503_2314.csv,809789,2024-07-25,server-arsip-semarang,gambar_operasional_202503_2314|809789|arsip total pending
BCH-0002348,presentasi_keuangan_202401_0978.png,273791,2024-03-30,server-arsip-makassar,presentasi_keuangan_202401_0978|273791|rekap draft revisi
BCH-0003543,memo_keuangan_202408_6235.png,4167174,2024-07-12,ftp-cabang,memo_keuangan_202408_6235|4167174|arsip total pending
BCH-0000114,gambar_manajemen_202508_0766.png,24367421,2024-11-05,cloud-storage-azure,gambar_manajemen_202508_0766|24367421|total approved pending
BCH-0004438,kontrak_audit_202406_5707.zip,174374,2024-07-24,portal-upload-mobile,kontrak_audit_202406_5707|174374|final periode arsip
BCH-0000568,backup_hukum_202509_5961.pdf,3519963,2024-10-02,server-arsip-medan,backup_hukum_202509_5961|3519963|rekap final approved
BCH-0001419,log_operasional_202504_4911.xml,10492620,2024-08-23,nas-lokal-03,log_operasional_202504_4911|10492620|total draft data
BCH-0003749,laporan_logistik_202401_7058.png,372201,2024-11-03,cloud-storage-azure,laporan_logistik_202401_7058|372201|final approved pending
BCH-0003707,invoice_manajemen_202404_3293.xls,147437,2024-05-29,server-arsip-medan,invoice_manajemen_202404_3293|147437|revisi data draft
BCH-0000973,presentasi_audit_202412_3721.jpeg,2435044,2024-08-06,portal-upload-mobile,presentasi_audit_202412_3721|2435044|arsip draft periode
BCH-0000716,kontrak_manajemen_202409_0676.png,1940123,2024-09-07,server-arsip-semarang,kontrak_manajemen_202409_0676|1940123|data rekap total
BCH-0004442,dataset_teknologi_202401_3775.csv,15935486,2024-03-16,portal-upload-mobile,dataset_teknologi_202401_3775|15935486|total final revisi
BCH-0004186,gambar_riset_202408_9326.doc,24477523,2024-10-24,portal-upload-mobile,gambar_riset_202408_9326|24477523|rekap final approved
BCH-0004161,log_keuangan_202404_5769.pdf,315239,2024-04-02,ftp-cabang,log_keuangan_202404_5769|315239|approved data revisi
DUP-0000166,surat_keuangan_202205_4920.txt,2634209,2024-11-03,ftp-pusat,surat|keuangan|2634209|rekap total draft dokumen
BCH-0002468,gambar_pemasaran_202508_0622.xml,94760,2024-02-14,nas-lokal-04,gambar_pemasaran_202508_0622|94760|approved revisi arsip
BCH-0001097,presentasi_pemasaran_202503_3064.rar,17724,2024-10-31,nas-lokal-03,presentasi_pemasaran_202503_3064|17724|data approved periode
BCH-0002730,log_logistik_202509_8159.jpg,9166594,2024-11-04,ftp-cabang,log_logistik_202509_8159|9166594|arsip final rekap
BCH-0001541,presentasi_keuangan_202407_8867.docx,969473,2024-12-21,ftp-cabang,presentasi_keuangan_202407_8867|969473|draft data final
BCH-0002323,presentasi_logistik_202510_0652.xlsx,365482,2024-07-28,portal-upload-mobile,presentasi_logistik_202510_0652|365482|draft rekap approved
BCH-0002430,log_keuangan_202408_4587.xml,3466660,2024-07-19,portal-upload-mobile,log_keuangan_202408_4587|3466660|pending revisi periode
BCH-0003886,laporan_sdm_202509_8959.jpeg,4434388,2024-07-17,server-arsip-semarang,laporan_sdm_202509_8959|4434388|rekap periode draft
BCH-0001661,gambar_teknologi_202509_7669.xls,23981421,2024-04-23,cloud-storage-azure,gambar_teknologi_202509_7669|23981421|total rekap final
DUP-0000421,backup_teknologi_202209_8152.json,3750509,2022-11-12,portal-upload-web,backup|teknologi|3750509|draft approved file total
BCH-0003667,surat_riset_202402_1217.zip,278299,2024-09-06,nas-lokal-04,surat_riset_202402_1217|278299|data periode draft
BCH-0002917,kontrak_audit_202411_4527.rar,353430,2024-02-19,cloud-storage-azure,kontrak_audit_202411_4527|353430|arsip approved revisi
BCH-0000318,memo_audit_202506_1967.xml,4662054,2024-12-22,server-arsip-semarang,memo_audit_202506_1967|4662054|total rekap periode
BCH-0002628,memo_hukum_202508_2632.jpg,283595,2024-06-12,ftp-cabang,memo_hukum_202508_2632|283595|final pending approved
BCH-0000222,invoice_logistik_202403_0652.pdf,398482,2024-10-03,server-arsip-makassar,invoice_logistik_202403_0652|398482|draft arsip data
DUP-0000045,invoice_riset_202201_3311.docx,78039,2022-08-08,backup-eksternal,invoice|riset|78039|total rekap dokumen
BCH-0001757,invoice_riset_202408_8802.pdf,159746,2024-03-01,ftp-cabang,invoice_riset_202408_8802|159746|rekap final data
BCH-0001786,invoice_hukum_202408_1753.jpeg,3511637,2024-07-30,server-arsip-makassar,invoice_hukum_202408_1753|3511637|final data draft
BCH-0000154,dataset_manajemen_202511_5731.json,272003,2024-06-07,server-arsip-medan,dataset_manajemen_202511_5731|272003|rekap arsip data
BCH-0000382,memo_hukum_202402_6272.doc,495700,2024-01-02,ftp-cabang,memo_hukum_202402_6272|495700|arsip total revisi
BCH-0002637,presentasi_manajemen_202411_0659.doc,74253,2024-12-21,server-arsip-semarang,presentasi_manajemen_202411_0659|74253|approved final arsip
BCH-0002655,invoice_hukum_202511_5713.jpg,2633044,2024-12-15,nas-lokal-04,invoice_hukum_202511_5713|2633044|rekap approved data
BCH-0003718,log_pemasaran_202505_8305.rar,96457,2024-07-07,ftp-cabang,log_pemasaran_202505_8305|96457|pending total approved
DUP-0000334,invoice_keuangan_202402_7235.zip,29617,2024-02-06,portal-upload-web,invoice|keuangan|29617|rekap periode draft total pending
DUP-0000085,invoice_manajemen_202406_2869.json,194706,2024-08-09,backup-eksternal,invoice|manajemen|194706|periode file total pending rekap
BCH-0002234,surat_teknologi_202412_7124.xml,1646794,2024-10-02,ftp-cabang,surat_teknologi_202412_7124|1646794|periode arsip data
BCH-0004229,invoice_keuangan_202404_4285.csv,44670,2024-11-22,nas-lokal-04,invoice_keuangan_202404_4285|44670|data revisi pending
BCH-0004171,surat_audit_202409_3588.xls,1477221,2024-06-29,nas-lokal-04,surat_audit_202409_3588|1477221|final revisi approved
BCH-0002732,kontrak_audit_202406_8748.csv,676219,2024-09-22,ftp-cabang,kontrak_audit_202406_8748|676219|data revisi pending
BCH-0000575,presentasi_sdm_202504_8820.png,107514,2024-07-22,server-arsip-semarang,presentasi_sdm_202504_8820|107514|data revisi total
DUP-0000066,gambar_sdm_202303_4829.docx,193158,2024-07-31,server-arsip-surabaya,gambar|sdm|193158|approved revisi data dokumen rekap
DUP-0000449,memo_keuangan_202212_9176.json,8565314,2024-01-06,server-arsip-bandung,memo|keuangan|8565314|rekap revisi approved dokumen
BCH-0000544,backup_audit_202506_2619.zip,7510677,2024-06-01,server-arsip-medan,backup_audit_202506_2619|7510677|total periode pending
BCH-0003524,surat_keuangan_202503_7174.xml,214096,2024-07-07,nas-lokal-04,surat_keuangan_202503_7174|214096|revisi approved total
BCH-0000433,gambar_operasional_202501_8994.json,31910780,2024-08-14,nas-lokal-04,gambar_operasional_202501_8994|31910780|draft final total
BCH-0003521,dataset_sdm_202403_7201.xml,4097138,2024-11-06,nas-lokal-03,dataset_sdm_202403_7201|4097138|periode rekap approved
BCH-0003705,backup_operasional_202407_2895.png,457206,2024-02-28,server-arsip-semarang,backup_operasional_202407_2895|457206|revisi draft pending
BCH-0001659,gambar_riset_202501_0247.jpeg,3267279,2024-01-31,server-arsip-makassar,gambar_riset_202501_0247|3267279|final periode draft
BCH-0003136,gambar_pemasaran_202512_0717.xml,603975,2024-10-06,cloud-storage-azure,gambar_pemasaran_202512_0717|603975|arsip pending total
BCH-0000334,laporan_manajemen_202411_6787.pdf,1829029,2024-07-25,server-arsip-makassar,laporan_manajemen_202411_6787|1829029|total periode pending
BCH-0000740,laporan_logistik_202504_4795.txt,166552619,2024-04-08,server-arsip-semarang,laporan_logistik_202504_4795|166552619|periode revisi data
DUP-0000177,kontrak_logistik_202407_1662.png,28570725,2024-09-08,portal-upload-web,kontrak|logistik|28570725|data revisi periode pending total
BCH-0001504,gambar_sdm_202504_3013.jpeg,40288912,2024-06-21,nas-lokal-03,gambar_sdm_202504_3013|40288912|total draft final
BCH-0002554,invoice_keuangan_202510_5758.zip,3440076,2024-11-26,nas-lokal-03,invoice_keuangan_202510_5758|3440076|data final approved
BCH-0004391,laporan_keuangan_202504_9427.pdf,40553053,2024-03-11,nas-lokal-03,laporan_keuangan_202504_9427|40553053|data periode draft
BCH-0000281,presentasi_operasional_202508_1728.doc,16499915,2024-06-02,nas-lokal-03,presentasi_operasional_202508_1728|16499915|final draft approved
BCH-0000763,surat_keuangan_202404_9440.csv,220780,2024-12-29,nas-lokal-03,surat_keuangan_202404_9440|220780|revisi data approved
BCH-0001547,laporan_keuangan_202409_9744.jpeg,4391396,2024-12-07,nas-lokal-04,laporan_keuangan_202409_9744|4391396|total periode draft
BCH-0004292,invoice_sdm_202407_3431.xlsx,316584,2024-10-23,cloud-storage-azure,invoice_sdm_202407_3431|316584|periode data pending
BCH-0001398,backup_manajemen_202507_9949.zip,2986179,2024-08-14,nas-lokal-04,backup_manajemen_202507_9949|2986179|approved rekap data
BCH-0002026,log_operasional_202508_8807.doc,2489707,2024-02-18,server-arsip-medan,log_operasional_202508_8807|2489707|approved revisi pending
BCH-0002141,gambar_pemasaran_202509_9622.xls,434415,2024-09-03,server-arsip-semarang,gambar_pemasaran_202509_9622|434415|total approved draft
BCH-0001032,kontrak_hukum_202401_5629.pdf,36738459,2024-03-04,ftp-cabang,kontrak_hukum_202401_5629|36738459|approved revisi total
BCH-0003040,gambar_pemasaran_202505_1769.png,284307,2024-10-29,server-arsip-medan,gambar_pemasaran_202505_1769|284307|rekap final total
DUP-0000408,dataset_audit_202206_3617.jpg,2646969,2022-05-26,server-arsip-jakarta,dataset|audit|2646969|data pending total
BCH-0003566,log_operasional_202502_2698.docx,1900141,2024-07-19,nas-lokal-04,log_operasional_202502_2698|1900141|approved rekap final
BCH-0002147,dataset_hukum_202401_7777.zip,263499,2024-02-19,server-arsip-medan,dataset_hukum_202401_7777|263499|revisi periode final
BCH-0001311,laporan_teknologi_202408_9691.jpg,82478,2024-01-19,server-arsip-semarang,laporan_teknologi_202408_9691|82478|arsip revisi total
BCH-0002286,backup_logistik_202510_5404.doc,433603,2024-03-27,portal-upload-mobile,backup_logistik_202510_5404|433603|arsip pending data
BCH-0000679,presentasi_keuangan_202509_8195.png,2279576,2024-11-27,server-arsip-makassar,presentasi_keuangan_202509_8195|2279576|arsip rekap revisi
BCH-0002051,surat_hukum_202401_3199.txt,1770347,2024-08-24,nas-lokal-03,surat_hukum_202401_3199|1770347|draft arsip periode
BCH-0004401,kontrak_manajemen_202402_3064.xlsx,339065,2024-03-26,ftp-cabang,kontrak_manajemen_202402_3064|339065|data total approved
BCH-0000669,laporan_logistik_202404_4771.docx,492137,2024-08-30,server-arsip-medan,laporan_logistik_202404_4771|492137|arsip approved revisi
BCH-0003214,gambar_operasional_202512_1737.jpg,494530346,2024-01-20,ftp-cabang,gambar_operasional_202512_1737|494530346|rekap total data
BCH-0002397,log_sdm_202409_0496.docx,76043,2024-06-27,server-arsip-medan,log_sdm_202409_0496|76043|approved pending total
BCH-0000177,gambar_keuangan_202505_5945.zip,37069681,2024-10-03,server-arsip-semarang,gambar_keuangan_202505_5945|37069681|final approved pending
DUP-0000289,gambar_teknologi_202202_9407.csv,348636,2023-04-21,ftp-pusat,gambar|teknologi|348636|file rekap periode approved dokumen
DUP-0000410,invoice_riset_202406_7440.xlsx,2709134,2022-01-02,ftp-pusat,invoice|riset|2709134|file periode rekap draft
BCH-0000006,dataset_sdm_202407_7110.txt,36567514,2024-07-01,nas-lokal-03,dataset_sdm_202407_7110|36567514|pending revisi periode
BCH-0000651,surat_logistik_202505_5153.jpg,199681,2024-09-10,server-arsip-semarang,surat_logistik_202505_5153|199681|pending rekap final
BCH-0002322,memo_keuangan_202505_6167.doc,34872240,2024-07-17,nas-lokal-03,memo_keuangan_202505_6167|34872240|periode total revisi
DUP-0000285,laporan_sdm_202209_5979.zip,1688269,2022-05-29,nas-lokal-01,laporan|sdm|1688269|data approved dokumen total draft
BCH-0000534,invoice_audit_202405_4328.jpg,1657118,2024-02-25,server-arsip-medan,invoice_audit_202405_4328|1657118|rekap data arsip
BCH-0002544,surat_hukum_202404_9586.jpg,2059606,2024-05-21,server-arsip-medan,surat_hukum_202404_9586|2059606|periode draft revisi
BCH-0000757,surat_pemasaran_202406_3309.png,291057,2024-06-17,cloud-storage-azure,surat_pemasaran_202406_3309|291057|rekap data total
BCH-0003760,memo_audit_202505_6096.jpeg,397926,2024-10-18,server-arsip-semarang,memo_audit_202505_6096|397926|final draft revisi
BCH-0001466,memo_keuangan_202402_8798.xls,3782160,2024-06-08,portal-upload-mobile,memo_keuangan_202402_8798|3782160|approved total rekap
BCH-0002839,gambar_keuangan_202409_1170.xlsx,2658309,2024-01-22,server-arsip-medan,gambar_keuangan_202409_1170|2658309|draft revisi periode
DUP-0000493,kontrak_hukum_202407_6860.xml,3199822,2023-05-24,cloud-storage-gcp,kontrak|hukum|3199822|draft final pending periode
BCH-0003119,invoice_operasional_202505_3017.xlsx,3880470,2024-04-02,server-arsip-medan,invoice_operasional_202505_3017|3880470|periode final pending
BCH-0004198,laporan_pemasaran_202502_9081.txt,130094642,2024-12-06,server-arsip-semarang,laporan_pemasaran_202502_9081|130094642|arsip revisi final
BCH-0001883,surat_riset_202406_7612.xls,2561469,2024-09-19,server-arsip-makassar,surat_riset_202406_7612|2561469|total arsip rekap
BCH-0003780,presentasi_logistik_202502_3867.json,2241314,2024-04-04,cloud-storage-azure,presentasi_logistik_202502_3867|2241314|revisi arsip draft
BCH-0003546,memo_manajemen_202411_4639.xls,24430972,2024-11-11,ftp-cabang,memo_manajemen_202411_4639|24430972|data total approved
BCH-0002305,backup_manajemen_202410_4857.txt,25139,2024-03-22,nas-lokal-04,backup_manajemen_202410_4857|25139|rekap approved revisi
BCH-0002213,dataset_hukum_202512_1844.doc,428874,2024-08-25,cloud-storage-azure,dataset_hukum_202512_1844|428874|data rekap approved
BCH-0002984,backup_keuangan_202503_4338.jpeg,64137,2024-02-27,server-arsip-makassar,backup_keuangan_202503_4338|64137|final revisi approved
BCH-0003417,surat_sdm_202505_4069.json,421078,2024-10-22,nas-lokal-03,surat_sdm_202505_4069|421078|arsip revisi data
BCH-0001246,invoice_teknologi_202509_8445.txt,15134975,2024-08-03,nas-lokal-04,invoice_teknologi_202509_8445|15134975|final data rekap
BCH-0001053,presentasi_keuangan_202408_6644.jpeg,9069015,2024-04-23,server-arsip-medan,presentasi_keuangan_202408_6644|9069015|data approved final
BCH-0002618,gambar_teknologi_202509_4309.png,40174,2024-03-15,nas-lokal-03,gambar_teknologi_202509_4309|40174|periode data arsip
DUP-0000076,memo_manajemen_202207_9267.docx,825704,2022-11-29,cloud-storage-aws,memo|manajemen|825704|final draft arsip pending
BCH-0002101,invoice_sdm_202408_6149.xml,1098479,2024-10-04,server-arsip-semarang,invoice_sdm_202408_6149|1098479|approved draft total
BCH-0000810,kontrak_riset_202509_8526.docx,38315607,2024-01-23,server-arsip-semarang,kontrak_riset_202509_8526|38315607|total data periode
BCH-0002042,log_pemasaran_202504_2748.txt,46793,2024-02-02,cloud-storage-azure,log_pemasaran_202504_2748|46793|draft periode pending
BCH-0001244,dataset_logistik_202503_1121.jpeg,210590,2024-11-21,ftp-cabang,dataset_logistik_202503_1121|210590|revisi pending rekap
BCH-0002033,memo_operasional_202405_2540.doc,433331,2024-09-05,server-arsip-makassar,memo_operasional_202405_2540|433331|data revisi arsip
BCH-0001170,backup_teknologi_202505_9276.docx,21734076,2024-09-22,nas-lokal-04,backup_teknologi_202505_9276|21734076|approved arsip final
BCH-0004500,kontrak_audit_202402_2928.rar,562334,2024-11-07,portal-upload-mobile,kontrak_audit_202402_2928|562334|revisi arsip periode
BCH-0002858,presentasi_operasional_202511_8009.doc,104810819,2024-08-27,server-arsip-medan,presentasi_operasional_202511_8009|104810819|data pending final
BCH-0003050,kontrak_pemasaran_202503_2555.zip,761948,2024-07-29,server-arsip-semarang,kontrak_pemasaran_202503_2555|761948|total data revisi
BCH-0004090,surat_keuangan_202508_0086.png,1792436,2024-07-06,server-arsip-semarang,surat_keuangan_202508_0086|1792436|data final pending
BCH-0001701,gambar_pemasaran_202401_9578.doc,4774495,2024-03-30,nas-lokal-04,gambar_pemasaran_202401_9578|4774495|periode rekap data
BCH-0004045,backup_keuangan_202501_8287.csv,214868,2024-07-28,server-arsip-makassar,backup_keuangan_202501_8287|214868|approved total final
BCH-0003030,dataset_riset_202412_5077.png,3221166,2024-10-18,cloud-storage-azure,dataset_riset_202412_5077|3221166|revisi periode rekap
BCH-0004369,kontrak_hukum_202410_3906.doc,3415481,2024-12-19,server-arsip-makassar,kontrak_hukum_202410_3906|3415481|arsip data pending
BCH-0001035,surat_hukum_202501_8198.jpg,307888,2024-10-04,cloud-storage-azure,surat_hukum_202501_8198|307888|pending rekap periode
BCH-0000124,memo_keuangan_202504_8909.jpg,723640,2024-04-15,ftp-cabang,memo_keuangan_202504_8909|723640|periode rekap final
BCH-0001544,invoice_logistik_202509_1052.xls,4525303,2024-12-13,cloud-storage-azure,invoice_logistik_202509_1052|4525303|draft final arsip
DUP-0000271,presentasi_riset_202404_2510.zip,273403,2022-04-14,nas-lokal-02,presentasi|riset|273403|dokumen file arsip total
BCH-0001233,laporan_keuangan_202512_5364.xlsx,3628921,2024-05-29,server-arsip-semarang,laporan_keuangan_202512_5364|3628921|approved total rekap
BCH-0002500,memo_audit_202411_5563.xml,1120395,2024-06-18,nas-lokal-04,memo_audit_202411_5563|1120395|arsip pending approved
BCH-0001699,memo_keuangan_202401_4633.json,1908984,2024-12-16,server-arsip-semarang,memo_keuangan_202401_4633|1908984|total final revisi
BCH-0002285,backup_riset_202403_0021.xlsx,4043579,2024-03-07,portal-upload-mobile,backup_riset_202403_0021|4043579|total draft data
BCH-0004060,laporan_teknologi_202511_4443.xml,19124108,2024-05-14,server-arsip-medan,laporan_teknologi_202511_4443|19124108|final approved draft
BCH-0000028,invoice_audit_202502_9527.json,4227417,2024-11-10,ftp-cabang,invoice_audit_202502_9527|4227417|total draft periode
BCH-0003893,invoice_pemasaran_202404_9232.jpg,2500940,2024-11-11,nas-lokal-03,invoice_pemasaran_202404_9232|2500940|pending revisi data
BCH-0003177,laporan_riset_202409_2730.rar,4982071,2024-08-09,nas-lokal-03,laporan_riset_202409_2730|4982071|final arsip periode
BCH-0000454,dataset_logistik_202408_7631.jpg,13005487,2024-07-31,nas-lokal-03,dataset_logistik_202408_7631|13005487|final approved data
BCH-0003857,dataset_sdm_202404_4860.xml,483377,2024-01-14,nas-lokal-04,dataset_sdm_202404_4860|483377|rekap draft final
BCH-0000097,memo_audit_202504_1256.jpg,4978976,2024-06-02,nas-lokal-03,memo_audit_202504_1256|4978976|periode data pending
BCH-0001315,backup_keuangan_202506_0168.zip,4654159,2024-08-30,server-arsip-semarang,backup_keuangan_202506_0168|4654159|approved periode revisi
BCH-0003660,log_sdm_202509_1015.xls,4928232,2024-08-14,portal-upload-mobile,log_sdm_202509_1015|4928232|approved total rekap
BCH-0001622,surat_keuangan_202511_1757.xls,16641372,2024-03-12,ftp-cabang,surat_keuangan_202511_1757|16641372|draft pending data
BCH-0001845,gambar_audit_202407_2605.png,2617076,2024-11-15,server-arsip-medan,gambar_audit_202407_2605|2617076|data pending revisi
BCH-0000918,kontrak_teknologi_202409_7606.txt,394766,2024-05-14,nas-lokal-04,kontrak_teknologi_202409_7606|394766|rekap approved pending
BCH-0003389,kontrak_keuangan_202411_7893.xlsx,2377291,2024-05-12,server-arsip-semarang,kontrak_keuangan_202411_7893|2377291|final draft periode
BCH-0002891,log_pemasaran_202407_3223.rar,172981,2024-10-07,cloud-storage-azure,log_pemasaran_202407_3223|172981|data total approved
BCH-0003079,surat_pemasaran_202505_8562.doc,82653,2024-07-08,server-arsip-medan,surat_pemasaran_202505_8562|82653|data periode approved
BCH-0001979,gambar_pemasaran_202403_8229.docx,1834355,2024-08-03,server-arsip-medan,gambar_pemasaran_202403_8229|1834355|draft periode arsip
BCH-0002011,surat_riset_202401_2962.jpeg,248511,2024-10-15,server-arsip-semarang,surat_riset_202401_2962|248511|arsip pending periode
BCH-0003999,log_sdm_202501_2643.jpeg,28162023,2024-02-11,server-arsip-medan,log_sdm_202501_2643|28162023|data approved pending
BCH-0004034,memo_audit_202408_9932.doc,216331,2024-08-16,server-arsip-semarang,memo_audit_202408_9932|216331|pending data rekap
BCH-0001072,surat_hukum_202511_9789.xml,374691,2024-05-24,portal-upload-mobile,surat_hukum_202511_9789|374691|draft revisi final
DUP-0000274,dataset_riset_202201_6626.pdf,2682438,2024-07-15,ftp-pusat,dataset|riset|2682438|arsip revisi total pending dokumen
BCH-0000475,gambar_logistik_202405_1250.jpg,362087230,2024-05-06,server-arsip-semarang,gambar_logistik_202405_1250|362087230|rekap draft approved
BCH-0004172,memo_pemasaran_202501_6130.xlsx,4050035,2024-05-20,server-arsip-medan,memo_pemasaran_202501_6130|4050035|rekap revisi periode
BCH-0001851,gambar_operasional_202512_4665.csv,2099010,2024-02-06,portal-upload-mobile,gambar_operasional_202512_4665|2099010|draft approved data
BCH-0000150,kontrak_sdm_202405_7666.xls,499122,2024-01-07,nas-lokal-03,kontrak_sdm_202405_7666|499122|data approved pending
BCH-0001463,presentasi_keuangan_202502_0635.txt,344241306,2024-12-15,portal-upload-mobile,presentasi_keuangan_202502_0635|344241306|pending rekap draft
BCH-0001013,surat_pemasaran_202512_1172.pdf,25859189,2024-04-07,server-arsip-semarang,surat_pemasaran_202512_1172|25859189|draft final pending
BCH-0001683,kontrak_sdm_202509_3373.jpeg,315508,2024-11-27,server-arsip-semarang,kontrak_sdm_202509_3373|315508|periode approved revisi
BCH-0001474,memo_audit_202404_8613.rar,12910113,2024-02-06,server-arsip-semarang,memo_audit_202404_8613|12910113|periode approved revisi
BCH-0004082,dataset_audit_202511_4957.png,45287004,2024-11-21,server-arsip-medan,dataset_audit_202511_4957|45287004|revisi total approved
BCH-0001567,gambar_keuangan_202504_0938.docx,217646978,2024-01-13,ftp-cabang,gambar_keuangan_202504_0938|217646978|pending data periode
BCH-0000629,log_sdm_202507_7064.xlsx,231510,2024-08-22,server-arsip-makassar,log_sdm_202507_7064|231510|periode pending revisi
BCH-0003467,dataset_operasional_202512_6956.pdf,4081633,2024-07-02,nas-lokal-03,dataset_operasional_202512_6956|4081633|arsip data periode
BCH-0001805,invoice_audit_202508_7750.rar,2634702,2024-11-10,cloud-storage-azure,invoice_audit_202508_7750|2634702|pending rekap draft
BCH-0001294,gambar_hukum_202404_3386.xml,165138,2024-05-17,server-arsip-medan,gambar_hukum_202404_3386|165138|approved pending rekap
DUP-0000300,laporan_sdm_202410_5225.jpg,175714508,2023-10-19,cloud-storage-aws,laporan|sdm|175714508|periode data arsip revisi
BCH-0002934,memo_keuangan_202506_8914.png,726328,2024-10-14,server-arsip-semarang,memo_keuangan_202506_8914|726328|approved data pending
BCH-0003268,kontrak_logistik_202503_1711.doc,4722676,2024-06-03,cloud-storage-azure,kontrak_logistik_202503_1711|4722676|arsip revisi total
BCH-0001684,memo_hukum_202412_3003.jpg,301844,2024-11-10,nas-lokal-04,memo_hukum_202412_3003|301844|arsip draft data
BCH-0000954,laporan_hukum_202512_2504.txt,20199330,2024-05-05,nas-lokal-04,laporan_hukum_202512_2504|20199330|periode data pending
BCH-0002102,presentasi_teknologi_202508_0067.zip,890329,2024-06-27,portal-upload-mobile,presentasi_teknologi_202508_0067|890329|approved total draft
BCH-0004089,laporan_keuangan_202401_9129.txt,393415728,2024-09-03,ftp-cabang,laporan_keuangan_202401_9129|393415728|data periode draft
BCH-0002365,memo_riset_202508_8085.xlsx,4161400,2024-09-07,server-arsip-medan,memo_riset_202508_8085|4161400|revisi approved periode
BCH-0001471,presentasi_riset_202409_8835.csv,291328,2024-01-16,server-arsip-medan,presentasi_riset_202409_8835|291328|final approved revisi
DUP-0000184,surat_logistik_202302_5388.docx,2079900,2024-07-13,cloud-storage-gcp,surat|logistik|2079900|periode total arsip
BCH-0002840,memo_riset_202509_9179.doc,117600,2024-02-28,server-arsip-semarang,memo_riset_202509_9179|117600|approved total draft
BCH-0002805,gambar_riset_202506_6453.xml,188626,2024-08-28,portal-upload-mobile,gambar_riset_202506_6453|188626|draft rekap revisi
BCH-0001542,laporan_operasional_202411_1313.docx,1097736,2024-07-19,server-arsip-makassar,laporan_operasional_202411_1313|1097736|arsip approved pending
BCH-0000075,gambar_manajemen_202501_4948.xml,427925,2024-03-01,nas-lokal-04,gambar_manajemen_202501_4948|427925|final periode data
BCH-0004262,invoice_manajemen_202506_2816.xls,33230666,2024-12-30,server-arsip-semarang,invoice_manajemen_202506_2816|33230666|periode revisi arsip
BCH-0004444,kontrak_manajemen_202503_0534.xlsx,2474796,2024-06-21,portal-upload-mobile,kontrak_manajemen_202503_0534|2474796|draft data rekap
BCH-0001113,laporan_hukum_202506_2177.docx,4584306,2024-12-13,portal-upload-mobile,laporan_hukum_202506_2177|4584306|final pending data
BCH-0002369,log_pemasaran_202401_4477.doc,2144878,2024-05-25,nas-lokal-04,log_pemasaran_202401_4477|2144878|revisi rekap approved
BCH-0003872,laporan_hukum_202506_5983.csv,4474913,2024-10-30,server-arsip-makassar,laporan_hukum_202506_5983|4474913|pending periode rekap
BCH-0004104,gambar_audit_202401_7612.doc,27559615,2024-10-24,nas-lokal-04,gambar_audit_202401_7612|27559615|pending periode rekap
BCH-0000352,log_pemasaran_202504_2099.csv,479551,2024-05-31,nas-lokal-03,log_pemasaran_202504_2099|479551|data final approved
BCH-0000778,invoice_audit_202401_2833.json,3109380,2024-03-19,portal-upload-mobile,invoice_audit_202401_2833|3109380|total rekap revisi
BCH-0001993,kontrak_pemasaran_202406_9845.csv,3720364,2024-04-18,server-arsip-makassar,kontrak_pemasaran_202406_9845|3720364|final approved periode
DUP-0000103,dataset_sdm_202207_3785.xml,39713878,2022-07-23,server-arsip-surabaya,dataset|sdm|39713878|total data dokumen approved final
BCH-0000338,presentasi_pemasaran_202408_4634.xml,164898,2024-05-03,server-arsip-makassar,presentasi_pemasaran_202408_4634|164898|periode revisi data
BCH-0002651,laporan_operasional_202412_1602.zip,1701388,2024-07-03,portal-upload-mobile,laporan_operasional_202412_1602|1701388|pending arsip draft
BCH-0004054,presentasi_pemasaran_202401_0986.txt,55554,2024-07-23,server-arsip-medan,presentasi_pemasaran_202401_0986|55554|approved revisi periode
DUP-0000169,gambar_logistik_202306_6940.txt,355496,2024-04-21,backup-eksternal,gambar|logistik|355496|rekap data total file approved
BCH-0001668,invoice_teknologi_202503_3789.jpeg,343558,2024-08-11,cloud-storage-azure,invoice_teknologi_202503_3789|343558|periode rekap total
BCH-0003921,log_manajemen_202407_4852.rar,417482,2024-06-13,server-arsip-medan,log_manajemen_202407_4852|417482|pending total final
BCH-0003593,gambar_keuangan_202408_7170.jpeg,4822278,2024-03-31,server-arsip-makassar,gambar_keuangan_202408_7170|4822278|revisi arsip draft
BCH-0001207,kontrak_pemasaran_202402_6847.doc,295458160,2024-02-16,cloud-storage-azure,kontrak_pemasaran_202402_6847|295458160|rekap revisi draft
BCH-0001488,invoice_operasional_202502_8966.pdf,38015,2024-09-12,server-arsip-semarang,invoice_operasional_202502_8966|38015|final total approved
BCH-0001745,backup_logistik_202412_4833.png,13374,2024-06-13,server-arsip-semarang,backup_logistik_202412_4833|13374|periode pending arsip
BCH-0003612,invoice_sdm_202410_1414.jpeg,46291314,2024-05-30,nas-lokal-04,invoice_sdm_202410_1414|46291314|pending total revisi
BCH-0003585,invoice_logistik_202402_3648.zip,3174853,2024-10-17,server-arsip-medan,invoice_logistik_202402_3648|3174853|arsip final periode
BCH-0002814,invoice_hukum_202506_8279.jpg,2560520,2024-05-30,ftp-cabang,invoice_hukum_202506_8279|2560520|rekap total pending
BCH-0004352,kontrak_riset_202512_6162.pdf,1721240,2024-12-06,nas-lokal-03,kontrak_riset_202512_6162|1721240|rekap approved total
DUP-0000047,memo_teknologi_202211_4916.json,217505,2024-07-25,nas-lokal-01,memo|teknologi|217505|rekap pending dokumen
DUP-0000387,log_manajemen_202411_1280.docx,340648,2023-10-02,portal-upload-web,log|manajemen|340648|draft arsip rekap
DUP-0000471,dataset_keuangan_202407_6811.json,340516,2024-10-12,portal-upload-web,dataset|keuangan|340516|file arsip final rekap pending
BCH-0000410,kontrak_sdm_202511_2456.doc,260728,2024-09-18,server-arsip-makassar,kontrak_sdm_202511_2456|260728|pending data rekap
BCH-0001302,log_teknologi_202401_7915.jpg,2423045,2024-03-10,server-arsip-makassar,log_teknologi_202401_7915|2423045|total pending approved
BCH-0002193,presentasi_logistik_202502_7006.jpg,398213660,2024-10-19,portal-upload-mobile,presentasi_logistik_202502_7006|398213660|pending arsip periode
BCH-0003532,presentasi_keuangan_202509_8097.csv,224525,2024-01-25,server-arsip-medan,presentasi_keuangan_202509_8097|224525|revisi approved total
BCH-0001335,surat_sdm_202501_0568.json,4131979,2024-09-26,server-arsip-semarang,surat_sdm_202501_0568|4131979|total final approved
BCH-0001316,invoice_operasional_202401_0377.xml,382535,2024-03-12,nas-lokal-04,invoice_operasional_202401_0377|382535|draft final revisi
BCH-0004327,memo_hukum_202507_4194.jpg,2219996,2024-12-22,server-arsip-semarang,memo_hukum_202507_4194|2219996|pending total final
BCH-0002759,presentasi_pemasaran_202508_0317.jpeg,54118,2024-10-06,ftp-cabang,presentasi_pemasaran_202508_0317|54118|draft revisi rekap
BCH-0003917,laporan_sdm_202511_2347.jpg,1772575,2024-05-08,cloud-storage-azure,laporan_sdm_202511_2347|1772575|pending final arsip
BCH-0001282,invoice_riset_202506_1352.xls,30699408,2024-12-18,server-arsip-makassar,invoice_riset_202506_1352|30699408|draft total periode
DUP-0000384,dataset_pemasaran_202402_8281.png,95581640,2022-10-01,nas-lokal-02,dataset|pemasaran|95581640|dokumen file rekap
BCH-0001733,log_hukum_202403_5980.jpeg,174624,2024-05-16,nas-lokal-03,log_hukum_202403_5980|174624|rekap arsip pending
BCH-0001765,memo_operasional_202411_3480.xlsx,196147,2024-09-12,nas-lokal-03,memo_operasional_202411_3480|196147|arsip rekap approved
BCH-0004315,gambar_teknologi_202410_8226.docx,50722,2024-03-22,cloud-storage-azure,gambar_teknologi_202410_8226|50722|final arsip rekap
DUP-0000453,kontrak_manajemen_202412_1940.xlsx,302206,2023-01-13,nas-lokal-01,kontrak|manajemen|302206|file rekap draft
DUP-0000181,gambar_riset_202209_4804.docx,253224099,2024-01-11,portal-upload-web,gambar|riset|253224099|file total rekap
BCH-0002319,memo_manajemen_202401_6714.jpg,213514,2024-05-05,server-arsip-medan,memo_manajemen_202401_6714|213514|pending revisi periode
BCH-0001898,presentasi_hukum_202508_9353.pdf,151264,2024-07-10,server-arsip-semarang,presentasi_hukum_202508_9353|151264|total data final
BCH-0003088,backup_riset_202407_2899.docx,2558873,2024-10-07,portal-upload-mobile,backup_riset_202407_2899|2558873|draft periode data
BCH-0004009,memo_audit_202403_4487.json,2303931,2024-02-29,nas-lokal-03,memo_audit_202403_4487|2303931|data arsip approved
BCH-0002335,surat_logistik_202403_1876.csv,342237,2024-03-25,nas-lokal-04,surat_logistik_202403_1876|342237|rekap final draft
BCH-0000070,dataset_sdm_202405_3729.xls,18643,2024-01-18,cloud-storage-azure,dataset_sdm_202405_3729|18643|arsip data periode
BCH-0002797,surat_hukum_202405_5741.png,303881,2024-01-30,nas-lokal-03,surat_hukum_202405_5741|303881|total rekap draft
BCH-0001028,invoice_teknologi_202510_9337.jpg,2176294,2024-09-30,ftp-cabang,invoice_teknologi_202510_9337|2176294|approved pending draft
DUP-0000137,backup_teknologi_202403_5994.pdf,4460295,2024-03-14,cloud-storage-aws,backup|teknologi|4460295|file final periode pending total
BCH-0000361,laporan_sdm_202501_4101.pdf,28573280,2024-09-25,server-arsip-makassar,laporan_sdm_202501_4101|28573280|pending periode final
BCH-0003280,dataset_manajemen_202510_2984.jpg,353097,2024-11-17,ftp-cabang,dataset_manajemen_202510_2984|353097|revisi arsip approved
BCH-0001639,surat_manajemen_202409_6603.csv,175783,2024-04-02,cloud-storage-azure,surat_manajemen_202409_6603|175783|pending revisi total
BCH-0004263,surat_pemasaran_202506_2517.xlsx,526353,2024-04-25,ftp-cabang,surat_pemasaran_202506_2517|526353|data rekap total
BCH-0002324,gambar_manajemen_202512_6267.xml,487845689,2024-03-12,portal-upload-mobile,gambar_manajemen_202512_6267|487845689|periode total final
BCH-0002709,log_riset_202505_3517.docx,412179,2024-12-20,ftp-cabang,log_riset_202505_3517|412179|total pending arsip
BCH-0000863,dataset_teknologi_202510_1322.jpeg,2061089,2024-03-11,server-arsip-makassar,dataset_teknologi_202510_1322|2061089|arsip draft data
BCH-0002409,kontrak_operasional_202506_1198.xlsx,33284121,2024-02-21,server-arsip-semarang,kontrak_operasional_202506_1198|33284121|arsip rekap approved
BCH-0003573,backup_sdm_202506_6451.jpeg,3497471,2024-11-19,cloud-storage-azure,backup_sdm_202506_6451|3497471|approved rekap periode
BCH-0003887,memo_operasional_202507_3491.txt,157893,2024-09-27,server-arsip-medan,memo_operasional_202507_3491|157893|approved pending revisi
BCH-0003879,gambar_keuangan_202403_2468.jpg,78187,2024-01-28,server-arsip-makassar,gambar_keuangan_202403_2468|78187|data pending total
BCH-0002823,memo_logistik_202504_8485.png,13577379,2024-09-12,ftp-cabang,memo_logistik_202504_8485|13577379|approved draft periode
BCH-0002466,gambar_riset_202503_6625.doc,1067595,2024-08-28,portal-upload-mobile,gambar_riset_202503_6625|1067595|approved arsip revisi
BCH-0003287,invoice_pemasaran_202504_3489.xls,30094155,2024-09-02,server-arsip-semarang,invoice_pemasaran_202504_3489|30094155|data draft revisi
BCH-0001644,dataset_pemasaran_202410_2751.txt,337621,2024-06-07,portal-upload-mobile,dataset_pemasaran_202410_2751|337621|draft periode total
BCH-0001430,gambar_riset_202508_6177.pdf,31607740,2024-03-11,nas-lokal-04,gambar_riset_202508_6177|31607740|total arsip pending
BCH-0002256,kontrak_pemasaran_202412_2441.xls,6304946,2024-06-05,server-arsip-medan,kontrak_pemasaran_202412_2441|6304946|approved pending arsip
BCH-0004462,gambar_sdm_202409_2032.zip,1296785,2024-12-06,server-arsip-semarang,gambar_sdm_202409_2032|1296785|approved rekap draft
BCH-0001922,gambar_riset_202501_9225.xml,358251,2024-03-20,portal-upload-mobile,gambar_riset_202501_9225|358251|arsip pending draft
BCH-0000637,memo_pemasaran_202409_7590.txt,2519628,2024-10-21,nas-lokal-03,memo_pemasaran_202409_7590|2519628|approved revisi draft
BCH-0001300,dataset_pemasaran_202507_2095.xml,409649,2024-01-16,nas-lokal-03,dataset_pemasaran_202507_2095|409649|arsip rekap draft
BCH-0000695,surat_audit_202412_3022.json,15236311,2024-12-25,cloud-storage-azure,surat_audit_202412_3022|15236311|total data final
BCH-0000514,invoice_riset_202506_3746.doc,87770673,2024-02-13,server-arsip-medan,invoice_riset_202506_3746|87770673|revisi final periode
BCH-0000451,surat_keuangan_202502_9386.txt,959760,2024-11-21,cloud-storage-azure,surat_keuangan_202502_9386|959760|periode total final
BCH-0000480,backup_audit_202509_9875.xlsx,3677656,2024-07-19,portal-upload-mobile,backup_audit_202509_9875|3677656|periode pending draft
BCH-0002292,memo_keuangan_202501_4276.xls,253129,2024-07-15,server-arsip-medan,memo_keuangan_202501_4276|253129|periode final data
BCH-0001536,presentasi_pemasaran_202509_2485.png,448572575,2024-07-26,nas-lokal-04,presentasi_pemasaran_202509_2485|448572575|rekap final arsip
BCH-0003296,dataset_operasional_202410_5617.csv,210311,2024-06-19,server-arsip-medan,dataset_operasional_202410_5617|210311|rekap periode arsip
BCH-0002508,log_audit_202403_8701.pdf,443084,2024-02-15,ftp-cabang,log_audit_202403_8701|443084|final periode rekap
BCH-0002278,log_riset_202507_1890.xml,78714,2024-06-07,nas-lokal-04,log_riset_202507_1890|78714|rekap periode final
BCH-0000210,gambar_pemasaran_202508_0783.jpeg,3595219,2024-07-02,server-arsip-medan,gambar_pemasaran_202508_0783|3595219|pending approved final
BCH-0001734,laporan_operasional_202511_9289.png,130638,2024-01-21,server-arsip-medan,laporan_operasional_202511_9289|130638|final data periode
BCH-0003154,presentasi_manajemen_202501_7704.rar,29923301,2024-01-16,portal-upload-mobile,presentasi_manajemen_202501_7704|29923301|approved final data
BCH-0003550,log_operasional_202506_6945.pdf,4840158,2024-02-12,server-arsip-makassar,log_operasional_202506_6945|4840158|total rekap approved
BCH-0002793,presentasi_logistik_202404_0276.pdf,3160690,2024-07-02,server-arsip-medan,presentasi_logistik_202404_0276|3160690|arsip total approved
DUP-0000101,log_pemasaran_202208_5058.csv,1721589,2023-12-04,cloud-storage-gcp,log|pemasaran|1721589|rekap arsip dokumen periode
BCH-0001509,dataset_pemasaran_202406_3784.json,1295062,2024-05-18,nas-lokal-03,dataset_pemasaran_202406_3784|1295062|total approved periode
BCH-0004004,memo_logistik_202408_7654.rar,269938335,2024-07-12,server-arsip-makassar,memo_logistik_202408_7654|269938335|periode approved total
BCH-0002297,invoice_teknologi_202404_6666.docx,302740,2024-03-29,nas-lokal-03,invoice_teknologi_202404_6666|302740|draft rekap arsip
BCH-0002915,memo_audit_202410_6053.jpeg,68309,2024-04-29,ftp-cabang,memo_audit_202410_6053|68309|approved pending rekap
BCH-0003729,surat_pemasaran_202402_1833.docx,1678582,2024-07-28,nas-lokal-03,surat_pemasaran_202402_1833|1678582|pending final revisi
BCH-0002439,surat_operasional_202512_0697.xls,342616496,2024-11-01,server-arsip-semarang,surat_operasional_202512_0697|342616496|total revisi arsip
BCH-0004092,presentasi_riset_202509_1231.txt,72427,2024-10-06,server-arsip-semarang,presentasi_riset_202509_1231|72427|total arsip draft
BCH-0001562,backup_audit_202501_7364.jpeg,311014,2024-10-22,server-arsip-makassar,backup_audit_202501_7364|311014|approved data rekap
DUP-0000026,invoice_sdm_202209_3219.zip,157123,2023-06-24,server-arsip-bandung,invoice|sdm|157123|total rekap arsip data approved
DUP-0000095,gambar_operasional_202408_7173.xml,318688956,2022-06-14,portal-upload-web,gambar|operasional|318688956|approved draft dokumen
BCH-0003890,surat_pemasaran_202508_6034.xlsx,3703766,2024-02-26,server-arsip-semarang,surat_pemasaran_202508_6034|3703766|data arsip approved
BCH-0002416,invoice_keuangan_202511_5227.csv,2001994,2024-09-20,server-arsip-makassar,invoice_keuangan_202511_5227|2001994|total approved arsip
BCH-0000578,log_keuangan_202503_8571.txt,423011,2024-07-01,server-arsip-semarang,log_keuangan_202503_8571|423011|final pending total
BCH-0003955,invoice_operasional_202506_8240.pdf,43625060,2024-09-11,ftp-cabang,invoice_operasional_202506_8240|43625060|draft pending arsip
BCH-0001682,presentasi_teknologi_202409_3373.jpeg,333058,2024-01-15,server-arsip-semarang,presentasi_teknologi_202409_3373|333058|arsip approved rekap
BCH-0002504,memo_audit_202411_0309.txt,487962,2024-06-06,server-arsip-makassar,memo_audit_202411_0309|487962|draft final approved
BCH-0000528,memo_teknologi_202409_4581.zip,911552,2024-08-25,portal-upload-mobile,memo_teknologi_202409_4581|911552|data arsip rekap
BCH-0002711,surat_riset_202409_1146.docx,768925,2024-07-04,cloud-storage-azure,surat_riset_202409_1146|768925|rekap draft arsip
BCH-0000507,surat_hukum_202509_1125.json,22571507,2024-12-16,server-arsip-medan,surat_hukum_202509_1125|22571507|approved arsip data
BCH-0002999,laporan_keuangan_202512_2730.txt,3498081,2024-05-11,nas-lokal-03,laporan_keuangan_202512_2730|3498081|rekap draft pending
BCH-0000703,log_manajemen_202504_4408.json,173275,2024-12-24,server-arsip-makassar,log_manajemen_202504_4408|173275|periode approved rekap
BCH-0002578,invoice_riset_202408_8387.txt,347639,2024-06-11,server-arsip-semarang,invoice_riset_202408_8387|347639|rekap arsip final
BCH-0003043,dataset_teknologi_202507_0800.xml,495932,2024-04-26,cloud-storage-azure,dataset_teknologi_202507_0800|495932|pending arsip draft
BCH-0001086,dataset_logistik_202409_5798.xls,30519475,2024-05-13,server-arsip-semarang,dataset_logistik_202409_5798|30519475|final rekap arsip
BCH-0002698,invoice_hukum_202409_7949.csv,324331,2024-07-15,nas-lokal-03,invoice_hukum_202409_7949|324331|final pending total
BCH-0001358,kontrak_hukum_202503_7489.pdf,223810,2024-05-08,nas-lokal-04,kontrak_hukum_202503_7489|223810|total approved periode
DUP-0000121,memo_sdm_202401_2685.docx,81938,2024-10-13,nas-lokal-01,memo|sdm|81938|arsip final periode draft dokumen
BCH-0000376,laporan_operasional_202406_5102.jpg,317616,2024-03-06,nas-lokal-03,laporan_operasional_202406_5102|317616|rekap approved pending
DUP-0000011,invoice_teknologi_202204_7761.png,462971468,2023-12-01,cloud-storage-gcp,invoice|teknologi|462971468|periode total final draft approved
BCH-0003371,memo_teknologi_202501_0639.txt,26711001,2024-11-14,server-arsip-makassar,memo_teknologi_202501_0639|26711001|rekap revisi arsip
BCH-0001892,backup_operasional_202405_5843.csv,864580,2024-09-18,nas-lokal-04,backup_operasional_202405_5843|864580|periode draft data
BCH-0003233,log_keuangan_202405_2538.xlsx,31169229,2024-09-13,cloud-storage-azure,log_keuangan_202405_2538|31169229|revisi final rekap
BCH-0000836,surat_logistik_202401_3283.csv,4972987,2024-04-18,server-arsip-semarang,surat_logistik_202401_3283|4972987|revisi final periode
DUP-0000405,kontrak_hukum_202307_5806.xlsx,4940172,2022-09-19,nas-lokal-02,kontrak|hukum|4940172|arsip revisi final total draft
DUP-0000109,laporan_sdm_202406_7047.png,23857635,2023-08-03,cloud-storage-gcp,laporan|sdm|23857635|final arsip draft approved periode
BCH-0001295,presentasi_keuangan_202504_8181.pdf,273394291,2024-10-18,server-arsip-makassar,presentasi_keuangan_202504_8181|273394291|revisi periode total
BCH-0003937,invoice_teknologi_202508_6730.xlsx,351035,2024-01-18,nas-lokal-03,invoice_teknologi_202508_6730|351035|draft pending periode
BCH-0000518,memo_manajemen_202401_7714.zip,23401014,2024-11-09,portal-upload-mobile,memo_manajemen_202401_7714|23401014|arsip final periode
BCH-0003080,laporan_pemasaran_202510_3591.doc,4671899,2024-11-04,ftp-cabang,laporan_pemasaran_202510_3591|4671899|arsip draft approved
BCH-0000884,presentasi_operasional_202401_6215.pdf,230872887,2024-10-10,server-arsip-medan,presentasi_operasional_202401_6215|230872887|approved total rekap
DUP-0000222,surat_sdm_202309_6023.png,66737,2022-08-24,cloud-storage-gcp,surat|sdm|66737|revisi approved arsip dokumen rekap
BCH-0001293,dataset_hukum_202401_8766.zip,20903173,2024-03-07,server-arsip-semarang,dataset_hukum_202401_8766|20903173|approved revisi pending
BCH-0003562,memo_pemasaran_202506_9966.pdf,273421,2024-06-02,server-arsip-medan,memo_pemasaran_202506_9966|273421|pending draft final
BCH-0000324,presentasi_sdm_202408_9310.jpeg,3614696,2024-11-10,cloud-storage-azure,presentasi_sdm_202408_9310|3614696|total periode arsip
BCH-0003662,backup_sdm_202412_7400.png,106641,2024-12-23,server-arsip-semarang,backup_sdm_202412_7400|106641|revisi total approved
DUP-0000191,laporan_operasional_202307_7275.zip,19882,2022-04-01,cloud-storage-aws,laporan|operasional|19882|approved periode file
DUP-0000469,gambar_keuangan_202206_4206.csv,373423,2022-08-10,server-arsip-jakarta,gambar|keuangan|373423|approved pending file
BCH-0003898,memo_manajemen_202405_5209.json,391692442,2024-06-18,ftp-cabang,memo_manajemen_202405_5209|391692442|revisi data periode
BCH-0003624,dataset_manajemen_202509_1165.docx,154649,2024-11-28,ftp-cabang,dataset_manajemen_202509_1165|154649|total final periode
BCH-0003020,presentasi_audit_202405_4023.zip,109577203,2024-04-06,cloud-storage-azure,presentasi_audit_202405_4023|109577203|periode final arsip
BCH-0003161,presentasi_pemasaran_202503_4568.json,318204,2024-10-24,server-arsip-medan,presentasi_pemasaran_202503_4568|318204|rekap pending revisi
BCH-0004343,surat_teknologi_202410_7294.xlsx,210518,2024-05-14,ftp-cabang,surat_teknologi_202410_7294|210518|draft final data
BCH-0001986,invoice_riset_202510_3083.xls,451661393,2024-07-26,cloud-storage-azure,invoice_riset_202510_3083|451661393|periode revisi approved
BCH-0003192,memo_logistik_202410_1939.txt,204959,2024-12-15,ftp-cabang,memo_logistik_202410_1939|204959|total final rekap
BCH-0002065,memo_logistik_202507_1589.csv,37017040,2024-08-01,server-arsip-semarang,memo_logistik_202507_1589|37017040|arsip revisi approved
BCH-0000602,presentasi_teknologi_202507_8817.docx,255073,2024-04-28,portal-upload-mobile,presentasi_teknologi_202507_8817|255073|data arsip pending
BCH-0001676,memo_operasional_202510_4926.doc,478597,2024-05-12,nas-lokal-04,memo_operasional_202510_4926|478597|draft data arsip
BCH-0002100,surat_operasional_202510_7274.png,35735524,2024-06-01,server-arsip-medan,surat_operasional_202510_7274|35735524|revisi pending rekap
BCH-0001719,backup_logistik_202407_0274.doc,2908540,2024-05-06,cloud-storage-azure,backup_logistik_202407_0274|2908540|final data total
BCH-0001321,log_logistik_202507_3382.jpg,3441301,2024-09-04,ftp-cabang,log_logistik_202507_3382|3441301|periode final approved
BCH-0003475,invoice_manajemen_202405_7985.pdf,15587423,2024-07-12,server-arsip-semarang,invoice_manajemen_202405_7985|15587423|arsip pending approved
BCH-0000851,invoice_keuangan_202512_3195.txt,2303020,2024-02-29,nas-lokal-03,invoice_keuangan_202512_3195|2303020|data rekap total
BCH-0001201,laporan_riset_202404_3852.jpeg,174899,2024-05-12,server-arsip-makassar,laporan_riset_202404_3852|174899|pending arsip periode
BCH-0000627,surat_manajemen_202509_3675.xls,318907,2024-11-30,nas-lokal-03,surat_manajemen_202509_3675|318907|arsip final revisi
BCH-0002361,memo_pemasaran_202412_2804.rar,21319416,2024-04-01,portal-upload-mobile,memo_pemasaran_202412_2804|21319416|periode arsip pending
BCH-0002352,memo_audit_202401_8413.json,338548,2024-10-18,nas-lokal-03,memo_audit_202401_8413|338548|periode rekap arsip
BCH-0001417,laporan_keuangan_202506_5038.xls,1598496,2024-06-25,ftp-cabang,laporan_keuangan_202506_5038|1598496|total data rekap
BCH-0000064,memo_riset_202503_3518.jpg,497680,2024-12-01,cloud-storage-azure,memo_riset_202503_3518|497680|pending arsip data
BCH-0000153,laporan_riset_202503_0249.xlsx,22270993,2024-01-27,nas-lokal-03,laporan_riset_202503_0249|22270993|final periode rekap
DUP-0000357,laporan_keuangan_202402_9734.json,10149331,2024-11-04,nas-lokal-02,laporan|keuangan|10149331|dokumen arsip rekap pending
BCH-0003141,invoice_pemasaran_202509_9902.zip,786330,2024-08-01,cloud-storage-azure,invoice_pemasaran_202509_9902|786330|pending arsip approved
BCH-0001441,surat_hukum_202407_3721.doc,419770,2024-01-02,server-arsip-medan,surat_hukum_202407_3721|419770|draft rekap arsip
BCH-0002457,log_hukum_202407_8041.jpeg,1537842,2024-12-20,server-arsip-semarang,log_hukum_202407_8041|1537842|revisi pending approved
BCH-0001014,dataset_hukum_202401_6515.xml,1217560,2024-03-26,portal-upload-mobile,dataset_hukum_202401_6515|1217560|total periode final
DUP-0000332,kontrak_hukum_202405_7234.txt,15538276,2024-11-02,backup-eksternal,kontrak|hukum|15538276|total periode draft dokumen data
BCH-0002695,gambar_operasional_202511_8977.xls,103220,2024-06-21,server-arsip-makassar,gambar_operasional_202511_8977|103220|pending periode final
DUP-0000158,kontrak_hukum_202203_3247.pdf,419447,2024-03-31,nas-lokal-01,kontrak|hukum|419447|data file total final dokumen
BCH-0004381,presentasi_sdm_202409_7613.csv,37233,2024-12-26,ftp-cabang,presentasi_sdm_202409_7613|37233|data periode revisi
BCH-0001528,log_sdm_202503_5906.doc,332349,2024-08-13,portal-upload-mobile,log_sdm_202503_5906|332349|final periode total
BCH-0003869,kontrak_hukum_202504_0019.xlsx,97000,2024-11-15,server-arsip-medan,kontrak_hukum_202504_0019|97000|rekap draft approved
BCH-0002058,backup_hukum_202512_7312.xlsx,412377,2024-02-11,ftp-cabang,backup_hukum_202512_7312|412377|approved pending total
BCH-0002340,dataset_logistik_202503_2639.xls,2058143,2024-03-30,server-arsip-semarang,dataset_logistik_202503_2639|2058143|periode pending approved
BCH-0001886,presentasi_teknologi_202501_9217.rar,194358214,2024-08-30,nas-lokal-03,presentasi_teknologi_202501_9217|194358214|pending rekap arsip
BCH-0000466,log_manajemen_202510_9466.jpg,448705,2024-03-23,nas-lokal-04,log_manajemen_202510_9466|448705|draft rekap periode
BCH-0001186,memo_hukum_202507_3178.txt,141577,2024-08-05,server-arsip-semarang,memo_hukum_202507_3178|141577|approved rekap total
BCH-0002672,kontrak_logistik_202404_2068.png,256041,2024-02-17,server-arsip-semarang,kontrak_logistik_202404_2068|256041|arsip data pending
DUP-0000100,gambar_hukum_202204_5076.xml,160852942,2024-06-04,backup-eksternal,gambar|hukum|160852942|dokumen file final
BCH-0001401,gambar_teknologi_202410_6275.xlsx,4323763,2024-10-13,server-arsip-semarang,gambar_teknologi_202410_6275|4323763|pending periode arsip
BCH-0003558,backup_manajemen_202506_8433.jpg,277100,2024-07-17,server-arsip-semarang,backup_manajemen_202506_8433|277100|pending data rekap
BCH-0003419,surat_logistik_202412_5722.rar,387841135,2024-07-29,server-arsip-makassar,surat_logistik_202412_5722|387841135|approved periode arsip
BCH-0003792,memo_operasional_202504_1891.jpeg,30969532,2024-11-23,server-arsip-semarang,memo_operasional_202504_1891|30969532|revisi draft pending
BCH-0004356,presentasi_logistik_202507_7976.rar,40515,2024-11-05,server-arsip-medan,presentasi_logistik_202507_7976|40515|final draft periode
BCH-0004241,surat_pemasaran_202411_6660.jpeg,3549762,2024-04-19,nas-lokal-03,surat_pemasaran_202411_6660|3549762|arsip final periode
BCH-0000980,laporan_keuangan_202407_8510.xml,4224211,2024-08-15,ftp-cabang,laporan_keuangan_202407_8510|4224211|revisi periode draft
BCH-0001361,surat_teknologi_202502_4652.png,4371466,2024-04-05,ftp-cabang,surat_teknologi_202502_4652|4371466|pending periode draft
BCH-0002777,memo_sdm_202411_4619.xlsx,268996,2024-05-22,server-arsip-medan,memo_sdm_202411_4619|268996|pending periode draft
BCH-0003607,presentasi_riset_202503_5626.xml,24715780,2024-07-17,cloud-storage-azure,presentasi_riset_202503_5626|24715780|periode pending arsip
BCH-0000115,kontrak_hukum_202506_6394.txt,217602920,2024-06-26,nas-lokal-03,kontrak_hukum_202506_6394|217602920|draft approved data
BCH-0000835,dataset_operasional_202503_5673.pdf,6785404,2024-05-03,server-arsip-semarang,dataset_operasional_202503_5673|6785404|rekap approved total
DUP-0000275,presentasi_audit_202412_7676.txt,3345022,2022-09-26,cloud-storage-gcp,presentasi|audit|3345022|file approved data draft pending
BCH-0002312,invoice_operasional_202406_6995.jpg,4126412,2024-08-02,nas-lokal-04,invoice_operasional_202406_6995|4126412|data total periode
BCH-0002035,kontrak_teknologi_202401_3487.zip,386268,2024-08-07,server-arsip-semarang,kontrak_teknologi_202401_3487|386268|total final data
BCH-0000580,gambar_pemasaran_202503_5806.csv,29161631,2024-04-15,server-arsip-medan,gambar_pemasaran_202503_5806|29161631|final pending approved
BCH-0001903,gambar_hukum_202512_4604.zip,18639917,2024-06-27,server-arsip-makassar,gambar_hukum_202512_4604|18639917|arsip rekap final
BCH-0004475,surat_keuangan_202410_8831.rar,40826104,2024-05-21,nas-lokal-03,surat_keuangan_202410_8831|40826104|data final approved
BCH-0001115,laporan_teknologi_202401_7563.json,454275,2024-04-11,server-arsip-medan,laporan_teknologi_202401_7563|454275|draft revisi approved
BCH-0000119,memo_sdm_202511_1578.rar,103275,2024-05-07,portal-upload-mobile,memo_sdm_202511_1578|103275|pending rekap revisi
BCH-0000702,memo_logistik_202410_7288.txt,213350,2024-03-14,ftp-cabang,memo_logistik_202410_7288|213350|rekap periode approved
DUP-0000280,dataset_teknologi_202206_9161.xml,4547233,2024-09-17,cloud-storage-gcp,dataset|teknologi|4547233|dokumen draft approved periode
BCH-0001490,laporan_logistik_202511_1184.doc,269138,2024-01-28,nas-lokal-04,laporan_logistik_202511_1184|269138|revisi data draft
BCH-0004461,gambar_keuangan_202408_0507.rar,472911,2024-06-29,nas-lokal-04,gambar_keuangan_202408_0507|472911|rekap data revisi
BCH-0000628,gambar_operasional_202403_7821.zip,27259876,2024-04-03,nas-lokal-03,gambar_operasional_202403_7821|27259876|draft rekap total
BCH-0004182,backup_operasional_202401_8718.json,247033587,2024-05-01,portal-upload-mobile,backup_operasional_202401_8718|247033587|revisi data final
BCH-0001049,kontrak_keuangan_202510_6049.xls,168186,2024-08-13,nas-lokal-03,kontrak_keuangan_202510_6049|168186|total data revisi
BCH-0001190,presentasi_teknologi_202410_1572.jpg,1162355,2024-05-16,nas-lokal-03,presentasi_teknologi_202410_1572|1162355|data revisi approved
BCH-0001247,kontrak_operasional_202403_8963.png,78815,2024-03-15,server-arsip-semarang,kontrak_operasional_202403_8963|78815|periode revisi rekap
BCH-0001122,backup_teknologi_202401_7479.jpeg,244883,2024-04-09,nas-lokal-03,backup_teknologi_202401_7479|244883|total pending revisi
BCH-0001789,presentasi_manajemen_202511_1152.png,313146591,2024-03-21,cloud-storage-azure,presentasi_manajemen_202511_1152|313146591|data approved final
BCH-0003360,laporan_pemasaran_202404_4370.xml,39451072,2024-12-06,nas-lokal-03,laporan_pemasaran_202404_4370|39451072|rekap periode draft
BCH-0003330,laporan_keuangan_202410_6991.csv,2268414,2024-12-03,server-arsip-medan,laporan_keuangan_202410_6991|2268414|final data periode
BCH-0002190,invoice_audit_202404_0392.xml,101216,2024-12-31,server-arsip-semarang,invoice_audit_202404_0392|101216|total periode final
BCH-0003802,invoice_manajemen_202508_8971.csv,2914773,2024-09-21,server-arsip-semarang,invoice_manajemen_202508_8971|2914773|total rekap data
BCH-0003262,dataset_riset_202501_0288.zip,4943363,2024-07-14,server-arsip-makassar,dataset_riset_202501_0288|4943363|data arsip total
BCH-0004422,laporan_hukum_202410_8794.doc,1786555,2024-01-24,server-arsip-semarang,laporan_hukum_202410_8794|1786555|periode pending total
BCH-0001256,kontrak_sdm_202403_8323.jpg,351679,2024-10-31,ftp-cabang,kontrak_sdm_202403_8323|351679|final revisi draft
BCH-0001455,invoice_audit_202504_9528.docx,3244842,2024-01-01,nas-lokal-04,invoice_audit_202504_9528|3244842|approved data revisi
BCH-0001152,memo_pemasaran_202408_7217.rar,3837640,2024-01-08,server-arsip-medan,memo_pemasaran_202408_7217|3837640|rekap revisi pending
BCH-0002217,surat_logistik_202406_4599.txt,664377,2024-12-07,nas-lokal-03,surat_logistik_202406_4599|664377|total pending revisi
BCH-0000034,dataset_logistik_202503_0491.txt,480614,2024-03-08,cloud-storage-azure,dataset_logistik_202503_0491|480614|total final periode
DUP-0000340,backup_sdm_202205_3149.txt,220387,2022-10-27,nas-lokal-02,backup|sdm|220387|dokumen revisi total
BCH-0000231,surat_audit_202503_5078.doc,4195697,2024-03-28,server-arsip-medan,surat_audit_202503_5078|4195697|draft data arsip
BCH-0002573,presentasi_keuangan_202404_5158.docx,30555580,2024-01-27,nas-lokal-04,presentasi_keuangan_202404_5158|30555580|pending rekap final
DUP-0000205,backup_sdm_202403_6968.xlsx,3308876,2022-11-04,cloud-storage-gcp,backup|sdm|3308876|final draft total file pending
BCH-0003063,gambar_hukum_202509_7036.xml,23465911,2024-01-14,cloud-storage-azure,gambar_hukum_202509_7036|23465911|data approved total
BCH-0001558,gambar_manajemen_202410_1844.doc,18857906,2024-06-15,server-arsip-medan,gambar_manajemen_202410_1844|18857906|draft periode revisi
BCH-0000663,dataset_riset_202509_3511.jpg,75167,2024-01-22,cloud-storage-azure,dataset_riset_202509_3511|75167|data draft periode
BCH-0003778,laporan_keuangan_202511_0957.xml,28198603,2024-02-02,nas-lokal-03,laporan_keuangan_202511_0957|28198603|rekap periode pending
BCH-0000704,laporan_teknologi_202401_4121.zip,210057,2024-12-06,nas-lokal-03,laporan_teknologi_202401_4121|210057|approved data final
BCH-0003134,memo_riset_202401_1499.doc,1684048,2024-02-26,nas-lokal-03,memo_riset_202401_1499|1684048|periode data total
BCH-0004257,surat_audit_202403_1908.xlsx,1611417,2024-05-26,server-arsip-semarang,surat_audit_202403_1908|1611417|final pending approved
BCH-0003669,memo_manajemen_202403_3792.png,326955,2024-01-27,cloud-storage-azure,memo_manajemen_202403_3792|326955|final periode revisi
BCH-0003849,invoice_keuangan_202409_9144.jpeg,1104132,2024-03-30,cloud-storage-azure,invoice_keuangan_202409_9144|1104132|arsip pending approved
BCH-0003152,invoice_audit_202508_5053.doc,37489805,2024-03-24,cloud-storage-azure,invoice_audit_202508_5053|37489805|approved final revisi
BCH-0003069,kontrak_keuangan_202511_4662.txt,441966,2024-05-04,nas-lokal-04,kontrak_keuangan_202511_4662|441966|data periode arsip
BCH-0001240,invoice_audit_202402_5758.docx,382801,2024-05-30,ftp-cabang,invoice_audit_202402_5758|382801|rekap data periode
BCH-0003115,surat_sdm_202407_1435.png,36917720,2024-04-25,portal-upload-mobile,surat_sdm_202407_1435|36917720|data total pending
BCH-0001439,surat_hukum_202404_3649.jpeg,303897,2024-11-22,nas-lokal-04,surat_hukum_202404_3649|303897|periode approved arsip
BCH-0000489,invoice_manajemen_202406_7606.jpg,329518,2024-12-24,server-arsip-makassar,invoice_manajemen_202406_7606|329518|periode total approved
BCH-0001484,invoice_audit_202502_7549.jpg,12486332,2024-12-23,server-arsip-medan,invoice_audit_202502_7549|12486332|rekap pending data
BCH-0002353,gambar_operasional_202401_5288.doc,1491693,2024-05-28,nas-lokal-03,gambar_operasional_202401_5288|1491693|final arsip revisi
BCH-0000588,surat_riset_202509_0313.rar,259439705,2024-03-01,nas-lokal-03,surat_riset_202509_0313|259439705|rekap final data
BCH-0000213,surat_pemasaran_202404_8874.txt,764430,2024-10-26,portal-upload-mobile,surat_pemasaran_202404_8874|764430|approved revisi pending
BCH-0000855,presentasi_operasional_202410_7681.xls,3811723,2024-05-04,server-arsip-medan,presentasi_operasional_202410_7681|3811723|revisi draft final
BCH-0003480,laporan_keuangan_202510_9525.zip,13502,2024-04-10,server-arsip-medan,laporan_keuangan_202510_9525|13502|arsip rekap total
BCH-0001328,dataset_logistik_202402_9833.xls,41500626,2024-03-19,ftp-cabang,dataset_logistik_202402_9833|41500626|periode approved final
BCH-0002740,laporan_sdm_202504_6756.rar,3437543,2024-07-19,server-arsip-medan,laporan_sdm_202504_6756|3437543|rekap draft revisi
BCH-0002635,gambar_hukum_202402_1150.jpg,462445,2024-03-14,portal-upload-mobile,gambar_hukum_202402_1150|462445|pending revisi approved
BCH-0003059,surat_sdm_202401_5055.xlsx,381660,2024-12-09,ftp-cabang,surat_sdm_202401_5055|381660|arsip revisi rekap
BCH-0004240,invoice_riset_202405_5670.png,48695950,2024-11-04,server-arsip-medan,invoice_riset_202405_5670|48695950|data draft pending
BCH-0001987,laporan_riset_202512_4483.xml,314281,2024-10-25,nas-lokal-03,laporan_riset_202512_4483|314281|rekap final periode
BCH-0002437,gambar_operasional_202501_9119.txt,26368090,2024-05-03,server-arsip-semarang,gambar_operasional_202501_9119|26368090|revisi pending rekap
BCH-0003095,kontrak_sdm_202404_0956.csv,291181,2024-09-08,server-arsip-makassar,kontrak_sdm_202404_0956|291181|revisi draft approved
BCH-0001234,kontrak_sdm_202510_2372.jpg,79363,2024-11-23,portal-upload-mobile,kontrak_sdm_202510_2372|79363|rekap arsip periode
BCH-0001594,kontrak_hukum_202401_8361.jpg,320601,2024-10-09,ftp-cabang,kontrak_hukum_202401_8361|320601|draft data pending
BCH-0000805,laporan_sdm_202503_4965.pdf,357464,2024-02-08,nas-lokal-03,laporan_sdm_202503_4965|357464|rekap periode total
BCH-0002897,log_logistik_202405_2363.xlsx,2820123,2024-07-26,server-arsip-semarang,log_logistik_202405_2363|2820123|pending revisi final
BCH-0002116,log_riset_202403_7825.xls,28482700,2024-08-07,server-arsip-semarang,log_riset_202403_7825|28482700|draft data periode
BCH-0000123,invoice_hukum_202503_1989.jpg,4856663,2024-09-29,server-arsip-makassar,invoice_hukum_202503_1989|4856663|total data rekap
BCH-0001959,memo_keuangan_202507_1479.csv,302761,2024-05-12,ftp-cabang,memo_keuangan_202507_1479|302761|data draft approved
BCH-0001425,dataset_hukum_202410_6505.pdf,122397,2024-04-10,nas-lokal-03,dataset_hukum_202410_6505|122397|approved revisi pending
BCH-0000048,dataset_logistik_202409_7026.doc,1344628,2024-02-08,nas-lokal-03,dataset_logistik_202409_7026|1344628|approved data pending
DUP-0000454,kontrak_keuangan_202210_7917.txt,3630635,2024-09-26,server-arsip-jakarta,kontrak|keuangan|3630635|arsip file approved
BCH-0001962,kontrak_logistik_202411_9314.jpeg,3564100,2024-12-29,server-arsip-makassar,kontrak_logistik_202411_9314|3564100|periode rekap arsip
DUP-0000053,kontrak_riset_202412_4645.xml,656197,2022-06-25,cloud-storage-aws,kontrak|riset|656197|dokumen pending data periode
BCH-0002632,kontrak_hukum_202401_4265.txt,450895,2024-06-17,cloud-storage-azure,kontrak_hukum_202401_4265|450895|pending draft approved
BCH-0002394,dataset_manajemen_202512_6839.xml,3683709,2024-05-05,server-arsip-makassar,dataset_manajemen_202512_6839|3683709|draft arsip periode
BCH-0004398,backup_keuangan_202501_6007.doc,46857907,2024-10-26,server-arsip-semarang,backup_keuangan_202501_6007|46857907|rekap approved arsip
BCH-0000599,laporan_sdm_202504_8312.zip,47594949,2024-02-22,nas-lokal-03,laporan_sdm_202504_8312|47594949|pending revisi approved
BCH-0001708,gambar_hukum_202406_3265.png,135316,2024-07-04,ftp-cabang,gambar_hukum_202406_3265|135316|pending revisi data
BCH-0001555,backup_sdm_202505_3725.pdf,17881132,2024-04-05,ftp-cabang,backup_sdm_202505_3725|17881132|revisi approved periode
BCH-0002619,presentasi_audit_202501_1560.pdf,475131,2024-05-13,portal-upload-mobile,presentasi_audit_202501_1560|475131|revisi pending periode
DUP-0000147,laporan_sdm_202203_0532.xlsx,192986,2023-09-04,nas-lokal-01,laporan|sdm|192986|rekap total approved
BCH-0000223,memo_teknologi_202402_5510.xls,28990517,2024-01-15,ftp-cabang,memo_teknologi_202402_5510|28990517|data periode rekap
BCH-0001515,surat_riset_202508_7084.docx,131945,2024-11-07,server-arsip-semarang,surat_riset_202508_7084|131945|pending draft data
BCH-0003153,gambar_riset_202501_0126.zip,370137,2024-06-15,nas-lokal-04,gambar_riset_202501_0126|370137|draft arsip periode
BCH-0002828,laporan_keuangan_202408_6092.zip,3655966,2024-06-11,nas-lokal-03,laporan_keuangan_202408_6092|3655966|revisi final arsip
BCH-0002045,presentasi_sdm_202512_8500.zip,429260,2024-10-09,ftp-cabang,presentasi_sdm_202512_8500|429260|approved pending total
BCH-0003307,kontrak_sdm_202505_2516.rar,1963424,2024-08-21,portal-upload-mobile,kontrak_sdm_202505_2516|1963424|periode total data
BCH-0000079,invoice_sdm_202406_9492.doc,423232373,2024-01-12,nas-lokal-04,invoice_sdm_202406_9492|423232373|periode draft rekap
BCH-0000121,backup_teknologi_202501_1452.jpg,4154538,2024-04-06,ftp-cabang,backup_teknologi_202501_1452|4154538|data pending total
BCH-0000291,dataset_hukum_202507_8491.zip,21789259,2024-08-13,nas-lokal-03,dataset_hukum_202507_8491|21789259|final draft arsip
BCH-0000652,surat_pemasaran_202509_0876.jpeg,15246934,2024-01-20,server-arsip-makassar,surat_pemasaran_202509_0876|15246934|data arsip revisi
BCH-0001710,invoice_hukum_202402_1126.png,399825,2024-03-08,server-arsip-medan,invoice_hukum_202402_1126|399825|total revisi rekap
BCH-0003505,kontrak_manajemen_202504_0143.jpg,43593,2024-04-12,cloud-storage-azure,kontrak_manajemen_202504_0143|43593|data total pending
DUP-0000401,invoice_keuangan_202203_6659.jpg,11258759,2024-09-21,backup-eksternal,invoice|keuangan|11258759|approved rekap periode
BCH-0004304,presentasi_pemasaran_202407_3477.pdf,9488040,2024-08-30,server-arsip-makassar,presentasi_pemasaran_202407_3477|9488040|rekap periode approved
BCH-0000873,kontrak_logistik_202405_0620.xls,34312468,2024-02-04,portal-upload-mobile,kontrak_logistik_202405_0620|34312468|final periode approved
BCH-0002183,kontrak_operasional_202410_1288.doc,248028,2024-03-23,server-arsip-semarang,kontrak_operasional_202410_1288|248028|arsip final revisi
BCH-0000743,kontrak_operasional_202503_7770.xls,2643618,2024-10-11,server-arsip-makassar,kontrak_operasional_202503_7770|2643618|approved data total
BCH-0004370,surat_logistik_202406_5404.pdf,16575,2024-11-10,server-arsip-makassar,surat_logistik_202406_5404|16575|final total draft
DUP-0000082,memo_keuangan_202306_5981.zip,3756001,2022-09-16,ftp-pusat,memo|keuangan|3756001|dokumen file revisi total approved
DUP-0000460,memo_pemasaran_202305_4594.pdf,426102,2024-10-03,server-arsip-bandung,memo|pemasaran|426102|periode final pending
BCH-0003962,log_operasional_202504_1759.csv,1846962,2024-02-23,portal-upload-mobile,log_operasional_202504_1759|1846962|data periode revisi
BCH-0003611,laporan_riset_202503_4523.docx,304855629,2024-10-26,nas-lokal-03,laporan_riset_202503_4523|304855629|approved pending revisi
BCH-0004013,memo_sdm_202412_2176.doc,104338,2024-06-09,ftp-cabang,memo_sdm_202412_2176|104338|pending data draft
BCH-0004480,surat_manajemen_202403_6138.xml,2409382,2024-08-02,server-arsip-semarang,surat_manajemen_202403_6138|2409382|final approved data
BCH-0003245,laporan_manajemen_202408_8484.doc,2053331,2024-11-14,nas-lokal-03,laporan_manajemen_202408_8484|2053331|arsip revisi pending
BCH-0002239,log_teknologi_202404_3764.zip,199202712,2024-10-16,ftp-cabang,log_teknologi_202404_3764|199202712|pending total approved
DUP-0000129,laporan_audit_202302_9403.zip,92475,2022-08-25,cloud-storage-aws,laporan|audit|92475|arsip rekap data dokumen revisi
BCH-0002266,backup_sdm_202507_1900.json,484758085,2024-11-18,ftp-cabang,backup_sdm_202507_1900|484758085|final revisi rekap
BCH-0001944,invoice_audit_202512_4478.jpg,4428753,2024-06-06,portal-upload-mobile,invoice_audit_202512_4478|4428753|final pending data
BCH-0004271,presentasi_riset_202406_3312.rar,1619128,2024-06-21,server-arsip-semarang,presentasi_riset_202406_3312|1619128|rekap revisi arsip
BCH-0003633,laporan_operasional_202508_5465.doc,483343,2024-10-04,server-arsip-medan,laporan_operasional_202508_5465|483343|pending revisi arsip
BCH-0001535,surat_teknologi_202401_6284.xls,9667115,2024-05-29,cloud-storage-azure,surat_teknologi_202401_6284|9667115|final data approved
BCH-0003757,memo_sdm_202403_0666.rar,917317,2024-01-16,nas-lokal-03,memo_sdm_202403_0666|917317|pending total approved
BCH-0002735,invoice_audit_202403_3006.xlsx,223029,2024-05-31,ftp-cabang,invoice_audit_202403_3006|223029|approved draft rekap
BCH-0003447,presentasi_keuangan_202404_3584.png,45576459,2024-01-24,nas-lokal-03,presentasi_keuangan_202404_3584|45576459|rekap pending data
BCH-0002179,presentasi_riset_202412_1034.jpg,311490,2024-04-09,ftp-cabang,presentasi_riset_202412_1034|311490|pending approved total
BCH-0000397,invoice_pemasaran_202404_1943.rar,43449562,2024-08-23,nas-lokal-04,invoice_pemasaran_202404_1943|43449562|total final data
BCH-0002661,dataset_hukum_202408_3202.zip,4710895,2024-05-14,cloud-storage-azure,dataset_hukum_202408_3202|4710895|draft approved rekap
BCH-0002346,gambar_manajemen_202412_3867.png,20942829,2024-12-24,nas-lokal-04,gambar_manajemen_202412_3867|20942829|periode draft rekap
BCH-0003428,laporan_keuangan_202407_5269.png,2259199,2024-10-22,portal-upload-mobile,laporan_keuangan_202407_5269|2259199|final approved arsip
BCH-0000374,laporan_sdm_202408_5254.csv,54613404,2024-02-02,nas-lokal-03,laporan_sdm_202408_5254|54613404|rekap approved arsip
BCH-0000732,presentasi_riset_202509_9054.rar,2399999,2024-09-11,ftp-cabang,presentasi_riset_202509_9054|2399999|draft arsip rekap
BCH-0003265,backup_pemasaran_202410_2836.csv,19885790,2024-11-15,ftp-cabang,backup_pemasaran_202410_2836|19885790|arsip total draft
BCH-0002865,memo_pemasaran_202512_5059.xlsx,13020719,2024-02-19,server-arsip-medan,memo_pemasaran_202512_5059|13020719|arsip pending data
BCH-0003354,invoice_operasional_202408_7665.pdf,40707,2024-03-25,cloud-storage-azure,invoice_operasional_202408_7665|40707|periode draft total
BCH-0004058,log_operasional_202405_4917.pdf,483325,2024-02-04,ftp-cabang,log_operasional_202405_4917|483325|final pending arsip
BCH-0003213,log_manajemen_202501_3970.json,3119808,2024-04-16,server-arsip-semarang,log_manajemen_202501_3970|3119808|final pending total
BCH-0000308,backup_manajemen_202511_9069.json,146939,2024-09-24,ftp-cabang,backup_manajemen_202511_9069|146939|draft data final
BCH-0004468,log_riset_202412_9550.png,153231,2024-11-09,nas-lokal-03,log_riset_202412_9550|153231|final arsip approved
BCH-0002464,laporan_sdm_202504_1035.png,4571694,2024-03-19,nas-lokal-04,laporan_sdm_202504_1035|4571694|total approved data
BCH-0000235,memo_operasional_202509_9815.txt,60027,2024-03-16,ftp-cabang,memo_operasional_202509_9815|60027|approved draft data
BCH-0001291,dataset_teknologi_202406_3888.zip,24300649,2024-06-25,nas-lokal-03,dataset_teknologi_202406_3888|24300649|rekap final pending
BCH-0003772,invoice_hukum_202505_5425.rar,13175862,2024-08-03,nas-lokal-03,invoice_hukum_202505_5425|13175862|data arsip total
BCH-0003179,laporan_hukum_202506_5920.jpeg,458763,2024-03-13,nas-lokal-03,laporan_hukum_202506_5920|458763|rekap data total
BCH-0004174,invoice_hukum_202410_3022.xlsx,37770616,2024-05-02,server-arsip-semarang,invoice_hukum_202410_3022|37770616|revisi final approved
BCH-0002469,log_hukum_202509_1594.xls,2757920,2024-02-12,server-arsip-medan,log_hukum_202509_1594|2757920|pending data revisi
BCH-0003057,backup_keuangan_202510_0331.jpeg,213450,2024-10-11,nas-lokal-03,backup_keuangan_202510_0331|213450|draft data approved
BCH-0002360,gambar_sdm_202402_3703.xml,2973575,2024-10-24,cloud-storage-azure,gambar_sdm_202402_3703|2973575|draft periode revisi
BCH-0002762,surat_manajemen_202405_0309.xlsx,323638,2024-02-22,ftp-cabang,surat_manajemen_202405_0309|323638|periode final total
BCH-0002145,log_keuangan_202505_6493.docx,1007227,2024-08-14,cloud-storage-azure,log_keuangan_202505_6493|1007227|revisi periode data
DUP-0000488,kontrak_riset_202408_8206.png,118776,2023-12-23,nas-lokal-01,kontrak|riset|118776|arsip periode total pending approved
BCH-0000443,surat_riset_202504_2180.zip,267126028,2024-02-01,ftp-cabang,surat_riset_202504_2180|267126028|periode total final
BCH-0001390,gambar_riset_202411_4972.jpg,2006130,2024-07-29,server-arsip-semarang,gambar_riset_202411_4972|2006130|data periode approved
BCH-0000906,presentasi_pemasaran_202511_2748.doc,433840,2024-12-30,nas-lokal-03,presentasi_pemasaran_202511_2748|433840|periode draft approved
BCH-0003288,gambar_manajemen_202410_5551.csv,7782774,2024-11-22,server-arsip-makassar,gambar_manajemen_202410_5551|7782774|total final revisi
BCH-0002998,presentasi_riset_202403_0644.csv,693204,2024-07-05,server-arsip-medan,presentasi_riset_202403_0644|693204|data periode total
BCH-0001365,memo_riset_202508_0881.doc,118448,2024-06-21,ftp-cabang,memo_riset_202508_0881|118448|revisi total final
DUP-0000486,surat_audit_202308_9039.pdf,310038,2022-09-23,portal-upload-web,surat|audit|310038|total final approved
BCH-0001788,surat_sdm_202405_2168.docx,466178,2024-02-18,server-arsip-semarang,surat_sdm_202405_2168|466178|approved draft data
BCH-0004258,log_operasional_202406_1915.jpg,416574,2024-11-10,nas-lokal-04,log_operasional_202406_1915|416574|data revisi periode
BCH-0001607,memo_teknologi_202507_1736.zip,961777,2024-09-25,portal-upload-mobile,memo_teknologi_202507_1736|961777|pending final arsip
BCH-0002003,kontrak_operasional_202406_8238.rar,2579803,2024-01-07,ftp-cabang,kontrak_operasional_202406_8238|2579803|draft total approved
BCH-0003309,kontrak_manajemen_202405_8424.xls,351138,2024-03-11,nas-lokal-03,kontrak_manajemen_202405_8424|351138|periode approved arsip
BCH-0001150,presentasi_keuangan_202511_3846.json,133925,2024-11-28,nas-lokal-04,presentasi_keuangan_202511_3846|133925|revisi data final
DUP-0000398,kontrak_pemasaran_202210_6824.xlsx,50404,2022-11-03,server-arsip-surabaya,kontrak|pemasaran|50404|file periode arsip final
BCH-0001147,gambar_operasional_202503_5680.png,3347450,2024-06-05,server-arsip-medan,gambar_operasional_202503_5680|3347450|pending arsip approved
BCH-0003178,invoice_hukum_202403_3760.jpeg,25722410,2024-12-02,portal-upload-mobile,invoice_hukum_202403_3760|25722410|final pending arsip
BCH-0003852,dataset_audit_202412_4134.json,311662,2024-06-01,server-arsip-makassar,dataset_audit_202412_4134|311662|data approved pending
BCH-0000838,surat_manajemen_202510_6036.xls,37205893,2024-07-30,ftp-cabang,surat_manajemen_202510_6036|37205893|periode total rekap
BCH-0000279,dataset_pemasaran_202501_0977.xls,68318,2024-07-30,server-arsip-medan,dataset_pemasaran_202501_0977|68318|data approved arsip
BCH-0000325,memo_hukum_202508_6093.json,252067,2024-03-21,nas-lokal-04,memo_hukum_202508_6093|252067|pending rekap approved
DUP-0000445,surat_teknologi_202308_9930.png,69754725,2023-03-05,server-arsip-jakarta,surat|teknologi|69754725|data approved total
BCH-0003785,log_riset_202502_7998.doc,1580604,2024-04-25,nas-lokal-03,log_riset_202502_7998|1580604|approved total draft
BCH-0000360,laporan_riset_202503_1621.doc,16858644,2024-01-11,server-arsip-semarang,laporan_riset_202503_1621|16858644|total draft approved
BCH-0000031,backup_operasional_202409_6676.txt,1112479,2024-12-16,nas-lokal-04,backup_operasional_202409_6676|1112479|revisi data draft
BCH-0002985,gambar_operasional_202412_8189.jpg,1946679,2024-03-18,ftp-cabang,gambar_operasional_202412_8189|1946679|rekap periode final
BCH-0000565,presentasi_operasional_202407_2134.xml,21772044,2024-06-18,nas-lokal-03,presentasi_operasional_202407_2134|21772044|approved pending data
BCH-0002142,gambar_audit_202407_8033.csv,2790075,2024-12-24,portal-upload-mobile,gambar_audit_202407_8033|2790075|periode revisi data
BCH-0000232,dataset_teknologi_202503_1506.pdf,27251444,2024-05-01,nas-lokal-04,dataset_teknologi_202503_1506|27251444|approved rekap arsip
BCH-0002712,kontrak_sdm_202505_6268.doc,157275257,2024-07-24,server-arsip-semarang,kontrak_sdm_202505_6268|157275257|arsip approved pending
DUP-0000430,log_hukum_202203_4470.jpg,24130256,2024-07-09,ftp-pusat,log|hukum|24130256|approved total revisi
DUP-0000480,memo_teknologi_202405_9072.txt,6456355,2024-11-13,ftp-pusat,memo|teknologi|6456355|dokumen periode total rekap pending
BCH-0002654,presentasi_logistik_202510_7047.xml,2017723,2024-06-05,portal-upload-mobile,presentasi_logistik_202510_7047|2017723|pending periode rekap
BCH-0000562,backup_riset_202511_9686.jpeg,2967751,2024-11-26,ftp-cabang,backup_riset_202511_9686|2967751|data revisi final
BCH-0003526,laporan_riset_202406_8086.png,30602980,2024-08-20,server-arsip-semarang,laporan_riset_202406_8086|30602980|rekap arsip data
BCH-0000298,kontrak_sdm_202404_1767.png,388307805,2024-05-02,server-arsip-medan,kontrak_sdm_202404_1767|388307805|revisi arsip total
BCH-0003383,backup_teknologi_202504_6089.xlsx,76713,2024-06-23,ftp-cabang,backup_teknologi_202504_6089|76713|pending rekap data
BCH-0000162,memo_audit_202508_2166.jpg,132685,2024-08-31,portal-upload-mobile,memo_audit_202508_2166|132685|revisi approved final
DUP-0000356,log_logistik_202304_4178.xml,1624852,2023-02-21,nas-lokal-01,log|logistik|1624852|total pending draft file revisi
BCH-0003789,memo_keuangan_202402_1662.txt,368850186,2024-03-06,server-arsip-makassar,memo_keuangan_202402_1662|368850186|periode final draft
BCH-0003830,gambar_teknologi_202403_1572.xlsx,3807761,2024-06-18,ftp-cabang,gambar_teknologi_202403_1572|3807761|total final pending
DUP-0000269,memo_teknologi_202305_8445.pdf,7812261,2024-03-26,ftp-pusat,memo|teknologi|7812261|final rekap revisi file
BCH-0004180,surat_teknologi_202505_7861.json,446073,2024-01-13,portal-upload-mobile,surat_teknologi_202505_7861|446073|arsip rekap draft
BCH-0000386,dataset_logistik_202402_5843.csv,315035,2024-01-14,ftp-cabang,dataset_logistik_202402_5843|315035|data final revisi
BCH-0003279,kontrak_audit_202505_6475.docx,3248469,2024-02-13,server-arsip-makassar,kontrak_audit_202505_6475|3248469|revisi draft periode
BCH-0001456,invoice_keuangan_202402_3307.zip,397892,2024-09-30,portal-upload-mobile,invoice_keuangan_202402_3307|397892|pending revisi total
BCH-0004256,invoice_teknologi_202411_9557.xml,354324,2024-02-07,portal-upload-mobile,invoice_teknologi_202411_9557|354324|total revisi rekap
BCH-0003337,presentasi_logistik_202509_8952.xml,484804,2024-08-31,nas-lokal-03,presentasi_logistik_202509_8952|484804|draft final arsip
BCH-0004436,gambar_sdm_202502_9577.png,7799714,2024-07-21,cloud-storage-azure,gambar_sdm_202502_9577|7799714|approved revisi draft
BCH-0004333,backup_pemasaran_202402_2293.docx,239207976,2024-03-29,server-arsip-medan,backup_pemasaran_202402_2293|239207976|arsip draft final
BCH-0003191,log_operasional_202503_6806.doc,4924529,2024-08-08,nas-lokal-04,log_operasional_202503_6806|4924529|pending draft data
BCH-0001826,surat_logistik_202405_6793.pdf,1201856,2024-10-10,nas-lokal-03,surat_logistik_202405_6793|1201856|data final approved
BCH-0002233,surat_pemasaran_202405_1841.rar,2476401,2024-12-25,portal-upload-mobile,surat_pemasaran_202405_1841|2476401|periode approved final
BCH-0002646,surat_operasional_202408_5215.doc,492193,2024-11-11,ftp-cabang,surat_operasional_202408_5215|492193|rekap approved periode
DUP-0000226,log_hukum_202302_9000.pdf,3596321,2023-06-25,server-arsip-surabaya,log|hukum|3596321|dokumen final draft rekap
BCH-0004312,gambar_audit_202409_8187.docx,125975205,2024-01-04,cloud-storage-azure,gambar_audit_202409_8187|125975205|revisi periode data
BCH-0003078,gambar_keuangan_202405_9203.csv,40569819,2024-05-22,nas-lokal-03,gambar_keuangan_202405_9203|40569819|periode draft revisi
BCH-0003843,memo_audit_202508_3685.json,2520658,2024-01-03,server-arsip-medan,memo_audit_202508_3685|2520658|revisi final periode
BCH-0000053,presentasi_hukum_202511_7063.jpg,408286,2024-11-19,cloud-storage-azure,presentasi_hukum_202511_7063|408286|total revisi arsip
BCH-0000242,surat_logistik_202401_5494.xlsx,466435,2024-10-19,server-arsip-makassar,surat_logistik_202401_5494|466435|approved data final
BCH-0001876,backup_logistik_202503_7236.json,3185394,2024-03-09,nas-lokal-03,backup_logistik_202503_7236|3185394|arsip periode rekap
DUP-0000172,laporan_keuangan_202204_1583.json,49892439,2022-12-10,server-arsip-surabaya,laporan|keuangan|49892439|approved arsip total
DUP-0000299,surat_pemasaran_202202_9644.xml,20983333,2022-01-21,cloud-storage-aws,surat|pemasaran|20983333|file arsip dokumen rekap
BCH-0001303,invoice_operasional_202512_7090.txt,25102996,2024-04-02,nas-lokal-03,invoice_operasional_202512_7090|25102996|periode rekap total
BCH-0000964,backup_hukum_202404_1599.xls,1494357,2024-02-22,server-arsip-semarang,backup_hukum_202404_1599|1494357|rekap pending data
DUP-0000351,memo_sdm_202302_6093.csv,198971,2022-12-05,server-arsip-jakarta,memo|sdm|198971|data final revisi approved
BCH-0000408,presentasi_sdm_202410_5113.doc,4711712,2024-12-31,server-arsip-makassar,presentasi_sdm_202410_5113|4711712|data revisi rekap
BCH-0001363,gambar_audit_202508_9794.jpg,239791,2024-11-13,nas-lokal-04,gambar_audit_202508_9794|239791|total approved rekap
BCH-0002446,dataset_sdm_202412_4593.jpg,373661,2024-06-10,server-arsip-semarang,dataset_sdm_202412_4593|373661|rekap data revisi
BCH-0000936,memo_hukum_202402_1771.txt,775587,2024-07-08,nas-lokal-03,memo_hukum_202402_1771|775587|rekap total revisi
DUP-0000035,presentasi_riset_202407_3963.zip,99344,2024-03-12,cloud-storage-aws,presentasi|riset|99344|data approved rekap file periode
BCH-0001970,surat_riset_202503_5561.docx,96974,2024-05-23,nas-lokal-03,surat_riset_202503_5561|96974|data periode approved
BCH-0003332,dataset_pemasaran_202507_5481.zip,4839716,2024-04-26,nas-lokal-04,dataset_pemasaran_202507_5481|4839716|arsip approved draft
BCH-0002795,dataset_riset_202508_1577.txt,230723,2024-05-15,cloud-storage-azure,dataset_riset_202508_1577|230723|total final data
BCH-0003508,gambar_pemasaran_202402_8063.json,57218315,2024-01-19,cloud-storage-azure,gambar_pemasaran_202402_8063|57218315|pending arsip periode
BCH-0000474,laporan_pemasaran_202505_6621.csv,135722,2024-10-02,nas-lokal-03,laporan_pemasaran_202505_6621|135722|rekap data periode
BCH-0001767,memo_manajemen_202411_7280.zip,43204391,2024-09-23,nas-lokal-03,memo_manajemen_202411_7280|43204391|periode revisi draft
BCH-0002041,surat_operasional_202404_1598.xls,4717855,2024-07-07,ftp-cabang,surat_operasional_202404_1598|4717855|approved periode total
DUP-0000179,backup_manajemen_202303_5047.png,61198,2024-04-11,server-arsip-bandung,backup|manajemen|61198|total data dokumen approved draft
BCH-0003284,presentasi_manajemen_202507_9131.xml,3174552,2024-10-17,portal-upload-mobile,presentasi_manajemen_202507_9131|3174552|rekap arsip approved
BCH-0000705,log_riset_202410_4172.docx,4605016,2024-02-14,portal-upload-mobile,log_riset_202410_4172|4605016|approved pending total
DUP-0000062,surat_pemasaran_202406_1022.pdf,296831,2023-04-28,backup-eksternal,surat|pemasaran|296831|dokumen file rekap
BCH-0002716,invoice_keuangan_202407_3008.pdf,44557897,2024-04-20,server-arsip-semarang,invoice_keuangan_202407_3008|44557897|arsip total rekap
BCH-0002377,backup_sdm_202401_3290.txt,366344,2024-07-15,portal-upload-mobile,backup_sdm_202401_3290|366344|final approved periode
BCH-0000953,invoice_teknologi_202512_3844.csv,31427,2024-12-26,server-arsip-medan,invoice_teknologi_202512_3844|31427|periode pending draft
BCH-0003023,memo_operasional_202406_3852.png,20121837,2024-04-30,server-arsip-makassar,memo_operasional_202406_3852|20121837|total pending periode
BCH-0003273,laporan_keuangan_202510_2741.docx,15148,2024-12-14,server-arsip-medan,laporan_keuangan_202510_2741|15148|approved periode revisi
BCH-0000533,surat_hukum_202404_6997.png,124991822,2024-05-10,nas-lokal-03,surat_hukum_202404_6997|124991822|pending revisi data
BCH-0002451,presentasi_manajemen_202506_7265.xml,4235299,2024-06-18,portal-upload-mobile,presentasi_manajemen_202506_7265|4235299|draft approved total
BCH-0002108,dataset_audit_202412_0701.png,157773,2024-05-26,server-arsip-medan,dataset_audit_202412_0701|157773|data periode total
BCH-0001350,kontrak_audit_202403_6833.json,23802,2024-08-02,server-arsip-medan,kontrak_audit_202403_6833|23802|periode approved rekap
BCH-0002872,surat_keuangan_202511_6222.zip,53632,2024-05-14,ftp-cabang,surat_keuangan_202511_6222|53632|final total pending
BCH-0002259,presentasi_pemasaran_202408_4831.png,10788845,2024-06-28,portal-upload-mobile,presentasi_pemasaran_202408_4831|10788845|approved arsip revisi
BCH-0001916,dataset_manajemen_202507_5710.jpeg,15904,2024-12-31,cloud-storage-azure,dataset_manajemen_202507_5710|15904|revisi approved periode
BCH-0000823,laporan_riset_202508_5309.pdf,212074,2024-05-05,nas-lokal-04,laporan_riset_202508_5309|212074|total approved final
BCH-0002358,presentasi_operasional_202411_4059.json,11355364,2024-11-16,nas-lokal-04,presentasi_operasional_202411_4059|11355364|total arsip pending
BCH-0000284,invoice_sdm_202511_8250.jpeg,406282,2024-07-31,ftp-cabang,invoice_sdm_202511_8250|406282|final pending approved
BCH-0002768,surat_pemasaran_202405_6873.xlsx,251011,2024-05-24,server-arsip-medan,surat_pemasaran_202405_6873|251011|periode data approved
BCH-0003190,log_sdm_202406_9475.json,1631383,2024-01-07,nas-lokal-03,log_sdm_202406_9475|1631383|pending total data
BCH-0001669,memo_teknologi_202509_8293.zip,682383,2024-03-28,cloud-storage-azure,memo_teknologi_202509_8293|682383|total approved revisi
BCH-0002061,kontrak_hukum_202506_1532.json,37439510,2024-01-06,portal-upload-mobile,kontrak_hukum_202506_1532|37439510|pending arsip rekap
BCH-0003201,memo_logistik_202512_0941.jpg,852292,2024-06-26,server-arsip-makassar,memo_logistik_202512_0941|852292|arsip approved rekap
BCH-0002967,backup_manajemen_202407_0423.xls,1021457,2024-07-14,nas-lokal-04,backup_manajemen_202407_0423|1021457|draft final total
BCH-0000892,backup_sdm_202510_4754.rar,467988,2024-12-08,server-arsip-makassar,backup_sdm_202510_4754|467988|arsip pending data
BCH-0002063,laporan_manajemen_202505_0987.doc,393297,2024-01-25,server-arsip-semarang,laporan_manajemen_202505_0987|393297|data arsip draft
BCH-0003748,laporan_pemasaran_202407_7628.xlsx,4029876,2024-09-04,portal-upload-mobile,laporan_pemasaran_202407_7628|4029876|approved total periode
BCH-0001465,log_operasional_202507_6726.xls,8901763,2024-05-31,nas-lokal-03,log_operasional_202507_6726|8901763|approved periode arsip
BCH-0004128,backup_operasional_202510_9214.xlsx,1650680,2024-04-14,ftp-cabang,backup_operasional_202510_9214|1650680|approved arsip final
BCH-0001968,surat_operasional_202507_5543.xlsx,111902,2024-10-11,server-arsip-semarang,surat_operasional_202507_5543|111902|pending final approved
BCH-0003210,log_pemasaran_202410_2706.xml,477465540,2024-12-28,server-arsip-semarang,log_pemasaran_202410_2706|477465540|pending draft revisi
BCH-0004446,presentasi_audit_202412_2336.pdf,1249977,2024-11-29,nas-lokal-03,presentasi_audit_202412_2336|1249977|rekap final approved
BCH-0000749,dataset_sdm_202403_0738.jpeg,340564,2024-12-22,server-arsip-semarang,dataset_sdm_202403_0738|340564|rekap arsip data
BCH-0000962,memo_audit_202511_4781.jpg,102537,2024-09-23,server-arsip-makassar,memo_audit_202511_4781|102537|revisi pending rekap
BCH-0003990,log_pemasaran_202502_8217.zip,304626,2024-12-15,nas-lokal-03,log_pemasaran_202502_8217|304626|pending total approved
BCH-0002537,memo_audit_202407_9662.jpeg,271758,2024-10-14,nas-lokal-04,memo_audit_202407_9662|271758|draft approved arsip
BCH-0002577,kontrak_keuangan_202510_8738.json,482272777,2024-07-07,nas-lokal-04,kontrak_keuangan_202510_8738|482272777|periode revisi rekap
BCH-0000055,gambar_riset_202503_9202.xlsx,36314,2024-03-16,ftp-cabang,gambar_riset_202503_9202|36314|arsip total draft
BCH-0001584,laporan_audit_202506_8386.pdf,368187,2024-03-22,server-arsip-semarang,laporan_audit_202506_8386|368187|periode draft revisi
BCH-0003510,invoice_teknologi_202401_2763.rar,73044,2024-04-16,nas-lokal-03,invoice_teknologi_202401_2763|73044|final rekap periode
BCH-0003228,gambar_pemasaran_202512_0156.rar,369697,2024-05-14,server-arsip-semarang,gambar_pemasaran_202512_0156|369697|final arsip draft
BCH-0000676,surat_riset_202504_8851.jpeg,465196,2024-03-31,server-arsip-makassar,surat_riset_202504_8851|465196|approved pending periode
BCH-0002424,gambar_sdm_202503_6213.csv,39076525,2024-08-14,portal-upload-mobile,gambar_sdm_202503_6213|39076525|final approved total
BCH-0001136,presentasi_hukum_202509_9396.zip,483776,2024-03-27,cloud-storage-azure,presentasi_hukum_202509_9396|483776|periode revisi pending
DUP-0000020,log_logistik_202208_5435.docx,1789787,2022-03-19,server-arsip-bandung,log|logistik|1789787|rekap periode final
BCH-0000688,log_audit_202410_1621.xls,244642,2024-04-30,nas-lokal-03,log_audit_202410_1621|244642|total rekap revisi
BCH-0001461,memo_audit_202406_4747.jpeg,200650,2024-12-12,server-arsip-makassar,memo_audit_202406_4747|200650|total approved revisi
BCH-0004141,dataset_sdm_202511_3517.jpeg,4415781,2024-02-21,server-arsip-makassar,dataset_sdm_202511_3517|4415781|final draft rekap
BCH-0002977,presentasi_operasional_202505_5448.txt,45323445,2024-03-16,nas-lokal-04,presentasi_operasional_202505_5448|45323445|pending draft total
BCH-0000926,laporan_sdm_202401_1510.csv,3131349,2024-11-24,ftp-cabang,laporan_sdm_202401_1510|3131349|approved periode data
BCH-0002643,dataset_hukum_202501_0272.zip,264880,2024-07-16,portal-upload-mobile,dataset_hukum_202501_0272|264880|total approved draft
BCH-0001384,memo_keuangan_202412_2915.csv,1218599,2024-06-26,nas-lokal-04,memo_keuangan_202412_2915|1218599|data approved revisi
BCH-0000932,presentasi_pemasaran_202503_4729.txt,31471436,2024-05-24,nas-lokal-03,presentasi_pemasaran_202503_4729|31471436|draft total final
BCH-0000789,gambar_logistik_202409_6822.jpg,4017955,2024-04-20,server-arsip-medan,gambar_logistik_202409_6822|4017955|revisi draft data
BCH-0002048,gambar_logistik_202504_0068.pdf,3785946,2024-05-26,portal-upload-mobile,gambar_logistik_202504_0068|3785946|draft final total
BCH-0001267,dataset_operasional_202501_5246.json,254492,2024-03-06,portal-upload-mobile,dataset_operasional_202501_5246|254492|approved arsip total
BCH-0002370,laporan_manajemen_202403_5513.csv,1592545,2024-06-26,server-arsip-medan,laporan_manajemen_202403_5513|1592545|total rekap final
BCH-0002081,memo_operasional_202512_6955.zip,10839497,2024-09-30,nas-lokal-04,memo_operasional_202512_6955|10839497|arsip periode final
BCH-0001938,surat_keuangan_202506_7411.docx,59914,2024-06-22,portal-upload-mobile,surat_keuangan_202506_7411|59914|data draft rekap
BCH-0001238,surat_keuangan_202504_5949.zip,901710,2024-01-06,server-arsip-semarang,surat_keuangan_202504_5949|901710|rekap periode data
BCH-0001082,gambar_teknologi_202505_9413.zip,4013545,2024-11-10,server-arsip-semarang,gambar_teknologi_202505_9413|4013545|pending data arsip
BCH-0002774,gambar_hukum_202408_5497.png,2523662,2024-12-18,ftp-cabang,gambar_hukum_202408_5497|2523662|final rekap approved
BCH-0000969,memo_operasional_202403_4221.pdf,375493,2024-05-22,nas-lokal-03,memo_operasional_202403_4221|375493|revisi total data
BCH-0002852,log_riset_202511_3530.xml,179225,2024-02-07,cloud-storage-azure,log_riset_202511_3530|179225|final data periode
BCH-0004079,dataset_manajemen_202507_9221.rar,3329436,2024-10-14,nas-lokal-03,dataset_manajemen_202507_9221|3329436|approved draft revisi
DUP-0000284,memo_audit_202307_3450.zip,106423,2024-05-08,nas-lokal-01,memo|audit|106423|approved final pending periode
BCH-0002034,laporan_pemasaran_202505_4741.txt,48221,2024-07-27,server-arsip-semarang,laporan_pemasaran_202505_4741|48221|arsip final pending
BCH-0001101,dataset_teknologi_202403_2371.csv,331787,2024-06-26,ftp-cabang,dataset_teknologi_202403_2371|331787|periode revisi arsip
DUP-0000126,surat_riset_202204_2243.pdf,386771099,2024-02-10,cloud-storage-aws,surat|riset|386771099|revisi final pending periode dokumen
BCH-0000590,invoice_logistik_202512_8250.doc,345992,2024-07-06,server-arsip-medan,invoice_logistik_202512_8250|345992|final revisi data
BCH-0003130,presentasi_keuangan_202405_8363.csv,3879686,2024-12-10,ftp-cabang,presentasi_keuangan_202405_8363|3879686|revisi total final
BCH-0002262,memo_manajemen_202403_9760.json,203557,2024-12-15,cloud-storage-azure,memo_manajemen_202403_9760|203557|pending revisi approved
BCH-0003683,memo_pemasaran_202504_4815.txt,24335941,2024-11-23,ftp-cabang,memo_pemasaran_202504_4815|24335941|data periode total
BCH-0003978,presentasi_teknologi_202405_3913.jpg,3192132,2024-07-26,ftp-cabang,presentasi_teknologi_202405_3913|3192132|periode pending approved
BCH-0001977,kontrak_pemasaran_202508_0051.png,2527249,2024-03-17,nas-lokal-04,kontrak_pemasaran_202508_0051|2527249|approved revisi pending
BCH-0003249,kontrak_operasional_202509_1991.zip,361447,2024-06-15,server-arsip-medan,kontrak_operasional_202509_1991|361447|arsip draft total
BCH-0004025,surat_pemasaran_202401_7557.xlsx,430070296,2024-10-09,server-arsip-semarang,surat_pemasaran_202401_7557|430070296|revisi approved arsip
BCH-0000821,presentasi_manajemen_202505_9114.json,451718,2024-02-16,server-arsip-semarang,presentasi_manajemen_202505_9114|451718|periode final total
DUP-0000301,laporan_pemasaran_202302_3715.json,34145675,2022-01-24,nas-lokal-02,laporan|pemasaran|34145675|final arsip rekap
BCH-0001436,surat_riset_202404_2410.txt,1430388,2024-01-22,nas-lokal-03,surat_riset_202404_2410|1430388|total revisi data
BCH-0001887,dataset_logistik_202505_1107.jpg,235287421,2024-02-16,nas-lokal-03,dataset_logistik_202505_1107|235287421|rekap periode revisi
BCH-0000613,gambar_audit_202503_8172.jpeg,134240,2024-08-11,server-arsip-medan,gambar_audit_202503_8172|134240|total pending data
BCH-0003308,kontrak_pemasaran_202411_1317.json,4607405,2024-01-30,server-arsip-semarang,kontrak_pemasaran_202411_1317|4607405|approved rekap final
BCH-0003116,kontrak_manajemen_202402_9068.doc,2507815,2024-10-15,portal-upload-mobile,kontrak_manajemen_202402_9068|2507815|periode data total
BCH-0004454,backup_operasional_202504_3850.jpg,378168368,2024-02-25,nas-lokal-04,backup_operasional_202504_3850|378168368|draft periode final
BCH-0000699,log_sdm_202401_4109.pdf,8289522,2024-03-06,ftp-cabang,log_sdm_202401_4109|8289522|periode final rekap
BCH-0001524,backup_teknologi_202411_7657.png,20664074,2024-10-26,cloud-storage-azure,backup_teknologi_202411_7657|20664074|data revisi final
BCH-0001421,backup_keuangan_202412_8833.jpeg,153396,2024-07-14,server-arsip-medan,backup_keuangan_202412_8833|153396|final data arsip
BCH-0002205,surat_teknologi_202410_5612.xlsx,275220,2024-06-21,server-arsip-semarang,surat_teknologi_202410_5612|275220|revisi arsip pending
BCH-0004490,presentasi_hukum_202505_8506.csv,8978649,2024-06-14,cloud-storage-azure,presentasi_hukum_202505_8506|8978649|periode revisi rekap
BCH-0003560,dataset_riset_202506_2718.csv,46121,2024-04-03,server-arsip-medan,dataset_riset_202506_2718|46121|data rekap total
BCH-0000040,backup_teknologi_202504_3652.jpg,1653447,2024-10-09,cloud-storage-azure,backup_teknologi_202504_3652|1653447|data approved revisi
BCH-0002273,kontrak_riset_202409_5192.jpeg,2476821,2024-12-13,cloud-storage-azure,kontrak_riset_202409_5192|2476821|approved data rekap
BCH-0000262,dataset_audit_202412_3536.docx,1309905,2024-08-05,ftp-cabang,dataset_audit_202412_3536|1309905|total rekap final
BCH-0001581,surat_teknologi_202409_0014.doc,117470,2024-01-02,portal-upload-mobile,surat_teknologi_202409_0014|117470|periode data rekap
BCH-0004309,presentasi_pemasaran_202509_2348.xml,303986,2024-03-22,server-arsip-medan,presentasi_pemasaran_202509_2348|303986|data total revisi
DUP-0000049,gambar_teknologi_202205_5503.csv,2896862,2023-10-17,ftp-pusat,gambar|teknologi|2896862|periode file revisi
BCH-0000515,gambar_riset_202409_8418.xlsx,354559,2024-11-14,server-arsip-makassar,gambar_riset_202409_8418|354559|data periode rekap
BCH-0000773,memo_logistik_202412_9308.rar,39021438,2024-08-01,ftp-cabang,memo_logistik_202412_9308|39021438|final pending approved
BCH-0004018,log_teknologi_202501_5417.csv,32191419,2024-08-17,server-arsip-makassar,log_teknologi_202501_5417|32191419|total approved revisi
BCH-0004205,gambar_operasional_202506_0041.pdf,12436487,2024-07-11,server-arsip-medan,gambar_operasional_202506_0041|12436487|approved arsip total
BCH-0001505,presentasi_keuangan_202405_0629.jpg,23046689,2024-06-17,server-arsip-semarang,presentasi_keuangan_202405_0629|23046689|periode approved draft
BCH-0003342,backup_teknologi_202509_9734.pdf,44220028,2024-08-17,ftp-cabang,backup_teknologi_202509_9734|44220028|approved periode pending
BCH-0000675,dataset_riset_202507_3272.zip,16290422,2024-03-14,nas-lokal-03,dataset_riset_202507_3272|16290422|revisi final data
BCH-0002647,laporan_riset_202412_4441.jpeg,176220,2024-09-21,server-arsip-semarang,laporan_riset_202412_4441|176220|pending total arsip
BCH-0000214,dataset_keuangan_202407_7586.pdf,382190,2024-06-12,portal-upload-mobile,dataset_keuangan_202407_7586|382190|data final draft
BCH-0001844,gambar_logistik_202406_2852.txt,436103,2024-07-22,cloud-storage-azure,gambar_logistik_202406_2852|436103|final data periode
BCH-0003012,presentasi_pemasaran_202404_0214.doc,4096318,2024-12-16,server-arsip-semarang,presentasi_pemasaran_202404_0214|4096318|approved final arsip
BCH-0002755,surat_manajemen_202509_3648.doc,111192,2024-04-08,server-arsip-medan,surat_manajemen_202509_3648|111192|periode pending data
BCH-0001877,invoice_manajemen_202403_4320.xlsx,412696741,2024-08-27,nas-lokal-04,invoice_manajemen_202403_4320|412696741|revisi total arsip
BCH-0003451,invoice_pemasaran_202410_0390.csv,4225128,2024-09-23,server-arsip-medan,invoice_pemasaran_202410_0390|4225128|total pending arsip
DUP-0000344,log_manajemen_202209_3556.docx,313108,2023-01-28,cloud-storage-gcp,log|manajemen|313108|arsip rekap total
BCH-0002263,backup_audit_202411_1276.rar,219356,2024-05-16,server-arsip-semarang,backup_audit_202411_1276|219356|periode revisi total
BCH-0002471,surat_pemasaran_202509_8091.xls,104592,2024-02-15,nas-lokal-03,surat_pemasaran_202509_8091|104592|approved total draft
BCH-0002372,invoice_operasional_202508_0733.rar,332742,2024-11-08,server-arsip-makassar,invoice_operasional_202508_0733|332742|final total approved
BCH-0001780,memo_audit_202503_5417.xml,1820782,2024-12-01,portal-upload-mobile,memo_audit_202503_5417|1820782|pending periode draft
DUP-0000044,invoice_audit_202311_8343.zip,276660,2024-02-06,backup-eksternal,invoice|audit|276660|pending periode draft dokumen file
BCH-0003931,surat_sdm_202502_4385.zip,42516190,2024-01-19,server-arsip-medan,surat_sdm_202502_4385|42516190|arsip final draft
BCH-0001837,surat_operasional_202502_0597.csv,4348195,2024-10-30,nas-lokal-04,surat_operasional_202502_0597|4348195|draft pending final
BCH-0001195,gambar_operasional_202510_1684.csv,267002,2024-09-18,portal-upload-mobile,gambar_operasional_202510_1684|267002|periode final arsip
BCH-0001117,memo_audit_202404_2780.json,3602043,2024-04-07,nas-lokal-03,memo_audit_202404_2780|3602043|arsip periode draft
BCH-0002000,kontrak_sdm_202401_4760.rar,7456088,2024-08-21,server-arsip-semarang,kontrak_sdm_202401_4760|7456088|data revisi periode
BCH-0003387,laporan_teknologi_202509_4082.rar,461264,2024-03-12,ftp-cabang,laporan_teknologi_202509_4082|461264|periode approved revisi
BCH-0003333,memo_pemasaran_202408_6268.jpg,475702453,2024-09-14,server-arsip-semarang,memo_pemasaran_202408_6268|475702453|final pending rekap
BCH-0002072,presentasi_riset_202502_9601.docx,4686956,2024-03-07,server-arsip-semarang,presentasi_riset_202502_9601|4686956|total pending draft
BCH-0000999,backup_sdm_202406_7641.txt,6472250,2024-07-14,nas-lokal-04,backup_sdm_202406_7641|6472250|total rekap arsip
BCH-0004196,surat_audit_202510_3789.jpeg,11311015,2024-11-27,server-arsip-makassar,surat_audit_202510_3789|11311015|periode total approved
BCH-0003696,kontrak_logistik_202507_4465.zip,87268,2024-06-01,nas-lokal-04,kontrak_logistik_202507_4465|87268|draft total arsip
DUP-0000081,gambar_audit_202204_3326.csv,807061,2024-07-14,cloud-storage-aws,gambar|audit|807061|revisi final approved dokumen
BCH-0002084,invoice_pemasaran_202503_6688.rar,372505,2024-09-03,portal-upload-mobile,invoice_pemasaran_202503_6688|372505|approved total revisi
DUP-0000091,memo_audit_202202_4584.xml,37147222,2024-02-24,server-arsip-surabaya,memo|audit|37147222|revisi data arsip file
BCH-0002330,memo_logistik_202401_7504.pdf,4523460,2024-03-23,portal-upload-mobile,memo_logistik_202401_7504|4523460|final total pending
BCH-0001141,laporan_riset_202412_0241.rar,4125716,2024-12-27,nas-lokal-03,laporan_riset_202412_0241|4125716|approved periode final
BCH-0004035,surat_pemasaran_202503_0173.docx,421703104,2024-01-07,server-arsip-makassar,surat_pemasaran_202503_0173|421703104|final approved rekap
BCH-0000356,memo_logistik_202507_7929.doc,21401262,2024-04-12,ftp-cabang,memo_logistik_202507_7929|21401262|periode approved final
DUP-0000213,surat_keuangan_202209_2058.csv,1351523,2023-09-16,portal-upload-web,surat|keuangan|1351523|pending total arsip revisi
BCH-0002747,log_sdm_202402_9125.jpeg,4392945,2024-07-31,nas-lokal-04,log_sdm_202402_9125|4392945|final revisi pending
BCH-0000611,invoice_sdm_202401_4072.jpeg,2765606,2024-02-03,nas-lokal-04,invoice_sdm_202401_4072|2765606|rekap final pending
BCH-0003727,backup_riset_202505_4879.xlsx,28997,2024-06-15,nas-lokal-04,backup_riset_202505_4879|28997|pending rekap final
BCH-0001586,backup_operasional_202404_6406.doc,12009227,2024-02-02,nas-lokal-03,backup_operasional_202404_6406|12009227|arsip final periode
BCH-0001753,kontrak_manajemen_202405_1103.jpeg,389110,2024-10-28,portal-upload-mobile,kontrak_manajemen_202405_1103|389110|data arsip final
BCH-0001199,surat_teknologi_202406_6072.xls,29521448,2024-07-30,server-arsip-semarang,surat_teknologi_202406_6072|29521448|draft data rekap
BCH-0001815,dataset_sdm_202503_5915.txt,349218,2024-06-22,nas-lokal-03,dataset_sdm_202503_5915|349218|arsip pending approved
BCH-0002707,gambar_manajemen_202404_1044.txt,195226,2024-10-14,server-arsip-semarang,gambar_manajemen_202404_1044|195226|pending total rekap
BCH-0000226,memo_sdm_202405_9855.xls,275636,2024-02-26,ftp-cabang,memo_sdm_202405_9855|275636|draft pending revisi
BCH-0003561,laporan_operasional_202407_5625.csv,28261224,2024-05-15,server-arsip-medan,laporan_operasional_202407_5625|28261224|final draft rekap
BCH-0004247,memo_sdm_202510_1131.zip,2737571,2024-01-20,ftp-cabang,memo_sdm_202510_1131|2737571|final approved rekap
BCH-0001869,kontrak_sdm_202403_2225.xml,149735,2024-07-27,nas-lokal-03,kontrak_sdm_202403_2225|149735|final pending arsip
BCH-0002982,backup_keuangan_202503_9620.jpg,3996046,2024-01-21,server-arsip-makassar,backup_keuangan_202503_9620|3996046|pending final revisi
BCH-0001991,backup_riset_202407_0788.json,252272,2024-05-06,nas-lokal-03,backup_riset_202407_0788|252272|periode final draft
DUP-0000007,dataset_operasional_202208_7401.zip,39693246,2022-07-05,ftp-pusat,dataset|operasional|39693246|periode dokumen arsip
BCH-0000007,backup_hukum_202411_1242.rar,4383997,2024-05-19,ftp-cabang,backup_hukum_202411_1242|4383997|rekap arsip draft
BCH-0003454,backup_pemasaran_202411_8819.png,69993,2024-03-11,server-arsip-makassar,backup_pemasaran_202411_8819|69993|arsip data revisi
BCH-0001572,backup_logistik_202407_3511.png,462283,2024-03-01,nas-lokal-03,backup_logistik_202407_3511|462283|final draft revisi
BCH-0004402,dataset_pemasaran_202410_3392.csv,1537405,2024-03-29,server-arsip-makassar,dataset_pemasaran_202410_3392|1537405|arsip final approved
BCH-0000337,presentasi_operasional_202412_2133.xml,214101,2024-01-28,ftp-cabang,presentasi_operasional_202412_2133|214101|total final data
BCH-0002879,log_hukum_202505_5273.csv,204057,2024-09-24,server-arsip-makassar,log_hukum_202505_5273|204057|draft periode arsip
BCH-0000979,gambar_logistik_202410_5788.rar,3798888,2024-08-18,portal-upload-mobile,gambar_logistik_202410_5788|3798888|draft arsip final
BCH-0004396,kontrak_hukum_202403_5775.xls,3775007,2024-08-06,server-arsip-medan,kontrak_hukum_202403_5775|3775007|draft data approved
BCH-0001636,surat_riset_202510_3351.pdf,332871,2024-08-12,server-arsip-makassar,surat_riset_202510_3351|332871|revisi rekap total
BCH-0004345,laporan_logistik_202410_0994.jpeg,3588248,2024-08-05,ftp-cabang,laporan_logistik_202410_0994|3588248|draft pending data
DUP-0000425,invoice_keuangan_202310_0751.xlsx,659913,2023-05-13,server-arsip-surabaya,invoice|keuangan|659913|periode data rekap
BCH-0000441,backup_sdm_202405_5814.doc,123393,2024-12-28,nas-lokal-04,backup_sdm_202405_5814|123393|rekap total pending
BCH-0000986,kontrak_pemasaran_202503_8964.xml,2122626,2024-03-23,cloud-storage-azure,kontrak_pemasaran_202503_8964|2122626|arsip final approved
BCH-0003089,kontrak_teknologi_202401_3765.xls,358455,2024-09-24,server-arsip-semarang,kontrak_teknologi_202401_3765|358455|data final approved
BCH-0003858,dataset_pemasaran_202409_5025.docx,293357,2024-03-13,server-arsip-medan,dataset_pemasaran_202409_5025|293357|total pending draft
DUP-0000008,backup_manajemen_202302_2050.json,3813477,2022-10-04,server-arsip-jakarta,backup|manajemen|3813477|total rekap revisi
BCH-0000765,laporan_logistik_202411_8772.pdf,4525193,2024-07-17,nas-lokal-04,laporan_logistik_202411_8772|4525193|pending draft data
BCH-0004266,log_sdm_202501_3749.csv,3283996,2024-09-29,nas-lokal-03,log_sdm_202501_3749|3283996|final rekap total
BCH-0000896,log_manajemen_202509_7458.xls,82722647,2024-01-17,portal-upload-mobile,log_manajemen_202509_7458|82722647|approved data final
BCH-0004331,backup_keuangan_202404_0841.jpg,352078,2024-03-23,cloud-storage-azure,backup_keuangan_202404_0841|352078|pending approved rekap
BCH-0002272,log_sdm_202408_4065.zip,1160009,2024-09-22,ftp-cabang,log_sdm_202408_4065|1160009|draft approved rekap
DUP-0000423,memo_pemasaran_202305_3123.json,228782,2022-03-26,portal-upload-web,memo|pemasaran|228782|file draft dokumen total approved
BCH-0003622,dataset_sdm_202410_7860.jpeg,37937624,2024-09-25,nas-lokal-04,dataset_sdm_202410_7860|37937624|arsip total approved
BCH-0000071,invoice_pemasaran_202412_2641.xlsx,464027,2024-01-23,cloud-storage-azure,invoice_pemasaran_202412_2641|464027|rekap revisi arsip
BCH-0003302,laporan_pemasaran_202512_9145.xml,1844313,2024-09-20,cloud-storage-azure,laporan_pemasaran_202512_9145|1844313|rekap pending arsip
BCH-0002963,gambar_hukum_202407_6978.pdf,359198,2024-04-19,portal-upload-mobile,gambar_hukum_202407_6978|359198|arsip revisi data
BCH-0003400,presentasi_pemasaran_202403_7288.jpg,3847051,2024-01-08,nas-lokal-03,presentasi_pemasaran_202403_7288|3847051|pending draft revisi
BCH-0000573,memo_teknologi_202505_2962.txt,1651852,2024-03-05,cloud-storage-azure,memo_teknologi_202505_2962|1651852|total final pending
BCH-0000206,presentasi_sdm_202402_2232.xlsx,4364427,2024-08-23,cloud-storage-azure,presentasi_sdm_202402_2232|4364427|draft approved pending
DUP-0000447,kontrak_keuangan_202205_1262.png,674709,2022-12-16,server-arsip-jakarta,kontrak|keuangan|674709|draft pending dokumen rekap data
BCH-0001760,invoice_sdm_202403_6307.json,4336404,2024-10-12,portal-upload-mobile,invoice_sdm_202403_6307|4336404|pending total approved
BCH-0003225,log_operasional_202503_2769.doc,2786765,2024-05-03,server-arsip-makassar,log_operasional_202503_2769|2786765|rekap total revisi
BCH-0002770,log_audit_202507_7688.xlsx,1150416,2024-07-19,server-arsip-medan,log_audit_202507_7688|1150416|arsip rekap draft
BCH-0002296,memo_manajemen_202401_4631.pdf,3166444,2024-06-16,nas-lokal-03,memo_manajemen_202401_4631|3166444|total approved arsip
BCH-0003533,memo_manajemen_202404_5235.xlsx,5244985,2024-08-14,ftp-cabang,memo_manajemen_202404_5235|5244985|approved rekap final
DUP-0000096,presentasi_hukum_202404_4551.json,4483366,2022-10-24,nas-lokal-01,presentasi|hukum|4483366|file draft final rekap
BCH-0000826,laporan_hukum_202411_4323.txt,210503,2024-09-27,server-arsip-medan,laporan_hukum_202411_4323|210503|final pending rekap
BCH-0001568,surat_audit_202511_7853.csv,4063720,2024-03-07,ftp-cabang,surat_audit_202511_7853|4063720|total arsip revisi
BCH-0000998,log_sdm_202406_4967.jpg,4948961,2024-10-16,nas-lokal-03,log_sdm_202406_4967|4948961|approved data draft
BCH-0000344,surat_audit_202501_1385.txt,3432458,2024-01-30,portal-upload-mobile,surat_audit_202501_1385|3432458|pending rekap data
BCH-0003734,kontrak_riset_202409_6991.jpeg,27452434,2024-02-22,nas-lokal-03,kontrak_riset_202409_6991|27452434|pending rekap total
BCH-0001923,kontrak_pemasaran_202503_8462.json,238891,2024-04-11,server-arsip-semarang,kontrak_pemasaran_202503_8462|238891|revisi periode total
BCH-0003241,laporan_hukum_202401_1123.jpg,222166,2024-11-22,server-arsip-semarang,laporan_hukum_202401_1123|222166|rekap revisi draft
BCH-0003082,surat_manajemen_202509_1545.xml,20180714,2024-06-19,nas-lokal-03,surat_manajemen_202509_1545|20180714|rekap arsip final
BCH-0001470,kontrak_logistik_202503_5029.rar,2063323,2024-04-12,cloud-storage-azure,kontrak_logistik_202503_5029|2063323|periode total pending
BCH-0001665,log_audit_202412_7220.json,327622307,2024-03-21,server-arsip-semarang,log_audit_202412_7220|327622307|rekap pending approved
BCH-0001982,presentasi_audit_202506_4420.doc,4084564,2024-06-03,server-arsip-makassar,presentasi_audit_202506_4420|4084564|revisi final total
BCH-0000129,surat_pemasaran_202509_8643.txt,28806,2024-10-09,nas-lokal-03,surat_pemasaran_202509_8643|28806|approved rekap pending
BCH-0002531,presentasi_riset_202411_0374.jpg,67153854,2024-08-08,server-arsip-medan,presentasi_riset_202411_0374|67153854|approved periode pending
BCH-0002490,dataset_keuangan_202512_1536.csv,5294129,2024-09-19,nas-lokal-04,dataset_keuangan_202512_1536|5294129|data periode approved
BCH-0001408,dataset_operasional_202511_8836.docx,12973102,2024-01-16,server-arsip-semarang,dataset_operasional_202511_8836|12973102|approved data revisi
BCH-0000290,backup_hukum_202409_6760.rar,345957951,2024-12-28,server-arsip-makassar,backup_hukum_202409_6760|345957951|revisi arsip data
BCH-0004349,kontrak_riset_202501_6506.csv,428593617,2024-09-24,nas-lokal-04,kontrak_riset_202501_6506|428593617|draft periode rekap
BCH-0003229,log_manajemen_202405_1340.txt,262121246,2024-07-14,ftp-cabang,log_manajemen_202405_1340|262121246|rekap periode revisi
BCH-0000707,kontrak_riset_202409_4524.xml,463811,2024-06-09,server-arsip-medan,kontrak_riset_202409_4524|463811|revisi data periode
DUP-0000310,laporan_riset_202406_6451.xml,773156,2022-12-24,backup-eksternal,laporan|riset|773156|file arsip pending
BCH-0003173,backup_teknologi_202510_7280.zip,128298,2024-09-24,nas-lokal-04,backup_teknologi_202510_7280|128298|periode rekap revisi
BCH-0003517,backup_logistik_202403_5431.json,3737212,2024-05-07,ftp-cabang,backup_logistik_202403_5431|3737212|final data total
BCH-0003149,log_teknologi_202403_3876.doc,336873,2024-09-06,server-arsip-makassar,log_teknologi_202403_3876|336873|approved data pending
BCH-0003200,laporan_teknologi_202509_3070.zip,2562466,2024-07-21,portal-upload-mobile,laporan_teknologi_202509_3070|2562466|arsip total revisi
BCH-0002351,invoice_manajemen_202411_4736.txt,409776,2024-04-11,cloud-storage-azure,invoice_manajemen_202411_4736|409776|data rekap approved
BCH-0000432,log_riset_202412_3032.png,279315,2024-04-24,ftp-cabang,log_riset_202412_3032|279315|pending revisi arsip
DUP-0000194,presentasi_audit_202305_5993.jpg,56952,2024-04-24,cloud-storage-gcp,presentasi|audit|56952|final rekap data
BCH-0002455,memo_logistik_202503_8164.doc,31297272,2024-01-19,nas-lokal-03,memo_logistik_202503_8164|31297272|draft periode total
BCH-0004005,kontrak_operasional_202407_1296.json,3182826,2024-08-30,server-arsip-makassar,kontrak_operasional_202407_1296|3182826|draft final rekap
BCH-0002484,kontrak_pemasaran_202501_4423.jpg,383399,2024-11-14,server-arsip-makassar,kontrak_pemasaran_202501_4423|383399|total data pending
BCH-0003926,presentasi_manajemen_202406_8799.json,67710333,2024-04-21,server-arsip-semarang,presentasi_manajemen_202406_8799|67710333|periode draft arsip
BCH-0003146,laporan_riset_202408_7700.csv,3354757,2024-07-19,cloud-storage-azure,laporan_riset_202408_7700|3354757|data periode rekap
BCH-0003072,memo_sdm_202411_3205.rar,3815999,2024-06-28,portal-upload-mobile,memo_sdm_202411_3205|3815999|arsip approved rekap
BCH-0003882,backup_operasional_202508_0875.docx,75337,2024-04-30,nas-lokal-04,backup_operasional_202508_0875|75337|approved revisi rekap
DUP-0000481,gambar_hukum_202409_0270.docx,38542972,2024-11-21,portal-upload-web,gambar|hukum|38542972|file periode final
BCH-0000377,gambar_audit_202405_2014.jpeg,1189831,2024-03-23,nas-lokal-03,gambar_audit_202405_2014|1189831|total final draft
BCH-0000571,kontrak_audit_202410_2472.doc,22348,2024-06-09,portal-upload-mobile,kontrak_audit_202410_2472|22348|final draft arsip
BCH-0000866,gambar_teknologi_202502_9591.jpeg,17422210,2024-03-03,cloud-storage-azure,gambar_teknologi_202502_9591|17422210|draft approved rekap
BCH-0003782,memo_keuangan_202506_6842.xlsx,1256420,2024-05-16,server-arsip-makassar,memo_keuangan_202506_6842|1256420|revisi data draft
DUP-0000258,presentasi_hukum_202312_0843.xml,358830,2023-08-13,portal-upload-web,presentasi|hukum|358830|draft total dokumen arsip
BCH-0003211,invoice_audit_202408_0556.doc,480922,2024-06-09,server-arsip-makassar,invoice_audit_202408_0556|480922|total revisi final
BCH-0002132,invoice_keuangan_202507_5209.zip,29062312,2024-07-15,nas-lokal-04,invoice_keuangan_202507_5209|29062312|approved total rekap
BCH-0004413,dataset_manajemen_202511_6432.xls,9643374,2024-10-01,nas-lokal-03,dataset_manajemen_202511_6432|9643374|approved total pending
BCH-0002153,surat_sdm_202508_4523.jpeg,53033,2024-08-13,portal-upload-mobile,surat_sdm_202508_4523|53033|rekap draft final
BCH-0003430,surat_sdm_202504_8112.docx,136819,2024-02-16,portal-upload-mobile,surat_sdm_202504_8112|136819|final total draft
BCH-0004118,surat_logistik_202506_3457.txt,19918922,2024-05-15,server-arsip-semarang,surat_logistik_202506_3457|19918922|revisi rekap pending
BCH-0004073,gambar_manajemen_202410_4111.jpeg,402450,2024-02-22,ftp-cabang,gambar_manajemen_202410_4111|402450|periode total arsip
BCH-0000545,memo_teknologi_202410_0197.png,1506710,2024-01-25,ftp-cabang,memo_teknologi_202410_0197|1506710|total final arsip
BCH-0001387,surat_hukum_202508_8622.zip,92254,2024-10-16,server-arsip-makassar,surat_hukum_202508_8622|92254|pending draft revisi
BCH-0002576,dataset_hukum_202411_2049.zip,29433105,2024-07-02,server-arsip-medan,dataset_hukum_202411_2049|29433105|data pending approved
BCH-0000589,dataset_riset_202503_8781.csv,130684473,2024-09-12,cloud-storage-azure,dataset_riset_202503_8781|130684473|final data rekap
BCH-0002109,kontrak_teknologi_202404_5376.json,40249702,2024-01-25,nas-lokal-03,kontrak_teknologi_202404_5376|40249702|rekap final revisi
BCH-0002276,invoice_logistik_202404_0965.pdf,3558585,2024-01-19,ftp-cabang,invoice_logistik_202404_0965|3558585|final arsip draft
BCH-0000974,backup_keuangan_202404_5747.pdf,4953565,2024-11-15,server-arsip-medan,backup_keuangan_202404_5747|4953565|approved periode draft
BCH-0002302,log_hukum_202512_6111.txt,210884524,2024-02-10,nas-lokal-03,log_hukum_202512_6111|210884524|approved total rekap
BCH-0002571,invoice_pemasaran_202412_2732.docx,2338618,2024-06-19,nas-lokal-04,invoice_pemasaran_202412_2732|2338618|arsip data total
BCH-0001453,gambar_operasional_202404_3208.jpg,2244957,2024-11-27,server-arsip-makassar,gambar_operasional_202404_3208|2244957|periode approved data
BCH-0003874,log_riset_202404_0029.xls,2726164,2024-09-04,cloud-storage-azure,log_riset_202404_0029|2726164|revisi draft arsip
BCH-0000577,gambar_operasional_202507_5434.xml,2358368,2024-05-04,cloud-storage-azure,gambar_operasional_202507_5434|2358368|periode approved total
BCH-0002350,log_logistik_202410_1355.rar,55558155,2024-07-26,nas-lokal-04,log_logistik_202410_1355|55558155|data total arsip
BCH-0000948,dataset_sdm_202411_0865.xml,1119095,2024-08-12,server-arsip-semarang,dataset_sdm_202411_0865|1119095|data arsip rekap
BCH-0001388,log_audit_202407_6110.docx,692853,2024-04-09,server-arsip-medan,log_audit_202407_6110|692853|periode final draft
BCH-0002706,laporan_pemasaran_202402_8716.jpeg,106653,2024-05-07,ftp-cabang,laporan_pemasaran_202402_8716|106653|final periode approved
BCH-0003484,surat_audit_202505_8144.zip,143272,2024-07-04,server-arsip-semarang,surat_audit_202505_8144|143272|final draft periode
BCH-0000353,presentasi_operasional_202407_1754.zip,31647601,2024-06-29,server-arsip-makassar,presentasi_operasional_202407_1754|31647601|rekap revisi pending
BCH-0001326,backup_pemasaran_202511_9465.jpg,971121,2024-10-27,portal-upload-mobile,backup_pemasaran_202511_9465|971121|revisi approved draft
BCH-0003297,laporan_teknologi_202509_9599.pdf,15468935,2024-12-21,portal-upload-mobile,laporan_teknologi_202509_9599|15468935|total data arsip
DUP-0000281,memo_pemasaran_202204_2256.xml,4229780,2022-04-01,server-arsip-jakarta,memo|pemasaran|4229780|final dokumen approved
BCH-0001855,memo_manajemen_202404_7665.json,29483186,2024-10-02,ftp-cabang,memo_manajemen_202404_7665|29483186|rekap final periode
DUP-0000409,kontrak_keuangan_202310_4111.pdf,308871779,2024-02-18,nas-lokal-01,kontrak|keuangan|308871779|revisi dokumen arsip final rekap
BCH-0003240,gambar_operasional_202503_9950.png,87535,2024-03-14,cloud-storage-azure,gambar_operasional_202503_9950|87535|approved periode rekap
BCH-0003345,kontrak_manajemen_202410_1630.xml,3880995,2024-12-17,cloud-storage-azure,kontrak_manajemen_202410_1630|3880995|approved data total
BCH-0000909,backup_sdm_202506_8842.doc,325495,2024-07-31,server-arsip-makassar,backup_sdm_202506_8842|325495|draft final rekap
BCH-0004086,memo_logistik_202406_5140.pdf,245468,2024-05-21,server-arsip-semarang,memo_logistik_202406_5140|245468|draft data total
BCH-0000684,surat_audit_202412_2231.txt,16553,2024-09-12,cloud-storage-azure,surat_audit_202412_2231|16553|total approved pending
BCH-0001885,kontrak_pemasaran_202505_2739.json,2945315,2024-08-29,server-arsip-medan,kontrak_pemasaran_202505_2739|2945315|final rekap total
BCH-0001679,memo_keuangan_202510_7313.csv,1345851,2024-07-24,server-arsip-makassar,memo_keuangan_202510_7313|1345851|pending final total
BCH-0003329,invoice_manajemen_202405_4001.rar,170046,2024-04-29,portal-upload-mobile,invoice_manajemen_202405_4001|170046|total final revisi
BCH-0001577,log_teknologi_202412_7127.xlsx,2916024,2024-08-19,nas-lokal-03,log_teknologi_202412_7127|2916024|data revisi periode
BCH-0001426,kontrak_teknologi_202411_1109.xml,4629118,2024-06-30,portal-upload-mobile,kontrak_teknologi_202411_1109|4629118|arsip data draft
DUP-0000251,gambar_teknologi_202303_0526.json,158561147,2022-05-03,cloud-storage-gcp,gambar|teknologi|158561147|total pending data
DUP-0000240,kontrak_teknologi_202412_6132.pdf,272510,2024-10-03,nas-lokal-02,kontrak|teknologi|272510|approved draft file pending
BCH-0000839,invoice_logistik_202503_3233.docx,33488421,2024-06-04,nas-lokal-04,invoice_logistik_202503_3233|33488421|final rekap arsip
BCH-0002807,dataset_teknologi_202401_7249.xls,1666831,2024-07-23,server-arsip-semarang,dataset_teknologi_202401_7249|1666831|pending approved periode
DUP-0000028,laporan_pemasaran_202209_4520.json,168506,2022-05-07,cloud-storage-gcp,laporan|pemasaran|168506|rekap arsip final revisi
BCH-0002194,invoice_audit_202509_5691.doc,23619194,2024-07-27,portal-upload-mobile,invoice_audit_202509_5691|23619194|final arsip data
BCH-0002790,kontrak_pemasaran_202504_0656.jpeg,32515055,2024-12-04,cloud-storage-azure,kontrak_pemasaran_202504_0656|32515055|rekap periode revisi
BCH-0002232,memo_audit_202410_9811.doc,2504088,2024-09-09,server-arsip-medan,memo_audit_202410_9811|2504088|rekap arsip pending
DUP-0000183,memo_pemasaran_202306_2911.zip,157831322,2024-03-26,nas-lokal-01,memo|pemasaran|157831322|file data pending revisi
BCH-0001800,dataset_logistik_202407_6485.doc,24436344,2024-01-22,nas-lokal-04,dataset_logistik_202407_6485|24436344|periode pending total
BCH-0000292,presentasi_keuangan_202405_1546.csv,15014206,2024-01-21,nas-lokal-03,presentasi_keuangan_202405_1546|15014206|total periode rekap
BCH-0003051,memo_teknologi_202408_0104.pdf,275926,2024-01-21,nas-lokal-03,memo_teknologi_202408_0104|275926|periode total draft
BCH-0003359,log_pemasaran_202412_4749.json,311905,2024-01-30,portal-upload-mobile,log_pemasaran_202412_4749|311905|revisi periode approved
BCH-0000509,backup_riset_202407_7875.doc,4367871,2024-01-10,nas-lokal-04,backup_riset_202407_7875|4367871|total revisi data
BCH-0001744,memo_hukum_202510_7253.csv,3785645,2024-02-12,nas-lokal-03,memo_hukum_202510_7253|3785645|total final arsip
BCH-0002510,presentasi_teknologi_202402_6991.docx,1928529,2024-05-29,server-arsip-semarang,presentasi_teknologi_202402_6991|1928529|revisi total periode
BCH-0000258,memo_operasional_202510_2553.csv,415143754,2024-08-14,portal-upload-mobile,memo_operasional_202510_2553|415143754|pending rekap approved
BCH-0003133,laporan_audit_202411_3868.csv,4943796,2024-08-02,portal-upload-mobile,laporan_audit_202411_3868|4943796|pending revisi periode
BCH-0000074,kontrak_teknologi_202408_1557.png,188391,2024-11-06,ftp-cabang,kontrak_teknologi_202408_1557|188391|periode data total
BCH-0001742,dataset_manajemen_202504_4393.docx,947126,2024-06-23,nas-lokal-04,dataset_manajemen_202504_4393|947126|draft revisi pending
DUP-0000153,laporan_hukum_202202_5433.txt,34758173,2022-09-08,server-arsip-jakarta,laporan|hukum|34758173|rekap periode dokumen approved
BCH-0003513,memo_hukum_202502_8956.doc,33051111,2024-12-10,nas-lokal-03,memo_hukum_202502_8956|33051111|data approved rekap
BCH-0001482,log_keuangan_202407_1396.pdf,1216225,2024-05-04,ftp-cabang,log_keuangan_202407_1396|1216225|total periode final
BCH-0003608,invoice_sdm_202412_7734.xls,38592369,2024-03-25,server-arsip-semarang,invoice_sdm_202412_7734|38592369|arsip final rekap
BCH-0002287,backup_pemasaran_202403_4127.rar,8394171,2024-11-18,nas-lokal-04,backup_pemasaran_202403_4127|8394171|total pending data
BCH-0000186,kontrak_pemasaran_202504_6055.txt,167042,2024-08-31,server-arsip-semarang,kontrak_pemasaran_202504_6055|167042|rekap final revisi
BCH-0000709,dataset_teknologi_202501_5525.xlsx,3152963,2024-07-12,server-arsip-makassar,dataset_teknologi_202501_5525|3152963|approved rekap total
BCH-0000259,kontrak_audit_202401_3904.zip,128197,2024-10-20,server-arsip-medan,kontrak_audit_202401_3904|128197|total data draft
BCH-0001751,presentasi_sdm_202411_8966.pdf,28404657,2024-02-01,cloud-storage-azure,presentasi_sdm_202411_8966|28404657|revisi data pending
BCH-0002714,backup_pemasaran_202408_6469.rar,119151,2024-02-23,portal-upload-mobile,backup_pemasaran_202408_6469|119151|approved revisi total
BCH-0004021,surat_logistik_202409_3899.png,28919246,2024-02-19,portal-upload-mobile,surat_logistik_202409_3899|28919246|final rekap arsip
BCH-0000830,invoice_keuangan_202502_7398.pdf,3690415,2024-03-01,server-arsip-medan,invoice_keuangan_202502_7398|3690415|rekap total data
BCH-0000582,invoice_hukum_202508_8311.png,489087,2024-11-19,server-arsip-makassar,invoice_hukum_202508_8311|489087|draft total data
BCH-0001866,laporan_sdm_202506_5462.xlsx,498233,2024-09-21,server-arsip-medan,laporan_sdm_202506_5462|498233|total draft data
DUP-0000077,surat_keuangan_202311_2609.xlsx,31293781,2022-02-14,ftp-pusat,surat|keuangan|31293781|draft approved pending file
BCH-0002717,invoice_riset_202511_2555.doc,277725,2024-05-16,nas-lokal-03,invoice_riset_202511_2555|277725|data final rekap
BCH-0003504,invoice_audit_202505_9809.json,12171500,2024-11-11,ftp-cabang,invoice_audit_202505_9809|12171500|final draft approved
BCH-0003405,memo_keuangan_202412_2002.rar,437015,2024-02-10,server-arsip-semarang,memo_keuangan_202412_2002|437015|revisi periode rekap
BCH-0001598,laporan_teknologi_202502_1098.pdf,1529361,2024-11-17,server-arsip-medan,laporan_teknologi_202502_1098|1529361|periode rekap draft
BCH-0003651,kontrak_audit_202406_9354.rar,61817,2024-08-29,server-arsip-semarang,kontrak_audit_202406_9354|61817|periode final revisi
BCH-0003391,laporan_sdm_202407_7098.docx,9959078,2024-05-30,portal-upload-mobile,laporan_sdm_202407_7098|9959078|pending arsip data
BCH-0003105,kontrak_riset_202505_9350.pdf,422907,2024-02-16,nas-lokal-03,kontrak_riset_202505_9350|422907|arsip approved pending
BCH-0001058,surat_manajemen_202503_7236.xls,185619626,2024-10-09,server-arsip-medan,surat_manajemen_202503_7236|185619626|rekap pending approved
BCH-0003006,backup_pemasaran_202411_6907.doc,962572,2024-10-10,server-arsip-semarang,backup_pemasaran_202411_6907|962572|revisi total final
BCH-0003194,presentasi_sdm_202510_4902.jpeg,6134464,2024-02-20,server-arsip-semarang,presentasi_sdm_202510_4902|6134464|pending final arsip
BCH-0001043,laporan_teknologi_202510_8059.zip,22645246,2024-10-28,server-arsip-semarang,laporan_teknologi_202510_8059|22645246|data total draft
BCH-0003016,gambar_keuangan_202503_1948.rar,260640332,2024-09-28,portal-upload-mobile,gambar_keuangan_202503_1948|260640332|data pending draft
DUP-0000157,backup_keuangan_202309_6303.pdf,2510547,2023-09-26,nas-lokal-01,backup|keuangan|2510547|total arsip revisi pending approved
DUP-0000411,backup_teknologi_202203_4545.xlsx,745444,2023-12-14,nas-lokal-01,backup|teknologi|745444|arsip dokumen revisi
BCH-0004439,presentasi_riset_202502_7105.docx,2083041,2024-09-17,portal-upload-mobile,presentasi_riset_202502_7105|2083041|periode pending draft
BCH-0004110,gambar_operasional_202404_2146.png,375353,2024-04-19,ftp-cabang,gambar_operasional_202404_2146|375353|arsip final draft
BCH-0003193,presentasi_teknologi_202409_6978.png,428056,2024-11-16,cloud-storage-azure,presentasi_teknologi_202409_6978|428056|arsip data periode
BCH-0002585,dataset_teknologi_202502_6042.png,6032119,2024-01-22,ftp-cabang,dataset_teknologi_202502_6042|6032119|periode data pending
BCH-0002453,invoice_audit_202408_4717.rar,214654,2024-07-08,server-arsip-medan,invoice_audit_202408_4717|214654|total approved arsip
BCH-0001031,backup_keuangan_202401_6542.zip,202074,2024-09-28,server-arsip-makassar,backup_keuangan_202401_6542|202074|approved data revisi
DUP-0000267,dataset_manajemen_202404_0949.docx,239368,2023-05-16,server-arsip-bandung,dataset|manajemen|239368|total pending dokumen rekap
BCH-0003186,log_hukum_202405_5946.jpeg,40868,2024-01-20,ftp-cabang,log_hukum_202405_5946|40868|final pending revisi
BCH-0000706,surat_sdm_202404_6104.zip,467639,2024-07-05,nas-lokal-04,surat_sdm_202404_6104|467639|pending approved draft
BCH-0001128,log_teknologi_202512_6474.jpeg,1401555,2024-07-02,portal-upload-mobile,log_teknologi_202512_6474|1401555|revisi arsip final
BCH-0000297,log_hukum_202505_3725.xls,1857666,2024-01-09,server-arsip-makassar,log_hukum_202505_3725|1857666|pending periode rekap
BCH-0004406,invoice_sdm_202402_3036.xml,29721870,2024-04-18,ftp-cabang,invoice_sdm_202402_3036|29721870|pending total data
BCH-0002859,dataset_sdm_202505_5756.jpg,1398411,2024-11-03,ftp-cabang,dataset_sdm_202505_5756|1398411|revisi total final
BCH-0004314,presentasi_hukum_202504_3792.doc,41887275,2024-09-22,ftp-cabang,presentasi_hukum_202504_3792|41887275|revisi arsip draft
BCH-0002813,kontrak_operasional_202508_3272.rar,457655859,2024-03-24,server-arsip-semarang,kontrak_operasional_202508_3272|457655859|approved revisi final
BCH-0003947,log_riset_202401_4875.xml,509443,2024-05-01,ftp-cabang,log_riset_202401_4875|509443|final pending data
BCH-0000106,invoice_sdm_202409_5546.doc,4059545,2024-04-18,ftp-cabang,invoice_sdm_202409_5546|4059545|revisi approved pending
BCH-0003853,dataset_operasional_202401_5309.csv,303923,2024-06-18,cloud-storage-azure,dataset_operasional_202401_5309|303923|revisi final approved
BCH-0002125,kontrak_logistik_202504_2122.png,45665417,2024-03-01,cloud-storage-azure,kontrak_logistik_202504_2122|45665417|data approved pending
BCH-0003681,memo_keuangan_202506_9993.jpeg,1330948,2024-05-08,server-arsip-medan,memo_keuangan_202506_9993|1330948|rekap revisi data
BCH-0002156,laporan_audit_202503_4560.rar,32952,2024-11-28,portal-upload-mobile,laporan_audit_202503_4560|32952|arsip approved draft
BCH-0001404,log_keuangan_202505_1927.png,2148368,2024-04-05,portal-upload-mobile,log_keuangan_202505_1927|2148368|draft rekap approved
BCH-0002983,memo_logistik_202411_1139.pdf,209783,2024-03-23,portal-upload-mobile,memo_logistik_202411_1139|209783|draft approved revisi
BCH-0003700,kontrak_operasional_202401_0378.zip,363809,2024-10-27,cloud-storage-azure,kontrak_operasional_202401_0378|363809|rekap approved revisi
BCH-0000417,backup_sdm_202408_9163.csv,585843,2024-04-11,server-arsip-semarang,backup_sdm_202408_9163|585843|arsip approved draft
BCH-0001332,kontrak_audit_202512_5417.xlsx,188534,2024-06-03,server-arsip-medan,kontrak_audit_202512_5417|188534|revisi draft periode
BCH-0001143,laporan_sdm_202504_6857.xlsx,44779,2024-07-11,portal-upload-mobile,laporan_sdm_202504_6857|44779|arsip data pending
BCH-0000606,backup_teknologi_202501_6214.xml,250691,2024-09-13,server-arsip-medan,backup_teknologi_202501_6214|250691|arsip final pending
BCH-0000355,dataset_logistik_202510_0185.doc,271425,2024-02-04,server-arsip-makassar,dataset_logistik_202510_0185|271425|data rekap arsip
BCH-0002878,presentasi_riset_202506_3904.xml,2545630,2024-04-05,ftp-cabang,presentasi_riset_202506_3904|2545630|arsip periode approved
BCH-0003730,memo_operasional_202406_1753.txt,351204,2024-12-14,nas-lokal-03,memo_operasional_202406_1753|351204|rekap draft pending
BCH-0003976,kontrak_audit_202502_8791.xml,13352583,2024-06-03,ftp-cabang,kontrak_audit_202502_8791|13352583|data rekap final
BCH-0000940,kontrak_teknologi_202404_8691.doc,298586,2024-09-06,portal-upload-mobile,kontrak_teknologi_202404_8691|298586|data approved total
BCH-0003403,gambar_keuangan_202409_2565.csv,239419,2024-11-23,server-arsip-medan,gambar_keuangan_202409_2565|239419|revisi data final
BCH-0000997,dataset_teknologi_202505_1626.xml,3188322,2024-04-01,portal-upload-mobile,dataset_teknologi_202505_1626|3188322|rekap approved data
BCH-0001123,backup_operasional_202412_8085.jpg,2383745,2024-06-24,server-arsip-medan,backup_operasional_202412_8085|2383745|approved total arsip
BCH-0003313,presentasi_sdm_202411_1916.doc,144690,2024-08-14,nas-lokal-03,presentasi_sdm_202411_1916|144690|approved periode final
BCH-0003885,invoice_operasional_202408_2882.pdf,9902901,2024-05-30,cloud-storage-azure,invoice_operasional_202408_2882|9902901|revisi approved data
BCH-0002874,memo_manajemen_202509_1242.txt,2773613,2024-05-23,server-arsip-makassar,memo_manajemen_202509_1242|2773613|arsip final periode
BCH-0003538,memo_pemasaran_202410_1429.docx,391998,2024-08-19,ftp-cabang,memo_pemasaran_202410_1429|391998|periode pending total
BCH-0002869,invoice_pemasaran_202506_8747.xlsx,35948942,2024-07-04,server-arsip-makassar,invoice_pemasaran_202506_8747|35948942|periode total arsip
BCH-0000540,gambar_audit_202410_6876.jpg,4608044,2024-10-03,ftp-cabang,gambar_audit_202410_6876|4608044|draft rekap arsip
BCH-0004316,dataset_pemasaran_202503_2599.jpg,40126060,2024-11-03,cloud-storage-azure,dataset_pemasaran_202503_2599|40126060|rekap approved arsip
BCH-0001407,invoice_riset_202510_6699.xml,51771,2024-11-04,server-arsip-medan,invoice_riset_202510_6699|51771|arsip approved total
BCH-0000457,gambar_pemasaran_202402_0325.zip,29849873,2024-01-14,cloud-storage-azure,gambar_pemasaran_202402_0325|29849873|total arsip data
BCH-0000359,surat_teknologi_202402_2669.zip,294516,2024-02-04,portal-upload-mobile,surat_teknologi_202402_2669|294516|rekap revisi approved
BCH-0002853,memo_hukum_202501_7389.xls,408998,2024-05-06,nas-lokal-03,memo_hukum_202501_7389|408998|draft approved total
BCH-0003797,laporan_riset_202404_1371.txt,420005708,2024-06-07,ftp-cabang,laporan_riset_202404_1371|420005708|draft revisi pending
BCH-0001018,presentasi_pemasaran_202507_0236.pdf,190779,2024-11-14,ftp-cabang,presentasi_pemasaran_202507_0236|190779|final pending total
BCH-0002857,kontrak_operasional_202506_0502.doc,3241823,2024-03-22,server-arsip-semarang,kontrak_operasional_202506_0502|3241823|total approved data
BCH-0000350,dataset_hukum_202412_7030.csv,4624025,2024-02-01,server-arsip-medan,dataset_hukum_202412_7030|4624025|periode rekap approved
DUP-0000204,log_operasional_202310_2957.docx,1162088,2023-08-25,nas-lokal-01,log|operasional|1162088|total draft final
BCH-0003341,memo_operasional_202510_2704.xlsx,4856924,2024-05-15,server-arsip-makassar,memo_operasional_202510_2704|4856924|pending draft revisi
BCH-0001237,dataset_sdm_202504_4530.jpg,172144,2024-12-17,server-arsip-semarang,dataset_sdm_202504_4530|172144|total revisi rekap
BCH-0001526,kontrak_hukum_202405_8528.json,2520182,2024-12-23,server-arsip-makassar,kontrak_hukum_202405_8528|2520182|rekap revisi approved
BCH-0000686,laporan_teknologi_202405_0782.txt,166590,2024-04-05,server-arsip-makassar,laporan_teknologi_202405_0782|166590|rekap arsip periode
BCH-0002400,kontrak_operasional_202511_3300.csv,988119,2024-10-28,server-arsip-makassar,kontrak_operasional_202511_3300|988119|draft data pending
BCH-0003157,laporan_operasional_202502_2393.json,4663582,2024-10-04,nas-lokal-03,laporan_operasional_202502_2393|4663582|rekap draft periode
BCH-0000041,gambar_sdm_202504_3784.rar,350772027,2024-01-07,nas-lokal-04,gambar_sdm_202504_3784|350772027|approved arsip revisi
BCH-0002572,log_logistik_202412_7391.xml,3709712,2024-07-12,server-arsip-makassar,log_logistik_202412_7391|3709712|rekap periode revisi
BCH-0000845,gambar_pemasaran_202407_3076.xls,2092784,2024-09-19,cloud-storage-azure,gambar_pemasaran_202407_3076|2092784|draft final rekap
BCH-0003541,invoice_operasional_202503_2202.xml,4473380,2024-05-17,nas-lokal-03,invoice_operasional_202503_2202|4473380|periode revisi pending
BCH-0003238,backup_hukum_202504_7037.json,4115481,2024-01-29,server-arsip-semarang,backup_hukum_202504_7037|4115481|draft final pending
BCH-0003239,backup_logistik_202412_4011.xml,361101,2024-08-03,ftp-cabang,backup_logistik_202412_4011|361101|approved draft final
BCH-0002091,laporan_teknologi_202403_9378.docx,218039,2024-03-29,server-arsip-makassar,laporan_teknologi_202403_9378|218039|data periode total
BCH-0000329,dataset_operasional_202502_4700.png,19591229,2024-09-11,server-arsip-makassar,dataset_operasional_202502_4700|19591229|approved draft total
BCH-0003356,laporan_hukum_202405_8917.jpg,369131,2024-08-01,cloud-storage-azure,laporan_hukum_202405_8917|369131|draft pending approved
BCH-0002465,surat_manajemen_202510_4819.docx,4414992,2024-02-10,portal-upload-mobile,surat_manajemen_202510_4819|4414992|draft data rekap
BCH-0004212,memo_teknologi_202511_3577.csv,2225028,2024-10-08,nas-lokal-04,memo_teknologi_202511_3577|2225028|periode data pending
BCH-0004416,kontrak_operasional_202501_2991.png,4360037,2024-08-14,nas-lokal-04,kontrak_operasional_202501_2991|4360037|revisi rekap total
BCH-0001632,log_operasional_202410_0283.pdf,35066750,2024-03-28,server-arsip-makassar,log_operasional_202410_0283|35066750|data arsip revisi
BCH-0004109,laporan_keuangan_202507_8428.txt,38253532,2024-10-11,nas-lokal-03,laporan_keuangan_202507_8428|38253532|pending approved total
BCH-0000158,presentasi_sdm_202510_2039.xls,29674797,2024-04-22,ftp-cabang,presentasi_sdm_202510_2039|29674797|rekap draft final
BCH-0003305,backup_sdm_202512_0182.xls,104879,2024-02-09,nas-lokal-04,backup_sdm_202512_0182|104879|final approved rekap
DUP-0000247,memo_riset_202210_2739.docx,2037192,2023-10-23,nas-lokal-01,memo|riset|2037192|final file draft total dokumen
BCH-0004157,surat_sdm_202507_1605.xlsx,389733,2024-11-26,server-arsip-medan,surat_sdm_202507_1605|389733|periode total arsip
BCH-0002036,backup_riset_202501_3876.doc,146763,2024-09-02,server-arsip-makassar,backup_riset_202501_3876|146763|final periode data
BCH-0004281,surat_riset_202412_1140.docx,332753,2024-03-21,server-arsip-makassar,surat_riset_202412_1140|332753|periode draft data
BCH-0003539,kontrak_logistik_202511_7615.xls,1346529,2024-12-01,server-arsip-medan,kontrak_logistik_202511_7615|1346529|total arsip periode
BCH-0003117,dataset_sdm_202510_8079.doc,824215,2024-06-21,server-arsip-semarang,dataset_sdm_202510_8079|824215|periode draft total
BCH-0003363,presentasi_pemasaran_202401_1899.rar,2100394,2024-04-02,server-arsip-semarang,presentasi_pemasaran_202401_1899|2100394|periode data revisi
BCH-0000574,memo_teknologi_202502_0370.xlsx,2823417,2024-08-14,server-arsip-medan,memo_teknologi_202502_0370|2823417|approved periode data
BCH-0004142,laporan_operasional_202510_2477.xls,8290152,2024-08-04,ftp-cabang,laporan_operasional_202510_2477|8290152|arsip revisi approved
BCH-0003519,invoice_audit_202403_3122.txt,190138,2024-11-20,server-arsip-makassar,invoice_audit_202403_3122|190138|draft data approved
BCH-0000604,surat_sdm_202409_3335.xlsx,23310569,2024-01-30,server-arsip-semarang,surat_sdm_202409_3335|23310569|data final rekap
BCH-0002946,laporan_sdm_202511_3667.xlsx,84402540,2024-12-12,server-arsip-semarang,laporan_sdm_202511_3667|84402540|draft data periode
DUP-0000322,kontrak_keuangan_202310_2011.zip,12444489,2022-08-08,server-arsip-surabaya,kontrak|keuangan|12444489|final periode total dokumen
BCH-0001816,memo_operasional_202401_0560.txt,10797,2024-07-13,server-arsip-medan,memo_operasional_202401_0560|10797|total approved arsip
BCH-0000670,surat_sdm_202505_8991.jpeg,182001,2024-01-30,nas-lokal-04,surat_sdm_202505_8991|182001|rekap arsip periode
BCH-0000762,presentasi_audit_202402_4101.png,3323954,2024-10-31,server-arsip-semarang,presentasi_audit_202402_4101|3323954|approved total arsip
BCH-0000449,backup_audit_202504_9482.xml,4207085,2024-09-18,cloud-storage-azure,backup_audit_202504_9482|4207085|arsip approved total
BCH-0003957,gambar_riset_202412_4763.png,299150,2024-09-07,portal-upload-mobile,gambar_riset_202412_4763|299150|rekap arsip approved
BCH-0000245,backup_riset_202501_0223.doc,293200,2024-06-01,ftp-cabang,backup_riset_202501_0223|293200|data periode arsip
BCH-0004493,invoice_operasional_202507_0904.xlsx,1260955,2024-05-22,cloud-storage-azure,invoice_operasional_202507_0904|1260955|pending rekap periode
BCH-0001279,invoice_riset_202507_8991.rar,353322,2024-09-03,ftp-cabang,invoice_riset_202507_8991|353322|data revisi periode
BCH-0003844,log_operasional_202505_0976.zip,776363,2024-11-10,cloud-storage-azure,log_operasional_202505_0976|776363|rekap total arsip
BCH-0002308,presentasi_audit_202405_9787.docx,250588,2024-01-27,nas-lokal-03,presentasi_audit_202405_9787|250588|data pending total
BCH-0001174,kontrak_manajemen_202503_1549.pdf,123097,2024-07-07,server-arsip-makassar,kontrak_manajemen_202503_1549|123097|total pending periode
BCH-0002726,dataset_pemasaran_202510_9059.jpg,136582,2024-01-15,server-arsip-medan,dataset_pemasaran_202510_9059|136582|final arsip rekap
BCH-0000448,memo_pemasaran_202503_1448.docx,3251591,2024-05-14,server-arsip-makassar,memo_pemasaran_202503_1448|3251591|approved final draft
BCH-0002937,presentasi_audit_202502_1665.csv,319207,2024-06-07,ftp-cabang,presentasi_audit_202502_1665|319207|pending data arsip
BCH-0002708,surat_riset_202405_8958.rar,11164656,2024-06-16,cloud-storage-azure,surat_riset_202405_8958|11164656|arsip draft periode
BCH-0000888,dataset_riset_202507_8678.png,28240110,2024-06-16,server-arsip-semarang,dataset_riset_202507_8678|28240110|arsip rekap approved
BCH-0004409,gambar_sdm_202510_2096.xml,68827,2024-06-30,portal-upload-mobile,gambar_sdm_202510_2096|68827|total revisi rekap
BCH-0002250,surat_sdm_202412_0659.txt,304312,2024-09-17,server-arsip-makassar,surat_sdm_202412_0659|304312|data draft periode
BCH-0004055,surat_sdm_202405_4489.jpeg,305686,2024-11-01,cloud-storage-azure,surat_sdm_202405_4489|305686|draft pending arsip
BCH-0002642,log_audit_202402_6149.doc,190928123,2024-03-04,server-arsip-medan,log_audit_202402_6149|190928123|revisi pending data
BCH-0004276,surat_teknologi_202505_9873.jpeg,3090859,2024-05-06,portal-upload-mobile,surat_teknologi_202505_9873|3090859|periode final revisi
BCH-0004206,surat_hukum_202408_4034.png,345886991,2024-03-16,cloud-storage-azure,surat_hukum_202408_4034|345886991|rekap periode arsip
DUP-0000419,memo_hukum_202412_4455.xml,4833640,2023-08-07,ftp-pusat,memo|hukum|4833640|approved revisi total periode
BCH-0002379,presentasi_pemasaran_202410_8572.rar,309761,2024-09-27,nas-lokal-04,presentasi_pemasaran_202410_8572|309761|pending rekap arsip
BCH-0003370,log_pemasaran_202502_8834.docx,4040903,2024-03-07,portal-upload-mobile,log_pemasaran_202502_8834|4040903|approved total pending
BCH-0000912,memo_manajemen_202505_2138.txt,148746,2024-04-07,nas-lokal-03,memo_manajemen_202505_2138|148746|periode data arsip
BCH-0002226,surat_sdm_202504_2716.png,48827,2024-04-15,nas-lokal-03,surat_sdm_202504_2716|48827|final data draft
BCH-0002889,gambar_hukum_202402_0597.jpg,356843,2024-09-28,nas-lokal-03,gambar_hukum_202402_0597|356843|rekap periode arsip
BCH-0004265,log_riset_202510_7086.png,30367105,2024-03-22,nas-lokal-04,log_riset_202510_7086|30367105|approved periode revisi
BCH-0000490,surat_audit_202501_2123.json,488304,2024-10-08,nas-lokal-03,surat_audit_202501_2123|488304|rekap arsip data
DUP-0000255,dataset_sdm_202403_2785.json,164749,2023-04-16,server-arsip-bandung,dataset|sdm|164749|arsip pending revisi data
BCH-0002412,laporan_sdm_202504_9101.xml,23340,2024-09-16,cloud-storage-azure,laporan_sdm_202504_9101|23340|total periode rekap
BCH-0001183,invoice_riset_202508_4355.png,2611674,2024-05-21,server-arsip-semarang,invoice_riset_202508_4355|2611674|total arsip data
BCH-0001310,dataset_operasional_202507_5954.jpg,3082094,2024-01-06,cloud-storage-azure,dataset_operasional_202507_5954|3082094|approved data final
BCH-0000532,presentasi_operasional_202502_0416.json,288105,2024-03-17,nas-lokal-03,presentasi_operasional_202502_0416|288105|revisi periode final
BCH-0000554,invoice_audit_202402_8944.png,609512,2024-07-31,server-arsip-medan,invoice_audit_202402_8944|609512|draft total final
BCH-0003542,surat_hukum_202502_3252.png,3127612,2024-05-06,ftp-cabang,surat_hukum_202502_3252|3127612|periode pending draft
BCH-0001489,kontrak_riset_202405_5586.pdf,242026088,2024-07-28,cloud-storage-azure,kontrak_riset_202405_5586|242026088|final arsip approved
BCH-0002128,gambar_audit_202502_1333.xlsx,19543812,2024-05-09,nas-lokal-04,gambar_audit_202502_1333|19543812|arsip pending final
BCH-0001458,backup_pemasaran_202502_9747.rar,12485546,2024-05-28,nas-lokal-03,backup_pemasaran_202502_9747|12485546|approved draft final
BCH-0001980,kontrak_teknologi_202511_6182.jpg,231313,2024-08-11,server-arsip-semarang,kontrak_teknologi_202511_6182|231313|total final periode
BCH-0001846,invoice_manajemen_202502_4609.rar,40852030,2024-02-28,portal-upload-mobile,invoice_manajemen_202502_4609|40852030|data pending draft
BCH-0001010,kontrak_audit_202511_9895.xlsx,410026,2024-01-05,server-arsip-medan,kontrak_audit_202511_9895|410026|pending approved arsip
BCH-0003699,kontrak_hukum_202504_1833.xml,282358,2024-05-09,cloud-storage-azure,kontrak_hukum_202504_1833|282358|draft data final
BCH-0001109,gambar_sdm_202410_0877.xlsx,33227687,2024-05-17,portal-upload-mobile,gambar_sdm_202410_0877|33227687|pending arsip final
BCH-0003014,log_keuangan_202504_9163.jpeg,1700420,2024-05-12,portal-upload-mobile,log_keuangan_202504_9163|1700420|data arsip pending
BCH-0000469,laporan_keuangan_202402_1269.png,268329,2024-12-12,server-arsip-makassar,laporan_keuangan_202402_1269|268329|approved pending periode
BCH-0002847,laporan_keuangan_202504_8012.txt,4395143,2024-02-27,server-arsip-semarang,laporan_keuangan_202504_8012|4395143|revisi arsip data
BCH-0002060,laporan_riset_202501_9221.doc,252391,2024-03-25,portal-upload-mobile,laporan_riset_202501_9221|252391|draft data pending
BCH-0001843,kontrak_riset_202502_0405.txt,185886,2024-09-19,nas-lokal-03,kontrak_riset_202502_0405|185886|approved revisi rekap
DUP-0000364,laporan_keuangan_202209_4141.docx,3689800,2024-08-29,server-arsip-surabaya,laporan|keuangan|3689800|file data rekap
BCH-0000674,presentasi_teknologi_202404_6004.jpg,25472026,2024-12-14,server-arsip-semarang,presentasi_teknologi_202404_6004|25472026|draft final revisi
DUP-0000088,log_logistik_202209_1764.csv,1142002,2024-11-11,nas-lokal-02,log|logistik|1142002|total pending dokumen final
BCH-0002043,dataset_logistik_202409_7026.csv,60368,2024-12-19,cloud-storage-azure,dataset_logistik_202409_7026|60368|arsip draft pending
BCH-0000057,memo_audit_202507_9079.doc,42366,2024-04-24,nas-lokal-04,memo_audit_202507_9079|42366|revisi draft periode
BCH-0003518,dataset_hukum_202506_1037.json,4201406,2024-07-12,nas-lokal-03,dataset_hukum_202506_1037|4201406|rekap data arsip
BCH-0004394,laporan_keuangan_202507_9702.txt,388007,2024-10-01,server-arsip-medan,laporan_keuangan_202507_9702|388007|periode pending total
BCH-0000092,kontrak_logistik_202505_0764.zip,3602983,2024-03-16,portal-upload-mobile,kontrak_logistik_202505_0764|3602983|data approved total
BCH-0001849,memo_keuangan_202501_0672.txt,297768,2024-05-27,server-arsip-makassar,memo_keuangan_202501_0672|297768|periode rekap data
BCH-0000151,dataset_hukum_202406_5610.csv,413478,2024-10-23,server-arsip-makassar,dataset_hukum_202406_5610|413478|revisi arsip rekap
DUP-0000415,surat_hukum_202210_4362.txt,479268,2023-05-04,server-arsip-bandung,surat|hukum|479268|total final revisi approved arsip
BCH-0003029,surat_pemasaran_202410_1786.txt,3513567,2024-09-09,portal-upload-mobile,surat_pemasaran_202410_1786|3513567|final total arsip
DUP-0000146,presentasi_teknologi_202406_8922.zip,4152012,2023-04-29,server-arsip-surabaya,presentasi|teknologi|4152012|data total dokumen pending file
BCH-0003421,laporan_logistik_202504_4930.xlsx,2605280,2024-06-02,server-arsip-semarang,laporan_logistik_202504_4930|2605280|final arsip draft
DUP-0000034,kontrak_riset_202212_8409.xlsx,4339574,2024-12-19,server-arsip-bandung,kontrak|riset|4339574|revisi pending data rekap periode
BCH-0003570,dataset_hukum_202409_7094.png,797582,2024-02-16,nas-lokal-03,dataset_hukum_202409_7094|797582|arsip periode final
BCH-0003706,presentasi_riset_202505_2023.xls,23633,2024-06-01,nas-lokal-03,presentasi_riset_202505_2023|23633|periode data rekap
BCH-0000553,surat_audit_202401_7007.jpg,2935829,2024-07-10,ftp-cabang,surat_audit_202401_7007|2935829|total final approved
BCH-0003401,surat_sdm_202401_5444.xml,56840,2024-03-19,server-arsip-semarang,surat_sdm_202401_5444|56840|revisi rekap data
BCH-0002016,surat_teknologi_202405_4951.csv,2580280,2024-12-09,nas-lokal-04,surat_teknologi_202405_4951|2580280|draft final revisi
BCH-0003312,gambar_manajemen_202512_2994.jpg,431756,2024-02-27,nas-lokal-04,gambar_manajemen_202512_2994|431756|rekap draft revisi
BCH-0000058,invoice_teknologi_202503_7877.jpg,330439,2024-04-11,ftp-cabang,invoice_teknologi_202503_7877|330439|total approved rekap
BCH-0002166,laporan_teknologi_202408_0644.jpg,295146,2024-04-25,cloud-storage-azure,laporan_teknologi_202408_0644|295146|pending total final
BCH-0004083,log_manajemen_202501_5260.rar,140363,2024-09-12,portal-upload-mobile,log_manajemen_202501_5260|140363|rekap draft approved
BCH-0003293,dataset_sdm_202505_8752.xls,487156,2024-08-30,server-arsip-medan,dataset_sdm_202505_8752|487156|data pending approved
BCH-0000127,invoice_audit_202503_0831.zip,14218657,2024-09-06,server-arsip-semarang,invoice_audit_202503_0831|14218657|rekap draft revisi
BCH-0000217,presentasi_logistik_202505_4751.txt,11313034,2024-12-12,portal-upload-mobile,presentasi_logistik_202505_4751|11313034|pending approved final
BCH-0002749,memo_operasional_202405_1313.png,31047948,2024-04-22,server-arsip-semarang,memo_operasional_202405_1313|31047948|draft revisi rekap
BCH-0000862,backup_audit_202501_6585.jpg,2689134,2024-03-15,server-arsip-medan,backup_audit_202501_6585|2689134|data rekap total
BCH-0001790,memo_pemasaran_202410_8837.xls,10422,2024-05-30,server-arsip-makassar,memo_pemasaran_202410_8837|10422|draft pending arsip
BCH-0003502,kontrak_operasional_202501_9717.png,6804196,2024-11-01,server-arsip-medan,kontrak_operasional_202501_9717|6804196|draft pending arsip
BCH-0001975,presentasi_manajemen_202408_6268.xml,46444999,2024-02-10,nas-lokal-03,presentasi_manajemen_202408_6268|46444999|rekap arsip pending
BCH-0004447,dataset_teknologi_202512_3010.zip,444845,2024-02-13,nas-lokal-03,dataset_teknologi_202512_3010|444845|revisi pending arsip
BCH-0003275,surat_pemasaran_202502_3955.txt,4771876,2024-10-23,server-arsip-makassar,surat_pemasaran_202502_3955|4771876|total draft data
BCH-0002626,laporan_pemasaran_202408_3474.xml,3752575,2024-12-10,nas-lokal-03,laporan_pemasaran_202408_3474|3752575|revisi approved rekap
BCH-0003938,kontrak_audit_202503_3073.xml,3767555,2024-03-06,server-arsip-semarang,kontrak_audit_202503_3073|3767555|rekap draft periode
BCH-0003816,gambar_keuangan_202411_5154.xml,2332866,2024-11-26,server-arsip-medan,gambar_keuangan_202411_5154|2332866|final periode draft
BCH-0001275,invoice_hukum_202506_2795.rar,34445231,2024-07-15,nas-lokal-03,invoice_hukum_202506_2795|34445231|data total arsip
BCH-0002987,dataset_logistik_202509_3425.jpg,1859854,2024-10-21,server-arsip-makassar,dataset_logistik_202509_3425|1859854|final arsip approved
BCH-0001893,invoice_sdm_202401_1607.json,398020,2024-08-01,server-arsip-medan,invoice_sdm_202401_1607|398020|revisi periode arsip
BCH-0000037,memo_pemasaran_202510_7546.png,30966098,2024-12-19,nas-lokal-03,memo_pemasaran_202510_7546|30966098|revisi data total
BCH-0002406,backup_audit_202404_5542.csv,476669,2024-05-21,portal-upload-mobile,backup_audit_202404_5542|476669|periode pending arsip
BCH-0001550,dataset_riset_202505_1934.txt,390315,2024-08-27,server-arsip-semarang,dataset_riset_202505_1934|390315|rekap data periode
BCH-0003972,gambar_pemasaran_202508_5576.xlsx,3248003,2024-03-14,server-arsip-makassar,gambar_pemasaran_202508_5576|3248003|arsip data periode
BCH-0004051,invoice_manajemen_202509_9873.txt,3025012,2024-09-14,server-arsip-medan,invoice_manajemen_202509_9873|3025012|revisi final draft
BCH-0002314,invoice_audit_202505_3130.xml,4840532,2024-11-12,ftp-cabang,invoice_audit_202505_3130|4840532|revisi final rekap
BCH-0003774,kontrak_audit_202408_7399.xlsx,338059580,2024-06-13,server-arsip-makassar,kontrak_audit_202408_7399|338059580|final periode draft
DUP-0000366,dataset_riset_202202_4330.pdf,250598,2024-08-23,nas-lokal-02,dataset|riset|250598|approved total revisi file
BCH-0003422,surat_sdm_202511_3850.png,1313937,2024-08-20,cloud-storage-azure,surat_sdm_202511_3850|1313937|arsip pending periode
BCH-0001040,memo_pemasaran_202503_2340.xlsx,87330,2024-02-20,nas-lokal-03,memo_pemasaran_202503_2340|87330|approved data pending
BCH-0000808,invoice_audit_202406_7322.zip,16084886,2024-10-17,server-arsip-semarang,invoice_audit_202406_7322|16084886|arsip pending revisi
BCH-0004254,gambar_logistik_202406_7282.doc,4061490,2024-06-30,server-arsip-makassar,gambar_logistik_202406_7282|4061490|total arsip final
DUP-0000436,invoice_teknologi_202408_8042.xml,2515984,2024-07-06,server-arsip-jakarta,invoice|teknologi|2515984|final revisi approved
BCH-0001769,gambar_riset_202408_8468.zip,45895,2024-01-27,ftp-cabang,gambar_riset_202408_8468|45895|data arsip revisi
BCH-0001565,log_riset_202404_7761.jpeg,126751,2024-04-22,server-arsip-medan,log_riset_202404_7761|126751|periode approved total
BCH-0004202,log_manajemen_202505_0761.png,141697034,2024-10-11,server-arsip-semarang,log_manajemen_202505_0761|141697034|final approved draft
DUP-0000437,log_sdm_202207_0190.json,58897,2022-11-10,server-arsip-jakarta,log|sdm|58897|file arsip total approved rekap
BCH-0000192,kontrak_riset_202410_5971.xlsx,163717,2024-12-09,ftp-cabang,kontrak_riset_202410_5971|163717|draft pending arsip
BCH-0000331,laporan_hukum_202502_1253.doc,89669722,2024-06-20,nas-lokal-04,laporan_hukum_202502_1253|89669722|periode draft total
BCH-0002996,presentasi_audit_202503_1516.doc,333372,2024-01-15,nas-lokal-04,presentasi_audit_202503_1516|333372|final arsip pending
BCH-0001998,log_audit_202505_7113.xlsx,418932,2024-06-05,nas-lokal-04,log_audit_202505_7113|418932|revisi arsip data
DUP-0000498,memo_operasional_202208_8825.zip,4607401,2024-09-18,nas-lokal-01,memo|operasional|4607401|arsip file approved pending
BCH-0000011,gambar_keuangan_202405_6612.png,106855,2024-11-02,ftp-cabang,gambar_keuangan_202405_6612|106855|total data arsip
BCH-0001283,gambar_pemasaran_202501_6881.doc,3123625,2024-01-27,nas-lokal-04,gambar_pemasaran_202501_6881|3123625|periode rekap data
BCH-0003977,gambar_keuangan_202407_4833.xls,427508,2024-10-19,nas-lokal-03,gambar_keuangan_202407_4833|427508|data total approved
BCH-0004383,backup_teknologi_202401_6092.png,724766,2024-02-01,server-arsip-medan,backup_teknologi_202401_6092|724766|arsip total approved
DUP-0000223,presentasi_keuangan_202401_3697.xml,52891,2024-05-17,server-arsip-bandung,presentasi|keuangan|52891|revisi periode draft
BCH-0004362,log_audit_202511_5785.docx,89017,2024-04-26,portal-upload-mobile,log_audit_202511_5785|89017|total approved data
BCH-0002758,invoice_pemasaran_202503_5520.txt,8530878,2024-11-21,nas-lokal-04,invoice_pemasaran_202503_5520|8530878|total draft revisi
BCH-0003073,memo_manajemen_202506_6539.png,336130,2024-12-10,server-arsip-medan,memo_manajemen_202506_6539|336130|arsip approved data
BCH-0003682,laporan_keuangan_202408_4706.xml,1992312,2024-12-07,server-arsip-medan,laporan_keuangan_202408_4706|1992312|data draft rekap
BCH-0002624,backup_sdm_202404_6913.json,1266153,2024-11-14,server-arsip-medan,backup_sdm_202404_6913|1266153|pending periode arsip
BCH-0003320,laporan_operasional_202401_8345.png,4254638,2024-02-19,ftp-cabang,laporan_operasional_202401_8345|4254638|approved rekap final
BCH-0003773,kontrak_pemasaran_202503_7743.xml,1871583,2024-07-20,server-arsip-makassar,kontrak_pemasaran_202503_7743|1871583|periode data approved
BCH-0003481,surat_operasional_202504_7345.xlsx,17449700,2024-07-12,server-arsip-medan,surat_operasional_202504_7345|17449700|arsip pending draft
BCH-0002760,log_teknologi_202512_7191.jpg,392699,2024-05-01,server-arsip-medan,log_teknologi_202512_7191|392699|data revisi draft
BCH-0000094,presentasi_operasional_202508_9128.docx,2007473,2024-03-13,cloud-storage-azure,presentasi_operasional_202508_9128|2007473|revisi draft arsip
BCH-0001286,kontrak_pemasaran_202502_6719.png,15230064,2024-05-23,portal-upload-mobile,kontrak_pemasaran_202502_6719|15230064|draft approved final
BCH-0004152,gambar_operasional_202507_4311.xls,6820432,2024-04-16,cloud-storage-azure,gambar_operasional_202507_4311|6820432|final rekap arsip
BCH-0003827,gambar_manajemen_202404_7849.doc,399074,2024-09-07,server-arsip-medan,gambar_manajemen_202404_7849|399074|final periode draft
BCH-0004232,surat_hukum_202505_6407.jpeg,42370168,2024-03-07,cloud-storage-azure,surat_hukum_202505_6407|42370168|approved draft total
BCH-0000647,presentasi_logistik_202401_6227.doc,22782062,2024-03-05,cloud-storage-azure,presentasi_logistik_202401_6227|22782062|total approved data
BCH-0001364,laporan_logistik_202510_3152.docx,209669,2024-10-19,nas-lokal-03,laporan_logistik_202510_3152|209669|data approved rekap
BCH-0004039,gambar_logistik_202405_9535.png,414732,2024-04-04,nas-lokal-03,gambar_logistik_202405_9535|414732|approved total rekap
BCH-0000404,laporan_sdm_202505_1965.json,393916,2024-11-18,nas-lokal-04,laporan_sdm_202505_1965|393916|approved periode total
BCH-0000576,memo_riset_202408_6130.png,2661345,2024-10-14,nas-lokal-03,memo_riset_202408_6130|2661345|periode data pending
BCH-0002581,presentasi_audit_202407_2490.json,346599,2024-12-27,server-arsip-makassar,presentasi_audit_202407_2490|346599|revisi rekap arsip
BCH-0000642,backup_teknologi_202406_8760.xml,355056,2024-03-15,server-arsip-medan,backup_teknologi_202406_8760|355056|approved data revisi
DUP-0000270,invoice_sdm_202301_2428.txt,134894,2023-07-23,server-arsip-surabaya,invoice|sdm|134894|rekap data revisi dokumen
BCH-0003559,invoice_keuangan_202401_0829.doc,304223,2024-04-27,server-arsip-makassar,invoice_keuangan_202401_0829|304223|revisi draft periode
BCH-0001678,invoice_logistik_202409_8741.jpg,1086386,2024-11-16,ftp-cabang,invoice_logistik_202409_8741|1086386|approved rekap arsip
BCH-0004215,dataset_keuangan_202506_8805.xml,1489903,2024-10-27,server-arsip-semarang,dataset_keuangan_202506_8805|1489903|total periode pending
BCH-0003997,gambar_audit_202507_7973.xls,403728,2024-10-25,portal-upload-mobile,gambar_audit_202507_7973|403728|total final revisi
BCH-0003637,memo_sdm_202501_8719.csv,1460975,2024-07-22,portal-upload-mobile,memo_sdm_202501_8719|1460975|draft total approved
DUP-0000029,gambar_operasional_202206_7115.pdf,2569086,2023-04-01,portal-upload-web,gambar|operasional|2569086|dokumen rekap approved
BCH-0002951,log_pemasaran_202503_5782.jpeg,2014759,2024-07-31,ftp-cabang,log_pemasaran_202503_5782|2014759|pending draft rekap
BCH-0004041,memo_audit_202512_7299.xlsx,4603230,2024-09-29,portal-upload-mobile,memo_audit_202512_7299|4603230|approved final draft
BCH-0001443,dataset_hukum_202509_2865.pdf,2462725,2024-10-30,server-arsip-semarang,dataset_hukum_202509_2865|2462725|revisi draft periode
DUP-0000211,memo_hukum_202402_5796.xlsx,442792873,2022-06-11,cloud-storage-aws,memo|hukum|442792873|total draft periode arsip data
BCH-0002434,surat_teknologi_202501_4005.csv,439890,2024-11-16,server-arsip-semarang,surat_teknologi_202501_4005|439890|pending rekap draft
BCH-0003901,log_manajemen_202411_1193.csv,460505120,2024-02-23,nas-lokal-04,log_manajemen_202411_1193|460505120|total draft revisi
BCH-0002218,dataset_operasional_202512_7835.xml,488749,2024-06-12,portal-upload-mobile,dataset_operasional_202512_7835|488749|final arsip periode
BCH-0000341,surat_riset_202508_6295.jpg,18978153,2024-08-23,nas-lokal-04,surat_riset_202508_6295|18978153|rekap draft approved
BCH-0001313,invoice_teknologi_202401_8173.jpeg,31521726,2024-02-02,cloud-storage-azure,invoice_teknologi_202401_8173|31521726|approved pending revisi
BCH-0003324,surat_riset_202411_4584.json,48872796,2024-12-20,ftp-cabang,surat_riset_202411_4584|48872796|periode total revisi
BCH-0000168,kontrak_pemasaran_202406_9026.xls,30098,2024-11-23,ftp-cabang,kontrak_pemasaran_202406_9026|30098|rekap draft data
BCH-0000426,presentasi_audit_202511_1179.xml,7994929,2024-01-01,server-arsip-makassar,presentasi_audit_202511_1179|7994929|rekap total revisi
BCH-0002920,backup_manajemen_202509_2022.txt,7808460,2024-09-30,ftp-cabang,backup_manajemen_202509_2022|7808460|final periode data
BCH-0002167,backup_keuangan_202506_9738.rar,862501,2024-05-15,server-arsip-medan,backup_keuangan_202506_9738|862501|revisi final draft
BCH-0004204,memo_sdm_202411_3373.rar,32956897,2024-04-19,server-arsip-medan,memo_sdm_202411_3373|32956897|approved rekap final
BCH-0000869,log_pemasaran_202512_6367.png,1330188,2024-11-10,server-arsip-makassar,log_pemasaran_202512_6367|1330188|final periode arsip
BCH-0000255,kontrak_teknologi_202410_4183.doc,216974127,2024-10-10,portal-upload-mobile,kontrak_teknologi_202410_4183|216974127|draft arsip approved
BCH-0002398,backup_logistik_202406_4574.jpg,229040,2024-05-27,portal-upload-mobile,backup_logistik_202406_4574|229040|approved arsip final
BCH-0000025,gambar_logistik_202508_8287.docx,174845025,2024-01-04,ftp-cabang,gambar_logistik_202508_8287|174845025|total rekap periode
BCH-0000916,log_operasional_202405_8638.doc,268002,2024-11-15,ftp-cabang,log_operasional_202405_8638|268002|periode data total
BCH-0002586,surat_logistik_202511_9404.xls,234446,2024-04-10,nas-lokal-04,surat_logistik_202511_9404|234446|final total draft
BCH-0002591,surat_sdm_202403_1537.jpeg,235190,2024-09-29,nas-lokal-04,surat_sdm_202403_1537|235190|total rekap periode
BCH-0003659,gambar_audit_202410_8857.json,287042,2024-02-13,cloud-storage-azure,gambar_audit_202410_8857|287042|pending periode final
BCH-0003590,invoice_hukum_202409_2309.rar,2434964,2024-11-06,server-arsip-semarang,invoice_hukum_202409_2309|2434964|pending arsip final
BCH-0002301,dataset_pemasaran_202504_7773.txt,152544,2024-10-09,server-arsip-makassar,dataset_pemasaran_202504_7773|152544|periode draft data
DUP-0000265,memo_keuangan_202410_0340.docx,363526,2023-07-06,portal-upload-web,memo|keuangan|363526|periode pending arsip
BCH-0003139,kontrak_logistik_202401_7621.jpeg,5658564,2024-11-27,nas-lokal-03,kontrak_logistik_202401_7621|5658564|revisi pending approved
BCH-0001511,surat_manajemen_202501_9666.json,27956620,2024-07-15,server-arsip-makassar,surat_manajemen_202501_9666|27956620|periode total pending
BCH-0003032,gambar_teknologi_202501_7732.doc,25761495,2024-10-19,server-arsip-semarang,gambar_teknologi_202501_7732|25761495|total rekap approved
BCH-0000482,memo_teknologi_202509_0325.json,3544056,2024-08-17,portal-upload-mobile,memo_teknologi_202509_0325|3544056|arsip rekap final
BCH-0001722,memo_operasional_202402_7014.xls,235460,2024-05-24,server-arsip-medan,memo_operasional_202402_7014|235460|arsip draft data
BCH-0003188,presentasi_hukum_202510_9584.xls,226917,2024-02-24,cloud-storage-azure,presentasi_hukum_202510_9584|226917|arsip total data
BCH-0003209,gambar_riset_202504_9774.pdf,479709,2024-10-28,nas-lokal-03,gambar_riset_202504_9774|479709|periode revisi arsip
BCH-0003507,laporan_manajemen_202412_5706.xlsx,1667243,2024-11-07,ftp-cabang,laporan_manajemen_202412_5706|1667243|revisi final total
BCH-0004299,backup_audit_202403_6316.jpg,4151983,2024-03-14,cloud-storage-azure,backup_audit_202403_6316|4151983|draft final total
BCH-0004323,laporan_riset_202405_2205.xlsx,264300,2024-06-14,portal-upload-mobile,laporan_riset_202405_2205|264300|periode rekap approved
BCH-0003985,dataset_riset_202511_6441.jpg,1935020,2024-08-01,ftp-cabang,dataset_riset_202511_6441|1935020|data arsip draft
BCH-0001732,dataset_hukum_202409_6706.pdf,4991634,2024-01-16,nas-lokal-03,dataset_hukum_202409_6706|4991634|arsip revisi periode
BCH-0004426,dataset_teknologi_202406_3929.docx,452780,2024-06-29,server-arsip-semarang,dataset_teknologi_202406_3929|452780|rekap draft arsip
BCH-0001653,gambar_riset_202404_2805.json,30154308,2024-03-25,cloud-storage-azure,gambar_riset_202404_2805|30154308|total arsip revisi
BCH-0000792,memo_manajemen_202404_3710.jpeg,494548,2024-09-25,nas-lokal-03,memo_manajemen_202404_3710|494548|data draft final
BCH-0001773,surat_riset_202405_1523.xls,23639190,2024-04-18,nas-lokal-03,surat_riset_202405_1523|23639190|periode final pending
BCH-0001538,dataset_keuangan_202506_3430.doc,464034646,2024-02-21,cloud-storage-azure,dataset_keuangan_202506_3430|464034646|data approved total
BCH-0001727,log_keuangan_202501_6888.jpg,226336,2024-01-06,ftp-cabang,log_keuangan_202501_6888|226336|final data approved
BCH-0003665,memo_pemasaran_202403_6713.docx,4453894,2024-11-14,nas-lokal-03,memo_pemasaran_202403_6713|4453894|periode data approved
BCH-0002804,memo_logistik_202512_0362.csv,76777,2024-01-02,server-arsip-makassar,memo_logistik_202512_0362|76777|periode rekap draft
