id,nama_file,ukuran_bytes,tanggal_unggah,sumber,konten
DUP-0000039,memo_teknologi_202206_1383.png,286503,2022-10-25,portal-upload-web,memo|teknologi|286503|pending approved data
BCH-0000393,presentasi_teknologi_202406_6340.docx,410498,2024-12-10,nas-lokal-03,presentasi_teknologi_202406_6340|410498|draft pending revisi
BCH-0000136,gambar_hukum_202407_4412.docx,10147659,2024-08-23,ftp-cabang,gambar_hukum_202407_4412|10147659|revisi draft arsip
BCH-0000092,memo_keuangan_202501_6208.rar,46729670,2024-10-01,nas-lokal-03,memo_keuangan_202501_6208|46729670|arsip total periode
BCH-0000884,dataset_riset_202406_5983.pdf,250604,2024-06-11,server-arsip-medan,dataset_riset_202406_5983|250604|total rekap periode
BCH-0000841,memo_keuangan_202512_2132.zip,1665489,2024-02-27,server-arsip-makassar,memo_keuangan_202512_2132|1665489|total rekap final
BCH-0000752,invoice_teknologi_202505_2208.txt,1381422,2024-05-26,ftp-cabang,invoice_teknologi_202505_2208|1381422|pending arsip rekap
BCH-0000716,surat_audit_202401_1703.pdf,444767,2024-08-13,cloud-storage-azure,surat_audit_202401_1703|444767|periode draft approved
BCH-0000506,laporan_hukum_202401_7342.rar,60059,2024-11-19,nas-lokal-03,laporan_hukum_202401_7342|60059|arsip rekap periode
BCH-0000606,backup_keuangan_202501_6507.xml,38163,2024-04-13,server-arsip-medan,backup_keuangan_202501_6507|38163|arsip rekap data
BCH-0000485,dataset_hukum_202410_2169.png,46240088,2024-10-16,server-arsip-makassar,dataset_hukum_202410_2169|46240088|data revisi total
BCH-0000771,invoice_logistik_202409_1661.csv,15155519,2024-04-04,nas-lokal-04,invoice_logistik_202409_1661|15155519|pending total approved
BCH-0000856,memo_riset_202411_6022.docx,1532336,2024-01-31,server-arsip-semarang,memo_riset_202411_6022|1532336|data revisi approved
BCH-0000124,laporan_keuangan_202510_8904.xml,2324824,2024-01-18,server-arsip-makassar,laporan_keuangan_202510_8904|2324824|rekap draft pending
DUP-0000019,log_manajemen_202209_1817.jpg,334348,2024-08-22,cloud-storage-gcp,log|manajemen|334348|rekap file draft approved final
BCH-0000703,kontrak_logistik_202401_0834.jpeg,32916746,2024-01-24,nas-lokal-04,kontrak_logistik_202401_0834|32916746|arsip data revisi
DUP-0000018,presentasi_logistik_202302_9239.csv,31369431,2023-02-14,portal-upload-web,presentasi|logistik|31369431|periode data arsip rekap pending
BCH-0000497,kontrak_hukum_202407_9073.json,1467775,2024-07-07,ftp-cabang,kontrak_hukum_202407_9073|1467775|total revisi periode
BCH-0000169,invoice_manajemen_202510_6655.pdf,4170137,2024-09-25,portal-upload-mobile,invoice_manajemen_202510_6655|4170137|total periode final
BCH-0000682,gambar_sdm_202505_1192.doc,4121335,2024-05-04,portal-upload-mobile,gambar_sdm_202505_1192|4121335|approved arsip final
BCH-0000176,kontrak_operasional_202508_5223.xlsx,150478,2024-05-07,server-arsip-makassar,kontrak_operasional_202508_5223|150478|approved total periode
BCH-0000509,backup_riset_202510_9525.xml,3631169,2024-06-30,server-arsip-semarang,backup_riset_202510_9525|3631169|periode arsip data
BCH-0000869,kontrak_sdm_202501_4816.rar,3695873,2024-08-22,server-arsip-makassar,kontrak_sdm_202501_4816|3695873|arsip approved periode
BCH-0000634,surat_audit_202404_8273.xml,1115268,2024-01-15,portal-upload-mobile,surat_audit_202404_8273|1115268|draft pending final
BCH-0000185,surat_logistik_202410_9378.xml,197622,2024-06-26,portal-upload-mobile,surat_logistik_202410_9378|197622|total periode rekap
BCH-0000852,backup_teknologi_202506_4762.csv,290574,2024-06-08,server-arsip-medan,backup_teknologi_202506_4762|290574|final revisi data
BCH-0000134,kontrak_keuangan_202406_3583.csv,2396917,2024-11-24,nas-lokal-04,kontrak_keuangan_202406_3583|2396917|arsip final total
BCH-0000722,backup_riset_202504_2587.xml,4922224,2024-05-08,nas-lokal-03,backup_riset_202504_2587|4922224|data total periode
BCH-0000799,surat_riset_202410_8214.json,950360,2024-12-01,ftp-cabang,surat_riset_202410_8214|950360|draft data rekap
BCH-0000049,invoice_riset_202411_5623.xls,1821830,2024-01-21,server-arsip-semarang,invoice_riset_202411_5623|1821830|total pending approved
BCH-0000078,memo_logistik_202409_2884.docx,320215,2024-12-17,cloud-storage-azure,memo_logistik_202409_2884|320215|draft pending approved
DUP-0000008,kontrak_teknologi_202408_2019.jpg,331262,2024-06-04,server-arsip-surabaya,kontrak|teknologi|331262|rekap periode data revisi dokumen
DUP-0000092,invoice_keuangan_202310_0751.xlsx,659913,2023-05-13,server-arsip-surabaya,invoice|keuangan|659913|periode data rekap
BCH-0000806,memo_operasional_202509_8451.xml,203317,2024-02-28,server-arsip-medan,memo_operasional_202509_8451|203317|arsip pending approved
BCH-0000108,presentasi_audit_202407_7252.zip,3104831,2024-02-19,portal-upload-mobile,presentasi_audit_202407_7252|3104831|rekap draft revisi
BCH-0000846,memo_teknologi_202510_3631.png,42266459,2024-03-21,server-arsip-semarang,memo_teknologi_202510_3631|42266459|periode draft total
DUP-0000090,memo_logistik_202406_7346.png,336472,2024-06-12,server-arsip-jakarta,memo|logistik|336472|final revisi pending
BCH-0000291,dataset_teknologi_202507_5043.xlsx,423020,2024-11-10,nas-lokal-03,dataset_teknologi_202507_5043|423020|approved final periode
BCH-0000739,laporan_pemasaran_202508_4162.jpg,777578,2024-05-06,cloud-storage-azure,laporan_pemasaran_202508_4162|777578|pending revisi approved
DUP-0000100,memo_riset_202401_0518.json,41274287,2024-05-31,server-arsip-bandung,memo|riset|41274287|pending draft approved file
BCH-0000361,memo_teknologi_202504_8404.rar,30562435,2024-11-19,portal-upload-mobile,memo_teknologi_202504_8404|30562435|periode approved arsip
BCH-0000629,presentasi_keuangan_202410_2267.xls,3928418,2024-03-23,server-arsip-semarang,presentasi_keuangan_202410_2267|3928418|data periode final
BCH-0000761,invoice_manajemen_202501_5544.json,853315,2024-12-22,portal-upload-mobile,invoice_manajemen_202501_5544|853315|arsip data final
BCH-0000413,presentasi_manajemen_202409_3047.csv,2786232,2024-11-26,nas-lokal-03,presentasi_manajemen_202409_3047|2786232|final rekap data
BCH-0000438,laporan_pemasaran_202505_6887.xls,454155809,2024-12-16,cloud-storage-azure,laporan_pemasaran_202505_6887|454155809|periode approved total
BCH-0000686,surat_logistik_202502_0991.json,385022,2024-04-11,nas-lokal-03,surat_logistik_202502_0991|385022|approved data revisi
BCH-0000251,dataset_operasional_202408_0562.xls,2117727,2024-08-28,server-arsip-medan,dataset_operasional_202408_0562|2117727|arsip approved draft
BCH-0000034,log_operasional_202502_4478.txt,1040426,2024-01-18,cloud-storage-azure,log_operasional_202502_4478|1040426|final draft total
BCH-0000512,presentasi_sdm_202502_1056.pdf,21445549,2024-04-11,server-arsip-medan,presentasi_sdm_202502_1056|21445549|revisi draft rekap
BCH-0000125,log_teknologi_202504_4246.png,3283678,2024-10-24,ftp-cabang,log_teknologi_202504_4246|3283678|total data arsip
BCH-0000549,invoice_sdm_202504_6831.json,28562,2024-09-25,server-arsip-semarang,invoice_sdm_202504_6831|28562|periode pending approved
DUP-0000082,presentasi_riset_202407_3963.zip,99344,2024-03-12,cloud-storage-aws,presentasi|riset|99344|data approved rekap file periode
BCH-0000550,memo_teknologi_202412_6224.xlsx,2557382,2024-04-09,cloud-storage-azure,memo_teknologi_202412_6224|2557382|rekap draft final
BCH-0000735,presentasi_riset_202505_9590.json,4363659,2024-08-05,server-arsip-makassar,presentasi_riset_202505_9590|4363659|pending rekap revisi
DUP-0000055,presentasi_teknologi_202406_8922.zip,4152012,2023-04-29,server-arsip-surabaya,presentasi|teknologi|4152012|data total dokumen pending file
BCH-0000403,invoice_keuangan_202506_7071.rar,2343620,2024-09-12,nas-lokal-04,invoice_keuangan_202506_7071|2343620|data arsip total
BCH-0000307,kontrak_keuangan_202411_6932.docx,63936,2024-07-05,nas-lokal-04,kontrak_keuangan_202411_6932|63936|draft total data
BCH-0000410,invoice_riset_202512_8526.jpeg,152654,2024-01-12,server-arsip-makassar,invoice_riset_202512_8526|152654|final data pending
BCH-0000857,surat_sdm_202407_5601.doc,398298,2024-05-26,server-arsip-semarang,surat_sdm_202407_5601|398298|total arsip data
DUP-0000083,gambar_teknologi_202201_6719.jpg,21450187,2022-02-18,cloud-storage-aws,gambar|teknologi|21450187|draft data rekap file dokumen
BCH-0000851,presentasi_keuangan_202404_3113.doc,4896744,2024-01-31,nas-lokal-03,presentasi_keuangan_202404_3113|4896744|data draft final
BCH-0000850,invoice_manajemen_202503_7884.doc,41254280,2024-08-12,cloud-storage-azure,invoice_manajemen_202503_7884|41254280|periode final revisi
BCH-0000282,gambar_sdm_202511_6585.csv,4431776,2024-04-03,portal-upload-mobile,gambar_sdm_202511_6585|4431776|revisi rekap approved
BCH-0000624,log_operasional_202408_1367.rar,2556655,2024-11-08,nas-lokal-03,log_operasional_202408_1367|2556655|draft pending total
BCH-0000579,log_audit_202403_3992.xls,29373379,2024-03-26,server-arsip-medan,log_audit_202403_3992|29373379|approved total data
BCH-0000214,presentasi_sdm_202508_3871.xml,488575,2024-01-01,ftp-cabang,presentasi_sdm_202508_3871|488575|periode data total
BCH-0000491,surat_manajemen_202504_7412.xlsx,479519,2024-09-06,nas-lokal-04,surat_manajemen_202504_7412|479519|revisi data approved
BCH-0000683,gambar_operasional_202504_6811.xlsx,27796996,2024-03-29,server-arsip-semarang,gambar_operasional_202504_6811|27796996|revisi data final
DUP-0000069,invoice_operasional_202212_2322.xml,96092945,2023-12-15,cloud-storage-gcp,invoice|operasional|96092945|pending revisi arsip file
DUP-0000006,gambar_logistik_202306_6940.txt,355496,2024-04-21,backup-eksternal,gambar|logistik|355496|rekap data total file approved
BCH-0000400,surat_pemasaran_202401_7142.jpg,159986,2024-08-20,portal-upload-mobile,surat_pemasaran_202401_7142|159986|revisi periode approved
BCH-0000260,kontrak_logistik_202504_5238.jpeg,495447769,2024-04-16,server-arsip-medan,kontrak_logistik_202504_5238|495447769|final draft rekap
BCH-0000088,invoice_hukum_202409_2054.doc,4016431,2024-12-03,nas-lokal-03,invoice_hukum_202409_2054|4016431|rekap final approved
BCH-0000499,laporan_riset_202412_1889.pdf,18952999,2024-06-25,server-arsip-semarang,laporan_riset_202412_1889|18952999|approved total revisi
BCH-0000367,kontrak_sdm_202503_3048.csv,484191434,2024-11-02,cloud-storage-azure,kontrak_sdm_202503_3048|484191434|revisi draft arsip
BCH-0000528,log_teknologi_202406_2619.txt,125889,2024-08-15,server-arsip-semarang,log_teknologi_202406_2619|125889|data draft final
DUP-0000004,surat_teknologi_202212_9903.docx,4517480,2023-02-23,nas-lokal-02,surat|teknologi|4517480|arsip draft final
DUP-0000067,gambar_pemasaran_202205_9446.xlsx,136689881,2024-01-15,nas-lokal-01,gambar|pemasaran|136689881|total periode pending
DUP-0000026,invoice_audit_202408_1594.zip,436168,2024-07-22,cloud-storage-gcp,invoice|audit|436168|data pending file revisi arsip
BCH-0000728,gambar_operasional_202409_2065.csv,2920342,2024-03-08,nas-lokal-03,gambar_operasional_202409_2065|2920342|draft final data
BCH-0000789,dataset_keuangan_202503_9324.json,79640,2024-12-13,nas-lokal-03,dataset_keuangan_202503_9324|79640|revisi approved rekap
DUP-0000046,invoice_logistik_202203_8626.txt,65051,2023-09-20,portal-upload-web,invoice|logistik|65051|total arsip draft final
DUP-0000044,memo_operasional_202310_9006.csv,36023,2024-10-02,server-arsip-surabaya,memo|operasional|36023|draft rekap approved
BCH-0000001,gambar_operasional_202503_5797.xml,305627525,2024-01-29,server-arsip-semarang,gambar_operasional_202503_5797|305627525|data periode approved
BCH-0000747,log_teknologi_202506_4122.doc,407289,2024-04-13,server-arsip-makassar,log_teknologi_202506_4122|407289|final pending total
BCH-0000830,gambar_sdm_202411_0914.xls,448368,2024-06-27,ftp-cabang,gambar_sdm_202411_0914|448368|draft total revisi
BCH-0000053,memo_operasional_202502_5663.csv,267928,2024-04-26,portal-upload-mobile,memo_operasional_202502_5663|267928|total pending final
BCH-0000433,dataset_keuangan_202501_1664.png,24640927,2024-03-06,server-arsip-medan,dataset_keuangan_202501_1664|24640927|draft pending total
BCH-0000736,backup_operasional_202404_0425.txt,115598,2024-08-30,server-arsip-makassar,backup_operasional_202404_0425|115598|approved arsip pending
BCH-0000804,invoice_teknologi_202511_7273.png,407035613,2024-12-23,server-arsip-medan,invoice_teknologi_202511_7273|407035613|approved arsip final
DUP-0000049,log_logistik_202411_7168.xml,355823,2023-08-04,portal-upload-web,log|logistik|355823|total file data
BCH-0000098,invoice_logistik_202508_3264.xlsx,27161215,2024-10-27,ftp-cabang,invoice_logistik_202508_3264|27161215|data draft periode
BCH-0000835,laporan_hukum_202502_6993.png,26451144,2024-08-23,nas-lokal-03,laporan_hukum_202502_6993|26451144|pending final revisi
BCH-0000354,log_pemasaran_202406_4179.pdf,375115,2024-06-28,nas-lokal-04,log_pemasaran_202406_4179|375115|arsip draft total
BCH-0000305,surat_hukum_202501_6075.txt,430063,2024-09-25,nas-lokal-03,surat_hukum_202501_6075|430063|periode data arsip
BCH-0000795,dataset_logistik_202408_3816.rar,310429,2024-06-23,server-arsip-makassar,dataset_logistik_202408_3816|310429|revisi approved final
BCH-0000150,surat_keuangan_202508_9828.pdf,32612281,2024-03-25,ftp-cabang,surat_keuangan_202508_9828|32612281|pending revisi final
BCH-0000153,kontrak_operasional_202507_2217.txt,32780766,2024-11-19,portal-upload-mobile,kontrak_operasional_202507_2217|32780766|total draft approved
BCH-0000230,invoice_manajemen_202408_7391.pdf,382224,2024-12-27,nas-lokal-04,invoice_manajemen_202408_7391|382224|rekap total revisi
BCH-0000003,surat_operasional_202503_1187.docx,593521,2024-10-26,server-arsip-medan,surat_operasional_202503_1187|593521|draft revisi approved
BCH-0000023,memo_manajemen_202412_0304.xlsx,24379317,2024-07-23,ftp-cabang,memo_manajemen_202412_0304|24379317|arsip revisi periode
DUP-0000098,surat_operasional_202305_7429.docx,11778092,2024-01-18,server-arsip-surabaya,surat|operasional|11778092|draft revisi final total
BCH-0000240,presentasi_pemasaran_202406_0655.csv,36577370,2024-11-21,ftp-cabang,presentasi_pemasaran_202406_0655|36577370|draft final arsip
BCH-0000868,memo_operasional_202503_7631.json,281988,2024-08-03,portal-upload-mobile,memo_operasional_202503_7631|281988|total data periode
BCH-0000110,invoice_pemasaran_202410_2315.png,7578286,2024-10-06,nas-lokal-04,invoice_pemasaran_202410_2315|7578286|approved rekap draft
BCH-0000667,log_manajemen_202408_7539.jpg,292729,2024-07-07,server-arsip-semarang,log_manajemen_202408_7539|292729|draft approved final
BCH-0000159,log_keuangan_202402_5912.zip,7999497,2024-12-08,cloud-storage-azure,log_keuangan_202402_5912|7999497|total approved rekap
BCH-0000234,laporan_keuangan_202411_3697.docx,4849101,2024-12-24,ftp-cabang,laporan_keuangan_202411_3697|4849101|pending draft final
BCH-0000445,laporan_teknologi_202411_4749.jpeg,488039,2024-09-21,server-arsip-makassar,laporan_teknologi_202411_4749|488039|data pending final
BCH-0000343,surat_pemasaran_202506_7201.jpg,195316,2024-02-22,server-arsip-medan,surat_pemasaran_202506_7201|195316|revisi data arsip
DUP-0000054,log_logistik_202209_1764.csv,1142002,2024-11-11,nas-lokal-02,log|logistik|1142002|total pending dokumen final
BCH-0000690,log_teknologi_202501_6237.txt,3296061,2024-10-20,server-arsip-semarang,log_teknologi_202501_6237|3296061|data total rekap
BCH-0000460,kontrak_logistik_202503_8740.xml,260911,2024-06-18,nas-lokal-03,kontrak_logistik_202503_8740|260911|periode rekap final
BCH-0000704,kontrak_audit_202505_8857.txt,3028495,2024-07-15,cloud-storage-azure,kontrak_audit_202505_8857|3028495|arsip final approved
DUP-0000057,memo_manajemen_202204_0454.txt,1452599,2023-05-18,cloud-storage-gcp,memo|manajemen|1452599|pending arsip approved dokumen
BCH-0000529,dataset_teknologi_202401_8799.json,1507573,2024-12-03,nas-lokal-04,dataset_teknologi_202401_8799|1507573|draft final arsip
BCH-0000340,memo_pemasaran_202401_7782.jpg,12215911,2024-04-30,cloud-storage-azure,memo_pemasaran_202401_7782|12215911|arsip pending draft
BCH-0000387,log_manajemen_202410_8826.pdf,1008548,2024-06-17,nas-lokal-04,log_manajemen_202410_8826|1008548|arsip pending revisi
BCH-0000723,kontrak_audit_202510_8878.doc,271977,2024-03-01,server-arsip-medan,kontrak_audit_202510_8878|271977|final draft revisi
BCH-0000419,invoice_manajemen_202502_1849.jpeg,2370739,2024-02-13,server-arsip-makassar,invoice_manajemen_202502_1849|2370739|pending final approved
BCH-0000774,laporan_manajemen_202502_2787.xlsx,69257,2024-05-18,cloud-storage-azure,laporan_manajemen_202502_2787|69257|approved final arsip
BCH-0000547,laporan_audit_202403_5098.xml,3414469,2024-07-03,portal-upload-mobile,laporan_audit_202403_5098|3414469|revisi arsip final
BCH-0000733,log_sdm_202509_6103.doc,329422,2024-01-27,server-arsip-makassar,log_sdm_202509_6103|329422|data revisi total
BCH-0000871,dataset_logistik_202407_0059.zip,459330,2024-01-21,server-arsip-semarang,dataset_logistik_202407_0059|459330|arsip total rekap
BCH-0000796,invoice_teknologi_202503_0877.txt,4562241,2024-05-04,cloud-storage-azure,invoice_teknologi_202503_0877|4562241|final draft pending
BCH-0000836,dataset_pemasaran_202410_3662.png,1349029,2024-03-31,ftp-cabang,dataset_pemasaran_202410_3662|1349029|total final revisi
BCH-0000207,gambar_riset_202404_9423.zip,3177260,2024-10-15,portal-upload-mobile,gambar_riset_202404_9423|3177260|pending draft rekap
BCH-0000458,laporan_keuangan_202501_3397.xml,9040890,2024-12-10,nas-lokal-04,laporan_keuangan_202501_3397|9040890|total pending data
BCH-0000764,invoice_operasional_202507_4356.json,295277,2024-03-31,cloud-storage-azure,invoice_operasional_202507_4356|295277|arsip revisi final
BCH-0000471,backup_manajemen_202408_1875.jpg,1514916,2024-07-21,server-arsip-makassar,backup_manajemen_202408_1875|1514916|pending draft revisi
BCH-0000290,gambar_riset_202509_7303.xls,187833,2024-09-04,nas-lokal-04,gambar_riset_202509_7303|187833|draft revisi periode
BCH-0000219,gambar_audit_202501_3410.rar,33907,2024-07-14,server-arsip-semarang,gambar_audit_202501_3410|33907|pending revisi draft
BCH-0000422,presentasi_pemasaran_202403_9172.docx,340486,2024-05-09,portal-upload-mobile,presentasi_pemasaran_202403_9172|340486|periode arsip rekap
BCH-0000720,presentasi_pemasaran_202503_5693.doc,5897426,2024-04-21,server-arsip-medan,presentasi_pemasaran_202503_5693|5897426|revisi arsip total
BCH-0000664,backup_riset_202508_4956.doc,3730787,2024-12-08,nas-lokal-04,backup_riset_202508_4956|3730787|revisi periode data
BCH-0000544,surat_sdm_202508_3890.docx,416531,2024-04-30,server-arsip-makassar,surat_sdm_202508_3890|416531|total pending arsip
BCH-0000864,invoice_operasional_202401_1455.xml,43279595,2024-11-07,portal-upload-mobile,invoice_operasional_202401_1455|43279595|approved data rekap
BCH-0000827,backup_manajemen_202404_2259.zip,253618458,2024-02-09,server-arsip-medan,backup_manajemen_202404_2259|253618458|pending draft total
BCH-0000636,dataset_sdm_202507_2146.xls,15240335,2024-11-14,server-arsip-semarang,dataset_sdm_202507_2146|15240335|total data draft
BCH-0000671,memo_logistik_202512_8038.zip,136714,2024-10-02,portal-upload-mobile,memo_logistik_202512_8038|136714|total approved arsip
BCH-0000177,dataset_hukum_202507_8953.xlsx,188717991,2024-11-20,server-arsip-medan,dataset_hukum_202507_8953|188717991|arsip revisi pending
BCH-0000649,laporan_teknologi_202502_1117.jpg,1080851,2024-10-29,server-arsip-makassar,laporan_teknologi_202502_1117|1080851|draft rekap revisi
BCH-0000684,surat_riset_202412_4989.zip,1770075,2024-03-02,nas-lokal-03,surat_riset_202412_4989|1770075|final arsip revisi
BCH-0000196,invoice_keuangan_202512_9155.xlsx,4188436,2024-12-04,server-arsip-medan,invoice_keuangan_202512_9155|4188436|rekap total periode
DUP-0000086,laporan_operasional_202307_7275.zip,19882,2022-04-01,cloud-storage-aws,laporan|operasional|19882|approved periode file
BCH-0000030,kontrak_operasional_202501_9458.jpg,2146181,2024-07-05,server-arsip-makassar,kontrak_operasional_202501_9458|2146181|periode draft approved
BCH-0000599,gambar_sdm_202511_0693.csv,61541,2024-12-06,server-arsip-medan,gambar_sdm_202511_0693|61541|arsip revisi approved
DUP-0000099,invoice_sdm_202209_3219.zip,157123,2023-06-24,server-arsip-bandung,invoice|sdm|157123|total rekap arsip data approved
BCH-0000555,gambar_teknologi_202501_4191.png,22422,2024-04-25,nas-lokal-03,gambar_teknologi_202501_4191|22422|pending total final
BCH-0000554,gambar_hukum_202506_9904.pdf,9155384,2024-12-23,server-arsip-semarang,gambar_hukum_202506_9904|9155384|revisi total final
BCH-0000286,invoice_hukum_202508_7648.xls,270192603,2024-04-16,server-arsip-medan,invoice_hukum_202508_7648|270192603|periode revisi rekap
BCH-0000455,gambar_manajemen_202511_8068.csv,2525829,2024-04-13,server-arsip-semarang,gambar_manajemen_202511_8068|2525829|draft final rekap
BCH-0000035,memo_operasional_202404_7247.png,4878859,2024-01-09,nas-lokal-03,memo_operasional_202404_7247|4878859|total approved data
BCH-0000705,backup_riset_202404_4504.jpeg,1888889,2024-05-15,server-arsip-medan,backup_riset_202404_4504|1888889|arsip approved total
BCH-0000435,gambar_logistik_202410_1645.rar,439437,2024-03-23,cloud-storage-azure,gambar_logistik_202410_1645|439437|pending final data
BCH-0000449,log_pemasaran_202509_1207.pdf,245026,2024-12-06,cloud-storage-azure,log_pemasaran_202509_1207|245026|draft data arsip
BCH-0000180,gambar_riset_202411_2461.zip,164376,2024-09-25,nas-lokal-03,gambar_riset_202411_2461|164376|arsip revisi approved
BCH-0000525,log_teknologi_202509_2667.docx,373527,2024-06-01,nas-lokal-03,log_teknologi_202509_2667|373527|total final revisi
BCH-0000028,memo_sdm_202404_3941.jpg,4031581,2024-07-21,server-arsip-makassar,memo_sdm_202404_3941|4031581|revisi final draft
BCH-0000144,invoice_teknologi_202504_7074.json,228623,2024-05-01,server-arsip-semarang,invoice_teknologi_202504_7074|228623|periode rekap final
BCH-0000006,gambar_hukum_202505_1142.json,3189353,2024-09-01,server-arsip-semarang,gambar_hukum_202505_1142|3189353|final approved data
BCH-0000083,presentasi_hukum_202412_5096.txt,3077479,2024-11-02,server-arsip-medan,presentasi_hukum_202412_5096|3077479|revisi data rekap
BCH-0000165,memo_riset_202505_8106.zip,32982358,2024-08-12,nas-lokal-04,memo_riset_202505_8106|32982358|final revisi arsip
BCH-0000187,gambar_keuangan_202503_1177.csv,1680195,2024-12-17,server-arsip-semarang,gambar_keuangan_202503_1177|1680195|rekap approved data
BCH-0000859,backup_operasional_202506_3752.csv,70847,2024-04-07,server-arsip-makassar,backup_operasional_202506_3752|70847|pending final revisi
BCH-0000032,laporan_pemasaran_202504_8820.txt,48829,2024-01-12,server-arsip-medan,laporan_pemasaran_202504_8820|48829|periode revisi arsip
BCH-0000680,kontrak_manajemen_202508_0819.xlsx,233229,2024-06-16,ftp-cabang,kontrak_manajemen_202508_0819|233229|final rekap data
BCH-0000327,memo_logistik_202403_1470.txt,11177954,2024-06-09,server-arsip-semarang,memo_logistik_202403_1470|11177954|pending data final
BCH-0000647,invoice_keuangan_202402_9203.json,2701750,2024-01-22,ftp-cabang,invoice_keuangan_202402_9203|2701750|final revisi arsip
BCH-0000699,surat_riset_202501_4135.zip,3905524,2024-05-21,server-arsip-semarang,surat_riset_202501_4135|3905524|data rekap approved
BCH-0000520,kontrak_sdm_202507_5155.doc,366651,2024-11-28,server-arsip-semarang,kontrak_sdm_202507_5155|366651|draft arsip approved
BCH-0000170,invoice_manajemen_202406_4160.xml,177768038,2024-01-12,cloud-storage-azure,invoice_manajemen_202406_4160|177768038|periode approved revisi
BCH-0000779,log_audit_202408_6084.pdf,84257,2024-04-09,server-arsip-medan,log_audit_202408_6084|84257|arsip draft data
BCH-0000105,presentasi_keuangan_202510_7855.xlsx,3825122,2024-01-18,cloud-storage-azure,presentasi_keuangan_202510_7855|3825122|data total pending
BCH-0000576,log_pemasaran_202509_8981.xml,26239133,2024-01-27,server-arsip-medan,log_pemasaran_202509_8981|26239133|total periode pending
BCH-0000785,memo_operasional_202405_5159.xlsx,730685,2024-09-18,nas-lokal-04,memo_operasional_202405_5159|730685|arsip total periode
DUP-0000038,surat_manajemen_202409_3104.jpg,943543,2024-09-01,ftp-pusat,surat|manajemen|943543|total data arsip
BCH-0000266,memo_riset_202501_0428.doc,409241874,2024-07-29,nas-lokal-04,memo_riset_202501_0428|409241874|rekap draft revisi
BCH-0000399,surat_teknologi_202501_0435.xlsx,31256409,2024-09-27,cloud-storage-azure,surat_teknologi_202501_0435|31256409|data final draft
BCH-0000546,backup_logistik_202411_3398.docx,319450,2024-10-23,server-arsip-medan,backup_logistik_202411_3398|319450|pending data draft
BCH-0000277,backup_operasional_202409_8150.json,151908,2024-04-01,server-arsip-semarang,backup_operasional_202409_8150|151908|data rekap approved
BCH-0000358,memo_hukum_202402_3067.jpeg,3394671,2024-06-28,nas-lokal-03,memo_hukum_202402_3067|3394671|approved final arsip
BCH-0000209,memo_keuangan_202405_3735.xml,15629032,2024-03-21,nas-lokal-04,memo_keuangan_202405_3735|15629032|revisi draft approved
BCH-0000521,laporan_hukum_202503_3809.png,4048825,2024-01-02,server-arsip-medan,laporan_hukum_202503_3809|4048825|arsip draft final
BCH-0000040,memo_riset_202512_2594.xls,13297388,2024-01-18,server-arsip-makassar,memo_riset_202512_2594|13297388|final pending approved
BCH-0000584,gambar_riset_202409_6298.json,459545,2024-04-03,portal-upload-mobile,gambar_riset_202409_6298|459545|revisi rekap total
BCH-0000299,kontrak_operasional_202509_8991.doc,159169,2024-12-03,cloud-storage-azure,kontrak_operasional_202509_8991|159169|draft data pending
BCH-0000730,invoice_manajemen_202403_8731.txt,343040,2024-07-12,cloud-storage-azure,invoice_manajemen_202403_8731|343040|data rekap arsip
BCH-0000598,log_manajemen_202412_7926.jpg,223288,2024-10-12,ftp-cabang,log_manajemen_202412_7926|223288|data periode pending
BCH-0000239,log_audit_202402_9354.jpg,441799,2024-04-19,nas-lokal-03,log_audit_202402_9354|441799|draft total rekap
BCH-0000532,dataset_manajemen_202412_9079.png,3634514,2024-07-09,nas-lokal-03,dataset_manajemen_202412_9079|3634514|data pending rekap
BCH-0000718,backup_pemasaran_202401_4651.pdf,9056060,2024-11-05,ftp-cabang,backup_pemasaran_202401_4651|9056060|rekap arsip pending
BCH-0000832,invoice_audit_202504_1011.jpg,457823,2024-02-10,nas-lokal-04,invoice_audit_202504_1011|457823|final draft total
BCH-0000342,kontrak_manajemen_202403_7912.xls,36508734,2024-03-28,server-arsip-semarang,kontrak_manajemen_202403_7912|36508734|total revisi approved
BCH-0000424,surat_manajemen_202402_7953.jpg,119016,2024-04-18,server-arsip-makassar,surat_manajemen_202402_7953|119016|data periode draft
BCH-0000660,surat_logistik_202512_9734.jpg,31903,2024-01-13,server-arsip-makassar,surat_logistik_202512_9734|31903|final periode data
BCH-0000409,kontrak_sdm_202506_9692.json,30185517,2024-09-05,nas-lokal-04,kontrak_sdm_202506_9692|30185517|pending total final
BCH-0000020,dataset_hukum_202410_7273.zip,1172589,2024-03-23,server-arsip-semarang,dataset_hukum_202410_7273|1172589|pending draft final
BCH-0000493,kontrak_audit_202502_0277.rar,45298907,2024-01-27,nas-lokal-03,kontrak_audit_202502_0277|45298907|arsip data rekap
BCH-0000429,kontrak_hukum_202407_7728.xml,205034598,2024-12-15,nas-lokal-04,kontrak_hukum_202407_7728|205034598|final total approved
DUP-0000031,presentasi_keuangan_202412_0869.docx,4785077,2023-02-24,ftp-pusat,presentasi|keuangan|4785077|arsip pending periode
BCH-0000515,surat_riset_202402_1976.jpg,304393,2024-12-31,nas-lokal-04,surat_riset_202402_1976|304393|revisi total arsip
BCH-0000715,invoice_audit_202504_0554.rar,3167969,2024-07-17,nas-lokal-03,invoice_audit_202504_0554|3167969|data approved arsip
BCH-0000630,surat_keuangan_202402_0576.jpg,178559,2024-04-10,cloud-storage-azure,surat_keuangan_202402_0576|178559|approved final periode
BCH-0000847,backup_sdm_202403_8553.txt,414307,2024-12-04,server-arsip-makassar,backup_sdm_202403_8553|414307|data rekap draft
BCH-0000146,gambar_teknologi_202503_1808.xml,402327,2024-10-01,portal-upload-mobile,gambar_teknologi_202503_1808|402327|total approved revisi
BCH-0000646,log_hukum_202411_0233.xml,2303993,2024-02-21,nas-lokal-03,log_hukum_202411_0233|2303993|draft approved data
BCH-0000154,gambar_sdm_202506_7691.xml,28919,2024-03-17,server-arsip-medan,gambar_sdm_202506_7691|28919|data draft revisi
BCH-0000418,presentasi_teknologi_202405_2965.pdf,99503,2024-04-02,cloud-storage-azure,presentasi_teknologi_202405_2965|99503|revisi pending data
BCH-0000693,presentasi_hukum_202511_1900.xml,46238189,2024-07-10,server-arsip-semarang,presentasi_hukum_202511_1900|46238189|revisi arsip rekap
BCH-0000070,gambar_operasional_202506_5682.json,27659322,2024-05-04,nas-lokal-03,gambar_operasional_202506_5682|27659322|rekap pending total
BCH-0000330,surat_operasional_202404_7032.jpg,1245575,2024-01-15,portal-upload-mobile,surat_operasional_202404_7032|1245575|pending periode final
BCH-0000464,surat_sdm_202502_2764.xlsx,340158705,2024-10-09,cloud-storage-azure,surat_sdm_202502_2764|340158705|final approved revisi
DUP-0000077,invoice_sdm_202301_7515.txt,411287,2024-10-16,backup-eksternal,invoice|sdm|411287|rekap dokumen pending revisi arsip
BCH-0000426,gambar_teknologi_202510_6353.xml,424825643,2024-07-21,nas-lokal-04,gambar_teknologi_202510_6353|424825643|pending data approved
BCH-0000417,memo_pemasaran_202401_9746.txt,4115496,2024-12-15,portal-upload-mobile,memo_pemasaran_202401_9746|4115496|revisi pending total
BCH-0000129,presentasi_sdm_202508_5707.doc,107115,2024-09-03,portal-upload-mobile,presentasi_sdm_202508_5707|107115|approved draft pending
BCH-0000381,surat_logistik_202511_0630.doc,2729482,2024-12-04,ftp-cabang,surat_logistik_202511_0630|2729482|revisi total draft
BCH-0000710,laporan_manajemen_202409_8246.xls,6502163,2024-01-09,ftp-cabang,laporan_manajemen_202409_8246|6502163|arsip final draft
BCH-0000405,presentasi_hukum_202406_2509.pdf,25809,2024-03-20,portal-upload-mobile,presentasi_hukum_202406_2509|25809|periode revisi approved
BCH-0000090,presentasi_manajemen_202503_5626.rar,137156,2024-04-17,nas-lokal-03,presentasi_manajemen_202503_5626|137156|final revisi total
BCH-0000685,invoice_pemasaran_202510_2087.jpg,37515707,2024-11-18,portal-upload-mobile,invoice_pemasaran_202510_2087|37515707|rekap revisi data
BCH-0000725,memo_hukum_202410_8417.rar,363441,2024-12-29,ftp-cabang,memo_hukum_202410_8417|363441|data draft final
BCH-0000714,laporan_logistik_202406_0778.xml,1616882,2024-04-19,cloud-storage-azure,laporan_logistik_202406_0778|1616882|pending draft rekap
BCH-0000866,memo_pemasaran_202405_7156.doc,4995345,2024-06-21,cloud-storage-azure,memo_pemasaran_202405_7156|4995345|draft rekap approved
BCH-0000091,gambar_manajemen_202505_4213.doc,1951432,2024-04-20,nas-lokal-03,gambar_manajemen_202505_4213|1951432|rekap arsip pending
BCH-0000465,kontrak_logistik_202507_3417.rar,237470166,2024-07-22,portal-upload-mobile,kontrak_logistik_202507_3417|237470166|periode draft arsip
BCH-0000454,gambar_manajemen_202505_6276.doc,272288,2024-12-18,cloud-storage-azure,gambar_manajemen_202505_6276|272288|total revisi rekap
BCH-0000673,backup_logistik_202511_2310.zip,99491,2024-12-05,nas-lokal-03,backup_logistik_202511_2310|99491|periode total revisi
BCH-0000390,kontrak_manajemen_202410_2303.json,36100,2024-01-08,ftp-cabang,kontrak_manajemen_202410_2303|36100|total periode arsip
BCH-0000080,memo_riset_202406_7653.pdf,18772428,2024-02-21,server-arsip-medan,memo_riset_202406_7653|18772428|periode rekap revisi
BCH-0000357,invoice_logistik_202506_0338.zip,483484,2024-02-18,ftp-cabang,invoice_logistik_202506_0338|483484|rekap periode final
BCH-0000692,laporan_operasional_202508_4706.xml,71403,2024-05-16,ftp-cabang,laporan_operasional_202508_4706|71403|total arsip draft
BCH-0000217,backup_logistik_202505_1770.jpeg,3342761,2024-10-06,server-arsip-makassar,backup_logistik_202505_1770|3342761|periode final data
BCH-0000009,dataset_pemasaran_202501_1841.jpg,2198676,2024-01-01,nas-lokal-03,dataset_pemasaran_202501_1841|2198676|periode arsip pending
BCH-0000194,dataset_teknologi_202411_7427.txt,258965,2024-12-22,server-arsip-medan,dataset_teknologi_202411_7427|258965|rekap final periode
BCH-0000603,kontrak_riset_202510_1731.jpeg,1637211,2024-06-04,nas-lokal-04,kontrak_riset_202510_1731|1637211|pending arsip final
BCH-0000238,invoice_hukum_202401_5115.zip,113917,2024-05-02,server-arsip-makassar,invoice_hukum_202401_5115|113917|final total pending
BCH-0000838,invoice_operasional_202501_4305.xlsx,840610,2024-09-10,nas-lokal-04,invoice_operasional_202501_4305|840610|data total revisi
BCH-0000071,kontrak_manajemen_202407_4627.pdf,29749342,2024-06-23,server-arsip-semarang,kontrak_manajemen_202407_4627|29749342|pending draft final
BCH-0000702,laporan_operasional_202503_4862.rar,216789,2024-01-22,server-arsip-medan,laporan_operasional_202503_4862|216789|periode rekap final
BCH-0000010,surat_operasional_202508_9182.jpeg,2911756,2024-04-12,server-arsip-medan,surat_operasional_202508_9182|2911756|total final data
BCH-0000794,dataset_sdm_202403_1638.png,4173405,2024-10-29,server-arsip-semarang,dataset_sdm_202403_1638|4173405|draft arsip rekap
BCH-0000402,backup_hukum_202504_2640.jpg,263515,2024-06-13,server-arsip-medan,backup_hukum_202504_2640|263515|rekap data draft
BCH-0000018,kontrak_sdm_202401_8401.doc,1897239,2024-06-30,cloud-storage-azure,kontrak_sdm_202401_8401|1897239|data periode draft
BCH-0000325,presentasi_operasional_202411_5409.pdf,21913,2024-01-25,server-arsip-makassar,presentasi_operasional_202411_5409|21913|final approved draft
BCH-0000029,backup_pemasaran_202402_0485.json,284482567,2024-02-01,nas-lokal-04,backup_pemasaran_202402_0485|284482567|revisi rekap final
BCH-0000232,surat_riset_202504_8561.jpg,1307533,2024-03-23,portal-upload-mobile,surat_riset_202504_8561|1307533|approved draft rekap
BCH-0000428,dataset_teknologi_202504_9511.jpg,5070054,2024-10-16,ftp-cabang,dataset_teknologi_202504_9511|5070054|approved rekap revisi
BCH-0000173,backup_pemasaran_202408_2996.doc,1454618,2024-07-16,ftp-cabang,backup_pemasaran_202408_2996|1454618|total periode data
DUP-0000021,surat_hukum_202404_4563.pdf,9755157,2024-09-21,cloud-storage-aws,surat|hukum|9755157|periode dokumen data pending revisi
BCH-0000084,log_riset_202410_7655.txt,460869,2024-10-10,ftp-cabang,log_riset_202410_7655|460869|revisi total rekap
BCH-0000659,laporan_operasional_202508_3462.csv,206187792,2024-03-09,nas-lokal-04,laporan_operasional_202508_3462|206187792|periode data final
BCH-0000567,backup_logistik_202402_3187.xml,4514107,2024-10-12,nas-lokal-03,backup_logistik_202402_3187|4514107|draft final total
BCH-0000488,invoice_riset_202511_0992.xml,353907556,2024-07-09,ftp-cabang,invoice_riset_202511_0992|353907556|revisi final draft
BCH-0000625,invoice_teknologi_202503_0435.png,340206,2024-08-15,nas-lokal-03,invoice_teknologi_202503_0435|340206|periode pending total
DUP-0000030,presentasi_hukum_202312_0843.xml,358830,2023-08-13,portal-upload-web,presentasi|hukum|358830|draft total dokumen arsip
BCH-0000583,laporan_riset_202502_6797.xls,456135071,2024-04-12,server-arsip-makassar,laporan_riset_202502_6797|456135071|arsip pending draft
BCH-0000076,dataset_operasional_202403_9491.json,49960588,2024-01-12,server-arsip-medan,dataset_operasional_202403_9491|49960588|periode rekap final
BCH-0000087,kontrak_riset_202509_5641.zip,453715167,2024-09-01,cloud-storage-azure,kontrak_riset_202509_5641|453715167|arsip total periode
BCH-0000476,gambar_hukum_202509_0220.txt,285735,2024-02-14,ftp-cabang,gambar_hukum_202509_0220|285735|rekap periode draft
BCH-0000186,kontrak_hukum_202502_9952.rar,3639134,2024-12-25,nas-lokal-03,kontrak_hukum_202502_9952|3639134|draft arsip revisi
BCH-0000326,presentasi_teknologi_202503_7369.zip,285279,2024-06-22,server-arsip-semarang,presentasi_teknologi_202503_7369|285279|total data final
BCH-0000283,kontrak_teknologi_202407_0673.xls,1425200,2024-05-21,nas-lokal-03,kontrak_teknologi_202407_0673|1425200|total pending periode
BCH-0000198,surat_audit_202501_9565.xlsx,437258,2024-12-03,server-arsip-medan,surat_audit_202501_9565|437258|final approved draft
BCH-0000321,log_logistik_202401_5152.docx,205376877,2024-06-28,cloud-storage-azure,log_logistik_202401_5152|205376877|rekap pending final
DUP-0000027,kontrak_operasional_202409_2317.json,55986223,2022-09-10,server-arsip-jakarta,kontrak|operasional|55986223|dokumen file approved
BCH-0000763,dataset_keuangan_202505_6214.doc,118687,2024-12-26,server-arsip-makassar,dataset_keuangan_202505_6214|118687|rekap draft periode
BCH-0000811,kontrak_pemasaran_202401_9360.png,254945,2024-07-30,ftp-cabang,kontrak_pemasaran_202401_9360|254945|total arsip revisi
BCH-0000635,invoice_hukum_202408_4786.txt,490276,2024-04-23,server-arsip-medan,invoice_hukum_202408_4786|490276|revisi periode data
BCH-0000075,presentasi_teknologi_202401_2175.rar,3826964,2024-03-26,server-arsip-medan,presentasi_teknologi_202401_2175|3826964|draft data revisi
BCH-0000394,kontrak_audit_202408_8123.docx,3064065,2024-05-20,server-arsip-medan,kontrak_audit_202408_8123|3064065|final revisi data
BCH-0000306,invoice_teknologi_202405_5210.zip,188541,2024-06-15,cloud-storage-azure,invoice_teknologi_202405_5210|188541|total final arsip
BCH-0000249,surat_operasional_202509_5184.zip,490673,2024-07-08,portal-upload-mobile,surat_operasional_202509_5184|490673|revisi draft approved
BCH-0000524,backup_audit_202507_1486.txt,97696,2024-02-14,nas-lokal-04,backup_audit_202507_1486|97696|data approved arsip
BCH-0000786,backup_sdm_202505_0772.docx,193591,2024-05-21,portal-upload-mobile,backup_sdm_202505_0772|193591|final rekap approved
BCH-0000855,invoice_riset_202507_5955.xls,4605015,2024-02-17,cloud-storage-azure,invoice_riset_202507_5955|4605015|total draft approved
BCH-0000766,log_audit_202510_7519.pdf,1006486,2024-02-12,portal-upload-mobile,log_audit_202510_7519|1006486|draft rekap pending
BCH-0000279,kontrak_audit_202407_1369.jpeg,479872,2024-01-05,server-arsip-semarang,kontrak_audit_202407_1369|479872|periode draft data
BCH-0000308,presentasi_pemasaran_202403_6623.pdf,70314,2024-04-17,cloud-storage-azure,presentasi_pemasaran_202403_6623|70314|periode final pending
BCH-0000870,kontrak_audit_202503_8477.jpg,196674,2024-02-21,ftp-cabang,kontrak_audit_202503_8477|196674|total approved data
BCH-0000261,log_pemasaran_202408_7633.rar,464073,2024-05-25,cloud-storage-azure,log_pemasaran_202408_7633|464073|data draft total
BCH-0000407,surat_keuangan_202406_3416.csv,4669186,2024-04-23,nas-lokal-04,surat_keuangan_202406_3416|4669186|total data arsip
BCH-0000539,backup_sdm_202410_2516.json,214531,2024-05-19,nas-lokal-04,backup_sdm_202410_2516|214531|pending revisi approved
BCH-0000316,log_teknologi_202509_1417.xlsx,356668,2024-10-01,ftp-cabang,log_teknologi_202509_1417|356668|periode data total
BCH-0000157,invoice_teknologi_202501_8469.pdf,370195,2024-05-23,server-arsip-makassar,invoice_teknologi_202501_8469|370195|rekap total draft
BCH-0000038,dataset_teknologi_202401_1989.csv,19634286,2024-04-14,server-arsip-makassar,dataset_teknologi_202401_1989|19634286|rekap approved final
BCH-0000120,gambar_manajemen_202405_6594.csv,171702,2024-07-15,portal-upload-mobile,gambar_manajemen_202405_6594|171702|final draft pending
BCH-0000442,presentasi_riset_202409_1131.jpeg,77675,2024-10-14,portal-upload-mobile,presentasi_riset_202409_1131|77675|rekap pending periode
DUP-0000085,log_logistik_202208_4400.txt,492836709,2023-10-24,cloud-storage-gcp,log|logistik|492836709|arsip dokumen periode pending
BCH-0000481,invoice_manajemen_202406_6716.rar,1073235,2024-10-16,cloud-storage-azure,invoice_manajemen_202406_6716|1073235|revisi draft arsip
BCH-0000479,surat_sdm_202409_2310.pdf,41577909,2024-06-21,cloud-storage-azure,surat_sdm_202409_2310|41577909|arsip periode revisi
BCH-0000404,presentasi_audit_202503_4753.xlsx,497931,2024-07-17,server-arsip-medan,presentasi_audit_202503_4753|497931|final arsip approved
BCH-0000085,kontrak_audit_202403_3306.zip,338326,2024-08-06,server-arsip-makassar,kontrak_audit_202403_3306|338326|data final total
BCH-0000700,invoice_teknologi_202401_2150.xls,7868847,2024-06-20,portal-upload-mobile,invoice_teknologi_202401_2150|7868847|revisi data arsip
BCH-0000005,gambar_teknologi_202411_5090.xls,370648,2024-06-09,cloud-storage-azure,gambar_teknologi_202411_5090|370648|revisi approved final
BCH-0000639,presentasi_teknologi_202510_6102.json,3004864,2024-02-10,portal-upload-mobile,presentasi_teknologi_202510_6102|3004864|draft data approved
BCH-0000203,presentasi_riset_202506_4824.jpg,455242,2024-07-24,server-arsip-medan,presentasi_riset_202506_4824|455242|arsip revisi periode
BCH-0000268,surat_hukum_202509_0099.txt,396667,2024-02-22,nas-lokal-03,surat_hukum_202509_0099|396667|approved rekap revisi
DUP-0000068,log_riset_202407_5931.csv,4093964,2023-03-26,server-arsip-surabaya,log|riset|4093964|pending total rekap data periode
BCH-0000430,log_pemasaran_202402_9134.zip,35528,2024-08-18,nas-lokal-04,log_pemasaran_202402_9134|35528|revisi arsip draft
BCH-0000097,backup_sdm_202505_1743.xlsx,45914,2024-06-18,portal-upload-mobile,backup_sdm_202505_1743|45914|periode revisi total
BCH-0000102,invoice_manajemen_202501_3243.zip,3887745,2024-03-09,server-arsip-medan,invoice_manajemen_202501_3243|3887745|draft arsip data
BCH-0000128,memo_logistik_202410_6609.xls,3315558,2024-11-11,server-arsip-medan,memo_logistik_202410_6609|3315558|pending arsip total
BCH-0000395,surat_sdm_202411_1589.zip,242764,2024-02-19,cloud-storage-azure,surat_sdm_202411_1589|242764|periode draft final
BCH-0000602,laporan_audit_202502_3146.json,4636914,2024-11-28,nas-lokal-03,laporan_audit_202502_3146|4636914|rekap periode total
DUP-0000097,surat_teknologi_202405_2250.jpg,304659,2022-08-12,portal-upload-web,surat|teknologi|304659|dokumen revisi data rekap file
BCH-0000295,log_manajemen_202512_7154.docx,4653178,2024-12-12,portal-upload-mobile,log_manajemen_202512_7154|4653178|revisi draft periode
BCH-0000577,surat_riset_202507_3044.jpeg,131233,2024-06-14,nas-lokal-03,surat_riset_202507_3044|131233|draft revisi total
BCH-0000192,invoice_sdm_202408_0096.png,202076,2024-10-20,server-arsip-medan,invoice_sdm_202408_0096|202076|approved rekap data
DUP-0000001,dataset_sdm_202308_7169.zip,2141802,2023-08-09,cloud-storage-aws,dataset|sdm|2141802|file periode approved
BCH-0000822,backup_operasional_202409_1834.png,10142614,2024-06-15,server-arsip-makassar,backup_operasional_202409_1834|10142614|rekap revisi total
BCH-0000731,memo_pemasaran_202408_3783.txt,3850228,2024-07-04,cloud-storage-azure,memo_pemasaran_202408_3783|3850228|final rekap arsip
BCH-0000213,invoice_keuangan_202404_0947.docx,3928566,2024-09-06,ftp-cabang,invoice_keuangan_202404_0947|3928566|approved pending final
BCH-0000810,laporan_manajemen_202404_9403.doc,3256738,2024-04-30,server-arsip-makassar,laporan_manajemen_202404_9403|3256738|data approved pending
BCH-0000089,kontrak_pemasaran_202402_9836.png,276926,2024-05-09,nas-lokal-04,kontrak_pemasaran_202402_9836|276926|periode data pending
DUP-0000063,kontrak_manajemen_202406_0519.docx,25688416,2023-07-11,nas-lokal-02,kontrak|manajemen|25688416|pending revisi draft
BCH-0000215,backup_teknologi_202511_5051.jpg,359002413,2024-01-27,server-arsip-medan,backup_teknologi_202511_5051|359002413|rekap draft revisi
BCH-0000572,presentasi_operasional_202412_8844.doc,7039680,2024-03-23,server-arsip-makassar,presentasi_operasional_202412_8844|7039680|revisi approved draft
BCH-0000622,kontrak_hukum_202502_8320.jpg,286270,2024-04-29,portal-upload-mobile,kontrak_hukum_202502_8320|286270|rekap revisi total
BCH-0000152,laporan_operasional_202512_0694.rar,35837299,2024-04-17,nas-lokal-03,laporan_operasional_202512_0694|35837299|approved draft rekap
BCH-0000369,presentasi_riset_202504_0470.doc,2647068,2024-02-16,server-arsip-medan,presentasi_riset_202504_0470|2647068|draft total revisi
BCH-0000346,presentasi_manajemen_202412_9567.docx,3841361,2024-08-02,portal-upload-mobile,presentasi_manajemen_202412_9567|3841361|draft revisi approved
BCH-0000701,presentasi_teknologi_202503_2889.xml,859622,2024-05-21,cloud-storage-azure,presentasi_teknologi_202503_2889|859622|revisi final rekap
BCH-0000086,surat_teknologi_202411_7221.rar,4306388,2024-11-13,nas-lokal-03,surat_teknologi_202411_7221|4306388|data final pending
BCH-0000043,backup_keuangan_202510_1350.txt,56359,2024-08-05,portal-upload-mobile,backup_keuangan_202510_1350|56359|total data rekap
DUP-0000093,dataset_pemasaran_202402_8281.png,95581640,2022-10-01,nas-lokal-02,dataset|pemasaran|95581640|dokumen file rekap
BCH-0000148,surat_logistik_202408_6869.rar,154306,2024-10-01,server-arsip-makassar,surat_logistik_202408_6869|154306|periode total arsip
BCH-0000431,gambar_teknologi_202502_3617.jpg,37080161,2024-07-11,ftp-cabang,gambar_teknologi_202502_3617|37080161|draft revisi pending
BCH-0000384,kontrak_audit_202401_4727.jpg,1403976,2024-05-21,ftp-cabang,kontrak_audit_202401_4727|1403976|arsip total rekap
BCH-0000147,backup_pemasaran_202502_1427.txt,27053820,2024-06-14,server-arsip-medan,backup_pemasaran_202502_1427|27053820|pending data draft
BCH-0000712,surat_pemasaran_202411_7040.doc,231555,2024-06-03,server-arsip-makassar,surat_pemasaran_202411_7040|231555|revisi pending approved
BCH-0000245,backup_riset_202406_6538.rar,420705,2024-04-26,server-arsip-semarang,backup_riset_202406_6538|420705|rekap draft periode
BCH-0000619,backup_teknologi_202503_9182.pdf,1388001,2024-03-16,nas-lokal-03,backup_teknologi_202503_9182|1388001|pending total draft
BCH-0000839,laporan_pemasaran_202511_6115.txt,22465058,2024-07-11,server-arsip-semarang,laporan_pemasaran_202511_6115|22465058|periode total draft
BCH-0000162,invoice_manajemen_202509_3355.rar,18193270,2024-06-25,ftp-cabang,invoice_manajemen_202509_3355|18193270|approved revisi total
BCH-0000200,laporan_audit_202404_3980.zip,1991011,2024-05-07,ftp-cabang,laporan_audit_202404_3980|1991011|pending arsip revisi
BCH-0000633,presentasi_riset_202402_4159.xml,126011,2024-11-03,cloud-storage-azure,presentasi_riset_202402_4159|126011|revisi approved total
BCH-0000385,surat_keuangan_202510_3888.rar,315230,2024-12-20,ftp-cabang,surat_keuangan_202510_3888|315230|total final revisi
BCH-0000741,memo_sdm_202506_8863.zip,3732585,2024-01-15,nas-lokal-04,memo_sdm_202506_8863|3732585|draft final revisi
BCH-0000298,invoice_logistik_202405_0184.txt,139618,2024-07-30,server-arsip-semarang,invoice_logistik_202405_0184|139618|data draft revisi
BCH-0000801,gambar_logistik_202508_3149.doc,4645994,2024-02-05,portal-upload-mobile,gambar_logistik_202508_3149|4645994|draft periode total
BCH-0000061,laporan_sdm_202508_4549.xml,4537774,2024-11-18,nas-lokal-04,laporan_sdm_202508_4549|4537774|periode draft data
BCH-0000762,presentasi_riset_202402_5191.docx,3977719,2024-06-03,server-arsip-semarang,presentasi_riset_202402_5191|3977719|total rekap data
BCH-0000181,laporan_audit_202412_0476.jpeg,895761,2024-01-05,server-arsip-medan,laporan_audit_202412_0476|895761|total pending revisi
BCH-0000643,surat_riset_202509_3511.jpg,98669,2024-12-10,portal-upload-mobile,surat_riset_202509_3511|98669|final arsip approved
BCH-0000792,dataset_logistik_202407_0981.xml,1027867,2024-03-02,ftp-cabang,dataset_logistik_202407_0981|1027867|rekap data arsip
BCH-0000783,log_hukum_202405_9503.jpeg,390881,2024-10-19,portal-upload-mobile,log_hukum_202405_9503|390881|periode rekap pending
BCH-0000233,memo_teknologi_202512_7870.zip,379475,2024-09-30,ftp-cabang,memo_teknologi_202512_7870|379475|rekap revisi approved
BCH-0000517,gambar_sdm_202407_5933.txt,497950,2024-10-07,portal-upload-mobile,gambar_sdm_202407_5933|497950|periode approved draft
BCH-0000275,kontrak_manajemen_202512_2007.zip,439958,2024-10-23,server-arsip-semarang,kontrak_manajemen_202512_2007|439958|revisi approved pending
BCH-0000042,kontrak_teknologi_202409_3768.txt,4828908,2024-02-06,cloud-storage-azure,kontrak_teknologi_202409_3768|4828908|arsip approved periode
BCH-0000637,surat_audit_202402_3893.xls,260690,2024-05-10,nas-lokal-04,surat_audit_202402_3893|260690|final pending arsip
DUP-0000015,dataset_keuangan_202305_3611.xlsx,225288780,2023-06-12,backup-eksternal,dataset|keuangan|225288780|total data periode arsip pending
BCH-0000756,memo_riset_202508_1437.jpg,293164,2024-12-24,portal-upload-mobile,memo_riset_202508_1437|293164|revisi total draft
BCH-0000621,invoice_logistik_202509_8385.txt,91721,2024-02-18,nas-lokal-03,invoice_logistik_202509_8385|91721|total pending final
BCH-0000158,presentasi_riset_202405_2823.doc,44668649,2024-02-19,nas-lokal-03,presentasi_riset_202405_2823|44668649|pending rekap revisi
DUP-0000024,presentasi_pemasaran_202410_1389.png,2995149,2022-10-02,nas-lokal-01,presentasi|pemasaran|2995149|revisi final total
BCH-0000585,surat_audit_202412_3581.doc,452255304,2024-07-31,server-arsip-medan,surat_audit_202412_3581|452255304|data arsip periode
BCH-0000189,surat_pemasaran_202402_8383.rar,412382116,2024-07-04,nas-lokal-03,surat_pemasaran_202402_8383|412382116|periode approved data
BCH-0000184,backup_hukum_202511_9525.jpeg,45301079,2024-03-09,cloud-storage-azure,backup_hukum_202511_9525|45301079|rekap arsip total
BCH-0000174,gambar_hukum_202509_4318.doc,2871203,2024-12-27,ftp-cabang,gambar_hukum_202509_4318|2871203|approved draft data
BCH-0000047,gambar_sdm_202509_2895.png,4978682,2024-06-06,server-arsip-medan,gambar_sdm_202509_2895|4978682|rekap draft periode
BCH-0000244,gambar_keuangan_202504_8148.png,479926,2024-09-23,server-arsip-makassar,gambar_keuangan_202504_8148|479926|revisi approved total
BCH-0000131,gambar_riset_202401_9776.csv,72075316,2024-01-01,server-arsip-makassar,gambar_riset_202401_9776|72075316|data rekap arsip
BCH-0000670,surat_manajemen_202401_1457.doc,498966047,2024-06-19,server-arsip-makassar,surat_manajemen_202401_1457|498966047|draft data rekap
BCH-0000167,dataset_riset_202509_4172.xlsx,222314,2024-08-11,nas-lokal-03,dataset_riset_202509_4172|222314|draft periode revisi
BCH-0000778,memo_manajemen_202510_2992.docx,4879359,2024-09-07,nas-lokal-04,memo_manajemen_202510_2992|4879359|periode rekap final
DUP-0000062,invoice_keuangan_202408_0920.docx,3663928,2022-01-20,server-arsip-surabaya,invoice|keuangan|3663928|pending approved draft
BCH-0000183,presentasi_logistik_202511_6836.xml,837174,2024-02-01,server-arsip-medan,presentasi_logistik_202511_6836|837174|arsip final approved
BCH-0000632,presentasi_manajemen_202406_1258.doc,21110923,2024-06-19,nas-lokal-04,presentasi_manajemen_202406_1258|21110923|periode approved pending
BCH-0000900,dataset_hukum_202505_5345.zip,490325,2024-04-20,nas-lokal-03,dataset_hukum_202505_5345|490325|approved arsip rekap
BCH-0000823,kontrak_teknologi_202502_1618.xls,454599195,2024-11-26,server-arsip-semarang,kontrak_teknologi_202502_1618|454599195|draft arsip revisi
BCH-0000026,gambar_hukum_202406_7122.doc,490734,2024-11-09,server-arsip-makassar,gambar_hukum_202406_7122|490734|draft arsip periode
BCH-0000724,memo_riset_202512_2717.zip,105596,2024-10-10,cloud-storage-azure,memo_riset_202512_2717|105596|final revisi total
BCH-0000257,memo_sdm_202503_5626.zip,15045457,2024-12-08,server-arsip-medan,memo_sdm_202503_5626|15045457|periode arsip draft
BCH-0000210,dataset_riset_202506_4053.xls,4883363,2024-06-11,nas-lokal-03,dataset_riset_202506_4053|4883363|rekap pending arsip
BCH-0000333,kontrak_sdm_202410_5955.xls,338755383,2024-02-21,server-arsip-medan,kontrak_sdm_202410_5955|338755383|arsip total draft
BCH-0000246,presentasi_operasional_202410_7487.xls,196782410,2024-07-12,nas-lokal-04,presentasi_operasional_202410_7487|196782410|data revisi approved
BCH-0000510,log_operasional_202502_1524.zip,152827207,2024-03-25,server-arsip-medan,log_operasional_202502_1524|152827207|pending arsip total
BCH-0000696,memo_operasional_202511_6555.docx,27755,2024-01-02,server-arsip-medan,memo_operasional_202511_6555|27755|final revisi total
BCH-0000160,log_hukum_202501_7863.txt,60017,2024-01-26,portal-upload-mobile,log_hukum_202501_7863|60017|total pending revisi
BCH-0000059,backup_operasional_202409_2817.json,7034792,2024-12-25,nas-lokal-03,backup_operasional_202409_2817|7034792|revisi periode rekap
BCH-0000746,surat_operasional_202404_2025.xml,796718,2024-08-06,server-arsip-medan,surat_operasional_202404_2025|796718|data total rekap
BCH-0000858,kontrak_riset_202412_7987.xls,475019,2024-03-09,nas-lokal-04,kontrak_riset_202412_7987|475019|approved data final
BCH-0000222,backup_operasional_202407_4148.json,277228,2024-12-09,server-arsip-semarang,backup_operasional_202407_4148|277228|pending final rekap
BCH-0000447,laporan_operasional_202502_9021.xml,9559302,2024-09-28,nas-lokal-03,laporan_operasional_202502_9021|9559302|data periode final
BCH-0000060,kontrak_riset_202405_4192.rar,197943,2024-07-24,server-arsip-semarang,kontrak_riset_202405_4192|197943|final draft periode
BCH-0000878,laporan_keuangan_202507_0247.png,370577,2024-03-13,nas-lokal-04,laporan_keuangan_202507_0247|370577|draft data total
BCH-0000116,memo_operasional_202403_9524.jpeg,181250,2024-10-19,nas-lokal-04,memo_operasional_202403_9524|181250|data revisi periode
BCH-0000267,memo_sdm_202503_8039.xlsx,223411,2024-05-11,nas-lokal-04,memo_sdm_202503_8039|223411|approved pending total
BCH-0000063,log_pemasaran_202412_1055.txt,339613,2024-05-06,ftp-cabang,log_pemasaran_202412_1055|339613|periode revisi approved
BCH-0000885,laporan_operasional_202406_8361.csv,4092125,2024-08-12,portal-upload-mobile,laporan_operasional_202406_8361|4092125|arsip approved rekap
BCH-0000591,presentasi_keuangan_202503_5424.zip,483355,2024-10-22,ftp-cabang,presentasi_keuangan_202503_5424|483355|data pending total
BCH-0000201,laporan_keuangan_202405_8976.png,474632,2024-11-21,server-arsip-makassar,laporan_keuangan_202405_8976|474632|periode approved arsip
BCH-0000503,surat_teknologi_202406_0177.doc,1563863,2024-10-11,cloud-storage-azure,surat_teknologi_202406_0177|1563863|revisi arsip pending
BCH-0000469,kontrak_pemasaran_202411_1429.jpg,305043,2024-05-12,nas-lokal-03,kontrak_pemasaran_202411_1429|305043|arsip rekap total
BCH-0000440,log_logistik_202506_6793.jpg,2655757,2024-02-15,portal-upload-mobile,log_logistik_202506_6793|2655757|draft periode rekap
BCH-0000297,memo_operasional_202508_4090.xlsx,4942203,2024-12-01,cloud-storage-azure,memo_operasional_202508_4090|4942203|revisi draft periode
BCH-0000744,log_pemasaran_202506_9584.json,265865,2024-08-31,portal-upload-mobile,log_pemasaran_202506_9584|265865|revisi total rekap
BCH-0000037,invoice_manajemen_202512_8030.xls,322138,2024-02-13,server-arsip-medan,invoice_manajemen_202512_8030|322138|rekap total periode
BCH-0000573,memo_teknologi_202402_3975.csv,1148404,2024-06-30,server-arsip-medan,memo_teknologi_202402_3975|1148404|data final total
DUP-0000011,backup_audit_202406_3589.csv,20442984,2023-01-25,portal-upload-web,backup|audit|20442984|data file periode total
BCH-0000890,gambar_teknologi_202405_0497.csv,66790,2024-06-26,ftp-cabang,gambar_teknologi_202405_0497|66790|total arsip draft
BCH-0000607,kontrak_audit_202406_4966.csv,24094147,2024-09-22,server-arsip-makassar,kontrak_audit_202406_4966|24094147|rekap draft total
BCH-0000891,surat_sdm_202502_5682.txt,445836,2024-07-25,nas-lokal-03,surat_sdm_202502_5682|445836|data pending approved
BCH-0000853,invoice_pemasaran_202410_9058.xml,3019102,2024-11-23,nas-lokal-03,invoice_pemasaran_202410_9058|3019102|revisi draft data
BCH-0000247,gambar_operasional_202404_1482.docx,944343,2024-06-11,nas-lokal-04,gambar_operasional_202404_1482|944343|arsip draft final
BCH-0000416,dataset_riset_202502_4586.txt,2237017,2024-09-02,nas-lokal-03,dataset_riset_202502_4586|2237017|final pending draft
BCH-0000195,backup_pemasaran_202402_4244.png,1982151,2024-11-21,nas-lokal-04,backup_pemasaran_202402_4244|1982151|arsip revisi final
BCH-0000121,backup_manajemen_202412_7977.xml,1666957,2024-07-09,cloud-storage-azure,backup_manajemen_202412_7977|1666957|data arsip approved
BCH-0000375,laporan_manajemen_202503_0134.docx,2548172,2024-05-31,ftp-cabang,laporan_manajemen_202503_0134|2548172|revisi approved data
BCH-0000776,dataset_keuangan_202411_1587.doc,26238316,2024-03-23,cloud-storage-azure,dataset_keuangan_202411_1587|26238316|pending approved final
BCH-0000844,backup_hukum_202403_9686.jpg,972831,2024-03-16,ftp-cabang,backup_hukum_202403_9686|972831|final approved data
BCH-0000368,gambar_logistik_202412_0586.docx,308299,2024-03-14,nas-lokal-03,gambar_logistik_202412_0586|308299|approved revisi total
BCH-0000565,dataset_teknologi_202409_1909.txt,43898572,2024-08-11,ftp-cabang,dataset_teknologi_202409_1909|43898572|periode revisi total
BCH-0000899,presentasi_logistik_202501_2362.jpg,1174049,2024-09-19,nas-lokal-04,presentasi_logistik_202501_2362|1174049|total data revisi
DUP-0000032,kontrak_teknologi_202404_7032.csv,22685248,2023-02-11,backup-eksternal,kontrak|teknologi|22685248|total arsip dokumen periode revisi
DUP-0000056,laporan_logistik_202403_7658.json,3891655,2022-09-19,portal-upload-web,laporan|logistik|3891655|rekap approved dokumen file total
BCH-0000126,gambar_sdm_202411_0094.xlsx,289233,2024-09-16,cloud-storage-azure,gambar_sdm_202411_0094|289233|draft periode final
BCH-0000807,backup_teknologi_202409_4376.xlsx,391502,2024-10-11,nas-lokal-03,backup_teknologi_202409_4376|391502|revisi approved total
BCH-0000775,presentasi_logistik_202404_4339.csv,3346437,2024-10-17,server-arsip-semarang,presentasi_logistik_202404_4339|3346437|pending rekap data
BCH-0000587,invoice_keuangan_202412_5166.docx,233639,2024-10-28,nas-lokal-03,invoice_keuangan_202412_5166|233639|rekap total arsip
BCH-0000002,invoice_hukum_202405_2854.docx,270049733,2024-03-15,cloud-storage-azure,invoice_hukum_202405_2854|270049733|arsip draft pending
BCH-0000166,memo_manajemen_202501_8030.jpeg,452867,2024-08-13,server-arsip-medan,memo_manajemen_202501_8030|452867|periode pending revisi
BCH-0000820,laporan_audit_202408_9312.pdf,4561315,2024-05-17,server-arsip-semarang,laporan_audit_202408_9312|4561315|approved periode revisi
BCH-0000898,laporan_audit_202509_5796.rar,3277297,2024-02-25,server-arsip-makassar,laporan_audit_202509_5796|3277297|periode revisi draft
BCH-0000223,memo_keuangan_202502_4598.xml,2989169,2024-03-15,portal-upload-mobile,memo_keuangan_202502_4598|2989169|draft rekap arsip
BCH-0000093,dataset_riset_202409_6096.rar,443916,2024-01-13,server-arsip-makassar,dataset_riset_202409_6096|443916|pending total approved
BCH-0000132,dataset_logistik_202510_5360.rar,1535958,2024-10-02,server-arsip-semarang,dataset_logistik_202510_5360|1535958|pending total approved
BCH-0000312,kontrak_pemasaran_202406_5904.pdf,2399571,2024-09-25,nas-lokal-04,kontrak_pemasaran_202406_5904|2399571|arsip periode revisi
BCH-0000281,presentasi_riset_202405_5667.xlsx,48222,2024-05-07,nas-lokal-03,presentasi_riset_202405_5667|48222|final data approved
BCH-0000226,dataset_operasional_202410_5800.docx,1926043,2024-10-24,ftp-cabang,dataset_operasional_202410_5800|1926043|approved final draft
BCH-0000533,surat_keuangan_202512_7653.txt,4734974,2024-10-20,nas-lokal-03,surat_keuangan_202512_7653|4734974|final total arsip
DUP-0000096,invoice_riset_202202_0978.txt,2728287,2022-12-06,cloud-storage-gcp,invoice|riset|2728287|file dokumen final pending total
BCH-0000161,surat_pemasaran_202409_0175.xlsx,128236,2024-03-31,portal-upload-mobile,surat_pemasaran_202409_0175|128236|data pending rekap
BCH-0000025,kontrak_sdm_202501_4172.jpg,410660,2024-08-08,server-arsip-semarang,kontrak_sdm_202501_4172|410660|rekap data approved
BCH-0000252,laporan_riset_202406_1125.csv,255801720,2024-03-13,server-arsip-semarang,laporan_riset_202406_1125|255801720|pending periode rekap
BCH-0000122,memo_audit_202505_4996.xml,146396,2024-03-30,nas-lokal-03,memo_audit_202505_4996|146396|total final rekap
BCH-0000315,invoice_audit_202501_9587.jpeg,3185434,2024-11-08,cloud-storage-azure,invoice_audit_202501_9587|3185434|rekap pending arsip
BCH-0000784,dataset_operasional_202405_1634.txt,44013608,2024-05-12,cloud-storage-azure,dataset_operasional_202405_1634|44013608|revisi pending data
BCH-0000235,gambar_keuangan_202408_7964.csv,80707,2024-09-26,nas-lokal-04,gambar_keuangan_202408_7964|80707|data rekap draft
BCH-0000270,presentasi_hukum_202405_5120.txt,2548861,2024-06-24,ftp-cabang,presentasi_hukum_202405_5120|2548861|pending rekap arsip
BCH-0000250,memo_operasional_202405_7632.xls,28025,2024-08-31,nas-lokal-04,memo_operasional_202405_7632|28025|data pending revisi
BCH-0000879,laporan_teknologi_202410_2087.docx,3737372,2024-06-18,portal-upload-mobile,laporan_teknologi_202410_2087|3737372|rekap total data
BCH-0000051,invoice_operasional_202401_6025.jpg,321126,2024-05-01,server-arsip-makassar,invoice_operasional_202401_6025|321126|data final arsip
BCH-0000840,dataset_manajemen_202403_9602.xml,358868,2024-05-21,cloud-storage-azure,dataset_manajemen_202403_9602|358868|final approved pending
DUP-0000007,dataset_riset_202401_2280.csv,22184,2022-11-11,nas-lokal-01,dataset|riset|22184|data dokumen file approved arsip
DUP-0000053,kontrak_teknologi_202203_6366.xml,456874,2024-04-04,cloud-storage-gcp,kontrak|teknologi|456874|data periode total final pending
BCH-0000877,invoice_riset_202509_5679.docx,3078113,2024-10-06,nas-lokal-03,invoice_riset_202509_5679|3078113|total arsip data
BCH-0000130,backup_logistik_202505_1931.xlsx,44165122,2024-12-04,server-arsip-semarang,backup_logistik_202505_1931|44165122|pending final periode
DUP-0000059,laporan_keuangan_202309_0134.csv,4447569,2022-08-09,nas-lokal-02,laporan|keuangan|4447569|final draft approved
BCH-0000691,log_pemasaran_202506_4643.doc,203732272,2024-06-25,portal-upload-mobile,log_pemasaran_202506_4643|203732272|total periode revisi
BCH-0000048,kontrak_logistik_202409_5236.pdf,349609322,2024-05-29,nas-lokal-04,kontrak_logistik_202409_5236|349609322|periode arsip draft
BCH-0000356,memo_sdm_202508_7526.rar,3333522,2024-05-12,cloud-storage-azure,memo_sdm_202508_7526|3333522|pending final approved
BCH-0000644,kontrak_riset_202405_2042.jpg,3716120,2024-02-11,nas-lokal-04,kontrak_riset_202405_2042|3716120|periode total pending
BCH-0000537,surat_manajemen_202403_1361.zip,18497466,2024-11-26,cloud-storage-azure,surat_manajemen_202403_1361|18497466|total arsip final
DUP-0000041,presentasi_teknologi_202309_5531.xml,2561333,2023-06-12,backup-eksternal,presentasi|teknologi|2561333|data pending file periode draft
DUP-0000013,kontrak_pemasaran_202312_4383.txt,352366,2024-03-20,cloud-storage-gcp,kontrak|pemasaran|352366|draft dokumen arsip pending
BCH-0000650,backup_audit_202409_0751.txt,2048127,2024-10-27,portal-upload-mobile,backup_audit_202409_0751|2048127|final approved arsip
BCH-0000581,laporan_manajemen_202402_6935.csv,3160800,2024-09-28,nas-lokal-04,laporan_manajemen_202402_6935|3160800|draft data arsip
BCH-0000273,memo_logistik_202409_0133.rar,44437221,2024-05-10,nas-lokal-04,memo_logistik_202409_0133|44437221|pending rekap total
BCH-0000706,memo_hukum_202409_8883.xlsx,4272423,2024-07-16,server-arsip-semarang,memo_hukum_202409_8883|4272423|data rekap final
BCH-0000519,invoice_sdm_202401_8284.txt,320355,2024-01-22,nas-lokal-03,invoice_sdm_202401_8284|320355|arsip pending approved
BCH-0000498,dataset_pemasaran_202403_4545.json,403382,2024-08-27,server-arsip-makassar,dataset_pemasaran_202403_4545|403382|rekap data periode
BCH-0000557,memo_teknologi_202405_7682.pdf,411921,2024-04-24,nas-lokal-03,memo_teknologi_202405_7682|411921|approved draft arsip
BCH-0000556,invoice_pemasaran_202409_2356.xlsx,12715165,2024-11-15,server-arsip-semarang,invoice_pemasaran_202409_2356|12715165|arsip data rekap
BCH-0000439,gambar_pemasaran_202411_5738.png,95834,2024-09-03,cloud-storage-azure,gambar_pemasaran_202411_5738|95834|pending rekap arsip
BCH-0000765,gambar_riset_202504_7420.jpeg,19939,2024-09-08,nas-lokal-03,gambar_riset_202504_7420|19939|arsip total approved
BCH-0000777,surat_keuangan_202509_9119.rar,26453083,2024-02-13,server-arsip-semarang,surat_keuangan_202509_9119|26453083|arsip total periode
DUP-0000050,log_hukum_202203_4470.jpg,24130256,2024-07-09,ftp-pusat,log|hukum|24130256|approved total revisi
BCH-0000834,backup_teknologi_202402_9966.xls,21842354,2024-09-30,server-arsip-makassar,backup_teknologi_202402_9966|21842354|draft revisi total
BCH-0000140,laporan_logistik_202409_6172.xml,109039,2024-02-28,server-arsip-semarang,laporan_logistik_202409_6172|109039|final approved arsip
BCH-0000740,gambar_keuangan_202407_3703.xlsx,421291,2024-11-23,portal-upload-mobile,gambar_keuangan_202407_3703|421291|periode approved final
BCH-0000638,presentasi_teknologi_202506_6645.json,141596,2024-11-18,ftp-cabang,presentasi_teknologi_202506_6645|141596|data total arsip
BCH-0000421,invoice_riset_202512_4850.png,2073518,2024-02-09,portal-upload-mobile,invoice_riset_202512_4850|2073518|periode arsip draft
BCH-0000697,backup_hukum_202510_7827.doc,1654118,2024-06-03,ftp-cabang,backup_hukum_202510_7827|1654118|data approved rekap
BCH-0000781,backup_logistik_202510_8448.txt,241208,2024-02-02,server-arsip-makassar,backup_logistik_202510_8448|241208|arsip pending approved
BCH-0000560,invoice_riset_202501_9230.docx,242324,2024-06-30,nas-lokal-04,invoice_riset_202501_9230|242324|approved rekap revisi
BCH-0000448,invoice_riset_202508_7717.doc,297291,2024-06-17,portal-upload-mobile,invoice_riset_202508_7717|297291|rekap periode final
BCH-0000074,memo_riset_202411_7894.docx,52763,2024-12-14,cloud-storage-azure,memo_riset_202411_7894|52763|total draft approved
BCH-0000613,surat_audit_202512_1223.doc,5034645,2024-08-15,server-arsip-semarang,surat_audit_202512_1223|5034645|rekap periode data
BCH-0000863,backup_operasional_202504_2570.jpg,48303056,2024-02-28,nas-lokal-03,backup_operasional_202504_2570|48303056|approved rekap data
BCH-0000264,backup_audit_202511_2847.png,60729679,2024-03-18,ftp-cabang,backup_audit_202511_2847|60729679|pending periode arsip
BCH-0000062,backup_keuangan_202509_9626.xml,254890,2024-04-18,server-arsip-makassar,backup_keuangan_202509_9626|254890|approved draft data
BCH-0000073,laporan_sdm_202506_9660.txt,151339,2024-06-12,nas-lokal-03,laporan_sdm_202506_9660|151339|approved periode revisi
BCH-0000588,log_logistik_202410_4043.jpeg,400002,2024-06-12,cloud-storage-azure,log_logistik_202410_4043|400002|revisi approved periode
BCH-0000056,kontrak_logistik_202409_7499.doc,329186,2024-01-11,server-arsip-medan,kontrak_logistik_202409_7499|329186|final rekap arsip
BCH-0000531,gambar_manajemen_202508_1191.txt,4162990,2024-09-17,cloud-storage-azure,gambar_manajemen_202508_1191|4162990|rekap data revisi
BCH-0000254,surat_audit_202502_6894.png,1443042,2024-07-16,nas-lokal-03,surat_audit_202502_6894|1443042|arsip pending approved
DUP-0000033,dataset_logistik_202210_4521.txt,221126,2024-12-20,portal-upload-web,dataset|logistik|221126|arsip approved total rekap
BCH-0000876,laporan_hukum_202407_2057.xml,515011,2024-10-17,portal-upload-mobile,laporan_hukum_202407_2057|515011|draft approved final
BCH-0000015,laporan_manajemen_202505_2720.txt,492341,2024-01-25,ftp-cabang,laporan_manajemen_202505_2720|492341|rekap data draft
BCH-0000648,presentasi_sdm_202509_2263.doc,315565,2024-10-22,ftp-cabang,presentasi_sdm_202509_2263|315565|periode arsip draft
BCH-0000750,surat_logistik_202410_2443.csv,4281138,2024-09-06,portal-upload-mobile,surat_logistik_202410_2443|4281138|pending total revisi
DUP-0000034,dataset_keuangan_202408_1048.xml,4999791,2024-11-28,portal-upload-web,dataset|keuangan|4999791|file data total revisi dokumen
BCH-0000825,log_hukum_202405_1026.png,1360346,2024-09-13,server-arsip-makassar,log_hukum_202405_1026|1360346|total arsip revisi
DUP-0000070,laporan_teknologi_202201_8175.png,4306440,2022-03-11,cloud-storage-gcp,laporan|teknologi|4306440|dokumen approved final total
BCH-0000046,log_manajemen_202406_2142.txt,180439,2024-12-22,cloud-storage-azure,log_manajemen_202406_2142|180439|revisi arsip approved
BCH-0000265,backup_sdm_202505_3613.txt,46085994,2024-03-17,portal-upload-mobile,backup_sdm_202505_3613|46085994|final arsip draft
BCH-0000601,backup_audit_202407_5297.jpg,971049,2024-06-18,server-arsip-makassar,backup_audit_202407_5297|971049|revisi pending rekap
BCH-0000559,backup_operasional_202504_9614.jpg,19785928,2024-11-09,server-arsip-makassar,backup_operasional_202504_9614|19785928|revisi periode total
BCH-0000652,surat_hukum_202502_3872.zip,33220674,2024-10-30,nas-lokal-04,surat_hukum_202502_3872|33220674|data draft rekap
BCH-0000119,laporan_hukum_202411_6525.docx,293357,2024-10-16,server-arsip-makassar,laporan_hukum_202411_6525|293357|data revisi draft
BCH-0000220,gambar_manajemen_202504_2817.xml,64788,2024-02-25,cloud-storage-azure,gambar_manajemen_202504_2817|64788|rekap draft approved
BCH-0000627,memo_audit_202403_9123.xml,2984479,2024-12-16,ftp-cabang,memo_audit_202403_9123|2984479|data approved revisi
BCH-0000732,kontrak_audit_202512_8287.xml,4091985,2024-09-27,portal-upload-mobile,kontrak_audit_202512_8287|4091985|approved arsip revisi
BCH-0000378,invoice_logistik_202503_7819.rar,356320,2024-10-23,server-arsip-makassar,invoice_logistik_202503_7819|356320|total draft arsip
BCH-0000860,kontrak_keuangan_202404_8704.pdf,101024,2024-06-25,nas-lokal-03,kontrak_keuangan_202404_8704|101024|revisi data draft
BCH-0000058,log_teknologi_202511_4325.jpg,143201,2024-09-02,server-arsip-makassar,log_teknologi_202511_4325|143201|approved data final
BCH-0000303,backup_keuangan_202404_4200.xlsx,9770318,2024-11-25,ftp-cabang,backup_keuangan_202404_4200|9770318|final approved rekap
BCH-0000888,log_sdm_202403_8864.png,466415868,2024-05-08,nas-lokal-03,log_sdm_202403_8864|466415868|arsip draft pending
DUP-0000058,log_hukum_202209_7272.txt,258377,2024-03-11,server-arsip-jakarta,log|hukum|258377|final approved pending
BCH-0000757,invoice_logistik_202406_2819.jpg,304869889,2024-05-22,nas-lokal-03,invoice_logistik_202406_2819|304869889|total pending draft
BCH-0000350,kontrak_pemasaran_202404_5233.pdf,2918105,2024-10-06,cloud-storage-azure,kontrak_pemasaran_202404_5233|2918105|final approved total
DUP-0000023,kontrak_manajemen_202301_9277.csv,1581579,2022-05-05,cloud-storage-aws,kontrak|manajemen|1581579|approved pending arsip dokumen total
BCH-0000480,memo_teknologi_202410_4680.xml,129686,2024-11-15,server-arsip-medan,memo_teknologi_202410_4680|129686|periode rekap arsip
BCH-0000504,backup_keuangan_202403_8921.xlsx,74316426,2024-08-26,portal-upload-mobile,backup_keuangan_202403_8921|74316426|data final pending
BCH-0000276,surat_hukum_202505_0368.pdf,2476515,2024-03-14,nas-lokal-03,surat_hukum_202505_0368|2476515|approved draft arsip
BCH-0000548,presentasi_sdm_202410_0942.docx,414332,2024-09-21,nas-lokal-03,presentasi_sdm_202410_0942|414332|data approved revisi
BCH-0000341,surat_sdm_202508_6736.zip,4942572,2024-05-27,nas-lokal-03,surat_sdm_202508_6736|4942572|draft data periode
BCH-0000335,log_teknologi_202507_3295.xml,450831,2024-04-16,ftp-cabang,log_teknologi_202507_3295|450831|revisi periode rekap
BCH-0000386,kontrak_hukum_202406_5197.rar,1952224,2024-12-13,nas-lokal-04,kontrak_hukum_202406_5197|1952224|rekap pending draft
BCH-0000472,log_teknologi_202407_8532.rar,3904975,2024-11-16,server-arsip-makassar,log_teknologi_202407_8532|3904975|revisi periode rekap
BCH-0000489,memo_keuangan_202410_8045.txt,92645337,2024-07-24,server-arsip-medan,memo_keuangan_202410_8045|92645337|periode arsip pending
BCH-0000790,gambar_operasional_202506_4658.csv,305780,2024-08-05,portal-upload-mobile,gambar_operasional_202506_4658|305780|periode data draft
BCH-0000709,surat_riset_202508_5293.jpg,3766895,2024-09-22,server-arsip-medan,surat_riset_202508_5293|3766895|total final arsip
DUP-0000025,kontrak_sdm_202211_6435.txt,178871,2024-09-29,server-arsip-surabaya,kontrak|sdm|178871|data final approved dokumen pending
BCH-0000142,backup_manajemen_202501_8270.json,25617525,2024-04-16,server-arsip-medan,backup_manajemen_202501_8270|25617525|total periode rekap
BCH-0000505,invoice_sdm_202412_1920.docx,3595848,2024-11-08,server-arsip-medan,invoice_sdm_202412_1920|3595848|arsip revisi draft
DUP-0000065,presentasi_keuangan_202307_5864.txt,24454624,2022-05-20,server-arsip-surabaya,presentasi|keuangan|24454624|total arsip dokumen revisi
BCH-0000848,dataset_keuangan_202405_1719.docx,4891038,2024-04-13,nas-lokal-03,dataset_keuangan_202405_1719|4891038|periode final draft
BCH-0000788,presentasi_operasional_202502_9345.docx,11909089,2024-01-27,ftp-cabang,presentasi_operasional_202502_9345|11909089|arsip data rekap
BCH-0000586,kontrak_hukum_202410_8864.csv,438058,2024-12-08,nas-lokal-03,kontrak_hukum_202410_8864|438058|final approved total
BCH-0000456,dataset_sdm_202502_6910.txt,428756,2024-05-16,ftp-cabang,dataset_sdm_202502_6910|428756|data rekap revisi
DUP-0000071,dataset_keuangan_202203_4069.docx,48250463,2022-06-21,cloud-storage-gcp,dataset|keuangan|48250463|data dokumen rekap
DUP-0000073,log_operasional_202405_4741.zip,3215004,2023-07-02,ftp-pusat,log|operasional|3215004|total periode approved rekap final
DUP-0000074,invoice_hukum_202409_0121.xlsx,465172218,2022-05-15,cloud-storage-aws,invoice|hukum|465172218|data revisi approved total file
BCH-0000360,memo_hukum_202412_4793.png,740567,2024-03-30,nas-lokal-04,memo_hukum_202412_4793|740567|pending approved final
BCH-0000708,dataset_keuangan_202408_4085.jpeg,48509,2024-04-01,server-arsip-medan,dataset_keuangan_202408_4085|48509|pending arsip total
BCH-0000104,backup_riset_202509_4752.pdf,880091,2024-08-29,server-arsip-semarang,backup_riset_202509_4752|880091|periode final approved
DUP-0000064,backup_teknologi_202312_2765.docx,156443359,2022-04-12,nas-lokal-02,backup|teknologi|156443359|approved dokumen final periode total
BCH-0000592,surat_hukum_202506_6177.png,178928,2024-01-17,server-arsip-semarang,surat_hukum_202506_6177|178928|rekap approved arsip
BCH-0000553,kontrak_manajemen_202507_0556.txt,1381124,2024-03-07,server-arsip-medan,kontrak_manajemen_202507_0556|1381124|periode approved arsip
DUP-0000012,memo_teknologi_202307_2985.png,166911,2023-07-06,server-arsip-bandung,memo|teknologi|166911|data pending periode dokumen
BCH-0000675,log_sdm_202506_2365.csv,1399809,2024-07-03,server-arsip-semarang,log_sdm_202506_2365|1399809|approved data revisi
BCH-0000802,kontrak_sdm_202509_4404.png,610635,2024-10-17,server-arsip-makassar,kontrak_sdm_202509_4404|610635|pending rekap total
BCH-0000437,surat_sdm_202512_7144.json,29896495,2024-04-01,nas-lokal-04,surat_sdm_202512_7144|29896495|periode draft final
DUP-0000022,dataset_logistik_202407_8756.docx,4520113,2024-11-03,nas-lokal-02,dataset|logistik|4520113|rekap draft arsip total dokumen
BCH-0000798,gambar_riset_202403_1670.pdf,168619,2024-07-21,nas-lokal-03,gambar_riset_202403_1670|168619|data revisi rekap
BCH-0000332,log_logistik_202403_4309.csv,333046,2024-01-18,nas-lokal-04,log_logistik_202403_4309|333046|draft periode arsip
BCH-0000745,laporan_logistik_202511_7968.xml,2020056,2024-08-11,cloud-storage-azure,laporan_logistik_202511_7968|2020056|approved periode draft
BCH-0000535,kontrak_operasional_202412_9111.xml,16851451,2024-02-18,server-arsip-medan,kontrak_operasional_202412_9111|16851451|approved draft arsip
BCH-0000365,gambar_manajemen_202409_7260.txt,460538,2024-11-19,nas-lokal-04,gambar_manajemen_202409_7260|460538|arsip revisi total
BCH-0000669,backup_operasional_202505_2110.txt,225963426,2024-11-24,portal-upload-mobile,backup_operasional_202505_2110|225963426|revisi rekap periode
BCH-0000477,invoice_teknologi_202409_2988.xls,299691,2024-12-26,ftp-cabang,invoice_teknologi_202409_2988|299691|periode data rekap
BCH-0000054,surat_riset_202408_1146.pdf,351464606,2024-03-07,nas-lokal-04,surat_riset_202408_1146|351464606|arsip rekap total
BCH-0000406,dataset_logistik_202502_7845.txt,4579944,2024-08-20,portal-upload-mobile,dataset_logistik_202502_7845|4579944|arsip final approved
BCH-0000011,backup_keuangan_202505_6050.pdf,386295760,2024-12-29,nas-lokal-03,backup_keuangan_202505_6050|386295760|revisi total approved
DUP-0000016,surat_manajemen_202203_4596.json,28729396,2022-03-05,nas-lokal-01,surat|manajemen|28729396|data arsip periode approved
BCH-0000310,memo_riset_202408_2611.png,287138,2024-06-04,nas-lokal-04,memo_riset_202408_2611|287138|approved rekap data
BCH-0000370,surat_manajemen_202504_1640.pdf,481157,2024-01-29,server-arsip-semarang,surat_manajemen_202504_1640|481157|data final pending
BCH-0000331,surat_teknologi_202402_1506.jpeg,499648,2024-08-25,nas-lokal-03,surat_teknologi_202402_1506|499648|total data approved
BCH-0000095,invoice_sdm_202412_4661.jpeg,19008282,2024-04-27,portal-upload-mobile,invoice_sdm_202412_4661|19008282|rekap final revisi
BCH-0000651,surat_keuangan_202409_1354.txt,17361142,2024-08-13,server-arsip-semarang,surat_keuangan_202409_1354|17361142|final data periode
DUP-0000091,backup_audit_202409_6860.png,30627026,2022-11-28,cloud-storage-aws,backup|audit|30627026|periode final rekap pending draft
BCH-0000206,presentasi_sdm_202409_8924.docx,494415,2024-04-06,nas-lokal-03,presentasi_sdm_202409_8924|494415|arsip approved periode
BCH-0000711,laporan_audit_202406_6174.xlsx,73057,2024-10-28,server-arsip-makassar,laporan_audit_202406_6174|73057|approved total arsip
BCH-0000713,gambar_hukum_202412_4025.docx,3126695,2024-04-17,server-arsip-medan,gambar_hukum_202412_4025|3126695|final approved draft
BCH-0000432,laporan_keuangan_202407_8613.zip,273334,2024-10-23,server-arsip-makassar,laporan_keuangan_202407_8613|273334|final periode draft
BCH-0000231,surat_teknologi_202508_5894.pdf,2299246,2024-06-08,ftp-cabang,surat_teknologi_202508_5894|2299246|final draft pending
BCH-0000408,kontrak_logistik_202401_4509.docx,280608,2024-11-03,nas-lokal-03,kontrak_logistik_202401_4509|280608|data total final
BCH-0000829,presentasi_logistik_202503_1762.jpg,11413306,2024-08-11,server-arsip-makassar,presentasi_logistik_202503_1762|11413306|revisi data final
BCH-0000751,memo_riset_202401_9643.txt,4262176,2024-03-21,cloud-storage-azure,memo_riset_202401_9643|4262176|data pending revisi
BCH-0000768,invoice_hukum_202505_0713.jpg,19488263,2024-05-16,server-arsip-semarang,invoice_hukum_202505_0713|19488263|arsip approved rekap
BCH-0000135,log_operasional_202401_5503.jpeg,124168537,2024-07-02,server-arsip-medan,log_operasional_202401_5503|124168537|pending data periode
BCH-0000623,presentasi_pemasaran_202409_5865.docx,409881,2024-10-20,server-arsip-medan,presentasi_pemasaran_202409_5865|409881|draft pending arsip
BCH-0000175,surat_hukum_202509_9304.doc,19709062,2024-09-18,cloud-storage-azure,surat_hukum_202509_9304|19709062|draft final pending
BCH-0000487,surat_operasional_202508_4573.jpg,2724190,2024-03-02,server-arsip-medan,surat_operasional_202508_4573|2724190|final rekap arsip
BCH-0000224,dataset_sdm_202412_9306.zip,113797,2024-12-31,nas-lokal-03,dataset_sdm_202412_9306|113797|draft revisi total
DUP-0000087,memo_operasional_202210_6911.png,84904,2022-04-10,cloud-storage-gcp,memo|operasional|84904|revisi periode pending rekap
BCH-0000514,backup_riset_202512_2768.xml,2693248,2024-10-27,cloud-storage-azure,backup_riset_202512_2768|2693248|final revisi data
BCH-0000569,surat_logistik_202406_3954.docx,57706,2024-04-13,nas-lokal-04,surat_logistik_202406_3954|57706|final data revisi
BCH-0000304,gambar_audit_202512_0211.jpg,2700072,2024-08-20,server-arsip-makassar,gambar_audit_202512_0211|2700072|final revisi periode
BCH-0000894,presentasi_sdm_202406_3652.pdf,198182,2024-09-03,cloud-storage-azure,presentasi_sdm_202406_3652|198182|total revisi rekap
BCH-0000016,log_teknologi_202503_7194.xml,416339,2024-08-01,cloud-storage-azure,log_teknologi_202503_7194|416339|revisi total pending
BCH-0000614,dataset_keuangan_202510_7202.csv,609908,2024-01-28,server-arsip-makassar,dataset_keuangan_202510_7202|609908|periode revisi pending
BCH-0000103,surat_operasional_202404_7743.txt,203644,2024-11-15,ftp-cabang,surat_operasional_202404_7743|203644|periode rekap total
BCH-0000791,invoice_audit_202508_3576.xml,116651,2024-12-28,portal-upload-mobile,invoice_audit_202508_3576|116651|rekap revisi arsip
BCH-0000620,log_sdm_202506_1033.xls,308255,2024-09-12,nas-lokal-04,log_sdm_202506_1033|308255|rekap arsip periode
BCH-0000468,log_operasional_202407_4800.doc,201725,2024-08-22,nas-lokal-04,log_operasional_202407_4800|201725|final draft revisi
BCH-0000137,laporan_sdm_202410_6371.xls,8838183,2024-11-06,server-arsip-makassar,laporan_sdm_202410_6371|8838183|arsip draft rekap
BCH-0000769,kontrak_audit_202406_4164.zip,19240223,2024-08-12,nas-lokal-03,kontrak_audit_202406_4164|19240223|rekap arsip final
BCH-0000434,backup_riset_202507_8530.xls,3797332,2024-10-13,ftp-cabang,backup_riset_202507_8530|3797332|approved data rekap
BCH-0000758,backup_operasional_202401_7099.xml,368795,2024-08-16,server-arsip-makassar,backup_operasional_202401_7099|368795|periode draft approved
BCH-0000094,memo_riset_202501_1374.csv,3592833,2024-05-05,nas-lokal-04,memo_riset_202501_1374|3592833|draft total rekap
BCH-0000106,log_sdm_202412_7786.xlsx,257954,2024-09-13,server-arsip-makassar,log_sdm_202412_7786|257954|pending periode rekap
DUP-0000009,dataset_sdm_202212_1679.png,210838,2022-07-31,nas-lokal-01,dataset|sdm|210838|final periode approved data
BCH-0000600,invoice_teknologi_202508_7604.jpg,23785486,2024-08-22,server-arsip-medan,invoice_teknologi_202508_7604|23785486|data periode arsip
BCH-0000865,kontrak_teknologi_202401_7664.png,571178,2024-07-31,server-arsip-makassar,kontrak_teknologi_202401_7664|571178|draft revisi final
BCH-0000081,memo_logistik_202402_2784.pdf,55933,2024-03-04,server-arsip-makassar,memo_logistik_202402_2784|55933|total data rekap
BCH-0000397,log_pemasaran_202403_8707.xlsx,2155723,2024-11-09,nas-lokal-04,log_pemasaran_202403_8707|2155723|data pending approved
BCH-0000019,laporan_pemasaran_202504_5038.zip,68267,2024-03-16,portal-upload-mobile,laporan_pemasaran_202504_5038|68267|arsip rekap revisi
BCH-0000538,gambar_audit_202504_8163.xlsx,3044047,2024-05-31,portal-upload-mobile,gambar_audit_202504_8163|3044047|draft arsip final
BCH-0000580,invoice_hukum_202411_0198.doc,3642079,2024-06-03,server-arsip-semarang,invoice_hukum_202411_0198|3642079|approved final rekap
BCH-0000618,backup_logistik_202510_6886.doc,294281,2024-08-27,server-arsip-makassar,backup_logistik_202510_6886|294281|approved revisi periode
BCH-0000526,log_manajemen_202504_2802.png,4635821,2024-08-02,cloud-storage-azure,log_manajemen_202504_2802|4635821|approved revisi final
BCH-0000571,laporan_sdm_202510_7559.docx,105696,2024-04-04,cloud-storage-azure,laporan_sdm_202510_7559|105696|draft rekap total
BCH-0000313,invoice_operasional_202403_2926.jpg,3852786,2024-08-14,portal-upload-mobile,invoice_operasional_202403_2926|3852786|periode data arsip
BCH-0000118,memo_pemasaran_202407_4062.xlsx,2797659,2024-12-07,cloud-storage-azure,memo_pemasaran_202407_4062|2797659|total draft rekap
BCH-0000191,presentasi_operasional_202501_3591.xlsx,250968,2024-05-20,server-arsip-makassar,presentasi_operasional_202501_3591|250968|approved periode rekap
BCH-0000698,memo_hukum_202512_4379.png,92053,2024-12-25,nas-lokal-03,memo_hukum_202512_4379|92053|approved rekap total
BCH-0000486,dataset_manajemen_202511_9643.pdf,4837335,2024-09-09,server-arsip-makassar,dataset_manajemen_202511_9643|4837335|rekap final periode
BCH-0000077,presentasi_audit_202403_4713.doc,2671627,2024-05-06,nas-lokal-04,presentasi_audit_202403_4713|2671627|revisi rekap data
BCH-0000595,dataset_riset_202502_9829.jpg,364005,2024-05-10,server-arsip-medan,dataset_riset_202502_9829|364005|revisi total approved
DUP-0000048,laporan_pemasaran_202406_6259.xml,22612,2023-06-11,server-arsip-bandung,laporan|pemasaran|22612|total arsip periode
BCH-0000880,presentasi_operasional_202402_7931.jpeg,2663051,2024-05-24,portal-upload-mobile,presentasi_operasional_202402_7931|2663051|rekap final draft
BCH-0000374,dataset_keuangan_202501_6209.csv,3201890,2024-01-27,nas-lokal-04,dataset_keuangan_202501_6209|3201890|draft total approved
BCH-0000605,backup_riset_202405_3815.xlsx,4341335,2024-04-20,server-arsip-makassar,backup_riset_202405_3815|4341335|final rekap revisi
BCH-0000113,dataset_hukum_202512_3064.xlsx,382720,2024-10-04,nas-lokal-03,dataset_hukum_202512_3064|382720|pending total rekap
BCH-0000450,surat_audit_202407_2770.zip,46281294,2024-05-18,server-arsip-medan,surat_audit_202407_2770|46281294|final periode approved
BCH-0000301,backup_hukum_202402_6015.txt,22358868,2024-04-18,portal-upload-mobile,backup_hukum_202402_6015|22358868|periode draft approved
BCH-0000364,kontrak_audit_202406_7135.txt,4403559,2024-11-04,server-arsip-medan,kontrak_audit_202406_7135|4403559|periode total final
BCH-0000666,backup_pemasaran_202408_2601.zip,341499,2024-01-15,cloud-storage-azure,backup_pemasaran_202408_2601|341499|draft approved revisi
BCH-0000007,dataset_manajemen_202507_9901.doc,46517728,2024-12-07,portal-upload-mobile,dataset_manajemen_202507_9901|46517728|revisi approved draft
DUP-0000042,memo_riset_202201_8847.json,15739254,2023-06-14,cloud-storage-aws,memo|riset|15739254|file approved arsip total
BCH-0000012,dataset_sdm_202506_2105.xls,34967362,2024-12-21,ftp-cabang,dataset_sdm_202506_2105|34967362|approved arsip periode
BCH-0000575,kontrak_pemasaran_202409_0637.json,465656005,2024-04-09,server-arsip-medan,kontrak_pemasaran_202409_0637|465656005|rekap revisi data
BCH-0000380,kontrak_pemasaran_202502_8690.xml,39027204,2024-10-24,server-arsip-semarang,kontrak_pemasaran_202502_8690|39027204|revisi arsip pending
BCH-0000044,surat_hukum_202405_3141.zip,393461,2024-05-12,nas-lokal-03,surat_hukum_202405_3141|393461|periode arsip revisi
BCH-0000843,memo_pemasaran_202409_9313.xml,8974251,2024-08-28,server-arsip-medan,memo_pemasaran_202409_9313|8974251|arsip periode approved
BCH-0000568,laporan_operasional_202407_5731.docx,378432389,2024-10-06,server-arsip-makassar,laporan_operasional_202407_5731|378432389|approved revisi final
BCH-0000882,surat_operasional_202505_3402.rar,11755531,2024-10-18,ftp-cabang,surat_operasional_202505_3402|11755531|pending data rekap
BCH-0000237,surat_hukum_202408_6023.docx,4705653,2024-03-03,nas-lokal-03,surat_hukum_202408_6023|4705653|total approved data
BCH-0000115,gambar_manajemen_202508_2011.txt,318754,2024-01-25,nas-lokal-04,gambar_manajemen_202508_2011|318754|approved final revisi
BCH-0000017,kontrak_operasional_202502_9171.xls,42513883,2024-03-29,nas-lokal-04,kontrak_operasional_202502_9171|42513883|arsip total data
BCH-0000338,log_manajemen_202505_8857.txt,475189174,2024-06-20,server-arsip-semarang,log_manajemen_202505_8857|475189174|approved draft total
BCH-0000441,presentasi_riset_202508_6986.jpeg,97198,2024-03-19,server-arsip-makassar,presentasi_riset_202508_6986|97198|approved revisi arsip
BCH-0000676,surat_logistik_202407_0551.xls,256873,2024-06-06,nas-lokal-04,surat_logistik_202407_0551|256873|rekap approved arsip
BCH-0000099,gambar_sdm_202403_6686.jpeg,2619241,2024-07-10,ftp-cabang,gambar_sdm_202403_6686|2619241|draft total rekap
BCH-0000872,backup_pemasaran_202503_1990.png,264508565,2024-04-21,server-arsip-makassar,backup_pemasaran_202503_1990|264508565|rekap draft total
BCH-0000887,invoice_sdm_202410_8386.rar,2911179,2024-04-08,nas-lokal-03,invoice_sdm_202410_8386|2911179|total final rekap
BCH-0000391,dataset_operasional_202401_6291.csv,16194691,2024-03-09,server-arsip-makassar,dataset_operasional_202401_6291|16194691|pending rekap approved
BCH-0000561,log_logistik_202407_1524.jpg,284799,2024-04-26,ftp-cabang,log_logistik_202407_1524|284799|periode revisi approved
DUP-0000060,laporan_sdm_202412_5173.xml,4836969,2024-09-23,cloud-storage-gcp,laporan|sdm|4836969|arsip dokumen rekap approved
BCH-0000253,log_keuangan_202402_0682.json,35248613,2024-09-23,portal-upload-mobile,log_keuangan_202402_0682|35248613|approved final pending
DUP-0000088,presentasi_logistik_202212_1125.xml,4843141,2022-07-04,ftp-pusat,presentasi|logistik|4843141|file arsip dokumen draft
BCH-0000679,dataset_manajemen_202401_3354.png,7865193,2024-08-11,server-arsip-semarang,dataset_manajemen_202401_3354|7865193|rekap data draft
DUP-0000094,presentasi_riset_202408_1869.zip,3547536,2022-07-19,cloud-storage-aws,presentasi|riset|3547536|draft file final
BCH-0000755,surat_operasional_202410_4311.pdf,3037001,2024-04-11,portal-upload-mobile,surat_operasional_202410_4311|3037001|pending periode rekap
BCH-0000473,invoice_sdm_202406_2032.pdf,2425387,2024-07-26,ftp-cabang,invoice_sdm_202406_2032|2425387|draft periode approved
BCH-0000179,gambar_riset_202508_2536.xls,1749794,2024-10-19,server-arsip-semarang,gambar_riset_202508_2536|1749794|final approved total
BCH-0000518,memo_sdm_202404_5752.zip,321394,2024-06-08,portal-upload-mobile,memo_sdm_202404_5752|321394|approved rekap final
BCH-0000288,presentasi_hukum_202501_2844.jpeg,26401800,2024-06-21,portal-upload-mobile,presentasi_hukum_202501_2844|26401800|draft arsip final
BCH-0000516,surat_teknologi_202501_5018.png,459775242,2024-02-29,server-arsip-makassar,surat_teknologi_202501_5018|459775242|rekap revisi approved
BCH-0000837,memo_teknologi_202405_0711.jpg,198070,2024-03-28,server-arsip-medan,memo_teknologi_202405_0711|198070|periode pending draft
BCH-0000022,invoice_audit_202401_5796.csv,368379,2024-06-11,nas-lokal-04,invoice_audit_202401_5796|368379|draft rekap approved
BCH-0000628,dataset_riset_202505_5434.jpeg,543300,2024-03-05,ftp-cabang,dataset_riset_202505_5434|543300|revisi approved pending
BCH-0000320,presentasi_riset_202405_5801.rar,12455030,2024-07-28,nas-lokal-04,presentasi_riset_202405_5801|12455030|rekap draft arsip
BCH-0000309,laporan_teknologi_202504_9149.doc,111876,2024-09-24,nas-lokal-04,laporan_teknologi_202504_9149|111876|total periode pending
BCH-0000212,dataset_manajemen_202506_7075.csv,25344123,2024-10-25,portal-upload-mobile,dataset_manajemen_202506_7075|25344123|final revisi draft
BCH-0000027,surat_manajemen_202412_1646.json,2191782,2024-03-29,server-arsip-semarang,surat_manajemen_202412_1646|2191782|pending revisi periode
BCH-0000164,surat_keuangan_202410_5648.jpg,499029,2024-11-28,server-arsip-makassar,surat_keuangan_202410_5648|499029|revisi approved pending
BCH-0000182,dataset_manajemen_202402_1435.json,243307,2024-11-01,nas-lokal-03,dataset_manajemen_202402_1435|243307|final pending data
BCH-0000348,invoice_pemasaran_202512_9025.xml,205920014,2024-01-16,ftp-cabang,invoice_pemasaran_202512_9025|205920014|revisi approved draft
BCH-0000875,surat_riset_202503_7616.rar,4085363,2024-04-05,cloud-storage-azure,surat_riset_202503_7616|4085363|periode revisi total
BCH-0000640,laporan_logistik_202410_5317.rar,1269096,2024-03-04,ftp-cabang,laporan_logistik_202410_5317|1269096|data arsip pending
DUP-0000066,gambar_hukum_202310_0921.png,3040242,2023-12-22,ftp-pusat,gambar|hukum|3040242|final pending data
BCH-0000590,presentasi_manajemen_202510_2789.pdf,1143524,2024-02-02,portal-upload-mobile,presentasi_manajemen_202510_2789|1143524|periode final revisi
BCH-0000511,dataset_keuangan_202402_4619.doc,28682752,2024-07-23,portal-upload-mobile,dataset_keuangan_202402_4619|28682752|data periode approved
BCH-0000021,presentasi_manajemen_202501_4926.pdf,121267602,2024-01-06,nas-lokal-03,presentasi_manajemen_202501_4926|121267602|arsip final data
BCH-0000642,presentasi_hukum_202403_0700.jpg,45115958,2024-09-23,nas-lokal-04,presentasi_hukum_202403_0700|45115958|pending revisi arsip
BCH-0000654,presentasi_audit_202409_4777.csv,1534585,2024-06-27,server-arsip-medan,presentasi_audit_202409_4777|1534585|periode arsip approved
BCH-0000211,dataset_logistik_202511_2814.jpeg,9416216,2024-07-16,nas-lokal-03,dataset_logistik_202511_2814|9416216|data draft rekap
BCH-0000033,presentasi_manajemen_202411_0013.xls,4156154,2024-02-11,nas-lokal-04,presentasi_manajemen_202411_0013|4156154|pending approved arsip
BCH-0000072,gambar_audit_202501_4178.pdf,1256492,2024-06-18,server-arsip-makassar,gambar_audit_202501_4178|1256492|rekap approved draft
BCH-0000055,laporan_teknologi_202408_3319.jpeg,4343326,2024-09-11,server-arsip-medan,laporan_teknologi_202408_3319|4343326|revisi rekap data
BCH-0000694,kontrak_logistik_202509_1637.xls,7233923,2024-12-08,portal-upload-mobile,kontrak_logistik_202509_1637|7233923|approved arsip data
BCH-0000502,log_hukum_202402_8905.csv,164347,2024-03-28,server-arsip-medan,log_hukum_202402_8905|164347|arsip draft approved
BCH-0000193,kontrak_operasional_202402_0114.xlsx,47476751,2024-11-22,server-arsip-semarang,kontrak_operasional_202402_0114|47476751|total pending arsip
BCH-0000100,surat_audit_202408_6993.xml,2334730,2024-02-17,portal-upload-mobile,surat_audit_202408_6993|2334730|data approved pending
BCH-0000243,backup_audit_202409_8041.txt,3959851,2024-04-05,portal-upload-mobile,backup_audit_202409_8041|3959851|revisi periode arsip
BCH-0000893,kontrak_riset_202509_8338.zip,251042,2024-03-07,nas-lokal-03,kontrak_riset_202509_8338|251042|rekap data total
BCH-0000014,invoice_riset_202509_0253.xlsx,427471,2024-09-09,server-arsip-makassar,invoice_riset_202509_0253|427471|draft rekap final
BCH-0000171,backup_pemasaran_202510_8525.txt,75304,2024-02-07,ftp-cabang,backup_pemasaran_202510_8525|75304|approved draft final
BCH-0000373,kontrak_sdm_202412_4547.doc,2273557,2024-05-05,portal-upload-mobile,kontrak_sdm_202412_4547|2273557|draft periode arsip
BCH-0000541,dataset_operasional_202412_9526.rar,481143,2024-12-29,server-arsip-medan,dataset_operasional_202412_9526|481143|total pending revisi
BCH-0000507,memo_teknologi_202412_1327.json,262286,2024-09-23,ftp-cabang,memo_teknologi_202412_1327|262286|approved pending periode
BCH-0000031,kontrak_operasional_202504_7413.xml,24269,2024-06-30,cloud-storage-azure,kontrak_operasional_202504_7413|24269|periode total approved
BCH-0000178,invoice_sdm_202409_9740.doc,148589,2024-11-21,nas-lokal-03,invoice_sdm_202409_9740|148589|data draft rekap
BCH-0000589,laporan_teknologi_202404_6370.txt,43127269,2024-02-14,server-arsip-semarang,laporan_teknologi_202404_6370|43127269|approved periode pending
BCH-0000467,presentasi_manajemen_202412_9387.txt,41442598,2024-07-26,nas-lokal-04,presentasi_manajemen_202412_9387|41442598|rekap total approved
BCH-0000816,backup_sdm_202404_6528.docx,142751,2024-08-21,cloud-storage-azure,backup_sdm_202404_6528|142751|approved draft arsip
BCH-0000608,kontrak_teknologi_202404_8119.xls,88293,2024-07-15,server-arsip-makassar,kontrak_teknologi_202404_8119|88293|data final arsip
BCH-0000536,kontrak_teknologi_202404_1325.json,4834990,2024-05-08,ftp-cabang,kontrak_teknologi_202404_1325|4834990|revisi periode approved
BCH-0000727,invoice_operasional_202512_1916.doc,771133,2024-04-03,cloud-storage-azure,invoice_operasional_202512_1916|771133|pending arsip rekap
DUP-0000002,presentasi_manajemen_202302_6637.xml,4003871,2022-02-12,nas-lokal-01,presentasi|manajemen|4003871|dokumen pending draft
BCH-0000225,memo_pemasaran_202503_1216.docx,4751385,2024-09-14,nas-lokal-04,memo_pemasaran_202503_1216|4751385|periode data pending
BCH-0000289,invoice_logistik_202512_9680.docx,245034,2024-03-17,portal-upload-mobile,invoice_logistik_202512_9680|245034|revisi rekap pending
BCH-0000376,gambar_sdm_202402_0139.zip,327242,2024-01-09,portal-upload-mobile,gambar_sdm_202402_0139|327242|arsip data draft
BCH-0000314,backup_operasional_202401_3357.xls,303641,2024-09-27,portal-upload-mobile,backup_operasional_202401_3357|303641|arsip final data
BCH-0000262,backup_sdm_202508_8118.zip,1757627,2024-12-11,portal-upload-mobile,backup_sdm_202508_8118|1757627|arsip periode draft
BCH-0000300,dataset_riset_202412_4540.csv,208702,2024-04-18,nas-lokal-04,dataset_riset_202412_4540|208702|periode total approved
BCH-0000218,dataset_logistik_202510_2521.png,1476411,2024-04-11,portal-upload-mobile,dataset_logistik_202510_2521|1476411|revisi final rekap
BCH-0000168,kontrak_riset_202510_8545.csv,4281088,2024-02-29,server-arsip-semarang,kontrak_riset_202510_8545|4281088|arsip pending final
BCH-0000293,surat_keuangan_202403_3746.zip,74837,2024-07-13,server-arsip-makassar,surat_keuangan_202403_3746|74837|draft pending data
BCH-0000392,memo_riset_202501_3607.xls,357513,2024-04-16,nas-lokal-04,memo_riset_202501_3607|357513|revisi total draft
BCH-0000812,presentasi_operasional_202506_7790.txt,12388604,2024-05-21,server-arsip-semarang,presentasi_operasional_202506_7790|12388604|data final periode
BCH-0000024,log_logistik_202404_4257.pdf,307366,2024-02-18,ftp-cabang,log_logistik_202404_4257|307366|rekap data revisi
BCH-0000197,memo_audit_202405_4601.zip,101729,2024-11-21,portal-upload-mobile,memo_audit_202405_4601|101729|data periode pending
BCH-0000543,invoice_logistik_202411_0521.xml,438553,2024-03-27,server-arsip-medan,invoice_logistik_202411_0521|438553|data draft pending
BCH-0000495,memo_keuangan_202407_6044.zip,7051991,2024-09-13,server-arsip-makassar,memo_keuangan_202407_6044|7051991|pending rekap revisi
DUP-0000081,laporan_keuangan_202306_7057.json,24687579,2022-10-26,cloud-storage-aws,laporan|keuangan|24687579|approved dokumen periode data arsip
BCH-0000228,laporan_logistik_202410_0689.jpeg,26011,2024-05-20,server-arsip-medan,laporan_logistik_202410_0689|26011|approved arsip pending
BCH-0000817,laporan_manajemen_202510_7896.json,2737233,2024-10-13,portal-upload-mobile,laporan_manajemen_202510_7896|2737233|draft final approved
BCH-0000101,laporan_teknologi_202404_8730.xlsx,1937824,2024-03-12,cloud-storage-azure,laporan_teknologi_202404_8730|1937824|draft approved data
DUP-0000014,dataset_riset_202310_7556.txt,54877,2023-01-11,nas-lokal-02,dataset|riset|54877|total periode arsip pending
BCH-0000616,backup_teknologi_202407_4152.xlsx,1376346,2024-04-08,server-arsip-medan,backup_teknologi_202407_4152|1376346|draft data periode
BCH-0000269,surat_teknologi_202408_1975.pdf,10115160,2024-01-31,server-arsip-makassar,surat_teknologi_202408_1975|10115160|revisi approved draft
BCH-0000861,backup_operasional_202405_1621.doc,162403152,2024-10-04,nas-lokal-04,backup_operasional_202405_1621|162403152|final rekap revisi
BCH-0000452,surat_manajemen_202410_3677.csv,2282148,2024-05-18,ftp-cabang,surat_manajemen_202410_3677|2282148|periode approved final
BCH-0000349,presentasi_logistik_202508_5761.doc,357899,2024-12-29,server-arsip-semarang,presentasi_logistik_202508_5761|357899|pending draft data
BCH-0000143,log_pemasaran_202512_3381.pdf,109505,2024-08-21,cloud-storage-azure,log_pemasaran_202512_3381|109505|rekap periode approved
DUP-0000084,invoice_keuangan_202402_7235.zip,29617,2024-02-06,portal-upload-web,invoice|keuangan|29617|rekap periode draft total pending
BCH-0000172,kontrak_keuangan_202504_0997.csv,114014,2024-01-10,nas-lokal-03,kontrak_keuangan_202504_0997|114014|periode arsip pending
BCH-0000414,backup_hukum_202403_7143.csv,345577,2024-09-17,ftp-cabang,backup_hukum_202403_7143|345577|periode revisi approved
BCH-0000351,gambar_operasional_202502_8621.jpeg,84317002,2024-05-29,nas-lokal-04,gambar_operasional_202502_8621|84317002|approved arsip total
BCH-0000377,invoice_operasional_202512_7612.csv,453632,2024-04-07,server-arsip-semarang,invoice_operasional_202512_7612|453632|rekap total draft
BCH-0000067,gambar_keuangan_202504_1988.jpg,16080,2024-07-14,ftp-cabang,gambar_keuangan_202504_1988|16080|draft rekap revisi
BCH-0000258,dataset_operasional_202501_8519.zip,44264180,2024-03-20,ftp-cabang,dataset_operasional_202501_8519|44264180|approved arsip total
BCH-0000008,surat_pemasaran_202512_4840.pdf,153764771,2024-12-06,server-arsip-semarang,surat_pemasaran_202512_4840|153764771|final approved revisi
BCH-0000216,gambar_logistik_202406_6951.xlsx,466965,2024-09-28,server-arsip-makassar,gambar_logistik_202406_6951|466965|total approved periode
BCH-0000737,surat_audit_202510_4848.xlsx,4427109,2024-03-09,nas-lokal-03,surat_audit_202510_4848|4427109|pending approved revisi
BCH-0000151,memo_hukum_202404_7275.pdf,43572286,2024-10-27,nas-lokal-04,memo_hukum_202404_7275|43572286|rekap approved arsip
BCH-0000513,backup_pemasaran_202402_2859.jpeg,380288,2024-10-28,portal-upload-mobile,backup_pemasaran_202402_2859|380288|revisi periode rekap
BCH-0000594,invoice_keuangan_202508_2030.jpeg,13877,2024-08-31,server-arsip-semarang,invoice_keuangan_202508_2030|13877|periode final revisi
BCH-0000663,laporan_riset_202512_9027.zip,25672611,2024-09-08,nas-lokal-04,laporan_riset_202512_9027|25672611|rekap final periode
BCH-0000668,dataset_sdm_202508_4330.xlsx,347548,2024-09-10,ftp-cabang,dataset_sdm_202508_4330|347548|data final total
BCH-0000662,presentasi_manajemen_202408_4382.rar,89032,2024-06-17,ftp-cabang,presentasi_manajemen_202408_4382|89032|arsip periode final
BCH-0000530,kontrak_manajemen_202402_2542.txt,1033015,2024-05-29,server-arsip-makassar,kontrak_manajemen_202402_2542|1033015|pending periode total
BCH-0000453,kontrak_teknologi_202512_9192.xls,304174190,2024-08-02,server-arsip-makassar,kontrak_teknologi_202512_9192|304174190|draft total rekap
BCH-0000133,gambar_teknologi_202411_0985.rar,5053101,2024-05-13,server-arsip-medan,gambar_teknologi_202411_0985|5053101|total rekap approved
BCH-0000057,surat_manajemen_202508_2232.csv,192776,2024-12-23,server-arsip-semarang,surat_manajemen_202508_2232|192776|rekap draft arsip
BCH-0000352,dataset_pemasaran_202505_2945.docx,174382,2024-09-20,nas-lokal-04,dataset_pemasaran_202505_2945|174382|revisi rekap arsip
BCH-0000534,dataset_sdm_202509_8371.txt,3364006,2024-05-14,portal-upload-mobile,dataset_sdm_202509_8371|3364006|final pending draft
BCH-0000611,invoice_operasional_202510_3349.doc,3347859,2024-03-14,nas-lokal-03,invoice_operasional_202510_3349|3347859|data revisi final
BCH-0000463,invoice_operasional_202406_7858.zip,2024828,2024-10-09,cloud-storage-azure,invoice_operasional_202406_7858|2024828|rekap data arsip
BCH-0000052,dataset_sdm_202405_0444.doc,4988272,2024-05-14,server-arsip-semarang,dataset_sdm_202405_0444|4988272|revisi approved periode
BCH-0000317,kontrak_operasional_202405_6764.xls,1166981,2024-03-06,ftp-cabang,kontrak_operasional_202405_6764|1166981|total approved periode
BCH-0000645,log_operasional_202506_8863.docx,37507104,2024-05-23,nas-lokal-03,log_operasional_202506_8863|37507104|draft revisi approved
BCH-0000163,laporan_riset_202406_2924.txt,3642381,2024-12-04,nas-lokal-04,laporan_riset_202406_2924|3642381|final rekap periode
BCH-0000345,memo_hukum_202406_1243.xml,4739304,2024-08-11,server-arsip-semarang,memo_hukum_202406_1243|4739304|final total revisi
DUP-0000029,laporan_operasional_202210_0174.xml,3948624,2024-07-17,nas-lokal-02,laporan|operasional|3948624|approved dokumen data total
BCH-0000819,laporan_manajemen_202404_6606.jpg,476667,2024-05-20,ftp-cabang,laporan_manajemen_202404_6606|476667|total revisi arsip
BCH-0000574,presentasi_operasional_202501_6974.txt,64021,2024-05-02,server-arsip-makassar,presentasi_operasional_202501_6974|64021|revisi arsip periode
DUP-0000036,backup_teknologi_202203_4545.xlsx,745444,2023-12-14,nas-lokal-01,backup|teknologi|745444|arsip dokumen revisi
BCH-0000681,invoice_pemasaran_202510_2470.json,220027439,2024-01-02,nas-lokal-04,invoice_pemasaran_202510_2470|220027439|pending final total
BCH-0000285,log_operasional_202506_4116.jpg,1638719,2024-05-10,ftp-cabang,log_operasional_202506_4116|1638719|periode final draft
BCH-0000296,memo_manajemen_202506_3840.xls,3698306,2024-07-19,server-arsip-semarang,memo_manajemen_202506_3840|3698306|total final rekap
BCH-0000199,kontrak_logistik_202503_7963.docx,1205095,2024-06-16,portal-upload-mobile,kontrak_logistik_202503_7963|1205095|approved pending revisi
BCH-0000896,memo_logistik_202503_9721.doc,28875902,2024-08-08,server-arsip-semarang,memo_logistik_202503_9721|28875902|rekap data arsip
BCH-0000653,invoice_riset_202501_3624.xml,440714082,2024-07-13,server-arsip-makassar,invoice_riset_202501_3624|440714082|final draft revisi
BCH-0000446,invoice_pemasaran_202508_6017.txt,109229,2024-08-26,portal-upload-mobile,invoice_pemasaran_202508_6017|109229|data rekap pending
BCH-0000466,log_logistik_202510_1621.xml,3424564,2024-08-28,portal-upload-mobile,log_logistik_202510_1621|3424564|rekap pending approved
BCH-0000674,laporan_pemasaran_202402_4474.pdf,4942725,2024-12-29,nas-lokal-04,laporan_pemasaran_202402_4474|4942725|arsip rekap periode
BCH-0000596,laporan_teknologi_202504_6791.zip,1609457,2024-12-14,server-arsip-medan,laporan_teknologi_202504_6791|1609457|approved data final
DUP-0000035,dataset_sdm_202307_5346.txt,456123,2023-10-14,backup-eksternal,dataset|sdm|456123|revisi total file periode
BCH-0000881,laporan_keuangan_202407_5428.zip,442217742,2024-03-07,portal-upload-mobile,laporan_keuangan_202407_5428|442217742|draft data rekap
BCH-0000874,surat_hukum_202402_3457.zip,484057480,2024-10-04,cloud-storage-azure,surat_hukum_202402_3457|484057480|revisi pending approved
BCH-0000274,invoice_manajemen_202511_7634.jpeg,465260,2024-04-18,ftp-cabang,invoice_manajemen_202511_7634|465260|total periode pending
BCH-0000004,dataset_pemasaran_202507_6785.rar,40860823,2024-02-17,server-arsip-semarang,dataset_pemasaran_202507_6785|40860823|rekap draft approved
BCH-0000436,surat_logistik_202507_1515.pdf,67512,2024-08-20,portal-upload-mobile,surat_logistik_202507_1515|67512|final approved draft
BCH-0000782,laporan_keuangan_202405_1297.csv,294923250,2024-10-09,portal-upload-mobile,laporan_keuangan_202405_1297|294923250|draft pending arsip
BCH-0000382,gambar_teknologi_202510_9726.png,341663,2024-05-12,server-arsip-semarang,gambar_teknologi_202510_9726|341663|periode pending revisi
BCH-0000379,presentasi_logistik_202403_6773.jpg,186713,2024-10-31,portal-upload-mobile,presentasi_logistik_202403_6773|186713|pending periode approved
BCH-0000641,kontrak_teknologi_202512_5094.png,324996,2024-09-09,server-arsip-semarang,kontrak_teknologi_202512_5094|324996|draft rekap approved
BCH-0000347,laporan_teknologi_202408_5141.json,482189,2024-04-18,portal-upload-mobile,laporan_teknologi_202408_5141|482189|revisi draft approved
BCH-0000141,log_manajemen_202404_5737.jpg,549005,2024-02-25,nas-lokal-03,log_manajemen_202404_5737|549005|revisi data approved
BCH-0000484,surat_pemasaran_202408_9284.csv,22640955,2024-09-04,cloud-storage-azure,surat_pemasaran_202408_9284|22640955|pending arsip draft
BCH-0000615,dataset_teknologi_202504_6451.xml,2180506,2024-12-14,nas-lokal-03,dataset_teknologi_202504_6451|2180506|total draft final
BCH-0000688,memo_riset_202411_4551.json,142291,2024-03-12,cloud-storage-azure,memo_riset_202411_4551|142291|arsip rekap draft
BCH-0000672,log_operasional_202409_0469.xlsx,11295196,2024-12-22,portal-upload-mobile,log_operasional_202409_0469|11295196|draft data pending
BCH-0000242,gambar_sdm_202509_2038.jpg,136222,2024-12-09,server-arsip-makassar,gambar_sdm_202509_2038|136222|final approved arsip
BCH-0000842,presentasi_manajemen_202505_6835.txt,1741074,2024-09-06,server-arsip-makassar,presentasi_manajemen_202505_6835|1741074|approved final revisi
BCH-0000383,dataset_operasional_202504_8533.xlsx,161602,2024-02-26,server-arsip-medan,dataset_operasional_202504_8533|161602|pending arsip final
BCH-0000114,kontrak_manajemen_202404_5643.pdf,4908023,2024-04-21,ftp-cabang,kontrak_manajemen_202404_5643|4908023|pending periode revisi
BCH-0000221,backup_sdm_202402_8389.txt,411846,2024-05-30,nas-lokal-04,backup_sdm_202402_8389|411846|periode data final
BCH-0000457,laporan_audit_202505_1084.pdf,3912471,2024-07-21,portal-upload-mobile,laporan_audit_202505_1084|3912471|total final draft
BCH-0000593,dataset_riset_202401_9940.xls,27524491,2024-10-27,portal-upload-mobile,dataset_riset_202401_9940|27524491|arsip draft data
DUP-0000076,kontrak_riset_202308_1818.zip,922971,2022-08-05,portal-upload-web,kontrak|riset|922971|total arsip rekap data file
DUP-0000072,backup_pemasaran_202303_6448.csv,227315,2024-02-12,portal-upload-web,backup|pemasaran|227315|rekap file arsip
BCH-0000862,kontrak_operasional_202407_3832.txt,444246,2024-08-01,cloud-storage-azure,kontrak_operasional_202407_3832|444246|final rekap pending
DUP-0000078,backup_manajemen_202305_4662.jpg,20692596,2022-10-14,nas-lokal-02,backup|manajemen|20692596|file revisi total draft data
BCH-0000149,backup_sdm_202510_5639.txt,9069946,2024-06-24,server-arsip-makassar,backup_sdm_202510_5639|9069946|periode arsip revisi
BCH-0000760,memo_manajemen_202406_0024.zip,440407,2024-07-27,server-arsip-makassar,memo_manajemen_202406_0024|440407|pending final data
BCH-0000065,log_keuangan_202510_7120.doc,396252,2024-03-27,server-arsip-semarang,log_keuangan_202510_7120|396252|pending draft periode
BCH-0000204,backup_manajemen_202401_0508.txt,30911363,2024-01-04,server-arsip-medan,backup_manajemen_202401_0508|30911363|arsip approved periode
BCH-0000202,laporan_riset_202502_8703.docx,166299,2024-08-01,server-arsip-makassar,laporan_riset_202502_8703|166299|data draft rekap
BCH-0000229,laporan_pemasaran_202507_7200.xml,3586939,2024-06-10,ftp-cabang,laporan_pemasaran_202507_7200|3586939|periode pending total
BCH-0000337,kontrak_riset_202410_9140.xml,3396705,2024-01-30,nas-lokal-03,kontrak_riset_202410_9140|3396705|periode approved rekap
BCH-0000523,memo_sdm_202409_6591.xlsx,114339,2024-08-20,server-arsip-medan,memo_sdm_202409_6591|114339|draft periode rekap
BCH-0000490,memo_riset_202507_3786.zip,49779753,2024-01-13,server-arsip-makassar,memo_riset_202507_3786|49779753|rekap final revisi
BCH-0000494,surat_operasional_202503_1339.jpg,881845,2024-05-30,ftp-cabang,surat_operasional_202503_1339|881845|revisi draft data
BCH-0000770,surat_teknologi_202404_0612.json,17802414,2024-12-01,cloud-storage-azure,surat_teknologi_202404_0612|17802414|approved revisi final
BCH-0000344,dataset_hukum_202405_3046.xls,216584,2024-03-17,nas-lokal-04,dataset_hukum_202405_3046|216584|revisi total draft
BCH-0000721,memo_logistik_202412_3051.xls,457640,2024-07-29,server-arsip-medan,memo_logistik_202412_3051|457640|arsip approved rekap
BCH-0000443,log_pemasaran_202509_4093.xml,2672207,2024-12-24,server-arsip-semarang,log_pemasaran_202509_4093|2672207|total final rekap
BCH-0000475,kontrak_hukum_202405_1064.xls,46984996,2024-11-20,ftp-cabang,kontrak_hukum_202405_1064|46984996|final revisi arsip
DUP-0000010,invoice_teknologi_202406_9999.txt,44454905,2024-05-26,server-arsip-surabaya,invoice|teknologi|44454905|periode revisi data rekap draft
BCH-0000661,laporan_hukum_202405_9698.pdf,2528564,2024-09-12,server-arsip-semarang,laporan_hukum_202405_9698|2528564|pending arsip total
BCH-0000527,surat_logistik_202507_2301.doc,401890,2024-01-31,portal-upload-mobile,surat_logistik_202507_2301|401890|pending data final
BCH-0000372,memo_teknologi_202502_5960.xls,3272281,2024-06-05,cloud-storage-azure,memo_teknologi_202502_5960|3272281|draft total rekap
DUP-0000089,dataset_manajemen_202304_7456.txt,47774,2024-04-04,server-arsip-bandung,dataset|manajemen|47774|arsip periode rekap total approved
BCH-0000501,presentasi_audit_202404_0981.csv,287327,2024-09-21,server-arsip-medan,presentasi_audit_202404_0981|287327|approved rekap data
BCH-0000478,invoice_hukum_202512_3787.json,437971,2024-01-25,server-arsip-makassar,invoice_hukum_202512_3787|437971|draft revisi total
BCH-0000284,gambar_audit_202402_8385.json,24855582,2024-04-03,ftp-cabang,gambar_audit_202402_8385|24855582|revisi pending arsip
BCH-0000263,dataset_sdm_202404_9611.pdf,3693441,2024-05-15,nas-lokal-03,dataset_sdm_202404_9611|3693441|periode total pending
BCH-0000656,backup_teknologi_202401_2329.jpeg,326927,2024-03-11,nas-lokal-03,backup_teknologi_202401_2329|326927|draft pending arsip
BCH-0000294,invoice_teknologi_202506_0442.xlsx,164408,2024-04-07,nas-lokal-03,invoice_teknologi_202506_0442|164408|pending approved data
BCH-0000482,dataset_sdm_202403_2933.rar,27223,2024-11-14,server-arsip-semarang,dataset_sdm_202403_2933|27223|revisi periode rekap
BCH-0000366,surat_manajemen_202403_6986.doc,2294495,2024-11-07,server-arsip-makassar,surat_manajemen_202403_6986|2294495|draft pending arsip
BCH-0000749,dataset_manajemen_202506_1993.csv,338415,2024-09-23,server-arsip-semarang,dataset_manajemen_202506_1993|338415|pending data total
BCH-0000726,presentasi_operasional_202509_0765.pdf,2836786,2024-06-15,server-arsip-medan,presentasi_operasional_202509_0765|2836786|pending revisi draft
BCH-0000631,laporan_sdm_202407_0165.xml,377313,2024-04-02,nas-lokal-03,laporan_sdm_202407_0165|377313|approved rekap pending
BCH-0000754,memo_keuangan_202406_0660.png,281654,2024-11-30,server-arsip-makassar,memo_keuangan_202406_0660|281654|pending rekap final
BCH-0000066,gambar_audit_202408_8499.json,3016130,2024-10-01,portal-upload-mobile,gambar_audit_202408_8499|3016130|data pending total
BCH-0000813,backup_manajemen_202408_8169.zip,2481952,2024-03-18,server-arsip-makassar,backup_manajemen_202408_8169|2481952|approved pending periode
BCH-0000729,log_logistik_202508_3605.xml,2785793,2024-05-16,server-arsip-medan,log_logistik_202508_3605|2785793|periode pending approved
BCH-0000111,memo_operasional_202404_0884.doc,288900,2024-02-13,ftp-cabang,memo_operasional_202404_0884|288900|arsip total final
DUP-0000040,log_riset_202211_6339.pdf,256486,2024-02-04,cloud-storage-gcp,log|riset|256486|rekap draft total data revisi
BCH-0000609,log_operasional_202401_4286.txt,3033124,2024-02-29,server-arsip-semarang,log_operasional_202401_4286|3033124|total data draft
BCH-0000678,kontrak_pemasaran_202403_1391.json,375697,2024-11-30,nas-lokal-03,kontrak_pemasaran_202403_1391|375697|rekap periode data
BCH-0000064,surat_pemasaran_202401_0926.docx,256794,2024-07-13,cloud-storage-azure,surat_pemasaran_202401_0926|256794|final pending draft
BCH-0000805,backup_riset_202403_7555.pdf,1335769,2024-02-24,cloud-storage-azure,backup_riset_202403_7555|1335769|rekap final periode
BCH-0000420,surat_manajemen_202404_9073.jpg,3905476,2024-05-28,server-arsip-semarang,surat_manajemen_202404_9073|3905476|data rekap revisi
BCH-0000483,backup_sdm_202502_9702.jpg,1716437,2024-01-21,server-arsip-medan,backup_sdm_202502_9702|1716437|revisi final pending
BCH-0000355,memo_pemasaran_202406_0769.doc,47604663,2024-06-14,server-arsip-medan,memo_pemasaran_202406_0769|47604663|total final data
BCH-0000597,laporan_hukum_202412_5288.json,1766162,2024-09-01,ftp-cabang,laporan_hukum_202412_5288|1766162|total data draft
BCH-0000444,backup_keuangan_202510_5419.jpg,291844,2024-05-17,nas-lokal-03,backup_keuangan_202510_5419|291844|arsip revisi draft
BCH-0000604,gambar_keuangan_202410_0832.xml,19260,2024-03-23,portal-upload-mobile,gambar_keuangan_202410_0832|19260|approved revisi total
BCH-0000398,presentasi_pemasaran_202501_5442.jpg,3246320,2024-11-30,nas-lokal-04,presentasi_pemasaran_202501_5442|3246320|periode arsip approved
BCH-0000828,surat_logistik_202404_0611.csv,27877,2024-07-19,ftp-cabang,surat_logistik_202404_0611|27877|data pending revisi
BCH-0000156,invoice_audit_202504_6477.png,1600066,2024-12-23,server-arsip-medan,invoice_audit_202504_6477|1600066|draft pending periode
BCH-0000542,backup_riset_202408_5265.xls,13098313,2024-10-15,server-arsip-semarang,backup_riset_202408_5265|13098313|arsip pending rekap
DUP-0000080,gambar_manajemen_202305_8315.xml,742956,2023-03-17,nas-lokal-02,gambar|manajemen|742956|arsip draft final
BCH-0000849,log_manajemen_202503_4463.png,4064830,2024-10-22,nas-lokal-03,log_manajemen_202503_4463|4064830|data revisi approved
BCH-0000311,log_pemasaran_202509_1018.csv,2886072,2024-03-21,portal-upload-mobile,log_pemasaran_202509_1018|2886072|final data total
BCH-0000552,memo_sdm_202504_2471.xml,4655588,2024-08-29,cloud-storage-azure,memo_sdm_202504_2471|4655588|periode total revisi
BCH-0000107,log_sdm_202404_4162.csv,14154044,2024-11-23,server-arsip-semarang,log_sdm_202404_4162|14154044|rekap final arsip
BCH-0000658,kontrak_sdm_202402_0653.docx,15532855,2024-12-30,server-arsip-makassar,kontrak_sdm_202402_0653|15532855|rekap arsip approved
BCH-0000259,laporan_teknologi_202409_2310.jpeg,154171,2024-01-01,nas-lokal-04,laporan_teknologi_202409_2310|154171|draft data final
BCH-0000139,log_teknologi_202512_8280.xls,119180525,2024-10-13,server-arsip-semarang,log_teknologi_202512_8280|119180525|approved final draft
BCH-0000470,laporan_teknologi_202406_8381.docx,3594764,2024-11-28,portal-upload-mobile,laporan_teknologi_202406_8381|3594764|draft data pending
BCH-0000412,laporan_operasional_202404_1226.xml,174766,2024-11-25,cloud-storage-azure,laporan_operasional_202404_1226|174766|approved pending arsip
BCH-0000069,presentasi_keuangan_202401_3155.pdf,326325,2024-04-15,cloud-storage-azure,presentasi_keuangan_202401_3155|326325|arsip rekap periode
BCH-0000748,gambar_keuangan_202409_5717.json,251564,2024-11-17,nas-lokal-03,gambar_keuangan_202409_5717|251564|total final data
BCH-0000612,invoice_operasional_202501_3226.xlsx,378661,2024-04-19,cloud-storage-azure,invoice_operasional_202501_3226|378661|final total revisi
BCH-0000831,gambar_sdm_202408_2489.png,1532742,2024-11-10,nas-lokal-04,gambar_sdm_202408_2489|1532742|periode arsip approved
BCH-0000329,laporan_operasional_202404_6782.xlsx,607364,2024-02-23,nas-lokal-04,laporan_operasional_202404_6782|607364|revisi periode final
BCH-0000815,laporan_sdm_202405_6108.png,412366,2024-05-21,server-arsip-semarang,laporan_sdm_202405_6108|412366|revisi pending data
BCH-0000353,kontrak_operasional_202402_7917.txt,1792896,2024-03-14,cloud-storage-azure,kontrak_operasional_202402_7917|1792896|pending final revisi
BCH-0000759,dataset_keuangan_202505_1900.xlsx,259305,2024-02-07,nas-lokal-04,dataset_keuangan_202505_1900|259305|arsip draft periode
BCH-0000772,invoice_audit_202510_2175.xls,192550,2024-01-31,server-arsip-makassar,invoice_audit_202510_2175|192550|draft total final
BCH-0000363,memo_sdm_202411_7138.xml,29939,2024-12-28,nas-lokal-03,memo_sdm_202411_7138|29939|final approved rekap
DUP-0000005,laporan_teknologi_202301_5436.zip,286010,2023-02-17,server-arsip-surabaya,laporan|teknologi|286010|file periode draft rekap
BCH-0000897,memo_pemasaran_202402_4839.xls,323913778,2024-02-29,server-arsip-medan,memo_pemasaran_202402_4839|323913778|revisi periode total
BCH-0000280,surat_riset_202503_5818.jpg,20871000,2024-12-25,portal-upload-mobile,surat_riset_202503_5818|20871000|total arsip final
BCH-0000773,surat_sdm_202511_3689.txt,1066474,2024-09-15,server-arsip-semarang,surat_sdm_202511_3689|1066474|final approved arsip
BCH-0000655,gambar_manajemen_202509_2092.doc,11331227,2024-08-14,ftp-cabang,gambar_manajemen_202509_2092|11331227|final rekap approved
BCH-0000278,presentasi_keuangan_202504_6472.csv,239697,2024-03-10,server-arsip-semarang,presentasi_keuangan_202504_6472|239697|rekap data periode
DUP-0000095,laporan_sdm_202211_2844.pdf,535897,2024-04-26,ftp-pusat,laporan|sdm|535897|file pending approved arsip total
BCH-0000508,memo_audit_202411_6048.xls,293416342,2024-04-25,nas-lokal-04,memo_audit_202411_6048|293416342|final data total
DUP-0000037,dataset_logistik_202404_6113.png,29778,2022-01-29,nas-lokal-01,dataset|logistik|29778|revisi rekap data file arsip
BCH-0000248,memo_audit_202502_3536.docx,100275,2024-05-11,nas-lokal-03,memo_audit_202502_3536|100275|data draft pending
BCH-0000256,log_manajemen_202408_4929.png,13053202,2024-09-27,cloud-storage-azure,log_manajemen_202408_4929|13053202|revisi arsip final
BCH-0000068,kontrak_hukum_202509_0006.xml,318669,2024-04-06,server-arsip-semarang,kontrak_hukum_202509_0006|318669|revisi final rekap
BCH-0000793,memo_audit_202405_9373.xls,292800,2024-02-08,nas-lokal-04,memo_audit_202405_9373|292800|data total periode
BCH-0000687,gambar_keuangan_202405_7374.xml,14902632,2024-02-18,server-arsip-semarang,gambar_keuangan_202405_7374|14902632|data periode revisi
BCH-0000227,dataset_riset_202411_1038.rar,43794358,2024-07-06,nas-lokal-04,dataset_riset_202411_1038|43794358|data total rekap
BCH-0000112,log_hukum_202504_2540.rar,3530808,2024-12-17,server-arsip-makassar,log_hukum_202504_2540|3530808|draft arsip final
BCH-0000117,surat_logistik_202401_9573.doc,431774,2024-01-02,nas-lokal-04,surat_logistik_202401_9573|431774|rekap approved pending
BCH-0000867,invoice_teknologi_202406_1153.xml,392511,2024-01-03,nas-lokal-04,invoice_teknologi_202406_1153|392511|periode draft revisi
BCH-0000895,presentasi_pemasaran_202503_2212.zip,89291,2024-01-02,portal-upload-mobile,presentasi_pemasaran_202503_2212|89291|revisi arsip rekap
BCH-0000780,memo_logistik_202405_4575.png,601630,2024-10-08,nas-lokal-04,memo_logistik_202405_4575|601630|final rekap periode
BCH-0000462,surat_riset_202405_3039.xls,25604175,2024-10-14,portal-upload-mobile,surat_riset_202405_3039|25604175|total approved draft
BCH-0000411,presentasi_operasional_202510_6563.json,169389309,2024-11-11,server-arsip-medan,presentasi_operasional_202510_6563|169389309|pending draft total
BCH-0000292,laporan_hukum_202411_4477.txt,415830,2024-10-28,portal-upload-mobile,laporan_hukum_202411_4477|415830|total arsip periode
BCH-0000814,gambar_operasional_202510_4983.png,1768927,2024-08-21,server-arsip-medan,gambar_operasional_202510_4983|1768927|rekap data draft
DUP-0000028,log_pemasaran_202309_2025.docx,5934066,2024-07-20,nas-lokal-01,log|pemasaran|5934066|file data final approved draft
DUP-0000075,backup_operasional_202311_1235.json,158318337,2023-03-15,cloud-storage-gcp,backup|operasional|158318337|rekap final dokumen approved
BCH-0000707,laporan_teknologi_202502_6362.jpeg,707437,2024-08-14,cloud-storage-azure,laporan_teknologi_202502_6362|707437|final revisi periode
BCH-0000236,backup_teknologi_202407_6465.pdf,495726,2024-10-18,nas-lokal-03,backup_teknologi_202407_6465|495726|periode rekap final
BCH-0000767,laporan_manajemen_202511_8401.pdf,475954,2024-06-15,server-arsip-medan,laporan_manajemen_202511_8401|475954|pending final data
BCH-0000079,presentasi_sdm_202404_7015.png,35443649,2024-05-23,ftp-cabang,presentasi_sdm_202404_7015|35443649|revisi pending data
BCH-0000302,log_manajemen_202503_0830.doc,171996951,2024-11-02,nas-lokal-03,log_manajemen_202503_0830|171996951|data periode revisi
BCH-0000566,invoice_pemasaran_202402_0476.csv,42436355,2024-11-05,server-arsip-makassar,invoice_pemasaran_202402_0476|42436355|data revisi pending
BCH-0000753,dataset_logistik_202501_7782.csv,4915613,2024-03-20,nas-lokal-03,dataset_logistik_202501_7782|4915613|data pending revisi
BCH-0000551,kontrak_hukum_202407_4144.xml,459110,2024-01-20,ftp-cabang,kontrak_hukum_202407_4144|459110|arsip data final
BCH-0000324,backup_hukum_202504_4632.doc,297966,2024-08-24,cloud-storage-azure,backup_hukum_202504_4632|297966|rekap pending periode
BCH-0000318,laporan_hukum_202503_5789.jpeg,3624117,2024-11-06,server-arsip-semarang,laporan_hukum_202503_5789|3624117|periode approved draft
BCH-0000208,gambar_teknologi_202502_0724.json,336393466,2024-01-31,server-arsip-medan,gambar_teknologi_202502_0724|336393466|pending revisi approved
BCH-0000050,dataset_riset_202506_9702.xml,3665267,2024-05-12,server-arsip-makassar,dataset_riset_202506_9702|3665267|revisi draft periode
BCH-0000039,kontrak_sdm_202503_6806.rar,451399,2024-04-04,ftp-cabang,kontrak_sdm_202503_6806|451399|approved total arsip
BCH-0000738,kontrak_logistik_202411_8076.zip,1271880,2024-02-01,server-arsip-makassar,kontrak_logistik_202411_8076|1271880|total final draft
BCH-0000323,kontrak_teknologi_202507_6355.doc,160190589,2024-08-11,server-arsip-makassar,kontrak_teknologi_202507_6355|160190589|pending draft data
BCH-0000155,dataset_hukum_202502_5762.zip,30006,2024-05-14,server-arsip-semarang,dataset_hukum_202502_5762|30006|final data pending
BCH-0000665,log_manajemen_202407_0631.json,240330279,2024-10-14,server-arsip-medan,log_manajemen_202407_0631|240330279|revisi pending draft
BCH-0000734,surat_riset_202403_4855.pdf,2334342,2024-11-13,cloud-storage-azure,surat_riset_202403_4855|2334342|revisi final periode
BCH-0000359,dataset_pemasaran_202505_3909.docx,283277,2024-10-07,server-arsip-makassar,dataset_pemasaran_202505_3909|283277|revisi final arsip
BCH-0000695,memo_pemasaran_202510_3291.docx,3147520,2024-01-20,nas-lokal-04,memo_pemasaran_202510_3291|3147520|periode data draft
BCH-0000109,kontrak_pemasaran_202412_2175.pdf,570668,2024-06-24,ftp-cabang,kontrak_pemasaran_202412_2175|570668|approved draft revisi
BCH-0000190,backup_manajemen_202412_7132.zip,922005,2024-12-31,cloud-storage-azure,backup_manajemen_202412_7132|922005|approved total rekap
BCH-0000496,log_riset_202407_5635.txt,398557,2024-09-11,portal-upload-mobile,log_riset_202407_5635|398557|arsip revisi data
BCH-0000657,backup_riset_202404_7841.docx,5018744,2024-09-18,nas-lokal-04,backup_riset_202404_7841|5018744|periode rekap approved
BCH-0000096,dataset_audit_202512_0936.rar,319199,2024-02-14,server-arsip-makassar,dataset_audit_202512_0936|319199|approved periode data
BCH-0000461,dataset_pemasaran_202408_6432.doc,291780,2024-10-18,cloud-storage-azure,dataset_pemasaran_202408_6432|291780|rekap revisi final
BCH-0000492,gambar_sdm_202511_5100.txt,405448630,2024-09-07,server-arsip-makassar,gambar_sdm_202511_5100|405448630|pending draft approved
BCH-0000821,log_operasional_202412_7936.pdf,28526282,2024-06-16,server-arsip-semarang,log_operasional_202412_7936|28526282|periode arsip total
BCH-0000883,memo_pemasaran_202407_2167.doc,365114,2024-05-15,server-arsip-medan,memo_pemasaran_202407_2167|365114|approved data total
BCH-0000563,dataset_riset_202503_7304.txt,2991703,2024-06-02,ftp-cabang,dataset_riset_202503_7304|2991703|arsip total rekap
BCH-0000808,invoice_audit_202503_9494.jpeg,886833,2024-08-14,ftp-cabang,invoice_audit_202503_9494|886833|pending arsip total
DUP-0000045,dataset_riset_202307_0004.csv,247189,2022-03-12,cloud-storage-gcp,dataset|riset|247189|rekap arsip periode final file
BCH-0000255,kontrak_audit_202505_0452.pdf,142860,2024-07-05,cloud-storage-azure,kontrak_audit_202505_0452|142860|periode approved revisi
DUP-0000052,surat_sdm_202210_9046.csv,19442696,2023-03-19,portal-upload-web,surat|sdm|19442696|final periode dokumen approved
BCH-0000892,invoice_logistik_202507_6926.doc,4130700,2024-03-30,nas-lokal-03,invoice_logistik_202507_6926|4130700|final data pending
BCH-0000388,gambar_keuangan_202403_1065.png,161729767,2024-05-27,nas-lokal-03,gambar_keuangan_202403_1065|161729767|data draft rekap
DUP-0000061,laporan_pemasaran_202201_2044.csv,3473538,2024-07-08,cloud-storage-gcp,laporan|pemasaran|3473538|file rekap pending draft revisi
BCH-0000873,presentasi_teknologi_202511_1123.xml,1864163,2024-01-03,cloud-storage-azure,presentasi_teknologi_202511_1123|1864163|approved arsip rekap
BCH-0000319,backup_logistik_202505_1028.xls,5382279,2024-06-28,nas-lokal-04,backup_logistik_202505_1028|5382279|final arsip revisi
BCH-0000818,surat_pemasaran_202508_3710.zip,222907363,2024-10-13,server-arsip-semarang,surat_pemasaran_202508_3710|222907363|revisi total draft
BCH-0000677,invoice_sdm_202409_5342.xls,387456,2024-01-22,server-arsip-semarang,invoice_sdm_202409_5342|387456|pending data total
BCH-0000415,log_riset_202511_1079.doc,2823802,2024-02-15,nas-lokal-04,log_riset_202511_1079|2823802|periode total final
BCH-0000389,presentasi_teknologi_202410_8992.docx,4567352,2024-05-11,cloud-storage-azure,presentasi_teknologi_202410_8992|4567352|draft final pending
BCH-0000886,laporan_hukum_202502_1903.csv,1951669,2024-11-04,portal-upload-mobile,laporan_hukum_202502_1903|1951669|total arsip revisi
BCH-0000578,presentasi_keuangan_202506_5111.jpeg,2411383,2024-12-21,server-arsip-semarang,presentasi_keuangan_202506_5111|2411383|final arsip revisi
BCH-0000082,memo_pemasaran_202503_7293.zip,34592,2024-08-07,server-arsip-semarang,memo_pemasaran_202503_7293|34592|pending revisi data
BCH-0000500,presentasi_operasional_202511_2274.docx,3234784,2024-07-07,server-arsip-semarang,presentasi_operasional_202511_2274|3234784|periode arsip data
BCH-0000626,dataset_pemasaran_202502_5906.jpg,9245144,2024-05-14,cloud-storage-azure,dataset_pemasaran_202502_5906|9245144|draft revisi periode
BCH-0000013,presentasi_operasional_202508_9383.xlsx,30679493,2024-04-04,portal-upload-mobile,presentasi_operasional_202508_9383|30679493|data pending periode
BCH-0000188,log_hukum_202508_1694.xls,1302859,2024-12-22,server-arsip-makassar,log_hukum_202508_1694|1302859|arsip approved draft
BCH-0000362,dataset_teknologi_202406_2410.xlsx,455587,2024-11-02,server-arsip-makassar,dataset_teknologi_202406_2410|455587|arsip draft revisi
BCH-0000328,presentasi_sdm_202502_9400.doc,41814484,2024-12-31,cloud-storage-azure,presentasi_sdm_202502_9400|41814484|draft pending final
BCH-0000570,surat_riset_202506_2105.png,4655629,2024-01-16,server-arsip-makassar,surat_riset_202506_2105|4655629|total final revisi
BCH-0000425,memo_audit_202405_5515.xls,1457897,2024-04-20,server-arsip-medan,memo_audit_202405_5515|1457897|data rekap total
BCH-0000145,gambar_operasional_202411_4299.docx,460216090,2024-01-12,cloud-storage-azure,gambar_operasional_202411_4299|460216090|approved revisi total
BCH-0000459,presentasi_audit_202511_6075.xml,21900365,2024-12-10,server-arsip-makassar,presentasi_audit_202511_6075|21900365|data draft arsip
BCH-0000474,surat_manajemen_202512_7488.rar,2508346,2024-09-10,nas-lokal-04,surat_manajemen_202512_7488|2508346|pending arsip final
BCH-0000045,invoice_manajemen_202501_3572.docx,185520,2024-09-15,server-arsip-medan,invoice_manajemen_202501_3572|185520|pending final data
BCH-0000127,kontrak_keuangan_202505_1883.txt,288363,2024-07-05,nas-lokal-03,kontrak_keuangan_202505_1883|288363|approved revisi draft
BCH-0000826,log_teknologi_202412_0064.doc,2036167,2024-09-10,ftp-cabang,log_teknologi_202412_0064|2036167|approved total pending
BCH-0000743,log_logistik_202507_2079.jpg,4332836,2024-09-21,nas-lokal-03,log_logistik_202507_2079|4332836|data revisi arsip
BCH-0000041,kontrak_operasional_202504_8219.png,244816,2024-05-09,nas-lokal-03,kontrak_operasional_202504_8219|244816|periode pending final
DUP-0000020,invoice_audit_202311_8343.zip,276660,2024-02-06,backup-eksternal,invoice|audit|276660|pending periode draft dokumen file
DUP-0000051,invoice_teknologi_202204_8329.png,15857887,2024-03-31,nas-lokal-01,invoice|teknologi|15857887|dokumen data rekap periode approved
BCH-0000545,backup_riset_202503_4692.xlsx,348749,2024-10-12,server-arsip-semarang,backup_riset_202503_4692|348749|revisi total data
BCH-0000809,laporan_riset_202402_0644.jpg,110883,2024-10-27,nas-lokal-04,laporan_riset_202402_0644|110883|revisi rekap approved
BCH-0000562,dataset_riset_202408_0302.json,1607558,2024-11-14,ftp-cabang,dataset_riset_202408_0302|1607558|revisi approved total
BCH-0000138,laporan_sdm_202505_2841.txt,9740080,2024-02-21,server-arsip-semarang,laporan_sdm_202505_2841|9740080|approved final revisi
BCH-0000451,surat_riset_202401_9730.doc,5990835,2024-02-05,server-arsip-medan,surat_riset_202401_9730|5990835|revisi total draft
BCH-0000617,gambar_manajemen_202411_8995.zip,340714,2024-08-24,cloud-storage-azure,gambar_manajemen_202411_8995|340714|draft periode approved
BCH-0000719,log_pemasaran_202408_2695.png,48086495,2024-09-11,server-arsip-medan,log_pemasaran_202408_2695|48086495|approved final pending
BCH-0000742,surat_sdm_202503_2235.jpeg,2846605,2024-02-29,server-arsip-makassar,surat_sdm_202503_2235|2846605|rekap draft pending
DUP-0000043,gambar_keuangan_202312_2690.pdf,355721,2024-10-03,nas-lokal-02,gambar|keuangan|355721|final approved pending
BCH-0000558,presentasi_manajemen_202508_9011.json,1014063,2024-08-03,ftp-cabang,presentasi_manajemen_202508_9011|1014063|final arsip data
BCH-0000522,invoice_riset_202409_5663.docx,935738,2024-08-07,cloud-storage-azure,invoice_riset_202409_5663|935738|pending approved revisi
BCH-0000824,backup_keuangan_202402_8956.zip,45887728,2024-09-13,server-arsip-medan,backup_keuangan_202402_8956|45887728|data pending draft
BCH-0000610,surat_operasional_202409_6325.csv,18486576,2024-11-10,cloud-storage-azure,surat_operasional_202409_6325|18486576|final approved revisi
BCH-0000401,laporan_manajemen_202412_6312.xls,4360971,2024-02-22,server-arsip-medan,laporan_manajemen_202412_6312|4360971|rekap data approved
BCH-0000339,gambar_operasional_202409_3458.txt,29423251,2024-12-02,cloud-storage-azure,gambar_operasional_202409_3458|29423251|periode revisi rekap
BCH-0000123,memo_logistik_202408_2006.jpg,3778138,2024-02-19,portal-upload-mobile,memo_logistik_202408_2006|3778138|data pending revisi
BCH-0000396,backup_teknologi_202501_5983.doc,2514730,2024-07-26,server-arsip-medan,backup_teknologi_202501_5983|2514730|periode draft final
BCH-0000322,gambar_pemasaran_202505_9775.csv,2633561,2024-01-09,nas-lokal-03,gambar_pemasaran_202505_9775|2633561|periode approved final
BCH-0000564,invoice_sdm_202402_4883.csv,1256942,2024-12-14,nas-lokal-03,invoice_sdm_202402_4883|1256942|final draft rekap
BCH-0000800,gambar_sdm_202408_7095.jpg,32378,2024-12-26,server-arsip-medan,gambar_sdm_202408_7095|32378|revisi draft approved
DUP-0000003,kontrak_hukum_202310_6513.png,22785378,2022-06-14,nas-lokal-01,kontrak|hukum|22785378|arsip approved draft pending rekap
BCH-0000371,presentasi_audit_202505_8739.png,300789184,2024-05-31,cloud-storage-azure,presentasi_audit_202505_8739|300789184|pending arsip final
BCH-0000427,dataset_operasional_202510_8754.png,42064906,2024-03-30,ftp-cabang,dataset_operasional_202510_8754|42064906|draft final approved
DUP-0000017,surat_keuangan_202403_0591.zip,2443397,2024-01-07,cloud-storage-aws,surat|keuangan|2443397|rekap periode total final approved
BCH-0000287,gambar_manajemen_202503_3284.txt,2532081,2024-01-30,nas-lokal-04,gambar_manajemen_202503_3284|2532081|rekap revisi pending
BCH-0000717,surat_audit_202506_0513.xls,61635448,2024-05-20,server-arsip-semarang,surat_audit_202506_0513|61635448|arsip total final
BCH-0000833,dataset_teknologi_202412_1114.xls,151394,2024-05-15,portal-upload-mobile,dataset_teknologi_202412_1114|151394|rekap final arsip
BCH-0000582,kontrak_teknologi_202506_8205.xml,4960918,2024-06-05,portal-upload-mobile,kontrak_teknologi_202506_8205|4960918|total draft rekap
BCH-0000241,invoice_sdm_202509_6617.png,271895,2024-02-02,server-arsip-makassar,invoice_sdm_202509_6617|271895|pending periode arsip
BCH-0000272,gambar_keuangan_202503_0662.csv,302955305,2024-12-26,server-arsip-medan,gambar_keuangan_202503_0662|302955305|pending periode final
BCH-0000336,laporan_sdm_202411_4156.zip,11361782,2024-11-10,server-arsip-medan,laporan_sdm_202411_4156|11361782|final rekap data
BCH-0000036,laporan_operasional_202507_5258.json,2472841,2024-11-05,server-arsip-makassar,laporan_operasional_202507_5258|2472841|final approved revisi
BCH-0000540,gambar_logistik_202503_8882.pdf,3954345,2024-07-19,nas-lokal-03,gambar_logistik_202503_8882|3954345|total rekap data
DUP-0000079,presentasi_hukum_202404_4551.json,4483366,2022-10-24,nas-lokal-01,presentasi|hukum|4483366|file draft final rekap
BCH-0000334,surat_pemasaran_202502_0859.xlsx,234701,2024-04-03,portal-upload-mobile,surat_pemasaran_202502_0859|234701|total data pending
BCH-0000787,surat_sdm_202409_2077.docx,49364690,2024-06-27,ftp-cabang,surat_sdm_202409_2077|49364690|periode approved arsip
BCH-0000271,surat_sdm_202406_9499.doc,294762,2024-07-24,cloud-storage-azure,surat_sdm_202406_9499|294762|pending final revisi
BCH-0000889,kontrak_keuangan_202404_9974.txt,1597177,2024-02-19,ftp-cabang,kontrak_keuangan_202404_9974|1597177|final pending data
BCH-0000797,surat_logistik_202409_6439.xls,2230587,2024-08-11,ftp-cabang,surat_logistik_202409_6439|2230587|revisi final draft
BCH-0000423,invoice_riset_202506_8021.png,45144942,2024-09-03,server-arsip-semarang,invoice_riset_202506_8021|45144942|draft rekap data
DUP-0000047,laporan_sdm_202403_8771.json,97222,2023-08-08,server-arsip-surabaya,laporan|sdm|97222|file data periode
BCH-0000803,gambar_pemasaran_202505_2974.csv,20020632,2024-12-11,server-arsip-semarang,gambar_pemasaran_202505_2974|20020632|revisi pending arsip
BCH-0000689,dataset_operasional_202503_3961.jpg,48644219,2024-03-06,server-arsip-makassar,dataset_operasional_202503_3961|48644219|pending periode rekap
BCH-0000854,memo_riset_202506_7942.zip,1173820,2024-12-30,server-arsip-semarang,memo_riset_202506_7942|1173820|data approved final
BCH-0000205,laporan_pemasaran_202507_0197.xls,222317,2024-06-08,cloud-storage-azure,laporan_pemasaran_202507_0197|222317|revisi total draft
BCH-0000845,dataset_keuangan_202401_1953.json,3982062,2024-07-13,nas-lokal-04,dataset_keuangan_202401_1953|3982062|rekap periode final
